{
    "boundaryCount": 23,
    "statsArea": 453768.11568482337,
    "statsPerimeter": 15177.957768003973,
    "statsVertices": 30070,
    "statsLineResolution": 504.7541658797463,
    "statsVertexDensity": 1.9811624501544818
}