{"boundaryCount": 7, "boundaryYearSourceLag": null, "statsArea": 452.24930526687893, "statsVertices": 193, "statsLineResolution": 1318.9650733668204, "statsVertexDensity": 0.7581701897893149, "statsPerimeter": 254.56025915979635}