{
    "boundaryCount": 7,
    "statsArea": 452.24930526687893,
    "statsPerimeter": 254.56025915979635,
    "statsVertices": 193,
    "statsLineResolution": 1318.9650733668204,
    "statsVertexDensity": 0.7581701897893149
}