{
    "boundaryCount": 1,
    "statsArea": 327884.88867861126,
    "statsPerimeter": 7584.941040898755,
    "statsVertices": 2549,
    "statsLineResolution": 2975.653605688017,
    "statsVertexDensity": 0.3360606214676606
}