{"boundaryCount": 1, "boundaryYearSourceLag": null, "statsArea": 327884.88867861126, "statsVertices": 2549, "statsLineResolution": 2975.653605688017, "statsVertexDensity": 0.3360606214676606, "statsPerimeter": 7584.941040898755}