{
    "boundaryCount": 1,
    "statsArea": 327884.88867861126,
    "statsPerimeter": 7584.941040898762,
    "statsVertices": 2549,
    "statsLineResolution": 2975.65360568802,
    "statsVertexDensity": 0.33606062146766025
}