{
    "boundaryCount": 1,
    "statsArea": 78.69374758773768,
    "statsPerimeter": 121.29656885999994,
    "statsVertices": 4311,
    "statsLineResolution": 28.136527223382032,
    "statsVertexDensity": 35.540988838486776
}