{
    "boundaryCount": 1,
    "statsArea": 78.69374758787504,
    "statsPerimeter": 121.29656886002932,
    "statsVertices": 4311,
    "statsLineResolution": 28.136527223388846,
    "statsVertexDensity": 35.540988838478164
}