{
    "boundaryCount": 1,
    "statsArea": 788448.5360370319,
    "statsPerimeter": 8237.352759721289,
    "statsVertices": 2335,
    "statsLineResolution": 3527.774201165434,
    "statsVertexDensity": 0.28346485431795504
}