{
    "boundaryCount": 1,
    "statsArea": 786424.3960231858,
    "statsPerimeter": 7361.619387871117,
    "statsVertices": 1460,
    "statsLineResolution": 5042.205060185697,
    "statsVertexDensity": 0.19832592845067104
}