{
    "boundaryCount": 1,
    "statsArea": 786317.5838790713,
    "statsPerimeter": 7263.683334445606,
    "statsVertices": 1082,
    "statsLineResolution": 6713.200863628102,
    "statsVertexDensity": 0.1489602382401466
}