{
    "boundaryCount": 16,
    "boundaryYearSourceLag": 8,
    "statsArea": 311986.89365736133,
    "statsPerimeter": 15510.30266158673,
    "statsVertices": 76816,
    "statsLineResolution": 201.91500028101868,
    "statsVertexDensity": 4.952579048650337
}