{
    "boundaryCount": 12,
    "statsArea": 20278.121000795407,
    "statsPerimeter": 3374.926084966064,
    "statsVertices": 17373,
    "statsLineResolution": 194.2627113892859,
    "statsVertexDensity": 5.147668293356028
}