{
    "boundaryCount": 1,
    "statsArea": 196542.37770076864,
    "statsPerimeter": 3710.5978575796294,
    "statsVertices": 37537,
    "statsLineResolution": 98.85174248287368,
    "statsVertexDensity": 10.116159562622304
}