{
    "boundaryCount": 1,
    "statsArea": 196542.37770076568,
    "statsPerimeter": 3710.5978575796807,
    "statsVertices": 37537,
    "statsLineResolution": 98.85174248287505,
    "statsVertexDensity": 10.116159562622164
}