{
    "boundaryCount": 1,
    "boundaryYearSourceLag": 1,
    "statsArea": 4421.414695329993,
    "statsPerimeter": 7468.872819820996,
    "statsVertices": 17189,
    "statsLineResolution": 434.5146791448598,
    "statsVertexDensity": 2.301418221285493
}