{
    "boundaryCount": 1,
    "statsArea": 4421.495855547461,
    "statsPerimeter": 7468.918232261551,
    "statsVertices": 108158,
    "statsLineResolution": 69.05562447772287,
    "statsVertexDensity": 14.481079674003915
}