{
    "boundaryCount": 18,
    "boundaryYearSourceLag": 3,
    "statsArea": 633054.0777968502,
    "statsPerimeter": 15781.499246752399,
    "statsVertices": 4713,
    "statsLineResolution": 3348.503977668661,
    "statsVertexDensity": 0.29864082786493595
}