{
    "boundaryCount": 1,
    "statsArea": 18841.034983210542,
    "statsPerimeter": 1884.5370156110905,
    "statsVertices": 986,
    "statsLineResolution": 1911.2951476785906,
    "statsVertexDensity": 0.5232054302102812
}