{
    "boundaryCount": 1,
    "statsArea": 23883.05759563144,
    "statsPerimeter": 1422.1224027497578,
    "statsVertices": 183,
    "statsLineResolution": 7771.160670763704,
    "statsVertexDensity": 0.12868090654233325
}