{
    "boundaryCount": 1,
    "statsArea": 19230.991852616946,
    "statsPerimeter": 1656.1608670516803,
    "statsVertices": 570,
    "statsLineResolution": 2905.545380792422,
    "statsVertexDensity": 0.34416946526137987
}