{
    "boundaryCount": 4,
    "statsArea": 70251.37048400712,
    "statsPerimeter": 8596.764532196177,
    "statsVertices": 327129,
    "statsLineResolution": 26.279432677005637,
    "statsVertexDensity": 38.05257184547194
}