{
    "boundaryCount": 4,
    "boundaryYearSourceLag": 1,
    "statsArea": 70251.29121465198,
    "statsPerimeter": 8596.749547478017,
    "statsVertices": 124468,
    "statsLineResolution": 69.0679495732077,
    "statsVertexDensity": 14.478495542133656
}