{
    "boundaryCount": 34,
    "statsArea": 13809.56930023152,
    "statsPerimeter": 16666.808587183285,
    "statsVertices": 468628,
    "statsLineResolution": 35.56511473318556,
    "statsVertexDensity": 28.11744057349847
}