{
    "boundaryCount": 34,
    "statsArea": 13809.569300237044,
    "statsPerimeter": 16666.808587183597,
    "statsVertices": 468628,
    "statsLineResolution": 35.56511473318623,
    "statsVertexDensity": 28.11744057349794
}