{
    "boundaryCount": 1,
    "statsArea": 33941.66492919662,
    "statsPerimeter": 2912.5846972472887,
    "statsVertices": 16870,
    "statsLineResolution": 172.64876687891456,
    "statsVertexDensity": 5.79210624018728
}