{
    "boundaryCount": 286,
    "statsArea": 669297.405498902,
    "statsPerimeter": 81092.15791901038,
    "statsVertices": 350785,
    "statsLineResolution": 231.1733908776327,
    "statsVertexDensity": 4.3257573728687975
}