{
    "boundaryCount": 286,
    "statsArea": 669297.4098744277,
    "statsPerimeter": 81092.83062951172,
    "statsVertices": 359480,
    "statsLineResolution": 225.58370599063016,
    "statsVertexDensity": 4.432944283846175
}