{
    "boundaryCount": 7904,
    "statsArea": 301412.2870859407,
    "statsPerimeter": 253002.64825621765,
    "statsVertices": 5158754,
    "statsLineResolution": 49.043363621567856,
    "statsVertexDensity": 20.390118583959215
}