{
    "boundaryCount": 7904,
    "statsArea": 301412.2870859435,
    "statsPerimeter": 253002.64825621617,
    "statsVertices": 5158754,
    "statsLineResolution": 49.043363621567565,
    "statsVertexDensity": 20.390118583959335
}