{
    "boundaryCount": 112,
    "statsArea": 241481.18199132237,
    "statsPerimeter": 28303.880522606032,
    "statsVertices": 223171,
    "statsLineResolution": 126.82597883509074,
    "statsVertexDensity": 7.884819886155028
}