{
    "boundaryCount": 112,
    "statsArea": 241481.18199132194,
    "statsPerimeter": 28303.880522606054,
    "statsVertices": 223171,
    "statsLineResolution": 126.82597883509082,
    "statsVertexDensity": 7.884819886155022
}