{
    "boundaryCount": 1,
    "statsArea": 591446.3654322185,
    "statsPerimeter": 12660.029431276116,
    "statsVertices": 247744,
    "statsLineResolution": 51.10125545432429,
    "statsVertexDensity": 19.568990841992672
}