{
    "boundaryCount": 32,
    "statsArea": 118838.97997508991,
    "statsPerimeter": 11914.899159217695,
    "statsVertices": 127077,
    "statsLineResolution": 93.76125624005678,
    "statsVertexDensity": 10.665386110438854
}