{
    "boundaryCount": 1,
    "statsArea": 472.82550526123987,
    "statsPerimeter": 413.4686157525966,
    "statsVertices": 17656,
    "statsLineResolution": 23.41802309427937,
    "statsVertexDensity": 42.70215278096139
}