{
    "boundaryCount": 1,
    "statsArea": 472.8255052613133,
    "statsPerimeter": 413.4686157525476,
    "statsVertices": 17656,
    "statsLineResolution": 23.418023094276595,
    "statsVertexDensity": 42.70215278096646
}