{
    "boundaryCount": 1,
    "statsArea": 49099.2705426313,
    "statsPerimeter": 1541.7560821543573,
    "statsVertices": 13161,
    "statsLineResolution": 117.145815831195,
    "statsVertexDensity": 8.536369761946785
}