{
    "boundaryCount": 1,
    "boundaryYearSourceLag": 1,
    "statsArea": 110705.53250624877,
    "statsPerimeter": 13992.98161022737,
    "statsVertices": 37839,
    "statsLineResolution": 369.8031557447969,
    "statsVertexDensity": 2.7041413369930924
}