{
    "boundaryCount": 1,
    "statsArea": 110705.68280972849,
    "statsPerimeter": 13993.031916428063,
    "statsVertices": 250427,
    "statsLineResolution": 55.876690278716204,
    "statsVertexDensity": 17.896550332740567
}