{
    "boundaryCount": 1,
    "statsArea": 2325240.4236476608,
    "statsPerimeter": 9690.723223856208,
    "statsVertices": 2868,
    "statsLineResolution": 3378.9132579693896,
    "statsVertexDensity": 0.2959531434082938
}