{
    "boundaryCount": 1,
    "statsArea": 6501.491997963558,
    "statsPerimeter": 285.9572108627436,
    "statsVertices": 65,
    "statsLineResolution": 4399.34170558067,
    "statsVertexDensity": 0.22730673517164535
}