{
    "boundaryCount": 1,
    "statsArea": 1117.6949433308732,
    "statsPerimeter": 366.7588417266353,
    "statsVertices": 6715,
    "statsLineResolution": 54.61784686919364,
    "statsVertexDensity": 18.309033719233533
}