{
    "boundaryCount": 1,
    "boundaryYearSourceLag": 1,
    "statsArea": 1117.690936899147,
    "statsPerimeter": 366.7588581634918,
    "statsVertices": 1053,
    "statsLineResolution": 348.29901060160665,
    "statsVertexDensity": 2.8710962981856576
}