{
    "boundaryCount": 1,
    "statsArea": 357442.7507001121,
    "statsPerimeter": 8001.547516121369,
    "statsVertices": 56460,
    "statsLineResolution": 141.72064321858605,
    "statsVertexDensity": 7.056135064654112
}