{
    "boundaryCount": 1,
    "boundaryYearSourceLag": 1,
    "statsArea": 357442.6774764387,
    "statsPerimeter": 8001.5509268491605,
    "statsVertices": 12528,
    "statsLineResolution": 638.69340092985,
    "statsVertexDensity": 1.565696464914366
}