{"boundaryCount": 1, "boundaryYearSourceLag": null, "statsArea": 907501.0844204947, "statsVertices": 1772, "statsLineResolution": 3407.4963460355243, "statsVertexDensity": 0.2934706008308584, "statsPerimeter": 6038.0835251749495}