{
    "boundaryCount": 1,
    "statsArea": 907501.0844204947,
    "statsPerimeter": 6038.0835251749495,
    "statsVertices": 1772,
    "statsLineResolution": 3407.4963460355243,
    "statsVertexDensity": 0.2934706008308584
}