{
    "boundaryCount": 102,
    "statsArea": 445148.4165642577,
    "statsPerimeter": 27027.261517867366,
    "statsVertices": 25030,
    "statsLineResolution": 1079.7947070662153,
    "statsVertexDensity": 0.9261019649901636
}