{
    "boundaryCount": 102,
    "statsArea": 436454.4915994019,
    "statsPerimeter": 26979.92574317556,
    "statsVertices": 25510,
    "statsLineResolution": 1057.621550104883,
    "statsVertexDensity": 0.9455177987824013
}