{
    "boundaryCount": 1,
    "statsArea": 25385.269366141587,
    "statsPerimeter": 719.7259795224918,
    "statsVertices": 363,
    "statsLineResolution": 1982.7161970316579,
    "statsVertexDensity": 0.5043586174849981
}