{
    "boundaryCount": 1,
    "statsArea": 25484.013863288706,
    "statsPerimeter": 684.5209257470385,
    "statsVertices": 219,
    "statsLineResolution": 3125.6663276120485,
    "statsVertexDensity": 0.31993178259817057
}