{
    "boundaryCount": 1,
    "statsArea": 25460.59462439699,
    "statsPerimeter": 676.156988143851,
    "statsVertices": 100,
    "statsLineResolution": 6761.56988143851,
    "statsVertexDensity": 0.1478946483634141
}