{
    "boundaryCount": 1,
    "statsArea": 3319.5111402598463,
    "statsPerimeter": 510.0033482027278,
    "statsVertices": 202,
    "statsLineResolution": 2524.7690505085534,
    "statsVertexDensity": 0.3960758310937685
}