{
    "boundaryCount": 10,
    "statsArea": 750497.4184979984,
    "statsPerimeter": 15694.20468180643,
    "statsVertices": 20509,
    "statsLineResolution": 765.2350032574202,
    "statsVertexDensity": 1.3067881052790868
}