{
    "boundaryCount": 1,
    "statsArea": 490.0483963863747,
    "statsPerimeter": 761.0911109116038,
    "statsVertices": 13554,
    "statsLineResolution": 56.152509289626956,
    "statsVertexDensity": 17.808643151495456
}