{
    "boundaryCount": 1,
    "boundaryYearSourceLag": 1,
    "statsArea": 490.03998671593916,
    "statsPerimeter": 761.0846700362345,
    "statsVertices": 2107,
    "statsLineResolution": 361.2172140656072,
    "statsVertexDensity": 2.7684173429740584
}