{
    "boundaryCount": 1,
    "statsArea": 603.1036391925107,
    "statsPerimeter": 227.7649928520193,
    "statsVertices": 37277,
    "statsLineResolution": 6.11006767851542,
    "statsVertexDensity": 163.66430825574304
}