{
    "boundaryCount": 1,
    "statsArea": 357188.3997540479,
    "statsPerimeter": 7613.442903600189,
    "statsVertices": 77752,
    "statsLineResolution": 97.9195763916065,
    "statsVertexDensity": 10.212462480441431
}