{
    "boundaryCount": 119,
    "statsArea": 64583.9435299278,
    "statsPerimeter": 18525.97276004278,
    "statsVertices": 320116,
    "statsLineResolution": 57.872686026449095,
    "statsVertexDensity": 17.279308576466935
}