{
    "boundaryCount": 119,
    "statsArea": 64583.9435299279,
    "statsPerimeter": 18525.97276004298,
    "statsVertices": 320116,
    "statsLineResolution": 57.87268602644973,
    "statsVertexDensity": 17.279308576466747
}