{
    "boundaryCount": 5,
    "statsArea": 24306.126560122433,
    "statsPerimeter": 2646.8635242987743,
    "statsVertices": 75098,
    "statsLineResolution": 35.24545959011924,
    "statsVertexDensity": 28.372448866586534
}