{
    "boundaryCount": 45,
    "statsArea": 196691.1898534452,
    "statsPerimeter": 15114.686361949936,
    "statsVertices": 43354,
    "statsLineResolution": 348.6341828193462,
    "statsVertexDensity": 2.8683360647919476
}