{
    "boundaryCount": 1,
    "statsArea": 391.6659004640952,
    "statsPerimeter": 311.4078203465195,
    "statsVertices": 6065,
    "statsLineResolution": 51.34506518491665,
    "statsVertexDensity": 19.47606836993099
}