{
    "boundaryCount": 1,
    "boundaryYearSourceLag": 1,
    "statsArea": 244705.32286425037,
    "statsPerimeter": 6523.56449679288,
    "statsVertices": 56965,
    "statsLineResolution": 114.51881851650803,
    "statsVertexDensity": 8.732189285168435
}