{
    "boundaryCount": 1,
    "statsArea": 244705.3946806067,
    "statsPerimeter": 6523.563863102961,
    "statsVertices": 130325,
    "statsLineResolution": 50.05612018494502,
    "statsVertexDensity": 19.9775770935751
}