{
    "boundaryCount": 1,
    "statsArea": 341732.1870766564,
    "statsPerimeter": 4677.726184881427,
    "statsVertices": 10426,
    "statsLineResolution": 448.6597146442957,
    "statsVertexDensity": 2.2288606874205663
}