{
    "boundaryCount": 1,
    "statsArea": 341732.6668324863,
    "statsPerimeter": 4678.513688225498,
    "statsVertices": 10990,
    "statsLineResolution": 425.7064320496359,
    "statsVertexDensity": 2.349036624101098
}