{"boundaryCount": 1, "boundaryYearSourceLag": null, "statsArea": 341732.1870766564, "statsVertices": 10426, "statsLineResolution": 448.6597146442957, "statsVertexDensity": 2.2288606874205663, "statsPerimeter": 4677.726184881427}