{
    "boundaryCount": 6,
    "statsArea": 397.9453997190738,
    "statsPerimeter": 465.9165950049049,
    "statsVertices": 7327,
    "statsLineResolution": 63.58899890881737,
    "statsVertexDensity": 15.725990614098787
}