{"boundaryCount": 6, "boundaryYearSourceLag": null, "statsArea": 397.9453997190738, "statsVertices": 7327, "statsLineResolution": 63.58899890881737, "statsVertexDensity": 15.725990614098787, "statsPerimeter": 465.9165950049049}