{
    "boundaryCount": 6,
    "statsArea": 397.9453348395423,
    "statsPerimeter": 465.9195078415723,
    "statsVertices": 7550,
    "statsLineResolution": 61.71119309159898,
    "statsVertexDensity": 16.204515743451644
}