{
    "boundaryCount": 1,
    "statsArea": 230024.01055020408,
    "statsPerimeter": 5362.146311473619,
    "statsVertices": 32361,
    "statsLineResolution": 165.697793995044,
    "statsVertexDensity": 6.0350833640543815
}