{"boundaryCount": 3, "boundaryYearSourceLag": null, "statsArea": 51068.853116731596, "statsVertices": 7281, "statsLineResolution": 518.9166144362237, "statsVertexDensity": 1.9270918914139006, "statsPerimeter": 3778.231869710144}