{
    "boundaryCount": 3,
    "statsArea": 51068.853116731596,
    "statsPerimeter": 3778.231869710144,
    "statsVertices": 7281,
    "statsLineResolution": 518.9166144362237,
    "statsVertexDensity": 1.9270918914139006
}