{
    "boundaryCount": 3,
    "statsArea": 51068.85436543103,
    "statsPerimeter": 3778.2315921014015,
    "statsVertices": 7656,
    "statsLineResolution": 493.499424255669,
    "statsVertexDensity": 2.0263448159200417
}