{
    "boundaryCount": 25,
    "statsArea": 66181.99206551339,
    "statsPerimeter": 9503.170928042928,
    "statsVertices": 289222,
    "statsLineResolution": 32.857704213520854,
    "statsVertexDensity": 30.43426264664294
}