{
    "boundaryCount": 25,
    "statsArea": 66181.99206551338,
    "statsPerimeter": 9503.17092804293,
    "statsVertices": 289222,
    "statsLineResolution": 32.85770421352086,
    "statsVertexDensity": 30.434262646642935
}