{
    "boundaryCount": 7,
    "boundaryYearSourceLag": 8,
    "statsArea": 139682.8114751306,
    "statsPerimeter": 10697.012596098344,
    "statsVertices": 58265,
    "statsLineResolution": 183.59242420146478,
    "statsVertexDensity": 5.4468478443459745
}