{
    "boundaryCount": 1,
    "statsArea": 397.9454016774281,
    "statsPerimeter": 345.1530182689218,
    "statsVertices": 6803,
    "statsLineResolution": 50.73541353357663,
    "statsVertexDensity": 19.71009853577327
}