{"boundaryCount": 1, "boundaryYearSourceLag": null, "statsArea": 397.9454016774281, "statsVertices": 6803, "statsLineResolution": 50.73541353357663, "statsVertexDensity": 19.71009853577327, "statsPerimeter": 345.1530182689218}