{
    "boundaryCount": 1,
    "statsArea": 397.9453348395422,
    "statsPerimeter": 346.01734737439085,
    "statsVertices": 6812,
    "statsLineResolution": 50.79526532213606,
    "statsVertexDensity": 19.686874232433826
}