{
    "boundaryCount": 7,
    "statsArea": 10089.93445656356,
    "statsPerimeter": 5630.867163962725,
    "statsVertices": 35900,
    "statsLineResolution": 156.84866751985305,
    "statsVertexDensity": 6.37557217292538
}