{
    "boundaryCount": 7,
    "boundaryYearSourceLag": 1,
    "statsArea": 51142.36092350614,
    "statsPerimeter": 5630.868419543279,
    "statsVertices": 8104,
    "statsLineResolution": 694.8258168241953,
    "statsVertexDensity": 1.439209620291095
}