{
    "boundaryCount": 1,
    "statsArea": 1950022.2907948499,
    "statsPerimeter": 37666.018857714735,
    "statsVertices": 367908,
    "statsLineResolution": 102.37890684006527,
    "statsVertexDensity": 9.767637014938872
}