{
    "boundaryCount": 1134,
    "boundaryYearSourceLag": 1,
    "statsArea": 913469.0730014207,
    "statsPerimeter": 128243.09212755419,
    "statsVertices": 568753,
    "statsLineResolution": 225.48117043348202,
    "statsVertexDensity": 4.434960125838998
}