{
    "boundaryCount": 233,
    "boundaryYearSourceLag": 0,
    "statsArea": 120.7384341229066,
    "statsPerimeter": 665.4247769954903,
    "statsVertices": 12838,
    "statsLineResolution": 51.83243316680872,
    "statsVertexDensity": 19.292939553537252
}