{
    "boundaryCount": 15,
    "statsArea": 7686865.819647944,
    "statsPerimeter": 91800.68010879337,
    "statsVertices": 1438493,
    "statsLineResolution": 63.81725883184234,
    "statsVertexDensity": 15.669742297063985
}