{
    "boundaryCount": 15,
    "statsArea": 7686865.819647959,
    "statsPerimeter": 91800.6801087939,
    "statsVertices": 1438493,
    "statsLineResolution": 63.8172588318427,
    "statsVertexDensity": 15.669742297063896
}