{"boundaryCount": 16, "boundaryYearSourceLag": null, "statsArea": 329383.42201149365, "statsVertices": 202312, "statsLineResolution": 96.2079480567422, "statsVertexDensity": 10.394151628826062, "statsPerimeter": 19464.022387255627}