{
    "boundaryCount": 16,
    "statsArea": 329578.7615903797,
    "statsPerimeter": 19734.341448792064,
    "statsVertices": 207238,
    "statsLineResolution": 95.22549652473032,
    "statsVertexDensity": 10.501389191919804
}