{
    "boundaryCount": 16,
    "statsArea": 329383.42201149365,
    "statsPerimeter": 19565.755069801406,
    "statsVertices": 202312,
    "statsLineResolution": 96.71079851813735,
    "statsVertexDensity": 10.340106951060463
}