{
    "boundaryCount": 179,
    "statsArea": 77076.69284956374,
    "statsPerimeter": 29355.25876897216,
    "statsVertices": 2777201,
    "statsLineResolution": 10.57008792988774,
    "statsVertexDensity": 94.60659236073361
}