{
    "boundaryCount": 3,
    "statsArea": 323.69443554954756,
    "statsPerimeter": 200.1006243433269,
    "statsVertices": 3603,
    "statsLineResolution": 55.53722574058476,
    "statsVertexDensity": 18.00594082014495
}