{
    "boundaryCount": 1,
    "statsArea": 4053.3802982870116,
    "statsPerimeter": 8305.908203695297,
    "statsVertices": 115428,
    "statsLineResolution": 71.9574817522204,
    "statsVertexDensity": 13.897095557671358
}