{"boundaryCount": 1, "boundaryYearSourceLag": null, "statsArea": 4053.3802982870125, "statsVertices": 115428, "statsLineResolution": 69.4139377613491, "statsVertexDensity": 14.406328645957002, "statsPerimeter": 8012.312007917004}