{
    "boundaryCount": 128,
    "boundaryYearSourceLag": 11,
    "statsArea": 1860309.2063385283,
    "statsPerimeter": 68036.87839820406,
    "statsVertices": 42639,
    "statsLineResolution": 1595.6490161167958,
    "statsVertexDensity": 0.6267042375231242
}