{
    "boundaryCount": 493,
    "statsArea": 14915.478182024,
    "statsPerimeter": 13286.249640556787,
    "statsVertices": 187392,
    "statsLineResolution": 70.90083696506142,
    "statsVertexDensity": 14.104205857157668
}