{
    "boundaryCount": 1,
    "statsArea": 6266.146267142311,
    "statsPerimeter": 493.3451999406335,
    "statsVertices": 139,
    "statsLineResolution": 3549.2460427383703,
    "statsVertexDensity": 0.2817499795614237
}