{
    "boundaryCount": 1,
    "statsArea": 6278.916420226857,
    "statsPerimeter": 510.97570385934915,
    "statsVertices": 183,
    "statsLineResolution": 2792.21696098005,
    "statsVertexDensity": 0.3581383588648521
}