{
    "boundaryCount": 1,
    "statsArea": 1590.697417042027,
    "statsPerimeter": 7798.071896809273,
    "statsVertices": 494731,
    "statsLineResolution": 15.76224634560857,
    "statsVertexDensity": 63.44273386379374
}