{
    "boundaryCount": 1,
    "statsArea": 1590.6974170424025,
    "statsPerimeter": 7798.0718968095425,
    "statsVertices": 494731,
    "statsLineResolution": 15.762246345609114,
    "statsVertexDensity": 63.44273386379155
}