{
    "boundaryCount": 5,
    "statsArea": 470850.39914542076,
    "statsPerimeter": 10032.521486664782,
    "statsVertices": 2469,
    "statsLineResolution": 4063.394688807121,
    "statsVertexDensity": 0.24609964736001735
}