{
    "boundaryCount": 33,
    "statsArea": 1138269.9155926201,
    "statsPerimeter": 46452.95257847162,
    "statsVertices": 1014806,
    "statsLineResolution": 45.77520489479922,
    "statsVertexDensity": 21.845888015099103
}