{
    "boundaryCount": 6,
    "statsArea": 572.9796663206117,
    "statsPerimeter": 376.3331178847068,
    "statsVertices": 8713,
    "statsLineResolution": 43.19214023696853,
    "statsVertexDensity": 23.152360464510885
}