{
    "boundaryCount": 6,
    "statsArea": 572.9796663202253,
    "statsPerimeter": 376.3331178847529,
    "statsVertices": 8713,
    "statsLineResolution": 43.19214023697381,
    "statsVertexDensity": 23.15236046450805
}