{
    "boundaryCount": 27,
    "statsArea": 454383.76768018823,
    "statsPerimeter": 19647.94000628431,
    "statsVertices": 38994,
    "statsLineResolution": 503.8708520870982,
    "statsVertexDensity": 1.984635538765282
}