{
    "boundaryCount": 27,
    "boundaryYearSourceLag": 1,
    "statsArea": 983744.5171168855,
    "statsPerimeter": 19647.94041843533,
    "statsVertices": 11125,
    "statsLineResolution": 1766.1070039042995,
    "statsVertexDensity": 0.5662171079041751
}