{
    "boundaryCount": 1,
    "statsArea": 447.93811280264896,
    "statsPerimeter": 89.6179921170366,
    "statsVertices": 49,
    "statsLineResolution": 1828.9386146334,
    "statsVertexDensity": 0.5467652068795344
}