{
    "boundaryCount": 1,
    "statsArea": 442.04925601749466,
    "statsPerimeter": 88.81293847284248,
    "statsVertices": 40,
    "statsLineResolution": 2220.3234618210618,
    "statsVertexDensity": 0.4503848277943347
}