{
    "boundaryCount": 1,
    "statsArea": 444.22132463482933,
    "statsPerimeter": 89.70988294420816,
    "statsVertices": 35,
    "statsLineResolution": 2563.139512691662,
    "statsVertexDensity": 0.39014653515674513
}