{
    "boundaryCount": 103,
    "statsArea": 899548.7648136996,
    "statsPerimeter": 46473.90903177685,
    "statsVertices": 257872,
    "statsLineResolution": 180.22084224645116,
    "statsVertexDensity": 5.548747789295673
}