{
    "boundaryCount": 103,
    "statsArea": 899548.7648137044,
    "statsPerimeter": 46473.909031776915,
    "statsVertices": 257872,
    "statsLineResolution": 180.22084224645138,
    "statsVertexDensity": 5.548747789295665
}