{
    "boundaryCount": 47,
    "statsArea": 591575.2337406853,
    "statsPerimeter": 26735.940559929226,
    "statsVertices": 107059,
    "statsLineResolution": 249.73090127807308,
    "statsVertexDensity": 4.0043102190485795
}