{
    "boundaryCount": 1,
    "statsArea": 411.2271054051854,
    "statsPerimeter": 269.0879285072219,
    "statsVertices": 6876,
    "statsLineResolution": 39.134370056314985,
    "statsVertexDensity": 25.552985740181427
}