{
    "boundaryCount": 16,
    "statsArea": 754636.6701096047,
    "statsPerimeter": 86556.67779785761,
    "statsVertices": 664077,
    "statsLineResolution": 130.34132758378564,
    "statsVertexDensity": 7.672163683902812
}