{
    "boundaryCount": 1,
    "statsArea": 294955.16740257107,
    "statsPerimeter": 27007.517580168485,
    "statsVertices": 454104,
    "statsLineResolution": 59.47430011664395,
    "statsVertexDensity": 16.813985167353803
}