{
    "boundaryCount": 134,
    "statsArea": 27107.104217446216,
    "statsPerimeter": 11531.180466470796,
    "statsVertices": 88921,
    "statsLineResolution": 129.67893373298543,
    "statsVertexDensity": 7.711352732580634
}