{"boundaryCount": 134, "boundaryYearSourceLag": null, "statsArea": 27106.749762854608, "statsVertices": 83738, "statsLineResolution": 137.31779966091764, "statsVertexDensity": 7.282377102380941, "statsPerimeter": 11498.717908005921}