{
    "boundaryCount": 134,
    "statsArea": 27106.749762854608,
    "statsPerimeter": 11522.407736101746,
    "statsVertices": 83738,
    "statsLineResolution": 137.60070381549292,
    "statsVertexDensity": 7.267404688139441
}