{
    "boundaryCount": 196,
    "statsArea": 1286803.500723791,
    "statsPerimeter": 90117.6051654312,
    "statsVertices": 691109,
    "statsLineResolution": 130.39564694633003,
    "statsVertexDensity": 7.668967664323896
}