{
    "boundaryCount": 2,
    "statsArea": 34.12868251823232,
    "statsPerimeter": 88.86710368758278,
    "statsVertices": 804,
    "statsLineResolution": 110.53122349201838,
    "statsVertexDensity": 9.04721732381992
}