{"boundaryCount": 2, "boundaryYearSourceLag": null, "statsArea": 34.12868251823232, "statsVertices": 804, "statsLineResolution": 104.88638548467765, "statsVertexDensity": 9.534125857984543, "statsPerimeter": 84.32865392968084}