{
    "boundaryCount": 1,
    "statsArea": 432.5585588192114,
    "statsPerimeter": 234.722418524426,
    "statsVertices": 867,
    "statsLineResolution": 270.72943313082584,
    "statsVertexDensity": 3.6937247215258098
}