{
    "boundaryCount": 7,
    "statsArea": 169.35670973574696,
    "statsPerimeter": 437.25557185340114,
    "statsVertices": 7723,
    "statsLineResolution": 56.61732122923749,
    "statsVertexDensity": 17.662439308124572
}