{
    "boundaryCount": 1,
    "statsArea": 29690.163729705844,
    "statsPerimeter": 1322.0180863135804,
    "statsVertices": 1639,
    "statsLineResolution": 806.6004187392193,
    "statsVertexDensity": 1.2397712383575001
}