{
    "boundaryCount": 1,
    "statsArea": 29690.16348014662,
    "statsPerimeter": 1322.0188031537382,
    "statsVertices": 1496,
    "statsLineResolution": 883.702408525226,
    "statsVertexDensity": 1.131602664373019
}