{"boundaryCount": 1, "boundaryYearSourceLag": null, "statsArea": 29690.16348014662, "statsVertices": 1496, "statsLineResolution": 865.7913424585056, "statsVertexDensity": 1.1550127045165348, "statsPerimeter": 1295.2238483179244}