{
    "boundaryCount": 16,
    "statsArea": 326435.5260689189,
    "statsPerimeter": 22455.469809440296,
    "statsVertices": 287124,
    "statsLineResolution": 78.20826475474114,
    "statsVertexDensity": 12.786372426699034
}