{
    "boundaryCount": 16,
    "boundaryYearSourceLag": 1,
    "statsArea": 328651.9924604152,
    "statsPerimeter": 22455.46797097335,
    "statsVertices": 83493,
    "statsLineResolution": 268.9503068637293,
    "statsVertexDensity": 3.718158985059928
}