{
    "boundaryCount": 1,
    "statsArea": 764.9726175666881,
    "statsPerimeter": 120.18430890481653,
    "statsVertices": 36,
    "statsLineResolution": 3338.4530251337924,
    "statsVertexDensity": 0.29953993435624987
}