{
    "boundaryCount": 1,
    "statsArea": 730.3125714106708,
    "statsPerimeter": 127.65812139332247,
    "statsVertices": 75,
    "statsLineResolution": 1702.1082852442996,
    "statsVertexDensity": 0.5875066872472643
}