{
    "boundaryCount": 1,
    "statsArea": 196435.0483250526,
    "statsPerimeter": 3992.306079227632,
    "statsVertices": 12323,
    "statsLineResolution": 323.971928850737,
    "statsVertexDensity": 3.0866871816561865
}