{
    "boundaryCount": 7,
    "statsArea": 8838.183829947055,
    "statsPerimeter": 2578.093786576232,
    "statsVertices": 31427,
    "statsLineResolution": 82.03435856353556,
    "statsVertexDensity": 12.190014251473675
}