{
    "boundaryCount": 7,
    "boundaryYearSourceLag": 1,
    "statsArea": 26794.99849368731,
    "statsPerimeter": 2578.0931348056847,
    "statsVertices": 14832,
    "statsLineResolution": 173.8196557986573,
    "statsVertexDensity": 5.753089289040721
}