{"boundaryCount": 18, "boundaryYearSourceLag": null, "statsArea": 51068.85311673158, "statsVertices": 11719, "statsLineResolution": 474.74515410113, "statsVertexDensity": 2.1063932751317362, "statsPerimeter": 5563.5384609111425}