{
    "boundaryCount": 18,
    "statsArea": 51068.85436543102,
    "statsPerimeter": 5563.538077259259,
    "statsVertices": 12140,
    "statsLineResolution": 458.28155496369516,
    "statsVertexDensity": 2.182064691822955
}