{
    "boundaryCount": 1,
    "statsArea": 398805.61539564544,
    "statsPerimeter": 3277.7172551223807,
    "statsVertices": 399,
    "statsLineResolution": 8214.8302133393,
    "statsVertexDensity": 0.12173106126724237
}