{
    "boundaryCount": 1,
    "statsArea": 399901.05470376014,
    "statsPerimeter": 3484.529431886801,
    "statsVertices": 1139,
    "statsLineResolution": 3059.2883510858655,
    "statsVertexDensity": 0.32687340493584377
}