{
    "boundaryCount": 1,
    "statsArea": 398813.4970500782,
    "statsPerimeter": 3294.119047343342,
    "statsVertices": 715,
    "statsLineResolution": 4607.159506773905,
    "statsVertexDensity": 0.2170534791620955
}