{
    "boundaryCount": 6,
    "statsArea": 17364.823425877006,
    "statsPerimeter": 1497.213206254745,
    "statsVertices": 2649,
    "statsLineResolution": 565.1993983596622,
    "statsVertexDensity": 1.769287092134614
}