{
    "boundaryCount": 14,
    "statsArea": 196797.35151537714,
    "statsPerimeter": 9168.132453872859,
    "statsVertices": 58566,
    "statsLineResolution": 156.54359959486493,
    "statsVertexDensity": 6.3879967152154515
}