{
    "boundaryCount": 387,
    "statsArea": 313823.29818897543,
    "statsPerimeter": 77416.4323721995,
    "statsVertices": 2260011,
    "statsLineResolution": 34.25489184442001,
    "statsVertexDensity": 29.19291073934295
}