{
    "boundaryCount": 1,
    "statsArea": 1038327.7911587649,
    "statsPerimeter": 6236.88962664487,
    "statsVertices": 24960,
    "statsLineResolution": 249.87538568288744,
    "statsVertexDensity": 4.001994823408028
}