{
    "boundaryCount": 1,
    "statsArea": 1038327.7911587647,
    "statsPerimeter": 6236.889626644978,
    "statsVertices": 24960,
    "statsLineResolution": 249.87538568289176,
    "statsVertexDensity": 4.0019948234079585
}