{
    "boundaryCount": 1,
    "statsArea": 48297.554890964864,
    "statsPerimeter": 2224.0301917771635,
    "statsVertices": 71614,
    "statsLineResolution": 31.055801823346883,
    "statsVertexDensity": 32.200102437806905
}