{
    "boundaryCount": 2169,
    "statsArea": 25279.22408991394,
    "statsPerimeter": 37916.02400607426,
    "statsVertices": 1245143,
    "statsLineResolution": 30.451140155045852,
    "statsVertexDensity": 32.83949286983584
}