{
    "boundaryCount": 2169,
    "statsArea": 25277.6854395055,
    "statsPerimeter": 37918.23804856593,
    "statsVertices": 1215683,
    "statsLineResolution": 31.19089273154756,
    "statsVertexDensity": 32.0606405403897
}