{"boundaryCount": 2169, "boundaryYearSourceLag": null, "statsArea": 25277.6854395055, "statsVertices": 1215683, "statsLineResolution": 31.088101902391035, "statsVertexDensity": 32.16664700661858, "statsPerimeter": 37793.27698500444}