{
    "boundaryCount": 117,
    "statsArea": 196435.0901055478,
    "statsPerimeter": 24241.640180969556,
    "statsVertices": 79267,
    "statsLineResolution": 305.8226018515846,
    "statsVertexDensity": 3.269869505868958
}