{
    "boundaryCount": 1,
    "statsArea": 467.9036281245759,
    "statsPerimeter": 118.1309228092582,
    "statsVertices": 752,
    "statsLineResolution": 157.0889930974178,
    "statsVertexDensity": 6.36581838283129
}