{
    "boundaryCount": 164,
    "statsArea": 1247144.4600923022,
    "statsPerimeter": 65009.871643375096,
    "statsVertices": 138124,
    "statsLineResolution": 470.66311172117156,
    "statsVertexDensity": 2.1246619399236373
}