{
    "boundaryCount": 1,
    "statsArea": 188.2434270888054,
    "statsPerimeter": 106.73975600410704,
    "statsVertices": 340,
    "statsLineResolution": 313.9404588356089,
    "statsVertexDensity": 3.1853173805917057
}