{
    "boundaryCount": 13,
    "boundaryYearSourceLag": 18,
    "statsArea": 247341.75743515324,
    "statsPerimeter": 24615.72337398295,
    "statsVertices": 73796,
    "statsLineResolution": 333.5644665562219,
    "statsVertexDensity": 2.9979212424038315
}