{
    "boundaryCount": 86,
    "statsArea": 16980238.871178683,
    "statsPerimeter": 250792.779385158,
    "statsVertices": 133901,
    "statsLineResolution": 1872.9716685100036,
    "statsVertexDensity": 0.5339109057616046
}