{
    "boundaryCount": 86,
    "statsArea": 16980238.83745664,
    "statsPerimeter": 250792.78066748625,
    "statsVertices": 133901,
    "statsLineResolution": 1872.9716780866927,
    "statsVertexDensity": 0.5339109030316654
}