{"boundaryCount": 86, "boundaryYearSourceLag": null, "statsArea": 16980238.871178683, "statsVertices": 133901, "statsLineResolution": 1865.34424216442, "statsVertexDensity": 0.5360940771123658, "statsPerimeter": 249771.459370058}