{
    "boundaryCount": 1,
    "statsArea": 1150.1777771532857,
    "statsPerimeter": 150.96193378513922,
    "statsVertices": 32,
    "statsLineResolution": 4717.560430785601,
    "statsVertexDensity": 0.21197396719589517
}