{
    "boundaryCount": 1,
    "statsArea": 1147.8989504020853,
    "statsPerimeter": 150.8624874357674,
    "statsVertices": 26,
    "statsLineResolution": 5802.40336291413,
    "statsVertexDensity": 0.17234237908923514
}