{
    "boundaryCount": 28,
    "statsArea": 980608.6435189289,
    "statsPerimeter": 32756.134178473232,
    "statsVertices": 98926,
    "statsLineResolution": 331.1175442095428,
    "statsVertexDensity": 3.0200755516813236
}