{"boundaryCount": 1, "boundaryYearSourceLag": null, "statsArea": 912684.3995536915, "statsVertices": 3201, "statsLineResolution": 3063.4865428134312, "statsVertexDensity": 0.32642545871333406, "statsPerimeter": 9806.220423545792}