{
    "boundaryCount": 1,
    "statsArea": 912684.3758701117,
    "statsPerimeter": 9806.220409612062,
    "statsVertices": 3201,
    "statsLineResolution": 3063.4865384605005,
    "statsVertexDensity": 0.3264254591771543
}