{
    "boundaryCount": 1,
    "statsArea": 21676.322077691475,
    "statsPerimeter": 874.582278728128,
    "statsVertices": 568,
    "statsLineResolution": 1539.7575329720564,
    "statsVertexDensity": 0.6494529031917053
}