{
    "boundaryCount": 1,
    "statsArea": 13727.493753376355,
    "statsPerimeter": 749.5453596727252,
    "statsVertices": 358,
    "statsLineResolution": 2093.7021219908524,
    "statsVertexDensity": 0.4776228621524839
}