{
    "boundaryCount": 72,
    "statsArea": 652888.2120107689,
    "statsPerimeter": 35565.09534091046,
    "statsVertices": 62614,
    "statsLineResolution": 568.0054834527497,
    "statsVertexDensity": 1.7605463840265665
}