{
    "boundaryCount": 42,
    "statsArea": 238338.60144581963,
    "statsPerimeter": 23051.46140152747,
    "statsVertices": 143448,
    "statsLineResolution": 160.6955928387114,
    "statsVertexDensity": 6.222946020701952
}