{
    "boundaryCount": 42,
    "statsArea": 238338.59874830657,
    "statsPerimeter": 23063.123995628408,
    "statsVertices": 147755,
    "statsLineResolution": 156.09031163499313,
    "statsVertexDensity": 6.406547527039564
}