{"boundaryCount": 42, "boundaryYearSourceLag": null, "statsArea": 238338.60144581963, "statsVertices": 143448, "statsLineResolution": 159.96954619561794, "statsVertexDensity": 6.251189828201145, "statsPerimeter": 22947.311462669}