{
    "boundaryCount": 1,
    "statsArea": 1271911.2398631903,
    "statsPerimeter": 5628.424849299332,
    "statsVertices": 474,
    "statsLineResolution": 11874.314028057663,
    "statsVertexDensity": 0.08421539110698209
}