{
    "boundaryCount": 1,
    "statsArea": 1271885.3673677002,
    "statsPerimeter": 5649.602765592275,
    "statsVertices": 728,
    "statsLineResolution": 7760.443359330048,
    "statsVertexDensity": 0.12885861718167724
}