{
    "boundaryCount": 1,
    "statsArea": 1266282.3355893195,
    "statsPerimeter": 5788.02518388373,
    "statsVertices": 1216,
    "statsLineResolution": 4759.889131483331,
    "statsVertexDensity": 0.21008892694279385
}