{
    "boundaryCount": 1,
    "statsArea": 30590.792675745877,
    "statsPerimeter": 1468.281862089402,
    "statsVertices": 6555,
    "statsLineResolution": 223.9941818595579,
    "statsVertexDensity": 4.464401671946059
}