{
    "boundaryCount": 1,
    "statsArea": 2017.8162646355893,
    "statsPerimeter": 683.0477569067921,
    "statsVertices": 50902,
    "statsLineResolution": 13.418878568755492,
    "statsVertexDensity": 74.52187564528673
}