{
    "boundaryCount": 5,
    "statsArea": 25273.97778565226,
    "statsPerimeter": 2117.9087288482024,
    "statsVertices": 22783,
    "statsLineResolution": 92.96004603643955,
    "statsVertexDensity": 10.757309646856333
}