{
    "boundaryCount": 5,
    "statsArea": 25273.97778565244,
    "statsPerimeter": 2117.9087288482133,
    "statsVertices": 22783,
    "statsLineResolution": 92.96004603644003,
    "statsVertexDensity": 10.757309646856276
}