{
    "boundaryCount": 1,
    "statsArea": 21434.711527890064,
    "statsPerimeter": 804.6065724704711,
    "statsVertices": 184,
    "statsLineResolution": 4372.861806904734,
    "statsVertexDensity": 0.22868319287405867
}