{
    "boundaryCount": 1,
    "statsArea": 21433.085138346465,
    "statsPerimeter": 798.4234860534128,
    "statsVertices": 151,
    "statsLineResolution": 5287.572755320614,
    "statsVertexDensity": 0.1891226932043159
}