{
    "boundaryCount": 1,
    "statsArea": 21847.61409982362,
    "statsPerimeter": 822.7181024368756,
    "statsVertices": 209,
    "statsLineResolution": 3936.4502508941414,
    "statsVertexDensity": 0.25403598070948713
}