{
    "boundaryCount": 17,
    "statsArea": 2728288.5761733544,
    "statsPerimeter": 40293.57443748561,
    "statsVertices": 25438,
    "statsLineResolution": 1583.9914473419924,
    "statsVertexDensity": 0.6313165400470084
}