{
    "boundaryCount": 1,
    "statsArea": 1650.2369640009188,
    "statsPerimeter": 636.5742182431246,
    "statsVertices": 12723,
    "statsLineResolution": 50.03334262698457,
    "statsVertexDensity": 19.986671837125435
}