{
    "boundaryCount": 80,
    "statsArea": 1126623.8506217524,
    "statsPerimeter": 47033.16906822875,
    "statsVertices": 29909,
    "statsLineResolution": 1572.5423473947224,
    "statsVertexDensity": 0.6359129225719928
}