{
    "boundaryCount": 5,
    "statsArea": 199.66000161870704,
    "statsPerimeter": 254.0204656231029,
    "statsVertices": 20095,
    "statsLineResolution": 12.640978632650057,
    "statsVertexDensity": 79.10779925037812
}