{
    "boundaryCount": 5,
    "statsArea": 199.66000161810183,
    "statsPerimeter": 254.02046562308033,
    "statsVertices": 20095,
    "statsLineResolution": 12.640978632648933,
    "statsVertexDensity": 79.10779925038514
}