{
    "boundaryCount": 1,
    "statsArea": 206.3940897281382,
    "statsPerimeter": 68.1164335892356,
    "statsVertices": 19,
    "statsLineResolution": 3585.0754520650316,
    "statsVertexDensity": 0.27893415727805454
}