{
    "boundaryCount": 1,
    "statsArea": 169.76642153938178,
    "statsPerimeter": 71.53127814512587,
    "statsVertices": 26,
    "statsLineResolution": 2751.203005581764,
    "statsVertexDensity": 0.3634773580761416
}