{
    "boundaryCount": 1,
    "statsArea": 465.53302256813697,
    "statsPerimeter": 122.45078545575544,
    "statsVertices": 1116,
    "statsLineResolution": 109.72292603562315,
    "statsVertexDensity": 9.113865589724934
}