{
    "boundaryCount": 1,
    "statsArea": 465.53302256817454,
    "statsPerimeter": 122.45078545576713,
    "statsVertices": 1116,
    "statsLineResolution": 109.72292603563363,
    "statsVertexDensity": 9.113865589724064
}