{
    "boundaryCount": 1,
    "statsArea": 391.75175770808085,
    "statsPerimeter": 149.95501528614582,
    "statsVertices": 471,
    "statsLineResolution": 318.375828633006,
    "statsVertexDensity": 3.140941962502772
}