{
    "boundaryCount": 1,
    "statsArea": 1219873.9576392355,
    "statsPerimeter": 9495.841529463345,
    "statsVertices": 62505,
    "statsLineResolution": 151.9213107665522,
    "statsVertexDensity": 6.582355003088647
}