{
    "boundaryCount": 1,
    "boundaryYearSourceLag": 1,
    "statsArea": 1219873.8588708304,
    "statsPerimeter": 9495.851339852707,
    "statsVertices": 14414,
    "statsLineResolution": 658.7936270190584,
    "statsVertexDensity": 1.5179260378168031
}