{
    "boundaryCount": 9,
    "boundaryYearSourceLag": 1,
    "statsArea": 66019.17880755557,
    "statsPerimeter": 7408.613967832331,
    "statsVertices": 446046,
    "statsLineResolution": 16.609528989907613,
    "statsVertexDensity": 60.206403240430625
}