{
    "boundaryCount": 1,
    "statsArea": 27143.79481784096,
    "statsPerimeter": 1130.5455099752062,
    "statsVertices": 16019,
    "statsLineResolution": 70.57528622106287,
    "statsVertexDensity": 14.169265950515614
}