{
    "boundaryCount": 1,
    "statsArea": 27143.794817841495,
    "statsPerimeter": 1130.5455099752055,
    "statsVertices": 16019,
    "statsLineResolution": 70.57528622106283,
    "statsVertexDensity": 14.169265950515623
}