{
    "boundaryCount": 141,
    "statsArea": 96825.84312494403,
    "statsPerimeter": 19322.102996356105,
    "statsVertices": 64672,
    "statsLineResolution": 298.77076627220595,
    "statsVertexDensity": 3.347047679654554
}