{
    "boundaryCount": 141,
    "statsArea": 96825.84312494281,
    "statsPerimeter": 19322.102996356116,
    "statsVertices": 64672,
    "statsLineResolution": 298.7707662722061,
    "statsVertexDensity": 3.3470476796545516
}