{
    "boundaryCount": 1,
    "boundaryYearSourceLag": 1,
    "statsArea": 590668.0847071083,
    "statsPerimeter": 13230.689434366128,
    "statsVertices": 25426,
    "statsLineResolution": 520.3606322019243,
    "statsVertexDensity": 1.9217441484158109
}