{
    "boundaryCount": 1,
    "statsArea": 590668.227488904,
    "statsPerimeter": 13228.216808469046,
    "statsVertices": 138889,
    "statsLineResolution": 95.24308482650927,
    "statsVertexDensity": 10.499449926696066
}