{
    "boundaryCount": 1,
    "statsArea": 132047.02268552146,
    "statsPerimeter": 19484.314474773677,
    "statsVertices": 1007104,
    "statsLineResolution": 19.34687427988934,
    "statsVertexDensity": 51.687936021762354
}