{
    "boundaryCount": 1,
    "statsArea": 132047.02268552885,
    "statsPerimeter": 19484.31447477385,
    "statsVertices": 1007104,
    "statsLineResolution": 19.346874279889516,
    "statsVertexDensity": 51.68793602176189
}