{
    "boundaryCount": 1,
    "statsArea": 614.4299298173524,
    "statsPerimeter": 235.393837714328,
    "statsVertices": 4083,
    "statsLineResolution": 57.65217676079549,
    "statsVertexDensity": 17.345398841558016
}