{"boundaryCount": 1, "boundaryYearSourceLag": null, "statsArea": 614.4297621513789, "statsVertices": 4079, "statsLineResolution": 57.653604391847985, "statsVertexDensity": 17.344969331031045, "statsPerimeter": 235.16905231434794}