{
    "boundaryCount": 1,
    "boundaryYearSourceLag": 0,
    "statsArea": 131804.32453603751,
    "statsPerimeter": 12187.918738344473,
    "statsVertices": 27567,
    "statsLineResolution": 442.1198802315984,
    "statsVertexDensity": 2.2618299803124975
}