{
    "boundaryCount": 5,
    "statsArea": 3314.0553047089506,
    "statsPerimeter": 1002.9599787122551,
    "statsVertices": 14684,
    "statsLineResolution": 68.302913287405,
    "statsVertexDensity": 14.64066394638542
}