{
    "boundaryCount": 263,
    "statsArea": 101354.75872013216,
    "statsPerimeter": 35153.162382740265,
    "statsVertices": 82345,
    "statsLineResolution": 426.9009943863048,
    "statsVertexDensity": 2.3424635059413688
}