{
    "boundaryCount": 1,
    "statsArea": 1219826.728378999,
    "statsPerimeter": 7545.717540998082,
    "statsVertices": 2207,
    "statsLineResolution": 3418.9929954680933,
    "statsVertexDensity": 0.29248378143082165
}