{
    "boundaryCount": 1,
    "statsArea": 1220281.4962347848,
    "statsPerimeter": 7162.436575055892,
    "statsVertices": 1536,
    "statsLineResolution": 4663.04464521868,
    "statsVertexDensity": 0.21445216078412727
}