{
    "boundaryCount": 1,
    "statsArea": 1220228.667184027,
    "statsPerimeter": 7094.738739553446,
    "statsVertices": 1100,
    "statsLineResolution": 6449.7624905031325,
    "statsVertexDensity": 0.1550444689199698
}