{
    "boundaryCount": 1,
    "statsArea": 261654.22408766422,
    "statsPerimeter": 7923.187639711417,
    "statsVertices": 78691,
    "statsLineResolution": 100.68734213202802,
    "statsVertexDensity": 9.931735000897458
}