{
    "boundaryCount": 1,
    "boundaryYearSourceLag": 1,
    "statsArea": 261654.136201177,
    "statsPerimeter": 7923.196339953922,
    "statsVertices": 14176,
    "statsLineResolution": 558.91622036921,
    "statsVertexDensity": 1.7891769169615759
}