{
    "boundaryCount": 1,
    "statsArea": 601362.6455015223,
    "statsPerimeter": 10025.806922382435,
    "statsVertices": 123835,
    "statsLineResolution": 80.96101201100201,
    "statsVertexDensity": 12.351624259144725
}