{"boundaryCount": 1, "boundaryYearSourceLag": null, "statsArea": 601362.6436983688, "statsVertices": 121455, "statsLineResolution": 82.23092203326468, "statsVertexDensity": 12.160875438019195, "statsPerimeter": 9987.356635550163}