{
    "boundaryCount": 1,
    "statsArea": 601362.6436983688,
    "statsPerimeter": 9987.674488732968,
    "statsVertices": 121455,
    "statsLineResolution": 82.23353907811921,
    "statsVertexDensity": 12.160488423707903
}