{
    "boundaryCount": 1,
    "statsArea": 252.72139689175415,
    "statsPerimeter": 58.836439824613805,
    "statsVertices": 19,
    "statsLineResolution": 3096.654727611253,
    "statsVertexDensity": 0.32292912447859373
}