{
    "boundaryCount": 1,
    "statsArea": 220.57123772116967,
    "statsPerimeter": 62.85307249168655,
    "statsVertices": 36,
    "statsLineResolution": 1745.9186803246262,
    "statsVertexDensity": 0.5727643625498443
}