{
    "boundaryCount": 13,
    "boundaryYearSourceLag": 1,
    "statsArea": 274160.7584510909,
    "statsPerimeter": 11938.567375052762,
    "statsVertices": 20429,
    "statsLineResolution": 584.3931359857438,
    "statsVertexDensity": 1.7111768404213337
}