{
    "boundaryCount": 108,
    "statsArea": 90043.2740792752,
    "statsPerimeter": 21025.663992700178,
    "statsVertices": 605071,
    "statsLineResolution": 34.74908563243021,
    "statsVertexDensity": 28.77773563822157
}