{
    "boundaryCount": 1,
    "statsArea": 1879827.374893309,
    "statsPerimeter": 54827.17284918651,
    "statsVertices": 19565,
    "statsLineResolution": 2802.308860167979,
    "statsVertexDensity": 0.3568486023129003
}