{
    "boundaryCount": 1,
    "statsArea": 1877244.4743080235,
    "statsPerimeter": 45916.81477544601,
    "statsVertices": 8383,
    "statsLineResolution": 5477.372632165812,
    "statsVertexDensity": 0.1825692840628572
}