{
    "boundaryCount": 1,
    "statsArea": 1886408.7577296945,
    "statsPerimeter": 49895.85610781907,
    "statsVertices": 15597,
    "statsLineResolution": 3199.067519896074,
    "statsVertexDensity": 0.31259108905350214
}