{
    "boundaryCount": 112,
    "statsArea": 1075652.753160132,
    "statsPerimeter": 62528.730096696585,
    "statsVertices": 318575,
    "statsLineResolution": 196.276324559983,
    "statsVertexDensity": 5.094857987797683
}