{
    "boundaryCount": 112,
    "statsArea": 1075652.7531601319,
    "statsPerimeter": 62528.73009669659,
    "statsVertices": 318575,
    "statsLineResolution": 196.27632455998304,
    "statsVertexDensity": 5.094857987797683
}