{
    "boundaryCount": 1,
    "statsArea": 371.88508344260663,
    "statsPerimeter": 381.12313848466255,
    "statsVertices": 1557,
    "statsLineResolution": 244.7804357640736,
    "statsVertexDensity": 4.085293813937928
}