{
    "boundaryCount": 11,
    "statsArea": 787297.0321950652,
    "statsPerimeter": 21891.590694195125,
    "statsVertices": 197078,
    "statsLineResolution": 111.08084461073851,
    "statsVertexDensity": 9.002452254520641
}