{
    "boundaryCount": 11,
    "statsArea": 787297.0329043759,
    "statsPerimeter": 21798.618938229592,
    "statsVertices": 195817,
    "statsLineResolution": 111.32138138276856,
    "statsVertexDensity": 8.983000278819663
}