{
    "boundaryCount": 1,
    "statsArea": 28075.584393542595,
    "statsPerimeter": 991.32710813894,
    "statsVertices": 168,
    "statsLineResolution": 5900.756596065119,
    "statsVertexDensity": 0.16946979319005354
}