{
    "boundaryCount": 1,
    "statsArea": 20616.90121420709,
    "statsPerimeter": 1174.0484243319206,
    "statsVertices": 411,
    "statsLineResolution": 2856.565509323408,
    "statsVertexDensity": 0.3500707394023164
}