{
    "boundaryCount": 1,
    "statsArea": 20711.357523696675,
    "statsPerimeter": 1143.8843297031835,
    "statsVertices": 281,
    "statsLineResolution": 4070.762739157237,
    "statsVertexDensity": 0.2456542088245183
}