{
    "boundaryCount": 63,
    "statsArea": 328892.0807821875,
    "statsPerimeter": 24734.434651623917,
    "statsVertices": 9391,
    "statsLineResolution": 2633.8446013868506,
    "statsVertexDensity": 0.37967312098574457
}