{
    "boundaryCount": 47,
    "statsArea": 581981.2812049851,
    "statsPerimeter": 26358.25161335697,
    "statsVertices": 84220,
    "statsLineResolution": 312.96902889286355,
    "statsVertexDensity": 3.1952043419041405
}