{
    "boundaryCount": 47,
    "statsArea": 581981.2812049837,
    "statsPerimeter": 26358.251613356984,
    "statsVertices": 84220,
    "statsLineResolution": 312.9690288928638,
    "statsVertexDensity": 3.1952043419041387
}