{
    "boundaryCount": 1,
    "statsArea": 45354.86000169486,
    "statsPerimeter": 4744.402941791895,
    "statsVertices": 507634,
    "statsLineResolution": 9.346109483982348,
    "statsVertexDensity": 106.9963926395075
}