{
    "boundaryCount": 1,
    "statsArea": 45354.860001695866,
    "statsPerimeter": 4744.402941791881,
    "statsVertices": 507634,
    "statsLineResolution": 9.34610948398232,
    "statsVertexDensity": 106.9963926395078
}