{
    "boundaryCount": 1,
    "statsArea": 49.06066562292175,
    "statsPerimeter": 129.58015776118404,
    "statsVertices": 102,
    "statsLineResolution": 1270.39370354102,
    "statsVertexDensity": 0.7871575537667255
}