{
    "boundaryCount": 1,
    "statsArea": 104.45573666795957,
    "statsPerimeter": 148.08465196498054,
    "statsVertices": 123,
    "statsLineResolution": 1203.9402598778904,
    "statsVertexDensity": 0.8306059970960892
}