{
    "boundaryCount": 7,
    "statsArea": 11252.072446292419,
    "statsPerimeter": 1608.907870634793,
    "statsVertices": 5102,
    "statsLineResolution": 315.3484654321429,
    "statsVertexDensity": 3.1710951839566865
}