{
    "boundaryCount": 7,
    "statsArea": 11252.072446292663,
    "statsPerimeter": 1608.90787063481,
    "statsVertices": 5102,
    "statsLineResolution": 315.3484654321462,
    "statsVertexDensity": 3.1710951839566532
}