{
    "boundaryCount": 18,
    "statsArea": 112052.07156483529,
    "statsPerimeter": 10335.972091783127,
    "statsVertices": 126034,
    "statsLineResolution": 82.00939501867057,
    "statsVertexDensity": 12.193724874721196
}