{
    "boundaryCount": 18,
    "statsArea": 112052.07156483839,
    "statsPerimeter": 10335.972091783076,
    "statsVertices": 126034,
    "statsLineResolution": 82.00939501867018,
    "statsVertexDensity": 12.193724874721257
}