{
    "boundaryCount": 14,
    "statsArea": 122674.72922826491,
    "statsPerimeter": 11124.578206378656,
    "statsVertices": 135039,
    "statsLineResolution": 82.38048420366454,
    "statsVertexDensity": 12.13879730941806
}