{"boundaryCount": 14, "boundaryYearSourceLag": null, "statsArea": 122755.12842104943, "statsVertices": 136783, "statsLineResolution": 82.45835494298825, "statsVertexDensity": 12.127333860727642, "statsPerimeter": 11278.901164166762}