{
    "boundaryCount": 8,
    "statsArea": 198990.46123503262,
    "statsPerimeter": 7672.334079853089,
    "statsVertices": 3544,
    "statsLineResolution": 2164.879819371639,
    "statsVertexDensity": 0.4619194058958211
}