{"boundaryCount": 8, "boundaryYearSourceLag": null, "statsArea": 198990.46123503262, "statsVertices": 3544, "statsLineResolution": 2097.2095430769364, "statsVertexDensity": 0.47682407478121747, "statsPerimeter": 7432.510620664662}