{
    "boundaryCount": 8,
    "statsArea": 198990.4632972046,
    "statsPerimeter": 7672.333460513472,
    "statsVertices": 3544,
    "statsLineResolution": 2164.879644614411,
    "statsVertexDensity": 0.46191944318369305
}