{
    "boundaryCount": 266,
    "statsArea": 155610.56063127224,
    "statsPerimeter": 29312.11499180509,
    "statsVertices": 269207,
    "statsLineResolution": 108.88318279912889,
    "statsVertexDensity": 9.18415474541033
}