{
    "boundaryCount": 266,
    "statsArea": 155610.56063127334,
    "statsPerimeter": 29312.114991804898,
    "statsVertices": 269207,
    "statsLineResolution": 108.88318279912818,
    "statsVertexDensity": 9.18415474541039
}