{
    "boundaryCount": 1,
    "statsArea": 28335.845162919974,
    "statsPerimeter": 1090.1827791479313,
    "statsVertices": 554,
    "statsLineResolution": 1967.838951530562,
    "statsVertexDensity": 0.5081716668034301
}