{
    "boundaryCount": 1,
    "statsArea": 28676.809818268815,
    "statsPerimeter": 968.856448628495,
    "statsVertices": 337,
    "statsLineResolution": 2874.9449514198664,
    "statsVertexDensity": 0.3478327470256862
}