{
    "boundaryCount": 1,
    "statsArea": 28656.479219609133,
    "statsPerimeter": 954.8029213693496,
    "statsVertices": 200,
    "statsLineResolution": 4774.0146068467475,
    "statsVertexDensity": 0.20946731050337175
}