{
    "boundaryCount": 5,
    "statsArea": 57230.15971338196,
    "statsPerimeter": 2959.3746654822594,
    "statsVertices": 5173,
    "statsLineResolution": 572.0809328208504,
    "statsVertexDensity": 1.748004421453344
}