{
    "boundaryCount": 3781,
    "statsArea": 78646.75206398904,
    "statsPerimeter": 101798.80744344872,
    "statsVertices": 2800156,
    "statsLineResolution": 36.3546914684213,
    "statsVertexDensity": 27.5067662413977
}