{
    "boundaryCount": 3781,
    "statsArea": 78646.75206399288,
    "statsPerimeter": 101798.80744344839,
    "statsVertices": 2800156,
    "statsLineResolution": 36.35469146842118,
    "statsVertexDensity": 27.506766241397788
}