{
    "boundaryCount": 10,
    "boundaryYearSourceLag": 0,
    "statsArea": 210436.81310542018,
    "statsPerimeter": 7686.632162337854,
    "statsVertices": 5260,
    "statsLineResolution": 1461.3369129919874,
    "statsVertexDensity": 0.6843048930807942
}