{
    "boundaryCount": 1,
    "statsArea": 1613000.4439238918,
    "statsPerimeter": 6512.57656937973,
    "statsVertices": 59475,
    "statsLineResolution": 109.50107724892358,
    "statsVertexDensity": 9.132330248466392
}