{
    "boundaryCount": 1,
    "statsArea": 1613000.443923893,
    "statsPerimeter": 6512.576569379848,
    "statsVertices": 59475,
    "statsLineResolution": 109.50107724892555,
    "statsVertexDensity": 9.132330248466229
}