{
    "boundaryCount": 1,
    "statsArea": 22128.399721385555,
    "statsPerimeter": 2197.1598593867257,
    "statsVertices": 36555,
    "statsLineResolution": 60.10559046332173,
    "statsVertexDensity": 16.63738750907423
}