{
    "boundaryCount": 1,
    "boundaryYearSourceLag": 1,
    "statsArea": 22128.375961586393,
    "statsPerimeter": 2223.701951433487,
    "statsVertices": 5547,
    "statsLineResolution": 400.88371217477686,
    "statsVertexDensity": 2.494488974308892
}