{
    "boundaryCount": 89,
    "statsArea": 340599.2511499376,
    "statsPerimeter": 25883.108077137196,
    "statsVertices": 16519,
    "statsLineResolution": 1566.8689434673524,
    "statsVertexDensity": 0.6382154705211541
}