{
    "boundaryCount": 34,
    "boundaryYearSourceLag": 1,
    "statsArea": 1891077.0330260464,
    "statsPerimeter": 119281.66673769715,
    "statsVertices": 2686538,
    "statsLineResolution": 44.39976904763571,
    "statsVertexDensity": 22.522639676956835
}