{
    "boundaryCount": 1,
    "statsArea": 7867.541745195977,
    "statsPerimeter": 3612.1949514485505,
    "statsVertices": 65936,
    "statsLineResolution": 54.783349785375975,
    "statsVertexDensity": 18.253721320760544
}