{
    "boundaryCount": 1,
    "statsArea": 71084.65704115137,
    "statsPerimeter": 2269.8818649022696,
    "statsVertices": 798,
    "statsLineResolution": 2844.4634898524682,
    "statsVertexDensity": 0.35156014607586555
}