{
    "boundaryCount": 1,
    "statsArea": 71084.63633489159,
    "statsPerimeter": 2269.8797512814385,
    "statsVertices": 798,
    "statsLineResolution": 2844.46084120481,
    "statsVertexDensity": 0.3515604734345495
}