{"boundaryCount": 1, "boundaryYearSourceLag": null, "statsArea": 71084.63633489159, "statsVertices": 798, "statsLineResolution": 2787.793050941573, "statsVertexDensity": 0.3587066836479313, "statsPerimeter": 2224.6588546513753}