{
    "boundaryCount": 14,
    "statsArea": 131353.43604265852,
    "statsPerimeter": 13182.740871986382,
    "statsVertices": 6991,
    "statsLineResolution": 1885.67313288319,
    "statsVertexDensity": 0.5303146036084219
}