{
    "boundaryCount": 32,
    "statsArea": 48439.79065199879,
    "statsPerimeter": 6271.074109195791,
    "statsVertices": 1906,
    "statsLineResolution": 3290.1752933870885,
    "statsVertexDensity": 0.30393517391304237
}