{
    "boundaryCount": 1,
    "statsArea": 35786.94373434312,
    "statsPerimeter": 2360.0462078413484,
    "statsVertices": 1054,
    "statsLineResolution": 2239.133024517408,
    "statsVertexDensity": 0.4466014252170329
}