{
    "boundaryCount": 1,
    "statsArea": 34937.815963958026,
    "statsPerimeter": 2098.956694510835,
    "statsVertices": 478,
    "statsLineResolution": 4391.122791863671,
    "statsVertexDensity": 0.22773218773405834
}