{
    "boundaryCount": 4,
    "statsArea": 37397.73062635448,
    "statsPerimeter": 1978.301153930892,
    "statsVertices": 854,
    "statsLineResolution": 2316.5118898488195,
    "statsVertexDensity": 0.4316835170939969
}