{
    "boundaryCount": 737,
    "boundaryYearSourceLag": 0,
    "statsArea": 191354.06752817004,
    "statsPerimeter": 78877.66246479914,
    "statsVertices": 172321,
    "statsLineResolution": 457.7367962395711,
    "statsVertexDensity": 2.184661596391779
}