{
    "boundaryCount": 22,
    "statsArea": 3926.7061870027396,
    "statsPerimeter": 1288.3930106370062,
    "statsVertices": 629,
    "statsLineResolution": 2048.3195717599465,
    "statsVertexDensity": 0.48820507004226166
}