{
    "boundaryCount": 40,
    "statsArea": 10906.979314227687,
    "statsPerimeter": 3874.788718703104,
    "statsVertices": 6433,
    "statsLineResolution": 602.3299733721599,
    "statsVertexDensity": 1.6602195544104743
}