{
    "boundaryCount": 1,
    "statsArea": 301411.1985113741,
    "statsPerimeter": 11523.314900638325,
    "statsVertices": 460558,
    "statsLineResolution": 25.020333813848257,
    "statsVertexDensity": 39.96749233803268
}