{
    "boundaryCount": 1,
    "statsArea": 301411.19851137605,
    "statsPerimeter": 11523.31490063888,
    "statsVertices": 460558,
    "statsLineResolution": 25.02033381384946,
    "statsVertexDensity": 39.96749233803075
}