{
    "boundaryCount": 18,
    "statsArea": 2754.1247640377105,
    "statsPerimeter": 985.0623358019116,
    "statsVertices": 17425,
    "statsLineResolution": 56.53155442191745,
    "statsVertexDensity": 17.68923586527628
}