{
    "boundaryCount": 1,
    "statsArea": 860.0749352041616,
    "statsPerimeter": 2784.2338807170413,
    "statsVertices": 155967,
    "statsLineResolution": 17.85142934541949,
    "statsVertexDensity": 56.01792330744601
}