{
    "boundaryCount": 1,
    "statsArea": 9008.62445095951,
    "statsPerimeter": 793.979846760071,
    "statsVertices": 33511,
    "statsLineResolution": 23.693111120529707,
    "statsVertexDensity": 42.206360950779306
}