{"boundaryCount": 1, "boundaryYearSourceLag": null, "statsArea": 1036.2047446016375, "statsVertices": 398, "statsLineResolution": 1139.3623479821513, "statsVertexDensity": 0.8776839095754158, "statsPerimeter": 453.46621449689627}