{
    "boundaryCount": 1,
    "statsArea": 0.526723370391791,
    "statsPerimeter": 3.3290939822244665,
    "statsVertices": 95,
    "statsLineResolution": 35.04309454973122,
    "statsVertexDensity": 28.536292609114618
}