{
    "boundaryCount": 7,
    "statsArea": 21624.71443388128,
    "statsPerimeter": 1639.8887996431818,
    "statsVertices": 4027,
    "statsLineResolution": 407.2234416794591,
    "statsVertexDensity": 2.4556543107534012
}