{
    "boundaryCount": 21,
    "statsArea": 13335.329740898955,
    "statsPerimeter": 2666.0310908606934,
    "statsVertices": 12935,
    "statsLineResolution": 206.1098640015998,
    "statsVertexDensity": 4.851781378072415
}