{"boundaryCount": 21, "boundaryYearSourceLag": null, "statsArea": 13335.329740898955, "statsVertices": 12935, "statsLineResolution": 206.1098640015998, "statsVertexDensity": 4.851781378072415, "statsPerimeter": 2666.0310908606934}