{
    "boundaryCount": 21,
    "statsArea": 13336.640600958386,
    "statsPerimeter": 2665.4634021516695,
    "statsVertices": 13279,
    "statsLineResolution": 200.72772062291358,
    "statsVertexDensity": 4.9818729415983185
}