{
    "boundaryCount": 14,
    "statsArea": 196435.09005543953,
    "statsPerimeter": 10199.234070439323,
    "statsVertices": 34843,
    "statsLineResolution": 292.71974486810325,
    "statsVertexDensity": 3.4162369212592423
}