{
    "boundaryCount": 16,
    "statsArea": 752648.9884123857,
    "statsPerimeter": 104893.07545673645,
    "statsVertices": 3339338,
    "statsLineResolution": 31.411338252293252,
    "statsVertexDensity": 31.835638200705848
}