{
    "boundaryCount": 1,
    "statsArea": 294.6047772925968,
    "statsPerimeter": 108.62408115615571,
    "statsVertices": 55,
    "statsLineResolution": 1974.9832937482856,
    "statsVertexDensity": 0.5063333969281927
}