{
    "boundaryCount": 1,
    "statsArea": 264.13056987464506,
    "statsPerimeter": 106.35943928259778,
    "statsVertices": 43,
    "statsLineResolution": 2473.4753321534367,
    "statsVertexDensity": 0.4042894574288672
}