{
    "boundaryCount": 187,
    "boundaryYearSourceLag": 17,
    "statsArea": 758219.180532199,
    "statsPerimeter": 124427.41387098237,
    "statsVertices": 952727,
    "statsLineResolution": 130.6013305710685,
    "statsVertexDensity": 7.656889831270412
}