{
    "boundaryCount": 1,
    "statsArea": 43083.28553979456,
    "statsPerimeter": 7846.247294652114,
    "statsVertices": 288231,
    "statsLineResolution": 27.222079841002923,
    "statsVertexDensity": 36.734886013145925
}