{
    "boundaryCount": 1,
    "statsArea": 43083.28553979673,
    "statsPerimeter": 7846.247294651974,
    "statsVertices": 288231,
    "statsLineResolution": 27.22207984100244,
    "statsVertexDensity": 36.73488601314658
}