{"boundaryCount": 305, "boundaryYearSourceLag": null, "statsArea": 95918.08841804942, "statsVertices": 32744, "statsLineResolution": 730.4205839119483, "statsVertexDensity": 1.3690742320599079, "statsPerimeter": 23916.89159961283}