{
    "boundaryCount": 305,
    "statsArea": 95918.08797667324,
    "statsPerimeter": 23922.13231527777,
    "statsVertices": 32885,
    "statsLineResolution": 727.4481470359668,
    "statsVertexDensity": 1.374668426986257
}