{
    "boundaryCount": 7,
    "statsArea": 21675.12864707772,
    "statsPerimeter": 1709.6672301827746,
    "statsVertices": 29955,
    "statsLineResolution": 57.07451945193706,
    "statsVertexDensity": 17.520953476307557
}