{
    "boundaryCount": 7,
    "statsArea": 21675.128647076588,
    "statsPerimeter": 1709.6672301827384,
    "statsVertices": 29955,
    "statsLineResolution": 57.074519451935856,
    "statsVertexDensity": 17.52095347630793
}