{
    "boundaryCount": 1,
    "statsArea": 207575.35768068655,
    "statsPerimeter": 3729.7530700288103,
    "statsVertices": 53305,
    "statsLineResolution": 69.97004164766551,
    "statsVertexDensity": 14.291830852917094
}