{
    "boundaryCount": 1,
    "statsArea": 207575.35768068672,
    "statsPerimeter": 3729.753070028703,
    "statsVertices": 53305,
    "statsLineResolution": 69.97004164766349,
    "statsVertexDensity": 14.291830852917505
}