{
    "boundaryCount": 11163,
    "statsArea": 329276.2985576847,
    "statsPerimeter": 279422.9394660003,
    "statsVertices": 677003,
    "statsLineResolution": 412.735156957946,
    "statsVertexDensity": 2.4228612056469205
}