{
    "boundaryCount": 11163,
    "statsArea": 329276.3064644672,
    "statsPerimeter": 279400.474208352,
    "statsVertices": 663424,
    "statsLineResolution": 421.1491809285645,
    "statsVertexDensity": 2.374455526175226
}