{
    "boundaryCount": 4,
    "statsArea": 241485.47622611438,
    "statsPerimeter": 6127.986913114011,
    "statsVertices": 52404,
    "statsLineResolution": 116.93738861754849,
    "statsVertexDensity": 8.551584842300237
}