{
    "boundaryCount": 4,
    "statsArea": 241485.47622611388,
    "statsPerimeter": 6127.986913114036,
    "statsVertices": 52404,
    "statsLineResolution": 116.93738861754896,
    "statsVertexDensity": 8.551584842300203
}