{
    "boundaryCount": 928,
    "statsArea": 514054.5552066162,
    "statsPerimeter": 123088.98372749564,
    "statsVertices": 1752654,
    "statsLineResolution": 70.23005323782996,
    "statsVertexDensity": 14.238918438713958
}