{
    "boundaryCount": 928,
    "statsArea": 514054.55945299973,
    "statsPerimeter": 123050.4662032328,
    "statsVertices": 1613582,
    "statsLineResolution": 76.25919612590671,
    "statsVertexDensity": 13.113172585099948
}