{"boundaryCount": 928, "boundaryYearSourceLag": null, "statsArea": 514054.55945299973, "statsVertices": 1613582, "statsLineResolution": 76.19710956203407, "statsVertexDensity": 13.123857397581121, "statsPerimeter": 122950.28444132606}