{
    "boundaryCount": 1,
    "statsArea": 123.98228715404393,
    "statsPerimeter": 44.584115333776246,
    "statsVertices": 11,
    "statsLineResolution": 4053.1013939796585,
    "statsVertexDensity": 0.24672464436378683
}