{
    "boundaryCount": 1,
    "statsArea": 751914.943139809,
    "statsPerimeter": 5601.801903449998,
    "statsVertices": 1508,
    "statsLineResolution": 3714.722747645887,
    "statsVertexDensity": 0.26919909450408513
}