{
    "boundaryCount": 32,
    "statsArea": 1117.9824709834413,
    "statsPerimeter": 1153.3770182021815,
    "statsVertices": 10951,
    "statsLineResolution": 105.32161612658035,
    "statsVertexDensity": 9.494727072913067
}