{"boundaryCount": 32, "boundaryYearSourceLag": null, "statsArea": 1117.9824709834413, "statsVertices": 10951, "statsLineResolution": 105.32161612658035, "statsVertexDensity": 9.494727072913067, "statsPerimeter": 1153.3770182021815}