{
    "boundaryCount": 1,
    "statsArea": 942851.318572188,
    "statsPerimeter": 5300.313531598425,
    "statsVertices": 19097,
    "statsLineResolution": 277.5469200187686,
    "statsVertexDensity": 3.6029944051707607
}