{
    "boundaryCount": 9,
    "statsArea": 33941.68021188133,
    "statsPerimeter": 4355.496164934832,
    "statsVertices": 21888,
    "statsLineResolution": 198.99013911434724,
    "statsVertexDensity": 5.025374646456035
}