{
    "boundaryCount": 1,
    "boundaryYearSourceLag": 1,
    "statsArea": 147458.27311672046,
    "statsPerimeter": 3133.9525676378207,
    "statsVertices": 5485,
    "statsLineResolution": 571.3678336623192,
    "statsVertexDensity": 1.7501860291823923
}