{
    "boundaryCount": 1,
    "statsArea": 20410.874031414383,
    "statsPerimeter": 877.0639730010895,
    "statsVertices": 301,
    "statsLineResolution": 2913.8337973458124,
    "statsVertexDensity": 0.3431904732901691
}