{
    "boundaryCount": 1,
    "statsArea": 20327.278944765363,
    "statsPerimeter": 938.825419446512,
    "statsVertices": 517,
    "statsLineResolution": 1815.9099022176247,
    "statsVertexDensity": 0.5506881144151372
}