{
    "boundaryCount": 1,
    "statsArea": 20426.52897074996,
    "statsPerimeter": 856.4877953922417,
    "statsVertices": 156,
    "statsLineResolution": 5490.306380719498,
    "statsVertexDensity": 0.18213919782541374
}