{"boundaryCount": 47, "boundaryYearSourceLag": null, "statsArea": 372468.1042761762, "statsVertices": 586166, "statsLineResolution": 77.15695484253999, "statsVertexDensity": 12.960594440783407, "statsPerimeter": 45226.78359223229}