{
    "boundaryCount": 47,
    "statsArea": 372468.1042761762,
    "statsPerimeter": 45226.78359223229,
    "statsVertices": 586166,
    "statsLineResolution": 77.15695484253999,
    "statsVertexDensity": 12.960594440783407
}