{
    "boundaryCount": 47,
    "statsArea": 372467.7637011012,
    "statsPerimeter": 45403.519008755975,
    "statsVertices": 590004,
    "statsLineResolution": 76.95459523792377,
    "statsVertexDensity": 12.994675586405956
}