{
    "boundaryCount": 5,
    "statsArea": 24306.12747772693,
    "statsPerimeter": 2642.765649386334,
    "statsVertices": 74775,
    "statsLineResolution": 35.34290403726291,
    "statsVertexDensity": 28.294222765216883
}