{
    "boundaryCount": 20,
    "statsArea": 40421.27235752158,
    "statsPerimeter": 4718.54645614798,
    "statsVertices": 2667,
    "statsLineResolution": 1769.2337668346381,
    "statsVertexDensity": 0.5652164336593657
}