{"boundaryCount": 545, "boundaryYearSourceLag": null, "statsArea": 139384.44612542284, "statsVertices": 2615506, "statsLineResolution": 23.374113419993083, "statsVertexDensity": 42.782371336687724, "statsPerimeter": 61135.13389467243}