{
    "boundaryCount": 545,
    "statsArea": 139384.3665127687,
    "statsPerimeter": 61130.86233951707,
    "statsVertices": 2722773,
    "statsLineResolution": 22.451692572064243,
    "statsVertexDensity": 44.54007183602098
}