{
    "boundaryCount": 545,
    "statsArea": 139384.44612542284,
    "statsPerimeter": 61187.61470657363,
    "statsVertices": 2615506,
    "statsLineResolution": 23.39417868151464,
    "statsVertexDensity": 42.745676760610934
}