{
    "boundaryCount": 1,
    "statsArea": 7279.9857964890025,
    "statsPerimeter": 1554.0721569909438,
    "statsVertices": 533,
    "statsLineResolution": 2915.707611615279,
    "statsVertexDensity": 0.3429699178396039
}