{
    "boundaryCount": 1,
    "statsArea": 21.65902707306446,
    "statsPerimeter": 18.832875670184283,
    "statsVertices": 378,
    "statsLineResolution": 49.822422407894926,
    "statsVertexDensity": 20.07128420639657
}