{
    "boundaryCount": 1,
    "statsArea": 21.659027072979313,
    "statsPerimeter": 18.83287567018448,
    "statsVertices": 378,
    "statsLineResolution": 49.82242240789546,
    "statsVertexDensity": 20.071284206396356
}