{
    "boundaryCount": 3,
    "statsArea": 51224.88159233271,
    "statsPerimeter": 3999.268721110004,
    "statsVertices": 10428,
    "statsLineResolution": 383.51253558784083,
    "statsVertexDensity": 2.6074766981663813
}