{
    "boundaryCount": 25,
    "statsArea": 181695.43920112518,
    "statsPerimeter": 13109.234488583128,
    "statsVertices": 89185,
    "statsLineResolution": 146.9892301237106,
    "statsVertexDensity": 6.803219522670945
}