{
    "boundaryCount": 25,
    "statsArea": 181695.43920112427,
    "statsPerimeter": 13109.234488583159,
    "statsVertices": 89185,
    "statsLineResolution": 146.9892301237109,
    "statsVertexDensity": 6.803219522670929
}