{
    "boundaryCount": 1,
    "statsArea": 321712.7948070895,
    "statsPerimeter": 4279.817969423708,
    "statsVertices": 26938,
    "statsLineResolution": 158.87660440358258,
    "statsVertexDensity": 6.294192928870593
}