{
    "boundaryCount": 25,
    "statsArea": 66136.80493576059,
    "statsPerimeter": 8862.389365916992,
    "statsVertices": 19191,
    "statsLineResolution": 461.79924787228344,
    "statsVertexDensity": 2.165443111064925
}