{
    "boundaryCount": 416,
    "statsArea": 24306.127477727634,
    "statsPerimeter": 17734.30917173128,
    "statsVertices": 587543,
    "statsLineResolution": 30.183848963788655,
    "statsVertexDensity": 33.13030095001114
}