{
    "boundaryCount": 1,
    "statsArea": 241485.47622596804,
    "statsPerimeter": 2863.915933941924,
    "statsVertices": 29602,
    "statsLineResolution": 96.74737970211216,
    "statsVertexDensity": 10.336197249775937
}