{
    "boundaryCount": 1,
    "statsArea": 241485.47622596854,
    "statsPerimeter": 2863.9159339419143,
    "statsVertices": 29602,
    "statsLineResolution": 96.74737970211183,
    "statsVertexDensity": 10.336197249775973
}