{
    "boundaryCount": 208,
    "boundaryYearSourceLag": 0,
    "statsArea": 241512.3731249203,
    "statsPerimeter": 37178.29840095137,
    "statsVertices": 502400,
    "statsLineResolution": 74.00139012928219,
    "statsVertexDensity": 13.513259659757422
}