{
    "boundaryCount": 22,
    "statsArea": 1614113.1308880362,
    "statsPerimeter": 22425.362911942193,
    "statsVertices": 16212,
    "statsLineResolution": 1383.2570263966315,
    "statsVertexDensity": 0.7229314443498532
}