{
    "boundaryCount": 1,
    "statsArea": 25305.054916978486,
    "statsPerimeter": 822.223510243037,
    "statsVertices": 321,
    "statsLineResolution": 2561.4439571434177,
    "statsVertexDensity": 0.3904047938316884
}