{
    "boundaryCount": 1,
    "statsArea": 25143.364077727252,
    "statsPerimeter": 800.1267030262177,
    "statsVertices": 250,
    "statsLineResolution": 3200.5068121048707,
    "statsVertexDensity": 0.31245051446784206
}