{
    "boundaryCount": 1,
    "statsArea": 25137.962965622024,
    "statsPerimeter": 792.4358257740014,
    "statsVertices": 124,
    "statsLineResolution": 6390.611498177431,
    "statsVertexDensity": 0.15647954820680224
}