{
    "boundaryCount": 16,
    "statsArea": 665655.9910381889,
    "statsPerimeter": 92476.77987819033,
    "statsVertices": 1408938,
    "statsLineResolution": 65.63580503768819,
    "statsVertexDensity": 15.235586726266224
}