{
    "boundaryCount": 16,
    "boundaryYearSourceLag": 1,
    "statsArea": 755974.4706890524,
    "statsPerimeter": 92476.64674822231,
    "statsVertices": 229829,
    "statsLineResolution": 402.37153165276055,
    "statsVertexDensity": 2.485265286767311
}