{
    "boundaryCount": 308,
    "boundaryYearSourceLag": 1,
    "statsArea": 91978.66134494706,
    "statsPerimeter": 28342.759233755187,
    "statsVertices": 140238,
    "statsLineResolution": 202.1047022472881,
    "statsVertexDensity": 4.947930398850571
}