{
    "boundaryCount": 1,
    "statsArea": 2326639.1489751656,
    "statsPerimeter": 9215.577389196242,
    "statsVertices": 1192,
    "statsLineResolution": 7731.189084896176,
    "statsVertexDensity": 0.1293462091043178
}