{
    "boundaryCount": 1,
    "statsArea": 2326813.6107787667,
    "statsPerimeter": 9333.38715109849,
    "statsVertices": 2201,
    "statsLineResolution": 4240.521195410491,
    "statsVertexDensity": 0.23582006878831271
}