{
    "boundaryCount": 1,
    "statsArea": 2325240.423637628,
    "statsPerimeter": 9690.723223537336,
    "statsVertices": 2868,
    "statsLineResolution": 3378.913257858206,
    "statsVertexDensity": 0.29595314341803214
}