{
    "boundaryCount": 1,
    "boundaryYearSourceLag": 1,
    "statsArea": 142501.63131297825,
    "statsPerimeter": 4110.872980020531,
    "statsVertices": 4683,
    "statsLineResolution": 877.8289515311832,
    "statsVertexDensity": 1.139174093376296
}