{
    "boundaryCount": 1,
    "statsArea": 620092.5256086063,
    "statsPerimeter": 6031.248094488172,
    "statsVertices": 28872,
    "statsLineResolution": 208.89609637323954,
    "statsVertexDensity": 4.787068869938463
}