{
    "boundaryCount": 83,
    "statsArea": 71989.19850853283,
    "statsPerimeter": 13528.40510527166,
    "statsVertices": 69882,
    "statsLineResolution": 193.58926626701668,
    "statsVertexDensity": 5.165575650360207
}