{
    "boundaryCount": 83,
    "statsArea": 71989.19850853375,
    "statsPerimeter": 13528.405105271788,
    "statsVertices": 69882,
    "statsLineResolution": 193.58926626701853,
    "statsVertexDensity": 5.165575650360158
}