{
    "boundaryCount": 1,
    "statsArea": 372962.01707640005,
    "statsPerimeter": 41949.2098519784,
    "statsVertices": 2750243,
    "statsLineResolution": 15.252910325370667,
    "statsVertexDensity": 65.56125871511007
}