{
    "boundaryCount": 1,
    "statsArea": 372962.0170763871,
    "statsPerimeter": 41949.20985197861,
    "statsVertices": 2750243,
    "statsLineResolution": 15.252910325370742,
    "statsVertexDensity": 65.56125871510974
}