{
    "boundaryCount": 1,
    "statsArea": 22693.52601729321,
    "statsPerimeter": 2768.5582883088846,
    "statsVertices": 5525,
    "statsLineResolution": 501.0965227708388,
    "statsVertexDensity": 1.9956235067656205
}