{
    "boundaryCount": 16,
    "statsArea": 165467.15132467484,
    "statsPerimeter": 13499.668349644633,
    "statsVertices": 30892,
    "statsLineResolution": 436.9956088840034,
    "statsVertexDensity": 2.28835251354995
}