{
    "boundaryCount": 16,
    "boundaryYearSourceLag": 1,
    "statsArea": 238415.1985282376,
    "statsPerimeter": 13499.668362330785,
    "statsVertices": 14064,
    "statsLineResolution": 959.8740303136224,
    "statsVertexDensity": 1.0418033704623377
}