{
    "boundaryCount": 328,
    "statsArea": 643838.7315651285,
    "statsPerimeter": 60480.63255918443,
    "statsVertices": 36748,
    "statsLineResolution": 1645.8210667025262,
    "statsVertexDensity": 0.6075994652344215
}