{
    "boundaryCount": 328,
    "statsArea": 643859.3251323827,
    "statsPerimeter": 60586.76837792445,
    "statsVertices": 39762,
    "statsLineResolution": 1523.7354352880752,
    "statsVertexDensity": 0.6562819088150571
}