{
    "boundaryCount": 1,
    "statsArea": 463892.8548793734,
    "statsPerimeter": 5418.942843911401,
    "statsVertices": 13032,
    "statsLineResolution": 415.8182047200277,
    "statsVertexDensity": 2.404897112845996
}