{
    "boundaryCount": 14,
    "boundaryYearSourceLag": 0,
    "statsArea": 131804.32453603766,
    "statsPerimeter": 15385.14211921711,
    "statsVertices": 30262,
    "statsLineResolution": 508.3980609086349,
    "statsVertexDensity": 1.9669626556260837
}