{
    "boundaryCount": 691,
    "statsArea": 327633.3272977859,
    "statsPerimeter": 83859.64122752771,
    "statsVertices": 138865,
    "statsLineResolution": 603.8932864834746,
    "statsVertexDensity": 1.655921704020077
}