{
    "boundaryCount": 2126,
    "statsArea": 83858.23851407443,
    "statsPerimeter": 58011.83983928266,
    "statsVertices": 164504,
    "statsLineResolution": 352.64698633031816,
    "statsVertexDensity": 2.8356969966087213
}