{
    "boundaryCount": 2126,
    "statsArea": 83858.23841387892,
    "statsPerimeter": 58022.02814657472,
    "statsVertices": 167360,
    "statsLineResolution": 346.68993873431356,
    "statsVertexDensity": 2.8844217506016285
}