{
    "boundaryCount": 1,
    "statsArea": 17364.588227539785,
    "statsPerimeter": 550.7927109711713,
    "statsVertices": 1550,
    "statsLineResolution": 355.35013611043314,
    "statsVertexDensity": 2.8141258392236193
}