{
    "boundaryCount": 1,
    "statsArea": 17364.588227539436,
    "statsPerimeter": 550.7927109711503,
    "statsVertices": 1550,
    "statsLineResolution": 355.35013611041956,
    "statsVertexDensity": 2.8141258392237267
}