{
    "boundaryCount": 1,
    "statsArea": 463631.29596692655,
    "statsPerimeter": 22099.967363899144,
    "statsVertices": 315382,
    "statsLineResolution": 70.07364834993483,
    "statsVertexDensity": 14.270699807239737
}