{
    "boundaryCount": 1,
    "statsArea": 463612.81763049675,
    "statsPerimeter": 21931.580141527742,
    "statsVertices": 313806,
    "statsLineResolution": 69.88897644254011,
    "statsVertexDensity": 14.30840814820288
}