{
    "boundaryCount": 1,
    "statsArea": 22282.853916927048,
    "statsPerimeter": 2412.7579692117615,
    "statsVertices": 9832,
    "statsLineResolution": 245.39849157971537,
    "statsVertexDensity": 4.075004673266949
}