{
    "boundaryCount": 1,
    "statsArea": 181059.6108326187,
    "statsPerimeter": 2855.130099534101,
    "statsVertices": 1209,
    "statsLineResolution": 2361.5633577618705,
    "statsVertexDensity": 0.4234483045789346
}