{"boundaryCount": 1, "boundaryYearSourceLag": null, "statsArea": 181059.6108326187, "statsVertices": 1209, "statsLineResolution": 2361.5633577618705, "statsVertexDensity": 0.4234483045789346, "statsPerimeter": 2855.130099534101}