{
    "boundaryCount": 1,
    "statsArea": 181059.6139897465,
    "statsPerimeter": 2855.125192624193,
    "statsVertices": 1209,
    "statsLineResolution": 2361.559299110168,
    "statsVertexDensity": 0.4234490323307988
}