{
    "boundaryCount": 560,
    "statsArea": 57078.57271970195,
    "statsPerimeter": 30599.664078102414,
    "statsVertices": 260861,
    "statsLineResolution": 117.3025637335685,
    "statsVertexDensity": 8.524962866722321
}