{
    "boundaryCount": 560,
    "statsArea": 57078.5757264714,
    "statsPerimeter": 30598.49593227414,
    "statsVertices": 257797,
    "statsLineResolution": 118.69221105084287,
    "statsVertexDensity": 8.425152679746112
}