{
    "boundaryCount": 1,
    "statsArea": 12358174.388791274,
    "statsPerimeter": 67025.46307699624,
    "statsVertices": 23815,
    "statsLineResolution": 2814.422132143449,
    "statsVertexDensity": 0.35531272604028497
}