{
    "boundaryCount": 9111,
    "statsArea": 245293.96787727316,
    "statsPerimeter": 216700.43162391224,
    "statsVertices": 12882898,
    "statsLineResolution": 16.820782996489783,
    "statsVertexDensity": 59.450264604726385
}