{
    "boundaryCount": 1,
    "statsArea": 42.56975580516386,
    "statsPerimeter": 41.38021859832282,
    "statsVertices": 38,
    "statsLineResolution": 1088.9531210084951,
    "statsVertexDensity": 0.9183131768554789
}