{
    "boundaryCount": 16,
    "boundaryYearSourceLag": 1,
    "statsArea": 2722456.7703314526,
    "statsPerimeter": 43870.18316086899,
    "statsVertices": 44651,
    "statsLineResolution": 982.5128924518821,
    "statsVertexDensity": 1.0177983491946638
}