{
    "boundaryCount": 16,
    "statsArea": 2160547.7101748907,
    "statsPerimeter": 43870.189754844934,
    "statsVertices": 165526,
    "statsLineResolution": 265.0350383314098,
    "statsVertexDensity": 3.7730860277785703
}