{
    "boundaryCount": 196,
    "statsArea": 181555.77785667806,
    "statsPerimeter": 28482.199706518775,
    "statsVertices": 85262,
    "statsLineResolution": 334.0550269348453,
    "statsVertexDensity": 2.993518789929906
}