{
    "boundaryCount": 5,
    "statsArea": 5719.819600629438,
    "statsPerimeter": 1068.4890027328481,
    "statsVertices": 10456,
    "statsLineResolution": 102.18907830268249,
    "statsVertexDensity": 9.785781578712504
}