{
    "boundaryCount": 1,
    "statsArea": 632552.158358695,
    "statsPerimeter": 5530.425342474223,
    "statsVertices": 5491,
    "statsLineResolution": 1007.1799931659485,
    "statsVertexDensity": 0.9928711916294336
}