{
    "boundaryCount": 3730,
    "statsArea": 111451.6643908655,
    "statsPerimeter": 85464.93218933934,
    "statsVertices": 2702665,
    "statsLineResolution": 31.62246604345686,
    "statsVertexDensity": 31.62308716296066
}