{
    "boundaryCount": 1,
    "statsArea": 66291.19986486078,
    "statsPerimeter": 1982.112912322228,
    "statsVertices": 871,
    "statsLineResolution": 2275.674985444579,
    "statsVertexDensity": 0.43943006202383456
}