{
    "boundaryCount": 23,
    "statsArea": 38679.42163549155,
    "statsPerimeter": 6836.351552842331,
    "statsVertices": 330159,
    "statsLineResolution": 20.706240183797295,
    "statsVertexDensity": 48.29461993696487
}