{
    "boundaryCount": 1,
    "statsArea": 229922.3168954587,
    "statsPerimeter": 4101.9839444827785,
    "statsVertices": 1174,
    "statsLineResolution": 3494.023802796234,
    "statsVertexDensity": 0.28620297297336944
}