{
    "boundaryCount": 1,
    "statsArea": 228113.97484846436,
    "statsPerimeter": 4388.595635936896,
    "statsVertices": 1761,
    "statsLineResolution": 2492.1042793508777,
    "statsVertexDensity": 0.4012673178589748
}