{
    "boundaryCount": 1,
    "statsArea": 229904.98071280456,
    "statsPerimeter": 4057.4225589661755,
    "statsVertices": 578,
    "statsLineResolution": 7019.762212744248,
    "statsVertexDensity": 0.14245496780282935
}