{
    "boundaryCount": 2523,
    "statsArea": 465247.2312465681,
    "statsPerimeter": 144309.97344143945,
    "statsVertices": 1841207,
    "statsLineResolution": 78.37791918097174,
    "statsVertexDensity": 12.758695439349909
}