{
    "boundaryCount": 17,
    "statsArea": 128683.37385391834,
    "statsPerimeter": 7468.470516702857,
    "statsVertices": 2969,
    "statsLineResolution": 2515.4835017523937,
    "statsVertexDensity": 0.397537888562321
}