{
    "boundaryCount": 17,
    "statsArea": 128691.43303816348,
    "statsPerimeter": 7474.332852264902,
    "statsVertices": 2971,
    "statsLineResolution": 2515.763329607843,
    "statsVertexDensity": 0.3974936705019386
}