{
    "boundaryCount": 1,
    "statsArea": 88863.04758600752,
    "statsPerimeter": 1682.867712952016,
    "statsVertices": 362,
    "statsLineResolution": 4648.805836884023,
    "statsVertexDensity": 0.2151090054279993
}