{
    "boundaryCount": 1,
    "statsArea": 88863.12845273828,
    "statsPerimeter": 1682.983624600051,
    "statsVertices": 364,
    "statsLineResolution": 4623.581386263876,
    "statsVertexDensity": 0.21628255597941543
}