{"boundaryCount": 1, "boundaryYearSourceLag": null, "statsArea": 88863.04758600752, "statsVertices": 362, "statsLineResolution": 4648.805836884023, "statsVertexDensity": 0.2151090054279993, "statsPerimeter": 1682.867712952016}