{"boundaryCount": 406, "boundaryYearSourceLag": null, "statsArea": 245485.83994628632, "statsVertices": 438982, "statsLineResolution": 134.88999212695413, "statsVertexDensity": 7.413448427358734, "statsPerimeter": 59214.27852387457}