{
    "boundaryCount": 406,
    "statsArea": 245293.96787727321,
    "statsPerimeter": 72635.52933004913,
    "statsVertices": 4699168,
    "statsLineResolution": 15.457104178877863,
    "statsVertexDensity": 64.69517112826995
}