{
    "boundaryCount": 406,
    "statsArea": 245485.83994628632,
    "statsPerimeter": 59238.351895554195,
    "statsVertices": 438982,
    "statsLineResolution": 134.94483121302056,
    "statsVertexDensity": 7.410435738894102
}