{
    "boundaryCount": 1,
    "statsArea": 9374591.216965634,
    "statsPerimeter": 35442.62459641355,
    "statsVertices": 14174,
    "statsLineResolution": 2500.537928348635,
    "statsVertexDensity": 0.3999139499797165
}