{"boundaryCount": 1, "boundaryYearSourceLag": null, "statsArea": 9374591.216965634, "statsVertices": 14174, "statsLineResolution": 2500.537928348635, "statsVertexDensity": 0.3999139499797165, "statsPerimeter": 35442.62459641355}