{
    "boundaryCount": 1,
    "statsArea": 9375239.332506344,
    "statsPerimeter": 35474.15003358904,
    "statsVertices": 14118,
    "statsLineResolution": 2512.6894768089696,
    "statsVertexDensity": 0.39797993712695684
}