{
    "boundaryCount": 1,
    "statsArea": 579.672897212063,
    "statsPerimeter": 198.02616355629067,
    "statsVertices": 4094,
    "statsLineResolution": 48.369849427525814,
    "statsVertexDensity": 20.674035826767128
}