{"boundaryCount": 1, "boundaryYearSourceLag": null, "statsArea": 579.672897212063, "statsVertices": 4094, "statsLineResolution": 48.369849427525814, "statsVertexDensity": 20.674035826767128, "statsPerimeter": 198.02616355629067}