{
    "boundaryCount": 1,
    "statsArea": 574955.0004677869,
    "statsPerimeter": 7405.016283554599,
    "statsVertices": 54077,
    "statsLineResolution": 136.93467247729347,
    "statsVertexDensity": 7.302752341017357
}