{
    "boundaryCount": 1,
    "statsArea": 998388.7599199289,
    "statsPerimeter": 5575.726466489014,
    "statsVertices": 808,
    "statsLineResolution": 6900.6515674368975,
    "statsVertexDensity": 0.14491385200766324
}