{
    "boundaryCount": 1,
    "statsArea": 998435.1841533732,
    "statsPerimeter": 5773.416152598353,
    "statsVertices": 1039,
    "statsLineResolution": 5556.704670450773,
    "statsVertexDensity": 0.17996277637675456
}