{
    "boundaryCount": 1,
    "statsArea": 1001078.547312944,
    "statsPerimeter": 6378.672811530009,
    "statsVertices": 1917,
    "statsLineResolution": 3327.4245234898326,
    "statsVertexDensity": 0.3005327372388273
}