{
    "boundaryCount": 16,
    "statsArea": 668422.2623652852,
    "statsPerimeter": 30850.067199037963,
    "statsVertices": 111006,
    "statsLineResolution": 277.91351097272184,
    "statsVertexDensity": 3.598241756940537
}