{
    "boundaryCount": 1,
    "statsArea": 238668.67696881323,
    "statsPerimeter": 2579.0347494209395,
    "statsVertices": 828,
    "statsLineResolution": 3114.776267416594,
    "statsVertexDensity": 0.32105034652437603
}