{
    "boundaryCount": 1,
    "statsArea": 239046.80852117666,
    "statsPerimeter": 2540.1655806277636,
    "statsVertices": 389,
    "statsLineResolution": 6529.988639145922,
    "statsVertexDensity": 0.15313962324608166
}