{
    "boundaryCount": 1,
    "statsArea": 239033.29902671152,
    "statsPerimeter": 2560.0277104574825,
    "statsVertices": 562,
    "statsLineResolution": 4555.2094492126025,
    "statsVertexDensity": 0.21952887373221808
}