{
    "boundaryCount": 1,
    "statsArea": 40.41587229244449,
    "statsPerimeter": 41.23233324643265,
    "statsVertices": 746,
    "statsLineResolution": 55.271224190928486,
    "statsVertexDensity": 18.09259727169436
}