{
    "boundaryCount": 10,
    "statsArea": 730.3149412904944,
    "statsPerimeter": 353.4059792758246,
    "statsVertices": 379,
    "statsLineResolution": 932.4696023108829,
    "statsVertexDensity": 1.0724210178238096
}