{"boundaryCount": 10, "boundaryYearSourceLag": null, "statsArea": 730.3149412904944, "statsVertices": 379, "statsLineResolution": 932.4696023108829, "statsVertexDensity": 1.0724210178238096, "statsPerimeter": 353.4059792758246}