{"boundaryCount": 1, "boundaryYearSourceLag": null, "statsArea": 20422.747570307572, "statsVertices": 21332, "statsLineResolution": 69.3766867959735, "statsVertexDensity": 14.414063948323893, "statsPerimeter": 1479.9434827317068}