{
    "boundaryCount": 1,
    "statsArea": 20422.747570307572,
    "statsPerimeter": 1479.9434827317068,
    "statsVertices": 21332,
    "statsLineResolution": 69.3766867959735,
    "statsVertexDensity": 14.414063948323893
}