{
    "boundaryCount": 1,
    "statsArea": 20422.74845889467,
    "statsPerimeter": 1486.162820285605,
    "statsVertices": 21551,
    "statsLineResolution": 68.9602719263888,
    "statsVertexDensity": 14.50110291136096
}