{
    "boundaryCount": 2179,
    "statsArea": 40856.796316126965,
    "statsPerimeter": 46014.51237344591,
    "statsVertices": 701747,
    "statsLineResolution": 65.57137027083253,
    "statsVertexDensity": 15.250558221822311
}