{
    "boundaryCount": 1,
    "statsArea": 1220060.861173626,
    "statsPerimeter": 9267.636638207417,
    "statsVertices": 279975,
    "statsLineResolution": 33.101657784471534,
    "statsVertexDensity": 30.20996732281833
}