{
    "boundaryCount": 1,
    "statsArea": 1220060.8611736272,
    "statsPerimeter": 9267.636638207914,
    "statsVertices": 279975,
    "statsLineResolution": 33.10165778447331,
    "statsVertexDensity": 30.20996732281671
}