{
    "boundaryCount": 1,
    "boundaryYearSourceLag": 1,
    "statsArea": 276.53780446661597,
    "statsPerimeter": 210.99608806126105,
    "statsVertices": 347,
    "statsLineResolution": 608.0578906664583,
    "statsVertexDensity": 1.644580253541247
}