{
    "boundaryCount": 1,
    "statsArea": 3.692371118889332,
    "statsPerimeter": 8.949167785046411,
    "statsVertices": 7,
    "statsLineResolution": 1278.452540720916,
    "statsVertexDensity": 0.7821956374196751
}