{
    "boundaryCount": 1,
    "statsArea": 7.840132727211773,
    "statsPerimeter": 14.947308576565398,
    "statsVertices": 10,
    "statsLineResolution": 1494.7308576565397,
    "statsVertexDensity": 0.6690167630363999
}