{
    "boundaryCount": 88,
    "boundaryYearSourceLag": 7,
    "statsArea": 390810.6797908849,
    "statsPerimeter": 30279.126747859667,
    "statsVertices": 395154,
    "statsLineResolution": 76.62614258709179,
    "statsVertexDensity": 13.050376362915822
}