{
    "boundaryCount": 1,
    "statsArea": 585983.7595047955,
    "statsPerimeter": 5392.91584073726,
    "statsVertices": 46751,
    "statsLineResolution": 115.35402110622789,
    "statsVertexDensity": 8.668965246379354
}