{
    "boundaryCount": 1,
    "statsArea": 585983.7646013811,
    "statsPerimeter": 5412.183248853733,
    "statsVertices": 47798,
    "statsLineResolution": 113.23032865085847,
    "statsVertexDensity": 8.831556102636274
}