{"boundaryCount": 1, "boundaryYearSourceLag": null, "statsArea": 2085.854558320033, "statsVertices": 38, "statsLineResolution": 6495.487102722732, "statsVertexDensity": 0.15395304219460723, "statsPerimeter": 246.82850990346384}