{
    "boundaryCount": 13,
    "boundaryYearSourceLag": 1,
    "statsArea": 9959382.227097675,
    "statsPerimeter": 356521.81000144774,
    "statsVertices": 1009260,
    "statsLineResolution": 353.25070844128146,
    "statsVertexDensity": 2.8308506567828253
}