{
    "boundaryCount": 13,
    "statsArea": 7328566.203443769,
    "statsPerimeter": 356522.24772729113,
    "statsVertices": 7024906,
    "statsLineResolution": 50.7511769876054,
    "statsVertexDensity": 19.703976525396108
}