{
    "boundaryCount": 1,
    "statsArea": 1287072.5178990292,
    "statsPerimeter": 11075.91096773964,
    "statsVertices": 101701,
    "statsLineResolution": 108.90660827071159,
    "statsVertexDensity": 9.182179262384865
}