{
    "boundaryCount": 52,
    "boundaryYearSourceLag": 8,
    "statsArea": 506292.563851601,
    "statsPerimeter": 37161.03104603443,
    "statsVertices": 81543,
    "statsLineResolution": 455.72312823951086,
    "statsVertexDensity": 2.1943147890322514
}