{
    "boundaryCount": 1,
    "statsArea": 110541.0654748828,
    "statsPerimeter": 14481.718556259937,
    "statsVertices": 323031,
    "statsLineResolution": 44.83073932922827,
    "statsVertexDensity": 22.306123319898735
}