{
    "boundaryCount": 1,
    "statsArea": 110541.06547488408,
    "statsPerimeter": 14481.718556260144,
    "statsVertices": 323031,
    "statsLineResolution": 44.83073932922891,
    "statsVertexDensity": 22.306123319898415
}