{"boundaryCount": 8, "boundaryYearSourceLag": null, "statsArea": 1181300.892338361, "statsVertices": 1940, "statsLineResolution": 6397.269959179738, "statsVertexDensity": 0.156316679830754, "statsPerimeter": 12410.703720808693}