{
    "boundaryCount": 8,
    "statsArea": 1181300.892338361,
    "statsPerimeter": 12515.585975406522,
    "statsVertices": 1940,
    "statsLineResolution": 6451.332977013672,
    "statsVertexDensity": 0.15500672551905714
}