{
    "boundaryCount": 1,
    "statsArea": 311213.454170529,
    "statsPerimeter": 3801.2238671567484,
    "statsVertices": 1033,
    "statsLineResolution": 3679.790771690947,
    "statsVertexDensity": 0.2717545811824723
}