{
    "boundaryCount": 1,
    "statsArea": 308968.66153793357,
    "statsPerimeter": 3603.1745597223025,
    "statsVertices": 753,
    "statsLineResolution": 4785.092376789246,
    "statsVertexDensity": 0.20898238137483793
}