{
    "boundaryCount": 1,
    "statsArea": 308790.99131991103,
    "statsPerimeter": 3471.616630758553,
    "statsVertices": 517,
    "statsLineResolution": 6714.925784832792,
    "statsVertexDensity": 0.14892197353226608
}