{
    "boundaryCount": 144,
    "statsArea": 329819.8832568583,
    "statsPerimeter": 36939.68261677658,
    "statsVertices": 177504,
    "statsLineResolution": 208.10619826469593,
    "statsVertexDensity": 4.8052389036874
}