{
    "boundaryCount": 10,
    "statsArea": 390680.6968221029,
    "statsPerimeter": 11558.407836791223,
    "statsVertices": 16206,
    "statsLineResolution": 713.2178104894004,
    "statsVertexDensity": 1.4020962254347147
}