{
    "boundaryCount": 10,
    "statsArea": 390680.6970695838,
    "statsPerimeter": 11558.407836825125,
    "statsVertices": 16224,
    "statsLineResolution": 712.4265185419825,
    "statsVertexDensity": 1.4036535333448161
}