{
    "boundaryCount": 133,
    "statsArea": 329840.24783371575,
    "statsPerimeter": 37667.74746665196,
    "statsVertices": 93512,
    "statsLineResolution": 402.8119114835739,
    "statsVertexDensity": 2.482548235271783
}