{
    "boundaryCount": 1,
    "statsArea": 301185.068594045,
    "statsPerimeter": 7565.18284178197,
    "statsVertices": 3361,
    "statsLineResolution": 2250.872609872648,
    "statsVertexDensity": 0.4442721438849349
}