{
    "boundaryCount": 1,
    "statsArea": 300051.1503927957,
    "statsPerimeter": 6368.566193699326,
    "statsVertices": 1033,
    "statsLineResolution": 6165.117322070983,
    "statsVertexDensity": 0.16220291484478686
}