{
    "boundaryCount": 1,
    "statsArea": 300512.9414827182,
    "statsPerimeter": 6846.460427272123,
    "statsVertices": 2317,
    "statsLineResolution": 2954.8814964489093,
    "statsVertexDensity": 0.3384230471515595
}