{
    "boundaryCount": 1,
    "boundaryYearSourceLag": 6,
    "statsArea": 28471.446319490442,
    "statsPerimeter": 1739.5339811186777,
    "statsVertices": 10779,
    "statsLineResolution": 161.38175907956932,
    "statsVertexDensity": 6.196487172425415
}