{"boundaryCount": 40, "boundaryYearSourceLag": null, "statsArea": 33206.475128624916, "statsVertices": 2704, "statsLineResolution": 2278.2811840754184, "statsVertexDensity": 0.43892738393738884, "statsPerimeter": 6160.472321739931}