{
    "boundaryCount": 40,
    "statsArea": 33206.47315620116,
    "statsPerimeter": 6160.47209589827,
    "statsVertices": 2704,
    "statsLineResolution": 2278.281100554094,
    "statsVertexDensity": 0.438927400028378
}