{
    "boundaryCount": 40,
    "statsArea": 33206.475128624916,
    "statsPerimeter": 6160.472321739931,
    "statsVertices": 2704,
    "statsLineResolution": 2278.2811840754184,
    "statsVertexDensity": 0.43892738393738884
}