{"boundaryCount": 9, "boundaryYearSourceLag": null, "statsArea": 102390.08485852648, "statsVertices": 4071, "statsLineResolution": 1816.2794967596715, "statsVertexDensity": 0.5505760549431116, "statsPerimeter": 7394.073831308623}