{
    "boundaryCount": 9,
    "statsArea": 102390.08485852648,
    "statsPerimeter": 7394.073831308623,
    "statsVertices": 4071,
    "statsLineResolution": 1816.2794967596715,
    "statsVertexDensity": 0.5505760549431116
}