{
    "boundaryCount": 1,
    "boundaryYearSourceLag": 0,
    "statsArea": 578160.2569919758,
    "statsPerimeter": 4418.257604717592,
    "statsVertices": 45948,
    "statsLineResolution": 96.1577784608164,
    "statsVertexDensity": 10.399574699071202
}