{
    "boundaryCount": 16,
    "statsArea": 591745.1940586647,
    "statsPerimeter": 15251.255500653986,
    "statsVertices": 2680,
    "statsLineResolution": 5690.766977855965,
    "statsVertexDensity": 0.1757232379908054
}