{
    "boundaryCount": 16,
    "statsArea": 591745.1940580122,
    "statsPerimeter": 15250.973577572884,
    "statsVertices": 2679,
    "statsLineResolution": 5692.78595654083,
    "statsVertexDensity": 0.1756609167521979
}