{
    "boundaryCount": 1,
    "statsArea": 333059.055252005,
    "statsPerimeter": 5990.49556809011,
    "statsVertices": 3225,
    "statsLineResolution": 1857.5180056093366,
    "statsVertexDensity": 0.5383527895719977
}