{
    "boundaryCount": 1,
    "statsArea": 333059.07363314054,
    "statsPerimeter": 5990.493142889464,
    "statsVertices": 3225,
    "statsLineResolution": 1857.517253609136,
    "statsVertexDensity": 0.538353007519586
}