{
    "boundaryCount": 3482,
    "statsArea": 750120.7271497211,
    "statsPerimeter": 276635.8004314298,
    "statsVertices": 477856,
    "statsLineResolution": 578.9103839471092,
    "statsVertexDensity": 1.7273830764302938
}