{
    "boundaryCount": 141,
    "statsArea": 874186.2570868831,
    "statsPerimeter": 59340.23248067692,
    "statsVertices": 129751,
    "statsLineResolution": 457.3393074479343,
    "statsVertexDensity": 2.1865603583917723
}