{
    "boundaryCount": 1,
    "statsArea": 61.713987964078136,
    "statsPerimeter": 35.94248035384603,
    "statsVertices": 88,
    "statsLineResolution": 408.4372767482504,
    "statsVertexDensity": 2.448356349747119
}