{"boundaryCount": 22, "boundaryYearSourceLag": null, "statsArea": 1266282.4489628046, "statsVertices": 4925, "statsLineResolution": 4739.941297757459, "statsVertexDensity": 0.21097307691829767, "statsPerimeter": 23344.210891455485}