{
    "boundaryCount": 1,
    "boundaryYearSourceLag": 1,
    "statsArea": 20726.601806457053,
    "statsPerimeter": 1273.3639410165554,
    "statsVertices": 1242,
    "statsLineResolution": 1025.2527705447305,
    "statsVertexDensity": 0.9753692247704794
}