{
    "boundaryCount": 13,
    "boundaryYearSourceLag": 1,
    "statsArea": 85975.72185398646,
    "statsPerimeter": 4950.5786467312,
    "statsVertices": 10828,
    "statsLineResolution": 457.201574319468,
    "statsVertexDensity": 2.1872190652196952
}