{
    "boundaryCount": 13,
    "statsArea": 67545.95897252146,
    "statsPerimeter": 4950.57952575895,
    "statsVertices": 33141,
    "statsLineResolution": 149.37930435891946,
    "statsVertexDensity": 6.694367765947424
}