{
    "boundaryCount": 2456,
    "statsArea": 1965249.0872732168,
    "statsPerimeter": 360326.88930374006,
    "statsVertices": 3277729,
    "statsLineResolution": 109.93187335003599,
    "statsVertexDensity": 9.096542881752617
}