{
    "boundaryCount": 351,
    "boundaryYearSourceLag": 0,
    "statsArea": 273209.3243401156,
    "statsPerimeter": 52502.04321196545,
    "statsVertices": 1251249,
    "statsLineResolution": 41.95970842891019,
    "statsVertexDensity": 23.83238676918453
}