{
    "boundaryCount": 1,
    "statsArea": 1041174.2790121372,
    "statsPerimeter": 6548.898295378103,
    "statsVertices": 30901,
    "statsLineResolution": 211.93159753335178,
    "statsVertexDensity": 4.718503572090658
}