{
    "boundaryCount": 341,
    "boundaryYearSourceLag": 19,
    "statsArea": 9382477.994227448,
    "statsPerimeter": 335030.3692267212,
    "statsVertices": 727088,
    "statsLineResolution": 460.78379677112144,
    "statsVertexDensity": 2.1702152007239865
}