{
    "boundaryCount": 1,
    "statsArea": 3961.5118686826645,
    "statsPerimeter": 1499.9211545341832,
    "statsVertices": 23345,
    "statsLineResolution": 64.2502100892775,
    "statsVertexDensity": 15.564151441846985
}