{
    "boundaryCount": 1,
    "statsArea": 112289.74263953968,
    "statsPerimeter": 4126.598080061705,
    "statsVertices": 57595,
    "statsLineResolution": 71.64854727079964,
    "statsVertexDensity": 13.957017107694378
}