{
    "boundaryCount": 266,
    "statsArea": 1183625.762089756,
    "statsPerimeter": 59229.22978558605,
    "statsVertices": 19838,
    "statsLineResolution": 2985.6452155250554,
    "statsVertexDensity": 0.334935977925341
}