{
    "boundaryCount": 333,
    "statsArea": 453326.8889596702,
    "statsPerimeter": 45080.30210477161,
    "statsVertices": 90695,
    "statsLineResolution": 497.0538850517846,
    "statsVertexDensity": 2.011854308101458
}