{
    "boundaryCount": 56,
    "statsArea": 506075.4021912111,
    "statsPerimeter": 40365.160792706105,
    "statsVertices": 1144758,
    "statsLineResolution": 35.26086805482565,
    "statsVertexDensity": 28.360050536621554
}