{
    "boundaryCount": 362,
    "statsArea": 244427.83714764478,
    "statsPerimeter": 47988.331956187656,
    "statsVertices": 192042,
    "statsLineResolution": 249.88456668951406,
    "statsVertexDensity": 4.001847786152066
}