{
    "boundaryCount": 6,
    "statsArea": 21989.448992515372,
    "statsPerimeter": 3688.168221482057,
    "statsVertices": 45726,
    "statsLineResolution": 80.65801122954242,
    "statsVertexDensity": 12.398024508118944
}