{
    "boundaryCount": 162,
    "statsArea": 787313.0631151524,
    "statsPerimeter": 62419.30067148383,
    "statsVertices": 558484,
    "statsLineResolution": 111.76560236548197,
    "statsVertexDensity": 8.947296653311316
}