{
    "boundaryCount": 162,
    "statsArea": 787313.0631151535,
    "statsPerimeter": 62419.30067148369,
    "statsVertices": 558484,
    "statsLineResolution": 111.76560236548171,
    "statsVertexDensity": 8.947296653311335
}