{
    "boundaryCount": 1,
    "boundaryYearSourceLag": 3,
    "statsArea": 121047.36887273192,
    "statsPerimeter": 5211.604331847999,
    "statsVertices": 49738,
    "statsLineResolution": 104.78113980956208,
    "statsVertexDensity": 9.543702252308792
}