{
    "boundaryCount": 8,
    "statsArea": 448.0068439972792,
    "statsPerimeter": 1277.4681398454238,
    "statsVertices": 524284,
    "statsLineResolution": 2.4365956997456033,
    "statsVertexDensity": 410.4086698110838
}