{"boundaryCount": 1, "boundaryYearSourceLag": null, "statsArea": 244301.98009356175, "statsVertices": 1628, "statsLineResolution": 2480.417141033922, "statsVertexDensity": 0.403157994458612, "statsPerimeter": 4038.1191056032244}