{
    "boundaryCount": 1,
    "statsArea": 244301.98009356175,
    "statsPerimeter": 4038.1191056032244,
    "statsVertices": 1628,
    "statsLineResolution": 2480.417141033922,
    "statsVertexDensity": 0.403157994458612
}