{
    "boundaryCount": 13,
    "statsArea": 2599.9783414387316,
    "statsPerimeter": 1518.0345733484166,
    "statsVertices": 79414,
    "statsLineResolution": 19.115452859047732,
    "statsVertexDensity": 52.31369653514014
}