{
    "boundaryCount": 13,
    "statsArea": 2599.97834143895,
    "statsPerimeter": 1518.034573348077,
    "statsVertices": 79414,
    "statsLineResolution": 19.115452859043454,
    "statsVertexDensity": 52.31369653515184
}