{
    "boundaryCount": 308,
    "statsArea": 13628.89939501779,
    "statsPerimeter": 11536.554143290938,
    "statsVertices": 792526,
    "statsLineResolution": 14.556688541815584,
    "statsVertexDensity": 68.69694279213279
}