{
    "boundaryCount": 1,
    "statsArea": 146425.55008593004,
    "statsPerimeter": 2240.366726949339,
    "statsVertices": 10739,
    "statsLineResolution": 208.61967845696424,
    "statsVertexDensity": 4.793411663733765
}