{
    "boundaryCount": 10,
    "statsArea": 30559.142998835345,
    "statsPerimeter": 4346.340175432148,
    "statsVertices": 30349,
    "statsLineResolution": 143.21197322587722,
    "statsVertexDensity": 6.98265639020822
}