{
    "boundaryCount": 1,
    "statsArea": 2723267.4771177303,
    "statsPerimeter": 15969.19549643957,
    "statsVertices": 59101,
    "statsLineResolution": 270.20178163549804,
    "statsVertexDensity": 3.7009378470679333
}