{
    "boundaryCount": 1,
    "statsArea": 2723267.4771177317,
    "statsPerimeter": 15969.195496439375,
    "statsVertices": 59101,
    "statsLineResolution": 270.20178163549474,
    "statsVertexDensity": 3.7009378470679786
}