{
    "boundaryCount": 34,
    "boundaryYearSourceLag": 1,
    "statsArea": 9412882.156732427,
    "statsPerimeter": 152916.84940001107,
    "statsVertices": 188903,
    "statsLineResolution": 809.4993165805258,
    "statsVertexDensity": 1.2353314938228537
}