{
    "boundaryCount": 34,
    "statsArea": 6799096.897650541,
    "statsPerimeter": 152916.91212110984,
    "statsVertices": 684190,
    "statsLineResolution": 223.50065350430413,
    "statsVertexDensity": 4.474259848107076
}