{
    "boundaryCount": 570,
    "boundaryYearSourceLag": 1,
    "statsArea": 26942.352709566007,
    "statsPerimeter": 20313.310835090724,
    "statsVertices": 89515,
    "statsLineResolution": 226.92633452595345,
    "statsVertexDensity": 4.40671640023177
}