{
    "boundaryCount": 1,
    "statsArea": 12378.644877934043,
    "statsPerimeter": 6444.514309004791,
    "statsVertices": 109115,
    "statsLineResolution": 59.06167171337388,
    "statsVertexDensity": 16.931454376249235
}