{
    "boundaryCount": 1,
    "boundaryYearSourceLag": 1,
    "statsArea": 12378.584486532167,
    "statsPerimeter": 6444.511169018812,
    "statsVertices": 17479,
    "statsLineResolution": 368.7002213524122,
    "statsVertexDensity": 2.712230538761128
}