{
    "boundaryCount": 198,
    "statsArea": 1860122.654581092,
    "statsPerimeter": 114706.67690513213,
    "statsVertices": 1153347,
    "statsLineResolution": 99.45547775745905,
    "statsVertexDensity": 10.054750352099143
}