{
    "boundaryCount": 1,
    "statsArea": 672199.8201642259,
    "statsPerimeter": 5820.359112737962,
    "statsVertices": 820,
    "statsLineResolution": 7097.998917973125,
    "statsVertexDensity": 0.1408847777460011
}