{
    "boundaryCount": 1,
    "statsArea": 413896.17470822966,
    "statsPerimeter": 3777.4579826150057,
    "statsVertices": 714,
    "statsLineResolution": 5290.557398620456,
    "statsVertexDensity": 0.18901600051834913
}