{
    "boundaryCount": 1,
    "statsArea": 403130.0656791038,
    "statsPerimeter": 3700.0708840095804,
    "statsVertices": 769,
    "statsLineResolution": 4811.5356098954235,
    "statsVertexDensity": 0.2078338561899856
}