{
    "boundaryCount": 31,
    "boundaryYearSourceLag": 7,
    "statsArea": 940193.6306950087,
    "statsPerimeter": 38822.70915300573,
    "statsVertices": 213486,
    "statsLineResolution": 181.85131180970052,
    "statsVertexDensity": 5.498998000335881
}