{
    "boundaryCount": 1,
    "statsArea": 450.62040561405877,
    "statsPerimeter": 318.4347030414425,
    "statsVertices": 11234,
    "statsLineResolution": 28.345620708691694,
    "statsVertexDensity": 35.2788182088871
}