{
    "boundaryCount": 1,
    "statsArea": 450.6204056148618,
    "statsPerimeter": 318.4347030413906,
    "statsVertices": 11234,
    "statsLineResolution": 28.34562070868708,
    "statsVertexDensity": 35.27881820889286
}