{
    "boundaryCount": 11,
    "boundaryYearSourceLag": 6,
    "statsArea": 28471.44648278807,
    "statsPerimeter": 3591.761584020241,
    "statsVertices": 12504,
    "statsLineResolution": 287.2490070393667,
    "statsVertexDensity": 3.481300110683943
}