{
    "boundaryCount": 1,
    "statsArea": 54.97918845578875,
    "statsPerimeter": 230.78362954877286,
    "statsVertices": 850,
    "statsLineResolution": 271.51015241032104,
    "statsVertexDensity": 3.683103527151888
}