{
    "boundaryCount": 1,
    "statsArea": 12296.604100637283,
    "statsPerimeter": 2262.1488508396683,
    "statsVertices": 1015,
    "statsLineResolution": 2228.7180796449934,
    "statsVertexDensity": 0.44868842279023796
}