{
    "boundaryCount": 1,
    "statsArea": 12697.705306058566,
    "statsPerimeter": 2063.533316220274,
    "statsVertices": 796,
    "statsLineResolution": 2592.3785379651686,
    "statsVertexDensity": 0.38574613443024736
}