{
    "boundaryCount": 43,
    "statsArea": 2853.3594669468716,
    "statsPerimeter": 1763.5284102811409,
    "statsVertices": 10155,
    "statsLineResolution": 173.66109407002864,
    "statsVertexDensity": 5.758342162676639
}