{
    "boundaryCount": 43,
    "statsArea": 2853.358832739514,
    "statsPerimeter": 1765.0903904615284,
    "statsVertices": 10903,
    "statsLineResolution": 161.89034123282843,
    "statsVertexDensity": 6.177020768408993
}