{
    "boundaryCount": 2781,
    "statsArea": 41245.71115092369,
    "statsPerimeter": 46071.61380418455,
    "statsVertices": 446628,
    "statsLineResolution": 103.1543338173705,
    "statsVertexDensity": 9.69421218666827
}