{"boundaryCount": 2781, "boundaryYearSourceLag": null, "statsArea": 41245.71174904169, "statsVertices": 417497, "statsLineResolution": 110.30441097307629, "statsVertexDensity": 9.06582058848114, "statsPerimeter": 46051.76066802643}