{
    "boundaryCount": 2781,
    "statsArea": 41245.71174904169,
    "statsPerimeter": 46066.562544884764,
    "statsVertices": 417497,
    "statsLineResolution": 110.33986482509998,
    "statsVertexDensity": 9.062907604473711
}