{
    "boundaryCount": 1,
    "statsArea": 4060.8126029462387,
    "statsPerimeter": 1236.3856661097461,
    "statsVertices": 33710,
    "statsLineResolution": 36.67711854374803,
    "statsVertexDensity": 27.264955364669987
}