{
    "boundaryCount": 1,
    "statsArea": 4060.8126029452874,
    "statsPerimeter": 1236.385666109731,
    "statsVertices": 33710,
    "statsLineResolution": 36.67711854374758,
    "statsVertexDensity": 27.264955364670325
}