{
    "boundaryCount": 1,
    "statsArea": 390664.1065049715,
    "statsPerimeter": 3244.615396618358,
    "statsVertices": 13064,
    "statsLineResolution": 248.36308914714925,
    "statsVertexDensity": 4.0263631904156405
}