{
    "boundaryCount": 1,
    "statsArea": 390664.10650497215,
    "statsPerimeter": 3244.615396618378,
    "statsVertices": 13064,
    "statsLineResolution": 248.3630891471508,
    "statsVertexDensity": 4.026363190415616
}