{
    "boundaryCount": 33,
    "boundaryYearSourceLag": 1,
    "statsArea": 357223.6861141067,
    "statsPerimeter": 22482.04627072053,
    "statsVertices": 17012,
    "statsLineResolution": 1321.5404579544163,
    "statsVertexDensity": 0.756692686917719
}