{
    "boundaryCount": 1,
    "statsArea": 110730.65375823292,
    "statsPerimeter": 19000.1145207461,
    "statsVertices": 381293,
    "statsLineResolution": 49.8307457014582,
    "statsVertexDensity": 20.067931673973263
}