{
    "boundaryCount": 11,
    "statsArea": 2853.358832739513,
    "statsPerimeter": 1065.2004210985763,
    "statsVertices": 9484,
    "statsLineResolution": 112.31552310191651,
    "statsVertexDensity": 8.903488782156918
}