{
    "boundaryCount": 11,
    "statsArea": 2853.3594686564975,
    "statsPerimeter": 1022.2313117764077,
    "statsVertices": 9132,
    "statsLineResolution": 111.93947785549798,
    "statsVertexDensity": 8.933398825487592
}