{
    "boundaryCount": 9,
    "statsArea": 1219709.0735048945,
    "statsPerimeter": 26088.035189502516,
    "statsVertices": 382058,
    "statsLineResolution": 68.28291827288662,
    "statsVertexDensity": 14.644951113594601
}