{
    "boundaryCount": 1,
    "statsArea": 36446.79581858842,
    "statsPerimeter": 2418.155981809016,
    "statsVertices": 55275,
    "statsLineResolution": 43.74773372788812,
    "statsVertexDensity": 22.85832693003076
}