{
    "boundaryCount": 1,
    "statsArea": 36446.795818586324,
    "statsPerimeter": 2418.155981808941,
    "statsVertices": 55275,
    "statsLineResolution": 43.74773372788676,
    "statsVertexDensity": 22.85832693003147
}