{
    "boundaryCount": 89,
    "statsArea": 390732.3630277182,
    "statsPerimeter": 29894.202445156367,
    "statsVertices": 43031,
    "statsLineResolution": 694.7131706248139,
    "statsVertexDensity": 1.4394429849381092
}