{
    "boundaryCount": 1,
    "statsArea": 111587.6707095973,
    "statsPerimeter": 2394.2279079014265,
    "statsVertices": 28380,
    "statsLineResolution": 84.36321028546251,
    "statsVertexDensity": 11.853508141952725
}