{
    "boundaryCount": 1,
    "statsArea": 111587.67117774658,
    "statsPerimeter": 2390.6664617102597,
    "statsVertices": 27493,
    "statsLineResolution": 86.95545999746335,
    "statsVertexDensity": 11.50014041704997
}