{
    "boundaryCount": 25,
    "boundaryYearSourceLag": 5,
    "statsArea": 1286803.500723791,
    "statsPerimeter": 38796.944852722714,
    "statsVertices": 303817,
    "statsLineResolution": 127.69840019723291,
    "statsVertexDensity": 7.830951667800681
}