{
    "boundaryCount": 1,
    "statsArea": 5382.933268377077,
    "statsPerimeter": 537.3683049919921,
    "statsVertices": 1587,
    "statsLineResolution": 338.6063673547524,
    "statsVertexDensity": 2.9532817348124945
}