{
    "boundaryCount": 39,
    "statsArea": 33941.63290546572,
    "statsPerimeter": 6689.356142076913,
    "statsVertices": 9821,
    "statsLineResolution": 681.1278018610033,
    "statsVertexDensity": 1.4681532559201989
}