{
    "boundaryCount": 39,
    "boundaryYearSourceLag": 2,
    "statsArea": 33973.1185252266,
    "statsPerimeter": 6800.84606180286,
    "statsVertices": 6758,
    "statsLineResolution": 1006.3400505775171,
    "statsVertexDensity": 0.9936998924231639
}