{
    "boundaryCount": 114,
    "statsArea": 591192.6042483618,
    "statsPerimeter": 46285.10385583854,
    "statsVertices": 135965,
    "statsLineResolution": 340.41925389503575,
    "statsVertexDensity": 2.9375541734438384
}