{
    "boundaryCount": 32,
    "statsArea": 1950022.2907948499,
    "statsPerimeter": 80429.7049425557,
    "statsVertices": 806554,
    "statsLineResolution": 99.72017365552178,
    "statsVertexDensity": 10.028061156957556
}