{
    "boundaryCount": 1,
    "statsArea": 56573.72400958281,
    "statsPerimeter": 8993.996278498771,
    "statsVertices": 335578,
    "statsLineResolution": 26.801507484098394,
    "statsVertexDensity": 37.31133409541646
}