{
    "boundaryCount": 1,
    "statsArea": 56573.724009584395,
    "statsPerimeter": 8993.99627849882,
    "statsVertices": 335578,
    "statsLineResolution": 26.801507484098543,
    "statsVertexDensity": 37.311334095416264
}