{
    "boundaryCount": 770,
    "boundaryYearSourceLag": 10,
    "statsArea": 909042.6370921293,
    "statsPerimeter": 119301.99267897783,
    "statsVertices": 148083,
    "statsLineResolution": 805.6427319744862,
    "statsVertexDensity": 1.2412449840504103
}