{
    "boundaryCount": 2322,
    "statsArea": 1965090.7589419715,
    "statsPerimeter": 360004.4946788795,
    "statsVertices": 3858138,
    "statsLineResolution": 93.31042453092127,
    "statsVertexDensity": 10.7169161969531
}