{
    "boundaryCount": 2463,
    "statsArea": 1965090.2996949058,
    "statsPerimeter": 360004.5657647262,
    "statsVertices": 3195967,
    "statsLineResolution": 112.64339267731057,
    "statsVertexDensity": 8.877573519688804
}