{"boundaryCount": 2463, "boundaryYearSourceLag": 0, "statsArea": 1965090.2996949058, "statsVertices": 3195967, "statsLineResolution": 112.56543432583786, "statsVertexDensity": 8.883721774708809, "statsPerimeter": 359755.413446045}