{
    "boundaryCount": 1,
    "statsArea": 100.64547283305726,
    "statsPerimeter": 61.88035549066799,
    "statsVertices": 1218,
    "statsLineResolution": 50.80488956540886,
    "statsVertexDensity": 19.68314484204415
}