{
    "boundaryCount": 1,
    "statsArea": 207580.6607087726,
    "statsPerimeter": 2988.268092496795,
    "statsVertices": 4112,
    "statsLineResolution": 726.7188940896875,
    "statsVertexDensity": 1.3760478888506589
}