{
    "boundaryCount": 11,
    "statsArea": 122379.39268297277,
    "statsPerimeter": 7520.112795590593,
    "statsVertices": 4381,
    "statsLineResolution": 1716.528828027983,
    "statsVertexDensity": 0.5825710490099022
}