{"boundaryCount": 1, "boundaryYearSourceLag": null, "statsArea": 329383.4220114936, "statsVertices": 194417, "statsLineResolution": 77.81417102068085, "statsVertexDensity": 12.851129644936108, "statsPerimeter": 15128.39768732771}