{
    "boundaryCount": 1,
    "statsArea": 329578.76159038016,
    "statsPerimeter": 15299.843078395515,
    "statsVertices": 196989,
    "statsLineResolution": 77.66851488354942,
    "statsVertexDensity": 12.875230091618567
}