{
    "boundaryCount": 1,
    "statsArea": 329383.42201149365,
    "statsPerimeter": 15129.273752217805,
    "statsVertices": 194417,
    "statsLineResolution": 77.81867713326409,
    "statsVertexDensity": 12.85038549662705
}