{
    "boundaryCount": 108,
    "boundaryYearSourceLag": 15,
    "statsArea": 73157.3961963235,
    "statsPerimeter": 14951.962644489613,
    "statsVertices": 39938,
    "statsLineResolution": 374.37935411111255,
    "statsVertexDensity": 2.6710874652110452
}