{
    "boundaryCount": 1,
    "statsArea": 95921.95889527495,
    "statsPerimeter": 2560.585720125721,
    "statsVertices": 22768,
    "statsLineResolution": 112.46423577502287,
    "statsVertexDensity": 8.891715602820016
}