{
    "boundaryCount": 9,
    "boundaryYearSourceLag": 1,
    "statsArea": 261654.136201177,
    "statsPerimeter": 13523.480103618409,
    "statsVertices": 18670,
    "statsLineResolution": 724.3428014792935,
    "statsVertexDensity": 1.3805617974773048
}