{
    "boundaryCount": 9,
    "statsArea": 139613.19391224926,
    "statsPerimeter": 13523.476461442724,
    "statsVertices": 69810,
    "statsLineResolution": 193.7183277674076,
    "statsVertexDensity": 5.162134174525155
}