{
    "boundaryCount": 96,
    "statsArea": 549099.5975065468,
    "statsPerimeter": 53558.96348090308,
    "statsVertices": 145751,
    "statsLineResolution": 367.46892632574105,
    "statsVertexDensity": 2.7213185343284096
}