{
    "boundaryCount": 329,
    "statsArea": 1560177.8960174029,
    "statsPerimeter": 100367.55261725979,
    "statsVertices": 35157,
    "statsLineResolution": 2854.838371227914,
    "statsVertexDensity": 0.35028252740272753
}