{
    "boundaryCount": 329,
    "statsArea": 1560177.896017402,
    "statsPerimeter": 100367.5526172598,
    "statsVertices": 35157,
    "statsLineResolution": 2854.8383712279146,
    "statsVertexDensity": 0.3502825274027275
}