{"boundaryCount": 1, "boundaryYearSourceLag": null, "statsArea": 941505.987122749, "statsVertices": 1762, "statsLineResolution": 3209.24579362579, "statsVertexDensity": 0.31159969173635804, "statsPerimeter": 5654.691088368642}