{
    "boundaryCount": 1,
    "statsArea": 941505.987122749,
    "statsPerimeter": 5654.691088368642,
    "statsVertices": 1762,
    "statsLineResolution": 3209.24579362579,
    "statsVertexDensity": 0.31159969173635804
}