{
    "boundaryCount": 1,
    "statsArea": 9875450.110891152,
    "statsPerimeter": 183483.01613828418,
    "statsVertices": 129056,
    "statsLineResolution": 1421.7317764248403,
    "statsVertexDensity": 0.7033675525735602
}