{
    "boundaryCount": 11,
    "statsArea": 29588.312882053036,
    "statsPerimeter": 2884.289565337075,
    "statsVertices": 1647,
    "statsLineResolution": 1751.2383517529295,
    "statsVertexDensity": 0.5710244976070985
}