{
    "boundaryCount": 12,
    "statsArea": 115269.40658367435,
    "statsPerimeter": 5413.663836052451,
    "statsVertices": 45153,
    "statsLineResolution": 119.89599442013711,
    "statsVertexDensity": 8.340562208407231
}