{"boundaryCount": 1, "boundaryYearSourceLag": null, "statsArea": 822713.0501869723, "statsVertices": 1183, "statsLineResolution": 4536.03350434199, "statsVertexDensity": 0.22045692542675852, "statsPerimeter": 5366.127635636573}