{
    "boundaryCount": 9,
    "statsArea": 34065.24900388913,
    "statsPerimeter": 5104.022208209079,
    "statsVertices": 17773,
    "statsLineResolution": 287.17842841439705,
    "statsVertexDensity": 3.482155695054522
}