{
    "boundaryCount": 131,
    "statsArea": 795247.2743072226,
    "statsPerimeter": 55758.52898034355,
    "statsVertices": 55261,
    "statsLineResolution": 1009.0032569143438,
    "statsVertexDensity": 0.9910770784408796
}