{
    "boundaryCount": 1,
    "statsArea": 5840.955750368027,
    "statsPerimeter": 933.9510337929974,
    "statsVertices": 9556,
    "statsLineResolution": 97.73451588457486,
    "statsVertexDensity": 10.231799799172352
}