{
    "boundaryCount": 1,
    "boundaryYearSourceLag": 1,
    "statsArea": 5840.945405338431,
    "statsPerimeter": 933.9870221762424,
    "statsVertices": 1762,
    "statsLineResolution": 530.0720897708526,
    "statsVertexDensity": 1.8865358491753352
}