{
    "boundaryCount": 1,
    "statsArea": 266.7451642741942,
    "statsPerimeter": 66.25607465415293,
    "statsVertices": 73,
    "statsLineResolution": 907.6174610157934,
    "statsVertexDensity": 1.1017857665285693
}