{
    "boundaryCount": 1,
    "statsArea": 1181669.0711668506,
    "statsPerimeter": 5860.552644900487,
    "statsVertices": 18212,
    "statsLineResolution": 321.796213754694,
    "statsVertexDensity": 3.1075567618775723
}