{
    "boundaryCount": 1,
    "statsArea": 1181669.0711668504,
    "statsPerimeter": 5860.552644900481,
    "statsVertices": 18212,
    "statsLineResolution": 321.79621375469367,
    "statsVertexDensity": 3.1075567618775755
}