{
    "boundaryCount": 1,
    "statsArea": 464747.69901682937,
    "statsPerimeter": 4634.1450409917525,
    "statsVertices": 645,
    "statsLineResolution": 7184.720993785662,
    "statsVertexDensity": 0.13918424958532669
}