{
    "boundaryCount": 1,
    "statsArea": 464801.4734557563,
    "statsPerimeter": 4691.9094761423685,
    "statsVertices": 1068,
    "statsLineResolution": 4393.17366679997,
    "statsVertexDensity": 0.22762587501540987
}