{
    "boundaryCount": 1,
    "statsArea": 464319.2783468147,
    "statsPerimeter": 5085.994053477098,
    "statsVertices": 1456,
    "statsLineResolution": 3493.127783981523,
    "statsVertexDensity": 0.2862763866199547
}