{"boundaryCount": 1, "boundaryYearSourceLag": null, "statsArea": 80.67384597431794, "statsVertices": 28, "statsLineResolution": 1941.7359013144367, "statsVertexDensity": 0.5150030955924856, "statsPerimeter": 54.36860523680423}