{
    "boundaryCount": 1,
    "statsArea": 87.41780516363569,
    "statsPerimeter": 75.68531978099116,
    "statsVertices": 64,
    "statsLineResolution": 1182.583121577987,
    "statsVertexDensity": 0.8456065216503715
}