{
    "boundaryCount": 1,
    "statsArea": 753.7414869279371,
    "statsPerimeter": 529.7405627867428,
    "statsVertices": 10539,
    "statsLineResolution": 50.264784399539124,
    "statsVertexDensity": 19.894644171778623
}