{
    "boundaryCount": 1,
    "statsArea": 753.7414869269165,
    "statsPerimeter": 529.7405627867347,
    "statsVertices": 10539,
    "statsLineResolution": 50.26478439953835,
    "statsVertexDensity": 19.894644171778925
}