{
    "boundaryCount": 119,
    "boundaryYearSourceLag": 0,
    "statsArea": 25099.340013017103,
    "statsPerimeter": 9639.209257099834,
    "statsVertices": 44646,
    "statsLineResolution": 215.90308778165644,
    "statsVertexDensity": 4.631707727178518
}