{
    "boundaryCount": 1,
    "statsArea": 663159.3007071683,
    "statsPerimeter": 11520.432829371664,
    "statsVertices": 4602,
    "statsLineResolution": 2503.3535048612916,
    "statsVertexDensity": 0.3994641580016918
}