{
    "boundaryCount": 1,
    "statsArea": 668161.6080104635,
    "statsPerimeter": 10329.458640019979,
    "statsVertices": 3147,
    "statsLineResolution": 3282.3192373752713,
    "statsVertexDensity": 0.30466262653953696
}