{
    "boundaryCount": 1,
    "statsArea": 666947.4679641615,
    "statsPerimeter": 9438.746327082576,
    "statsVertices": 1369,
    "statsLineResolution": 6894.628434684131,
    "statsVertexDensity": 0.1450404484409048
}