{
    "boundaryCount": 77,
    "boundaryYearSourceLag": 0,
    "statsArea": 515415.5890199583,
    "statsPerimeter": 48118.29086442511,
    "statsVertices": 2198916,
    "statsLineResolution": 21.882732612080275,
    "statsVertexDensity": 45.698131843367406
}