{
    "boundaryCount": 1,
    "statsArea": 4090.9521794936545,
    "statsPerimeter": 1448.6091941443854,
    "statsVertices": 28368,
    "statsLineResolution": 51.06490391089909,
    "statsVertexDensity": 19.58292140811341
}