{"boundaryCount": 1, "boundaryYearSourceLag": null, "statsArea": 4090.9524890856505, "statsVertices": 28366, "statsLineResolution": 51.06820031381652, "statsVertexDensity": 19.581657349484658, "statsPerimeter": 1448.6005701017193}