{
    "boundaryCount": 9,
    "statsArea": 66149.6327121264,
    "statsPerimeter": 6561.525253771411,
    "statsVertices": 76166,
    "statsLineResolution": 86.14769390241592,
    "statsVertexDensity": 11.607971783118805
}