{
    "boundaryCount": 9,
    "statsArea": 66149.63271212764,
    "statsPerimeter": 6561.525253771368,
    "statsVertices": 76166,
    "statsLineResolution": 86.14769390241536,
    "statsVertexDensity": 11.607971783118883
}