{"boundaryCount": 11, "boundaryYearSourceLag": null, "statsArea": 29588.28218372471, "statsVertices": 1642, "statsLineResolution": 1738.192759337525, "statsVertexDensity": 0.575310186185063, "statsPerimeter": 2854.1125108322162}