{
    "boundaryCount": 11,
    "statsArea": 29588.28218372471,
    "statsPerimeter": 2884.2793581784226,
    "statsVertices": 1642,
    "statsLineResolution": 1756.5647735556777,
    "statsVertexDensity": 0.5692929831308058
}