{
    "boundaryCount": 1,
    "statsArea": 239092.77377719322,
    "statsPerimeter": 3111.716142301217,
    "statsVertices": 18502,
    "statsLineResolution": 168.18269064432047,
    "statsVertexDensity": 5.945915100828303
}