{"boundaryCount": 27, "boundaryYearSourceLag": null, "statsArea": 8500365.47481461, "statsVertices": 581602, "statsLineResolution": 188.41452681015213, "statsVertexDensity": 5.307446389245812, "statsPerimeter": 109582.26562183809}