{
    "boundaryCount": 27,
    "statsArea": 8500365.47481461,
    "statsPerimeter": 110068.10535886712,
    "statsVertices": 581602,
    "statsLineResolution": 189.2498742419509,
    "statsVertexDensity": 5.284019363318185
}