{
    "boundaryCount": 27,
    "statsArea": 8499535.870492809,
    "statsPerimeter": 110124.79245816701,
    "statsVertices": 596132,
    "statsLineResolution": 184.73222785921072,
    "statsVertexDensity": 5.413240621783256
}