{
    "boundaryCount": 1,
    "statsArea": 872042.5748286464,
    "statsPerimeter": 12013.902717327817,
    "statsVertices": 76153,
    "statsLineResolution": 157.76007140004748,
    "statsVertexDensity": 6.3387395246811415
}