{
    "boundaryCount": 1,
    "boundaryYearSourceLag": 1,
    "statsArea": 872042.448681773,
    "statsPerimeter": 12013.907581478668,
    "statsVertices": 16066,
    "statsLineResolution": 747.7846123166107,
    "statsVertexDensity": 1.337283468433557
}