{
    "boundaryCount": 1,
    "statsArea": 466544.39354848093,
    "statsPerimeter": 5669.165518169962,
    "statsVertices": 29907,
    "statsLineResolution": 189.55981937907387,
    "statsVertexDensity": 5.275379578201863
}