{
    "boundaryCount": 710,
    "statsArea": 327580.74395496177,
    "statsPerimeter": 89120.89224892457,
    "statsVertices": 783569,
    "statsLineResolution": 113.73713386941618,
    "statsVertexDensity": 8.792203267123993
}