{
    "boundaryCount": 710,
    "statsArea": 327580.743954965,
    "statsPerimeter": 89120.89224892517,
    "statsVertices": 783569,
    "statsLineResolution": 113.73713386941694,
    "statsVertexDensity": 8.792203267123934
}