{
    "boundaryCount": 12,
    "boundaryYearSourceLag": 6,
    "statsArea": 115295.30667760968,
    "statsPerimeter": 5293.328048824846,
    "statsVertices": 13202,
    "statsLineResolution": 400.94895082751447,
    "statsVertexDensity": 2.494083094459058
}