{
    "boundaryCount": 1,
    "statsArea": 131353.43562331525,
    "statsPerimeter": 10501.448526857652,
    "statsVertices": 6096,
    "statsLineResolution": 1722.6785641170688,
    "statsVertexDensity": 0.5804913469231759
}