{
    "boundaryCount": 12,
    "statsArea": 115233.26683933275,
    "statsPerimeter": 5225.545368225633,
    "statsVertices": 30278,
    "statsLineResolution": 172.58555281807364,
    "statsVertexDensity": 5.794227753548542
}