{
    "boundaryCount": 12,
    "statsArea": 115233.26683933254,
    "statsPerimeter": 5225.545368225704,
    "statsVertices": 30278,
    "statsLineResolution": 172.58555281807597,
    "statsVertexDensity": 5.794227753548464
}