{
    "boundaryCount": 5,
    "statsArea": 56698.04550834407,
    "statsPerimeter": 3058.0407101686487,
    "statsVertices": 3262,
    "statsLineResolution": 937.4741600762258,
    "statsVertexDensity": 1.0666960675680812
}