{
    "boundaryCount": 1,
    "statsArea": 578148.386086446,
    "statsPerimeter": 4428.531747525274,
    "statsVertices": 28812,
    "statsLineResolution": 153.70441994742725,
    "statsVertexDensity": 6.50599377911213
}