{
    "boundaryCount": 1,
    "statsArea": 578148.3860864467,
    "statsPerimeter": 4428.5317475252805,
    "statsVertices": 28812,
    "statsLineResolution": 153.70441994742748,
    "statsVertexDensity": 6.50599377911212
}