{
    "boundaryCount": 1,
    "statsArea": 69957.4059916426,
    "statsPerimeter": 1612.294849864329,
    "statsVertices": 303,
    "statsLineResolution": 5321.105115063792,
    "statsVertexDensity": 0.18793088623057796
}