{
    "boundaryCount": 1,
    "statsArea": 69945.8957410026,
    "statsPerimeter": 1621.587205234599,
    "statsVertices": 505,
    "statsLineResolution": 3211.06377274178,
    "statsVertexDensity": 0.31142327613946635
}