{
    "boundaryCount": 1,
    "statsArea": 69570.7257917295,
    "statsPerimeter": 1711.0184829794052,
    "statsVertices": 533,
    "statsLineResolution": 3210.166009342224,
    "statsVertexDensity": 0.3115103695851867
}