{
    "boundaryCount": 1,
    "statsArea": 53.0856975087305,
    "statsPerimeter": 299.40843784936493,
    "statsVertices": 16575,
    "statsLineResolution": 18.063857487141174,
    "statsVertexDensity": 55.359161281683825
}