{
    "boundaryCount": 1,
    "statsArea": 53.08569750865748,
    "statsPerimeter": 299.4084378493755,
    "statsVertices": 16575,
    "statsLineResolution": 18.06385748714181,
    "statsVertexDensity": 55.359161281681864
}