{
    "boundaryCount": 147,
    "statsArea": 1923014.6738899003,
    "statsPerimeter": 84719.11698575427,
    "statsVertices": 286630,
    "statsLineResolution": 295.5696088537636,
    "statsVertexDensity": 3.383297775025176
}