{
    "boundaryCount": 1,
    "boundaryYearSourceLag": 1,
    "statsArea": 266.9436614483014,
    "statsPerimeter": 130.06837228016096,
    "statsVertices": 2164,
    "statsLineResolution": 60.10553247696902,
    "statsVertexDensity": 16.63740355986657
}