{
    "boundaryCount": 1,
    "statsArea": 266.9450721306744,
    "statsPerimeter": 130.0683892849247,
    "statsVertices": 5330,
    "statsLineResolution": 24.403074912743847,
    "statsVertexDensity": 40.97844241250831
}