{
    "boundaryCount": 1,
    "statsArea": 466040.0355628301,
    "statsPerimeter": 5414.484464544841,
    "statsVertices": 17764,
    "statsLineResolution": 304.8009718838573,
    "statsVertexDensity": 3.2808294337757045
}