{
    "boundaryCount": 1,
    "statsArea": 1328.5215875564952,
    "statsPerimeter": 735.2246890097646,
    "statsVertices": 485,
    "statsLineResolution": 1515.9271938345662,
    "statsVertexDensity": 0.6596622872570029
}