{
    "boundaryCount": 1,
    "boundaryYearSourceLag": 1,
    "statsArea": 434.13404800532913,
    "statsPerimeter": 99.47122539873158,
    "statsVertices": 197,
    "statsLineResolution": 504.93007816615017,
    "statsVertexDensity": 1.9804722341594083
}