{
    "boundaryCount": 4,
    "statsArea": 1091.4412234863896,
    "statsPerimeter": 707.0466834410142,
    "statsVertices": 51563,
    "statsLineResolution": 13.71228755970394,
    "statsVertexDensity": 72.92729208353846
}