{
    "boundaryCount": 4,
    "statsArea": 1091.4412234900744,
    "statsPerimeter": 707.0466834409449,
    "statsVertices": 51563,
    "statsLineResolution": 13.712287559702595,
    "statsVertexDensity": 72.92729208354561
}