{
    "boundaryCount": 1,
    "statsArea": 51068.85311673159,
    "statsPerimeter": 1433.484772362802,
    "statsVertices": 2325,
    "statsLineResolution": 616.5525902635708,
    "statsVertexDensity": 1.6219216589010013
}