{
    "boundaryCount": 1,
    "statsArea": 51068.85436543102,
    "statsPerimeter": 1433.4846445932533,
    "statsVertices": 2464,
    "statsLineResolution": 581.7713655005086,
    "statsVertexDensity": 1.7188883112864821
}