{"boundaryCount": 1, "boundaryYearSourceLag": null, "statsArea": 51068.85311673159, "statsVertices": 2325, "statsLineResolution": 616.5525902635708, "statsVertexDensity": 1.6219216589010013, "statsPerimeter": 1433.484772362802}