{
    "boundaryCount": 131,
    "statsArea": 436897.34610416193,
    "statsPerimeter": 33267.41266362945,
    "statsVertices": 70202,
    "statsLineResolution": 473.8812663973883,
    "statsVertexDensity": 2.1102332396516768
}