{
    "boundaryCount": 131,
    "statsArea": 436897.34610416077,
    "statsPerimeter": 33267.41266362934,
    "statsVertices": 70202,
    "statsLineResolution": 473.88126639738664,
    "statsVertexDensity": 2.1102332396516843
}