{
    "boundaryCount": 147,
    "statsArea": 1894564.8369728862,
    "statsPerimeter": 84309.24626269359,
    "statsVertices": 272579,
    "statsLineResolution": 309.30206018326277,
    "statsVertexDensity": 3.233085480929211
}