{
    "boundaryCount": 147,
    "statsArea": 1894564.8369728883,
    "statsPerimeter": 84309.24626269369,
    "statsVertices": 272579,
    "statsLineResolution": 309.30206018326317,
    "statsVertexDensity": 3.233085480929207
}