{"boundaryCount": 44, "boundaryYearSourceLag": null, "statsArea": 1041174.0522808464, "statsVertices": 36623, "statsLineResolution": 753.1944137409596, "statsVertexDensity": 1.3276784609078665, "statsPerimeter": 27584.239014435163}