{
    "boundaryCount": 44,
    "statsArea": 1041174.0522808464,
    "statsPerimeter": 27676.991428455756,
    "statsVertices": 36623,
    "statsLineResolution": 755.7270411614493,
    "statsVertexDensity": 1.323229083430886
}