{
    "boundaryCount": 44,
    "statsArea": 1041174.2790121371,
    "statsPerimeter": 27676.504057258175,
    "statsVertices": 36737,
    "statsLineResolution": 753.3686489712871,
    "statsVertexDensity": 1.327371402255037
}