{
    "boundaryCount": 1,
    "boundaryYearSourceLag": 5,
    "statsArea": 139852.01957438665,
    "statsPerimeter": 11793.843546071783,
    "statsVertices": 112727,
    "statsLineResolution": 104.62305877094026,
    "statsVertexDensity": 9.558122384754407
}