{
    "boundaryCount": 1,
    "statsArea": 824192.864946791,
    "statsPerimeter": 5863.398629517052,
    "statsVertices": 23614,
    "statsLineResolution": 248.30179679499668,
    "statsVertexDensity": 4.027357082822971
}