{
    "boundaryCount": 1,
    "boundaryYearSourceLag": 1,
    "statsArea": 824192.802580616,
    "statsPerimeter": 5863.399158692827,
    "statsVertices": 5264,
    "statsLineResolution": 1113.867621332224,
    "statsVertexDensity": 0.8977727522090692
}