{
    "boundaryCount": 18,
    "statsArea": 22073.212663117385,
    "statsPerimeter": 3174.4464633751863,
    "statsVertices": 118702,
    "statsLineResolution": 26.74299054249454,
    "statsVertexDensity": 37.39297586823743
}