{
    "boundaryCount": 1,
    "statsArea": 751914.943146624,
    "statsPerimeter": 5601.801904007777,
    "statsVertices": 1508,
    "statsLineResolution": 3714.722748015767,
    "statsVertexDensity": 0.26919909447728063
}