{
    "boundaryCount": 1,
    "statsArea": 751904.368073362,
    "statsPerimeter": 5406.621545661512,
    "statsVertices": 1061,
    "statsLineResolution": 5095.779025128663,
    "statsVertexDensity": 0.1962408485667706
}