{
    "boundaryCount": 1,
    "statsArea": 751926.7834473614,
    "statsPerimeter": 5371.482168827618,
    "statsVertices": 588,
    "statsLineResolution": 9135.173756509554,
    "statsVertexDensity": 0.10946699281854586
}