{
    "boundaryCount": 1,
    "statsArea": 2329724.8448969247,
    "statsPerimeter": 11020.356273917396,
    "statsVertices": 47314,
    "statsLineResolution": 232.91956448233918,
    "statsVertexDensity": 4.293327622445489
}