{
    "boundaryCount": 25,
    "statsArea": 65837.4025900556,
    "statsPerimeter": 10627.786684328097,
    "statsVertices": 150643,
    "statsLineResolution": 70.5494890856402,
    "statsVertexDensity": 14.174447086159581
}