{"boundaryCount": 25, "boundaryYearSourceLag": null, "statsArea": 65837.40264740889, "statsVertices": 144983, "statsLineResolution": 73.18145514081161, "statsVertexDensity": 13.66466406107745, "statsPerimeter": 10610.066910680289}