{
    "boundaryCount": 11,
    "statsArea": 200.63079698389564,
    "statsPerimeter": 241.59134573934458,
    "statsVertices": 185,
    "statsLineResolution": 1305.8991661586192,
    "statsVertexDensity": 0.7657559066689352
}