{
    "boundaryCount": 1647,
    "statsArea": 295856.7941501856,
    "statsPerimeter": 118617.08976572922,
    "statsVertices": 783086,
    "statsLineResolution": 151.47389911929113,
    "statsVertexDensity": 6.60179744374616
}