{
    "boundaryCount": 1647,
    "statsArea": 295856.80871673,
    "statsPerimeter": 117249.31021350695,
    "statsVertices": 770869,
    "statsLineResolution": 152.10017553372487,
    "statsVertexDensity": 6.574614371686061
}