{"boundaryCount": 1647, "boundaryYearSourceLag": null, "statsArea": 295856.80871673, "statsVertices": 770869, "statsLineResolution": 151.87399968160184, "statsVertexDensity": 6.584405507831903, "statsPerimeter": 117074.95826055674}