{
    "boundaryCount": 45,
    "statsArea": 1038547.8177135728,
    "statsPerimeter": 28409.277749145538,
    "statsVertices": 8204,
    "statsLineResolution": 3462.8568684965308,
    "statsVertexDensity": 0.28877890076761104
}