{
    "boundaryCount": 20,
    "statsArea": 37511.43800381384,
    "statsPerimeter": 4845.188727897841,
    "statsVertices": 11248,
    "statsLineResolution": 430.7600220392818,
    "statsVertexDensity": 2.321478198617067
}