{
    "boundaryCount": 20,
    "statsArea": 37511.43800381348,
    "statsPerimeter": 4845.188727897863,
    "statsVertices": 11248,
    "statsLineResolution": 430.7600220392837,
    "statsVertexDensity": 2.321478198617057
}