{
    "boundaryCount": 594,
    "statsArea": 74469.53174884705,
    "statsPerimeter": 37322.71429644648,
    "statsVertices": 306378,
    "statsLineResolution": 121.81917205689207,
    "statsVertexDensity": 8.208888495260657
}