{
    "boundaryCount": 37,
    "statsArea": 10670.505114091513,
    "statsPerimeter": 3313.484660462345,
    "statsVertices": 15414,
    "statsLineResolution": 214.96591802662158,
    "statsVertexDensity": 4.65190021367089
}