{"boundaryCount": 37, "boundaryYearSourceLag": null, "statsArea": 10670.505233863083, "statsVertices": 14814, "statsLineResolution": 223.67278568810724, "statsVertexDensity": 4.470816585592202, "statsPerimeter": 3313.4886471836207}