{
    "boundaryCount": 17,
    "statsArea": 620252.6548918142,
    "statsPerimeter": 20375.08778136179,
    "statsVertices": 25193,
    "statsLineResolution": 808.7598849427139,
    "statsVertexDensity": 1.2364609306392984
}