{
    "boundaryCount": 11,
    "boundaryYearSourceLag": 0,
    "statsArea": 309205.5284551102,
    "statsPerimeter": 9572.511942293686,
    "statsVertices": 79196,
    "statsLineResolution": 120.87115438019201,
    "statsVertexDensity": 8.27327252004699
}