{
    "boundaryCount": 20,
    "boundaryYearSourceLag": 1,
    "statsArea": 92995.48778047498,
    "statsPerimeter": 8419.571668574481,
    "statsVertices": 8170,
    "statsLineResolution": 1030.5473278548936,
    "statsVertexDensity": 0.9703581514121447
}