{
    "boundaryCount": 4,
    "statsArea": 267334.87914104684,
    "statsPerimeter": 5281.293855195718,
    "statsVertices": 32227,
    "statsLineResolution": 163.87792395183288,
    "statsVertexDensity": 6.10210317464066
}