{"boundaryCount": 4, "boundaryYearSourceLag": null, "statsArea": 267334.87914104684, "statsVertices": 32227, "statsLineResolution": 163.87792395183288, "statsVertexDensity": 6.10210317464066, "statsPerimeter": 5281.293855195718}