{
    "boundaryCount": 4,
    "statsArea": 267334.93504389,
    "statsPerimeter": 5281.297505445153,
    "statsVertices": 32332,
    "statsLineResolution": 163.34583401723222,
    "statsVertexDensity": 6.121980435047425
}