{
    "boundaryCount": 1,
    "statsArea": 2722456.9562688936,
    "statsPerimeter": 19690.522156478328,
    "statsVertices": 179772,
    "statsLineResolution": 109.5305284275545,
    "statsVertexDensity": 9.129874696636914
}