{
    "boundaryCount": 1,
    "boundaryYearSourceLag": 1,
    "statsArea": 2722456.770331453,
    "statsPerimeter": 19690.520942971976,
    "statsVertices": 28447,
    "statsLineResolution": 692.1826886129284,
    "statsVertexDensity": 1.4447053017230316
}