{"boundaryCount": 1, "boundaryYearSourceLag": null, "statsArea": 6278.916419204086, "statsVertices": 183, "statsLineResolution": 2792.216960474811, "statsVertexDensity": 0.3581383589296556, "statsPerimeter": 510.97570376689043}