{
    "boundaryCount": 1,
    "statsArea": 6278.916419204086,
    "statsPerimeter": 510.97570376689043,
    "statsVertices": 183,
    "statsLineResolution": 2792.216960474811,
    "statsVertexDensity": 0.3581383589296556
}