{
    "boundaryCount": 1,
    "statsArea": 436897.34761339216,
    "statsPerimeter": 4095.620961853751,
    "statsVertices": 32310,
    "statsLineResolution": 126.76016595028632,
    "statsVertexDensity": 7.8889136228504695
}