{
    "boundaryCount": 1,
    "statsArea": 436897.3476133932,
    "statsPerimeter": 4095.620961853761,
    "statsVertices": 32310,
    "statsLineResolution": 126.76016595028662,
    "statsVertexDensity": 7.888913622850451
}