{
    "boundaryCount": 82,
    "statsArea": 780665.8004958237,
    "statsPerimeter": 46868.41062211597,
    "statsVertices": 92815,
    "statsLineResolution": 504.96590661117244,
    "statsVertexDensity": 1.9803317152854987
}