{
    "boundaryCount": 42,
    "statsArea": 238352.40163096553,
    "statsPerimeter": 22493.312865696258,
    "statsVertices": 184624,
    "statsLineResolution": 121.83309247820576,
    "statsVertexDensity": 8.207950563012147
}