{
    "boundaryCount": 42,
    "statsArea": 238352.40163096655,
    "statsPerimeter": 22493.31286569631,
    "statsVertices": 184624,
    "statsLineResolution": 121.83309247820601,
    "statsVertexDensity": 8.20795056301213
}