{
    "boundaryCount": 33,
    "statsArea": 1957847.3133825315,
    "statsPerimeter": 51215.61522729356,
    "statsVertices": 21414,
    "statsLineResolution": 2391.688392046958,
    "statsVertexDensity": 0.4181146688361592
}