{"boundaryCount": 1, "boundaryYearSourceLag": null, "statsArea": 1439.6144601588537, "statsVertices": 8040, "statsLineResolution": 117.06585289632399, "statsVertexDensity": 8.542200609819341, "statsPerimeter": 941.2094572864448}