{
    "boundaryCount": 1,
    "statsArea": 1439.6144601588537,
    "statsPerimeter": 941.2094572864448,
    "statsVertices": 8040,
    "statsLineResolution": 117.06585289632399,
    "statsVertexDensity": 8.542200609819341
}