{
    "boundaryCount": 26,
    "boundaryYearSourceLag": 1,
    "statsArea": 210347.57759189812,
    "statsPerimeter": 11662.911912120146,
    "statsVertices": 9715,
    "statsLineResolution": 1200.5056008358358,
    "statsVertexDensity": 0.8329823695147807
}