{
    "boundaryCount": 1,
    "boundaryYearSourceLag": 1,
    "statsArea": 2779953.689283851,
    "statsPerimeter": 21496.80139838439,
    "statsVertices": 35323,
    "statsLineResolution": 608.5780199412391,
    "statsVertexDensity": 1.643174691219631
}