{
    "boundaryCount": 1,
    "statsArea": 2779953.9017351833,
    "statsPerimeter": 21496.794708109475,
    "statsVertices": 190324,
    "statsLineResolution": 112.9484180035596,
    "statsVertexDensity": 8.853598993909634
}