{
    "boundaryCount": 335,
    "statsArea": 913469.0730014185,
    "statsPerimeter": 78910.3392379862,
    "statsVertices": 365647,
    "statsLineResolution": 215.8101645521123,
    "statsVertexDensity": 4.633702041214686
}