{"boundaryCount": 503, "boundaryYearSourceLag": null, "statsArea": 2780096.6097507128, "statsVertices": 445644, "statsLineResolution": 385.14300684942975, "statsVertexDensity": 2.5964381598935438, "statsPerimeter": 171636.67014440728}