{
    "boundaryCount": 502,
    "statsArea": 2779153.9799601934,
    "statsPerimeter": 172721.636829565,
    "statsVertices": 532833,
    "statsLineResolution": 324.1571689996021,
    "statsVertexDensity": 3.084923289175281
}