{
    "boundaryCount": 54,
    "boundaryYearSourceLag": 8,
    "statsArea": 132953.47720433905,
    "statsPerimeter": 25955.2649077308,
    "statsVertices": 195948,
    "statsLineResolution": 132.45996339707884,
    "statsVertexDensity": 7.549450976385015
}