{
    "boundaryCount": 19,
    "statsArea": 754432.4098969743,
    "statsPerimeter": 121060.4222801109,
    "statsVertices": 8734263,
    "statsLineResolution": 13.860404968354043,
    "statsVertexDensity": 72.14796409507451
}