{
    "boundaryCount": 19,
    "statsArea": 754432.4098969672,
    "statsPerimeter": 121060.4222801097,
    "statsVertices": 8734263,
    "statsLineResolution": 13.860404968353908,
    "statsVertexDensity": 72.14796409507522
}