{
    "boundaryCount": 27,
    "statsArea": 730561.361071388,
    "statsPerimeter": 89610.58332324064,
    "statsVertices": 806549,
    "statsLineResolution": 111.10370643722904,
    "statsVertexDensity": 9.000599818557594
}