{
    "boundaryCount": 1,
    "statsArea": 1562919.2273468748,
    "statsPerimeter": 7223.268723852205,
    "statsVertices": 1218,
    "statsLineResolution": 5930.434091832681,
    "statsVertexDensity": 0.16862172052079416
}