{
    "boundaryCount": 1,
    "statsArea": 1564648.9906293638,
    "statsPerimeter": 7290.792813612517,
    "statsVertices": 1494,
    "statsLineResolution": 4880.048737357776,
    "statsVertexDensity": 0.2049159862574311
}