{
    "boundaryCount": 1,
    "statsArea": 1562950.156311203,
    "statsPerimeter": 7265.308445700224,
    "statsVertices": 1881,
    "statsLineResolution": 3862.4712629985243,
    "statsVertexDensity": 0.2589016026034268
}