{
    "boundaryCount": 27,
    "boundaryYearSourceLag": 1,
    "statsArea": 8472666.91000351,
    "statsPerimeter": 128977.89830245255,
    "statsVertices": 173066,
    "statsLineResolution": 745.2526683603512,
    "statsVertexDensity": 1.3418267957364374
}