{
    "boundaryCount": 27,
    "statsArea": 842332.7073899822,
    "statsPerimeter": 128977.93538356443,
    "statsVertices": 671876,
    "statsLineResolution": 191.9668739225161,
    "statsVertexDensity": 5.20923209075974
}