{
    "boundaryCount": 62,
    "statsArea": 188110.81860764266,
    "statsPerimeter": 15906.196885368281,
    "statsVertices": 76433,
    "statsLineResolution": 208.10640541871027,
    "statsVertexDensity": 4.80523412043949
}