{
    "boundaryCount": 55,
    "statsArea": 1269963.0034022613,
    "statsPerimeter": 34344.95526657731,
    "statsVertices": 12298,
    "statsLineResolution": 2792.7268878335753,
    "statsVertexDensity": 0.358072966016286
}