{
    "boundaryCount": 55,
    "statsArea": 1269963.021277903,
    "statsPerimeter": 34344.887528519714,
    "statsVertices": 11716,
    "statsLineResolution": 2931.4516497541576,
    "statsVertexDensity": 0.3411279186828354
}