{"boundaryCount": 55, "boundaryYearSourceLag": null, "statsArea": 1269963.021277903, "statsVertices": 11716, "statsLineResolution": 2931.4516497541576, "statsVertexDensity": 0.3411279186828354, "statsPerimeter": 34344.887528519714}