{"boundaryCount": 1, "boundaryYearSourceLag": null, "statsArea": 98.67641592567298, "statsVertices": 47, "statsLineResolution": 1813.849420074375, "statsVertexDensity": 0.5513136806907577, "statsPerimeter": 85.25092274349562}