{
    "boundaryCount": 674,
    "statsArea": 328104.2074885769,
    "statsPerimeter": 89168.22015533426,
    "statsVertices": 843291,
    "statsLineResolution": 105.73837519353849,
    "statsVertexDensity": 9.457304390857601
}