{
    "boundaryCount": 737,
    "statsArea": 3142191.4363020835,
    "statsPerimeter": 335678.39343263436,
    "statsVertices": 1487507,
    "statsLineResolution": 225.6650848921278,
    "statsVertexDensity": 4.431345684149672
}