{
    "boundaryCount": 737,
    "statsArea": 3142191.4363020845,
    "statsPerimeter": 335678.3934326341,
    "statsVertices": 1487507,
    "statsLineResolution": 225.66508489212765,
    "statsVertexDensity": 4.431345684149676
}