{
    "boundaryCount": 1,
    "statsArea": 912096.4438666714,
    "statsPerimeter": 5604.650633037289,
    "statsVertices": 30249,
    "statsLineResolution": 185.28383196261987,
    "statsVertexDensity": 5.397124991465771
}