{
    "boundaryCount": 1,
    "statsArea": 912096.5056564284,
    "statsPerimeter": 5604.6508624498765,
    "statsVertices": 24396,
    "statsLineResolution": 229.73646755410218,
    "statsVertexDensity": 4.352813511265918
}