{
    "boundaryCount": 1,
    "statsArea": 128508.37440295602,
    "statsPerimeter": 3166.824343422099,
    "statsVertices": 8736,
    "statsLineResolution": 362.50278656388497,
    "statsVertexDensity": 2.7585994841001504
}