{
    "boundaryCount": 1,
    "statsArea": 373508.03418038227,
    "statsPerimeter": 15474.33158472843,
    "statsVertices": 6952,
    "statsLineResolution": 2225.8819885973003,
    "statsVertexDensity": 0.44926011582050546
}