{"boundaryCount": 8, "boundaryYearSourceLag": null, "statsArea": 132574.80222346968, "statsVertices": 459450, "statsLineResolution": 48.862371071454, "statsVertexDensity": 20.46564622370961, "statsPerimeter": 22449.816388779538}