{
    "boundaryCount": 8,
    "statsArea": 132578.71416607162,
    "statsPerimeter": 22454.211611045754,
    "statsVertices": 462596,
    "statsLineResolution": 48.53957148580134,
    "statsVertexDensity": 20.601747592529062
}