{
    "boundaryCount": 9,
    "statsArea": 60.317480972964646,
    "statsPerimeter": 108.65513736373035,
    "statsVertices": 161,
    "statsLineResolution": 674.8766295883872,
    "statsVertexDensity": 1.4817523028022295
}