{
    "boundaryCount": 27,
    "statsArea": 69441.28755638357,
    "statsPerimeter": 9680.765526955118,
    "statsVertices": 94466,
    "statsLineResolution": 102.47883393977853,
    "statsVertexDensity": 9.758112593158973
}