{
    "boundaryCount": 27,
    "statsArea": 69441.28755638462,
    "statsPerimeter": 9680.765526955003,
    "statsVertices": 94466,
    "statsLineResolution": 102.4788339397773,
    "statsVertexDensity": 9.758112593159089
}