{
    "boundaryCount": 6,
    "boundaryYearSourceLag": 1,
    "statsArea": 121176.31337238576,
    "statsPerimeter": 7266.791980607169,
    "statsVertices": 10939,
    "statsLineResolution": 664.3013054764758,
    "statsVertexDensity": 1.5053410128145712
}