{
    "boundaryCount": 6,
    "statsArea": 12633.196052617355,
    "statsPerimeter": 7266.806580603231,
    "statsVertices": 51515,
    "statsLineResolution": 141.06195439392857,
    "statsVertexDensity": 7.089083688769882
}