{
    "boundaryCount": 7,
    "boundaryYearSourceLag": 1,
    "statsArea": 2168033.1423132503,
    "statsPerimeter": 82973.07765416485,
    "statsVertices": 175215,
    "statsLineResolution": 473.5500822085144,
    "statsVertexDensity": 2.111709062188861
}