{
    "boundaryCount": 7,
    "statsArea": 936271.506525498,
    "statsPerimeter": 82973.44141694019,
    "statsVertices": 1037699,
    "statsLineResolution": 79.95906463911037,
    "statsVertexDensity": 12.506399424673488
}