{
    "boundaryCount": 14,
    "statsArea": 20422.748458894668,
    "statsPerimeter": 3829.2173474671768,
    "statsVertices": 36430,
    "statsLineResolution": 105.11164829720495,
    "statsVertexDensity": 9.513693450724729
}