{
    "boundaryCount": 10,
    "boundaryYearSourceLag": 4,
    "statsArea": 48297.55489096486,
    "statsPerimeter": 5422.656736481469,
    "statsVertices": 148977,
    "statsLineResolution": 36.39928805440752,
    "statsVertexDensity": 27.47306481668704
}