{
    "boundaryCount": 22,
    "statsArea": 1616456.475768884,
    "statsPerimeter": 22373.337416154634,
    "statsVertices": 12588,
    "statsLineResolution": 1777.3544181883249,
    "statsVertexDensity": 0.5626339855273829
}