{
    "boundaryCount": 1,
    "statsArea": 24.423261332501113,
    "statsPerimeter": 21.002713301053575,
    "statsVertices": 11,
    "statsLineResolution": 1909.3375728230524,
    "statsVertexDensity": 0.5237418538417223
}