{
    "boundaryCount": 1,
    "statsArea": 817.0325886432731,
    "statsPerimeter": 327.6640320051089,
    "statsVertices": 164,
    "statsLineResolution": 1997.9514146652982,
    "statsVertexDensity": 0.500512671459292
}