{"boundaryCount": 1, "boundaryYearSourceLag": null, "statsArea": 68.0627399778693, "statsVertices": 3036, "statsLineResolution": 57.82905292820594, "statsVertexDensity": 17.292346136836922, "statsPerimeter": 175.56900469003324}