{
    "boundaryCount": 1,
    "statsArea": 68.0627399778693,
    "statsPerimeter": 175.56900469003324,
    "statsVertices": 3036,
    "statsLineResolution": 57.82905292820594,
    "statsVertexDensity": 17.292346136836922
}