{
    "boundaryCount": 1,
    "statsArea": 147926.36066791948,
    "statsPerimeter": 2987.9541897508043,
    "statsVertices": 8338,
    "statsLineResolution": 358.35382462830466,
    "statsVertexDensity": 2.7905380974717655
}