{
    "boundaryCount": 20,
    "boundaryYearSourceLag": 2,
    "statsArea": 336892.17558420135,
    "statsPerimeter": 22178.15990322387,
    "statsVertices": 19986,
    "statsLineResolution": 1109.6847745033458,
    "statsVertexDensity": 0.9011568176625324
}