{
    "boundaryCount": 25,
    "statsArea": 571998.5917970301,
    "statsPerimeter": 23703.242353960915,
    "statsVertices": 19648,
    "statsLineResolution": 1206.394663780584,
    "statsVertexDensity": 0.8289161333540824
}