{
    "boundaryCount": 25,
    "statsArea": 571998.5937694537,
    "statsPerimeter": 23703.242128119284,
    "statsVertices": 19652,
    "statsLineResolution": 1206.1491007591737,
    "statsVertexDensity": 0.8290848945379808
}