{"boundaryCount": 25, "boundaryYearSourceLag": null, "statsArea": 571998.5917970301, "statsVertices": 19648, "statsLineResolution": 1192.6677327984596, "statsVertexDensity": 0.8384564891796088, "statsPerimeter": 23433.53561402413}