{
    "boundaryCount": 1,
    "statsArea": 1416.0171720968929,
    "statsPerimeter": 942.2247523845604,
    "statsVertices": 8137,
    "statsLineResolution": 115.7951029107239,
    "statsVertexDensity": 8.635943790913018
}