{
    "boundaryCount": 1,
    "statsArea": 33860.84153963493,
    "statsPerimeter": 1939.2041232427612,
    "statsVertices": 10588,
    "statsLineResolution": 183.1511261090632,
    "statsVertexDensity": 5.459971889031783
}