{
    "boundaryCount": 1,
    "statsArea": 33860.84153963405,
    "statsPerimeter": 1939.2041232428242,
    "statsVertices": 10588,
    "statsLineResolution": 183.15112610906914,
    "statsVertexDensity": 5.459971889031605
}