{
    "boundaryCount": 2,
    "statsArea": 14671.473895369618,
    "statsPerimeter": 3146.466575871148,
    "statsVertices": 1135,
    "statsLineResolution": 2772.2172474635668,
    "statsVertexDensity": 0.36072209020232726
}