{
    "boundaryCount": 9,
    "boundaryYearSourceLag": 6,
    "statsArea": 1254310.2662604908,
    "statsPerimeter": 18110.9390658124,
    "statsVertices": 12368,
    "statsLineResolution": 1464.338540250032,
    "statsVertexDensity": 0.682902192705556
}