{
    "boundaryCount": 1316,
    "statsArea": 72612.77801725572,
    "statsPerimeter": 45343.0092323041,
    "statsVertices": 150045,
    "statsLineResolution": 302.19606939454235,
    "statsVertexDensity": 3.309109883538611
}