{
    "boundaryCount": 772,
    "statsArea": 910110.7992892301,
    "statsPerimeter": 127304.641196217,
    "statsVertices": 183500,
    "statsLineResolution": 693.758262649684,
    "statsVertexDensity": 1.4414242738971947
}