{
    "boundaryCount": 772,
    "statsArea": 910110.7992892276,
    "statsPerimeter": 127304.64119621733,
    "statsVertices": 183500,
    "statsLineResolution": 693.7582626496857,
    "statsVertexDensity": 1.441424273897191
}