{"boundaryCount": 21, "boundaryYearSourceLag": null, "statsArea": 13727.496815983244, "statsVertices": 1025, "statsLineResolution": 2421.1829805218467, "statsVertexDensity": 0.4130212412877882, "statsPerimeter": 2481.7125550348933}