{
    "boundaryCount": 21,
    "statsArea": 13727.496815983244,
    "statsPerimeter": 2481.7125550348933,
    "statsVertices": 1025,
    "statsLineResolution": 2421.1829805218467,
    "statsVertexDensity": 0.4130212412877882
}