{
    "boundaryCount": 21,
    "statsArea": 13727.502716186174,
    "statsPerimeter": 2481.7114699669946,
    "statsVertices": 1025,
    "statsLineResolution": 2421.1819219190193,
    "statsVertexDensity": 0.4130214218712669
}