{
    "boundaryCount": 8756,
    "statsArea": 26935.290927196173,
    "statsPerimeter": 64847.091869520154,
    "statsVertices": 195237,
    "statsLineResolution": 332.1455045381775,
    "statsVertexDensity": 3.010728690699645
}