{"boundaryCount": 8756, "boundaryYearSourceLag": null, "statsArea": 26935.291530005772, "statsVertices": 186765, "statsLineResolution": 347.1582768875016, "statsVertexDensity": 2.8805304858799463, "statsPerimeter": 64837.01558289424}