{
    "boundaryCount": 8756,
    "statsArea": 26935.291530005772,
    "statsPerimeter": 64846.574712366004,
    "statsVertices": 186765,
    "statsLineResolution": 347.2094595473778,
    "statsVertexDensity": 2.88010586262137
}