{
    "boundaryCount": 163,
    "statsArea": 1247425.8112301002,
    "statsPerimeter": 65545.70513269195,
    "statsVertices": 93594,
    "statsLineResolution": 700.3195197629329,
    "statsVertexDensity": 1.4279196449336622
}