{
    "boundaryCount": 163,
    "statsArea": 1247390.652561255,
    "statsPerimeter": 64498.62403452778,
    "statsVertices": 34465,
    "statsLineResolution": 1871.42388029966,
    "statsVertexDensity": 0.5343524845049407
}