{
    "boundaryCount": 1,
    "statsArea": 9975265.935809849,
    "statsPerimeter": 216020.2185404365,
    "statsVertices": 1525677,
    "statsLineResolution": 141.58974575905418,
    "statsVertexDensity": 7.062658348873074
}