{
    "boundaryCount": 55,
    "statsArea": 1254742.6071144533,
    "statsPerimeter": 36755.059789949686,
    "statsVertices": 145806,
    "statsLineResolution": 252.08194306098298,
    "statsVertexDensity": 3.966964027082585
}