{
    "boundaryCount": 55,
    "boundaryYearSourceLag": 2,
    "statsArea": 1251576.9674749323,
    "statsPerimeter": 34460.019043347165,
    "statsVertices": 11954,
    "statsLineResolution": 2882.7186752005323,
    "statsVertexDensity": 0.34689475896583505
}