{"boundaryCount": 55, "boundaryYearSourceLag": 0, "statsArea": 1254742.607114453, "statsVertices": 145806, "statsLineResolution": 251.548049746672, "statsVertexDensity": 3.9753836334929886, "statsPerimeter": 36677.21494136326}