{
    "boundaryCount": 55,
    "statsArea": 1254742.607114453,
    "statsPerimeter": 36755.05978994968,
    "statsVertices": 145806,
    "statsLineResolution": 252.08194306098292,
    "statsVertexDensity": 3.966964027082586
}