{
    "boundaryCount": 8,
    "statsArea": 11252.072446292419,
    "statsPerimeter": 1931.3802402536073,
    "statsVertices": 5623,
    "statsLineResolution": 343.47861288522273,
    "statsVertexDensity": 2.9113894213092135
}