{
    "boundaryCount": 8,
    "statsArea": 11252.072446292661,
    "statsPerimeter": 1931.3802402536217,
    "statsVertices": 5623,
    "statsLineResolution": 343.4786128852253,
    "statsVertexDensity": 2.911389421309192
}