{
    "boundaryCount": 1119,
    "statsArea": 1137241.226339884,
    "statsPerimeter": 181752.08612276957,
    "statsVertices": 3196421,
    "statsLineResolution": 56.86112252508964,
    "statsVertexDensity": 17.586708731589948
}