{
    "boundaryCount": 4723,
    "statsArea": 77595.19282979304,
    "statsPerimeter": 99118.99955288925,
    "statsVertices": 4230138,
    "statsLineResolution": 23.4316231652228,
    "statsVertexDensity": 42.67736780114317
}