{
    "boundaryCount": 4723,
    "statsArea": 77595.19282979493,
    "statsPerimeter": 99118.9995528915,
    "statsVertices": 4230138,
    "statsLineResolution": 23.431623165223336,
    "statsVertexDensity": 42.6773678011422
}