{
    "boundaryCount": 5595,
    "statsArea": 8489407.260655241,
    "statsPerimeter": 1025192.7942119244,
    "statsVertices": 5755459,
    "statsLineResolution": 178.12528839349292,
    "statsVertexDensity": 5.614025998323834
}