{
    "boundaryCount": 5595,
    "statsArea": 8489407.260655234,
    "statsPerimeter": 1025192.7942119264,
    "statsVertices": 5755459,
    "statsLineResolution": 178.1252883934933,
    "statsVertexDensity": 5.614025998323823
}