{"boundaryCount": 119, "boundaryYearSourceLag": null, "statsArea": 64576.46418973508, "statsVertices": 6597, "statsLineResolution": 2081.7784166700844, "statsVertexDensity": 0.4803585203844861, "statsPerimeter": 13733.492214772547}