{
    "boundaryCount": 119,
    "statsArea": 64576.46418973508,
    "statsPerimeter": 13802.287510036602,
    "statsVertices": 6597,
    "statsLineResolution": 2092.206686378142,
    "statsVertexDensity": 0.47796425014352606
}