{
    "boundaryCount": 260,
    "boundaryYearSourceLag": 3,
    "statsArea": 239473.29428959053,
    "statsPerimeter": 40666.142215953216,
    "statsVertices": 75792,
    "statsLineResolution": 536.5492692626295,
    "statsVertexDensity": 1.8637617406026532
}