{
    "boundaryCount": 28,
    "statsArea": 1000120.76599603,
    "statsPerimeter": 19120.65893556688,
    "statsVertices": 31224,
    "statsLineResolution": 612.3705782592518,
    "statsVertexDensity": 1.6329981150345898
}