{"boundaryCount": 12, "boundaryYearSourceLag": null, "statsArea": 74531.2164717505, "statsVertices": 3628, "statsLineResolution": 2084.165940164985, "statsVertexDensity": 0.4798082440215096, "statsPerimeter": 7561.354030918565}