{
    "boundaryCount": 12,
    "statsArea": 74531.2164717505,
    "statsPerimeter": 7734.910616283175,
    "statsVertices": 3628,
    "statsLineResolution": 2132.0040287439842,
    "statsVertexDensity": 0.4690422656420234
}