{
    "boundaryCount": 1,
    "boundaryYearSourceLag": 1,
    "statsArea": 9468365.439010879,
    "statsPerimeter": 170430.38023763627,
    "statsVertices": 404125,
    "statsLineResolution": 421.72689202013305,
    "statsVertexDensity": 2.371202830366958
}