{
    "boundaryCount": 1,
    "statsArea": 9468367.034660604,
    "statsPerimeter": 170430.37870897568,
    "statsVertices": 2510009,
    "statsLineResolution": 67.90030581921248,
    "statsVertexDensity": 14.727474168710575
}