{
    "boundaryCount": 32,
    "boundaryYearSourceLag": 1,
    "statsArea": 13274.853128439237,
    "statsPerimeter": 10513.159111842297,
    "statsVertices": 29007,
    "statsLineResolution": 362.43524362541103,
    "statsVertexDensity": 2.7591135729436225
}