{
    "boundaryCount": 32,
    "statsArea": 13093.255882573721,
    "statsPerimeter": 10513.214101710962,
    "statsVertices": 194483,
    "statsLineResolution": 54.05723945903222,
    "statsVertexDensity": 18.498909859388203
}