{"boundaryCount": 1, "boundaryYearSourceLag": null, "statsArea": 162.03916525937967, "statsVertices": 400, "statsLineResolution": 177.04861964009004, "statsVertexDensity": 5.648166035029424, "statsPerimeter": 70.81944785603602}