{
    "boundaryCount": 1,
    "statsArea": 162.03906104806606,
    "statsPerimeter": 70.8191813784633,
    "statsVertices": 692,
    "statsLineResolution": 102.33985748332846,
    "statsVertexDensity": 9.771364008034736
}