{
    "boundaryCount": 176,
    "statsArea": 1291973.691958563,
    "statsPerimeter": 85105.26007012071,
    "statsVertices": 469985,
    "statsLineResolution": 181.08080060027598,
    "statsVertexDensity": 5.522396613473311
}