{
    "boundaryCount": 368,
    "statsArea": 95777.68503953729,
    "statsPerimeter": 26359.860267463915,
    "statsVertices": 352724,
    "statsLineResolution": 74.73225600601012,
    "statsVertexDensity": 13.381102798764404
}