{
    "boundaryCount": 1,
    "statsArea": 1254310.2662604908,
    "statsPerimeter": 7797.218406714794,
    "statsVertices": 8055,
    "statsLineResolution": 967.9973192693723,
    "statsVertexDensity": 1.0330607121461688
}