{
    "boundaryCount": 1,
    "statsArea": 264715.5128534451,
    "statsPerimeter": 3555.4753111295777,
    "statsVertices": 2574,
    "statsLineResolution": 1381.3035396773805,
    "statsVertexDensity": 0.7239538387294379
}