{
    "boundaryCount": 1,
    "boundaryYearSourceLag": 1,
    "statsArea": 3961.4979974785724,
    "statsPerimeter": 1499.9197163841902,
    "statsVertices": 3783,
    "statsLineResolution": 396.4894835802776,
    "statsVertexDensity": 2.5221349907444117
}