{
    "boundaryCount": 1,
    "statsArea": 571998.5759769687,
    "statsPerimeter": 6521.078199568861,
    "statsVertices": 2659,
    "statsLineResolution": 2452.4551333466948,
    "statsVertexDensity": 0.4077546563045048
}