{
    "boundaryCount": 10,
    "statsArea": 751.2231735034387,
    "statsPerimeter": 436.4147263924089,
    "statsVertices": 8331,
    "statsLineResolution": 52.38443480883554,
    "statsVertexDensity": 19.089639959832738
}