{
    "boundaryCount": 1,
    "statsArea": 484.1702338518451,
    "statsPerimeter": 750.6165272644156,
    "statsVertices": 11338,
    "statsLineResolution": 66.20360974284844,
    "statsVertexDensity": 15.104916542832829
}