{
    "boundaryCount": 1,
    "statsArea": 100955.78290865157,
    "statsPerimeter": 14093.363137026197,
    "statsVertices": 462368,
    "statsLineResolution": 30.480835907818445,
    "statsVertexDensity": 32.80749921111896
}