{
    "boundaryCount": 1,
    "statsArea": 100955.78290864757,
    "statsPerimeter": 14093.363137026017,
    "statsVertices": 462368,
    "statsLineResolution": 30.480835907818054,
    "statsVertexDensity": 32.80749921111938
}