{
    "boundaryCount": 1,
    "boundaryYearSourceLag": 1,
    "statsArea": 1672.6758789461287,
    "statsPerimeter": 444.0358400561101,
    "statsVertices": 971,
    "statsLineResolution": 457.2974665871371,
    "statsVertexDensity": 2.1867604197834587
}