{
    "boundaryCount": 1,
    "statsArea": 1672.6807500887971,
    "statsPerimeter": 444.03652202879584,
    "statsVertices": 5090,
    "statsLineResolution": 87.23703772667895,
    "statsVertexDensity": 11.463021052286129
}