{
    "boundaryCount": 2,
    "statsArea": 338455.0196165268,
    "statsPerimeter": 42362.28554689804,
    "statsVertices": 2482683,
    "statsLineResolution": 17.063106947966393,
    "statsVertexDensity": 58.60597387389532
}