{
    "boundaryCount": 2,
    "statsArea": 338455.01961652766,
    "statsPerimeter": 42362.285546898354,
    "statsVertices": 2482683,
    "statsLineResolution": 17.063106947966517,
    "statsVertexDensity": 58.60597387389489
}