{"boundaryCount": 1, "boundaryYearSourceLag": null, "statsArea": 264549.83627175516, "statsVertices": 53332, "statsLineResolution": 92.58468350956423, "statsVertexDensity": 10.800922594250673, "statsPerimeter": 4937.726340932079}