{
    "boundaryCount": 1,
    "statsArea": 264549.8359228277,
    "statsPerimeter": 4943.36358260425,
    "statsVertices": 53469,
    "statsLineResolution": 92.45289013454992,
    "statsVertexDensity": 10.816319517374362
}