{
    "boundaryCount": 1,
    "statsArea": 264549.83627175516,
    "statsPerimeter": 4937.768906089502,
    "statsVertices": 53332,
    "statsLineResolution": 92.58548162621881,
    "statsVertexDensity": 10.80082948682113
}