{
    "boundaryCount": 22,
    "statsArea": 590828.7292265809,
    "statsPerimeter": 24555.637823025227,
    "statsVertices": 171949,
    "statsLineResolution": 142.807680318148,
    "statsVertexDensity": 7.002424503865568
}