{
    "boundaryCount": 22,
    "statsArea": 590828.729226579,
    "statsPerimeter": 24555.63782302548,
    "statsVertices": 171949,
    "statsLineResolution": 142.80768031814944,
    "statsVertexDensity": 7.0024245038654955
}