{"boundaryCount": 7, "boundaryYearSourceLag": null, "statsArea": 11624.845308170794, "statsVertices": 23283, "statsLineResolution": 89.63326509455153, "statsVertexDensity": 11.156572271969887, "statsPerimeter": 2086.9313111964434}