{
    "boundaryCount": 7,
    "statsArea": 11583.407323863521,
    "statsPerimeter": 2092.7831818568848,
    "statsVertices": 23618,
    "statsLineResolution": 88.60966982203763,
    "statsVertexDensity": 11.28545001926297
}