{
    "boundaryCount": 1,
    "statsArea": 1012.0815486826436,
    "statsPerimeter": 2175.709268461068,
    "statsVertices": 35780,
    "statsLineResolution": 60.807972846871664,
    "statsVertexDensity": 16.44521192176934
}