{
    "boundaryCount": 10,
    "statsArea": 16480.041811473944,
    "statsPerimeter": 2550.803387979969,
    "statsVertices": 13343,
    "statsLineResolution": 191.17165464887722,
    "statsVertexDensity": 5.230901002749013
}