{
    "boundaryCount": 1,
    "statsArea": 115269.37222766348,
    "statsPerimeter": 2245.413466040987,
    "statsVertices": 20855,
    "statsLineResolution": 107.6678717833127,
    "statsVertexDensity": 9.287821737691193
}