{
    "boundaryCount": 1,
    "statsArea": 19048.339615699384,
    "statsPerimeter": 4674.993171624977,
    "statsVertices": 15991,
    "statsLineResolution": 292.35152095709935,
    "statsVertexDensity": 3.4205397554498895
}