{
    "boundaryCount": 1,
    "statsArea": 1291975.1483278258,
    "statsPerimeter": 10509.747059434723,
    "statsVertices": 50550,
    "statsLineResolution": 207.90795369801629,
    "statsVertexDensity": 4.809820799123864
}