{
    "boundaryCount": 1,
    "statsArea": 102752.56026705304,
    "statsPerimeter": 8142.409372465797,
    "statsVertices": 346366,
    "statsLineResolution": 23.50810810664383,
    "statsVertexDensity": 42.53851460370736
}