{
    "boundaryCount": 1,
    "statsArea": 102752.56026705292,
    "statsPerimeter": 8142.4093724654995,
    "statsVertices": 346366,
    "statsLineResolution": 23.508108106642972,
    "statsVertexDensity": 42.53851460370892
}