{
    "boundaryCount": 502,
    "statsArea": 1890242.906587462,
    "statsPerimeter": 225105.43683966136,
    "statsVertices": 2660351,
    "statsLineResolution": 84.61493872036485,
    "statsVertexDensity": 11.818244096409458
}