{
    "boundaryCount": 502,
    "statsArea": 1890244.786032664,
    "statsPerimeter": 222698.95496914786,
    "statsVertices": 2571767,
    "statsLineResolution": 86.59375245469278,
    "statsVertexDensity": 11.548177225871068
}