{
    "boundaryCount": 399,
    "statsArea": 413473.6042447396,
    "statsPerimeter": 46169.62380235346,
    "statsVertices": 100078,
    "statsLineResolution": 461.3363956349394,
    "statsVertexDensity": 2.1676156693071995
}