{"boundaryCount": 399, "boundaryYearSourceLag": null, "statsArea": 413473.6042447396, "statsVertices": 100078, "statsLineResolution": 437.5317832485867, "statsVertexDensity": 2.285548246518683, "statsPerimeter": 43787.30580395206}