{
    "boundaryCount": 399,
    "statsArea": 413477.2726594864,
    "statsPerimeter": 46151.02734116969,
    "statsVertices": 99918,
    "statsLineResolution": 461.8890224100732,
    "statsVertexDensity": 2.1650222271621398
}