{
    "boundaryCount": 1,
    "statsArea": 1673.1499929689342,
    "statsPerimeter": 591.6161393511728,
    "statsVertices": 11198,
    "statsLineResolution": 52.832303924912736,
    "statsVertexDensity": 18.927813585817454
}