{
    "boundaryCount": 1,
    "statsArea": 1673.1496861492185,
    "statsPerimeter": 591.6226481042837,
    "statsVertices": 11198,
    "statsLineResolution": 52.83288516737665,
    "statsVertexDensity": 18.927605350946873
}