{"boundaryCount": 1, "boundaryYearSourceLag": null, "statsArea": 1673.1499929689342, "statsVertices": 11198, "statsLineResolution": 52.832303924912736, "statsVertexDensity": 18.927813585817454, "statsPerimeter": 591.6161393511728}