{
    "boundaryCount": 216,
    "statsArea": 238779.5906467257,
    "statsPerimeter": 43566.15116458355,
    "statsVertices": 631166,
    "statsLineResolution": 69.02487010482749,
    "statsVertexDensity": 14.487531790806827
}