{
    "boundaryCount": 216,
    "statsArea": 238779.5906467257,
    "statsPerimeter": 43566.151164583585,
    "statsVertices": 631166,
    "statsLineResolution": 69.02487010482756,
    "statsVertexDensity": 14.487531790806814
}