{
    "boundaryCount": 14,
    "statsArea": 447830.1505897579,
    "statsPerimeter": 12053.384600517797,
    "statsVertices": 3735,
    "statsLineResolution": 3227.14447135684,
    "statsVertexDensity": 0.3098714696152274
}