{
    "boundaryCount": 29,
    "statsArea": 2329369.8296502377,
    "statsPerimeter": 56677.035860240634,
    "statsVertices": 133284,
    "statsLineResolution": 425.2351059410029,
    "statsVertexDensity": 2.3516402715319087
}