{
    "boundaryCount": 26,
    "boundaryYearSourceLag": 3,
    "statsArea": 2330346.52918323,
    "statsPerimeter": 52627.468977115925,
    "statsVertices": 71089,
    "statsLineResolution": 740.3039707565998,
    "statsVertexDensity": 1.3507964829338788
}