{
    "boundaryCount": 29,
    "statsArea": 2329369.829650239,
    "statsPerimeter": 56677.035860240794,
    "statsVertices": 133284,
    "statsLineResolution": 425.2351059410041,
    "statsVertexDensity": 2.351640271531902
}