{
    "boundaryCount": 26,
    "statsArea": 2330346.5291832294,
    "statsPerimeter": 52627.46897711583,
    "statsVertices": 71089,
    "statsLineResolution": 740.3039707565986,
    "statsVertexDensity": 1.350796482933881
}