{
    "boundaryCount": 48,
    "statsArea": 341732.6668324864,
    "statsPerimeter": 19236.497534579525,
    "statsVertices": 20674,
    "statsLineResolution": 930.4681017016312,
    "statsVertexDensity": 1.0747278688771915
}