{"boundaryCount": 48, "boundaryYearSourceLag": null, "statsArea": 341732.1870757833, "statsVertices": 20065, "statsLineResolution": 958.7128868010988, "statsVertexDensity": 1.0430651488754494, "statsPerimeter": 19236.574073664047}