{
    "boundaryCount": 48,
    "statsArea": 341732.1870757833,
    "statsPerimeter": 19236.574073664047,
    "statsVertices": 20065,
    "statsLineResolution": 958.7128868010988,
    "statsVertexDensity": 1.0430651488754494
}