{
    "boundaryCount": 1647,
    "boundaryYearSourceLag": 4,
    "statsArea": 293501.2445769248,
    "statsPerimeter": 133428.12302323684,
    "statsVertices": 13848826,
    "statsLineResolution": 9.63461617780719,
    "statsVertexDensity": 103.79240662471278
}