{
    "boundaryCount": 87,
    "boundaryYearSourceLag": 8,
    "statsArea": 463525.3907605529,
    "statsPerimeter": 42087.02636731397,
    "statsVertices": 89559,
    "statsLineResolution": 469.93631424328066,
    "statsVertexDensity": 2.1279479148366294
}