{
    "boundaryCount": 77,
    "statsArea": 86563.13227786591,
    "statsPerimeter": 14973.699146034192,
    "statsVertices": 44578,
    "statsLineResolution": 335.89885472731373,
    "statsVertexDensity": 2.977086661435064
}