{"boundaryCount": 11, "boundaryYearSourceLag": null, "statsArea": 62.30237644406402, "statsVertices": 155, "statsLineResolution": 949.7061668210154, "statsVertexDensity": 1.0529572566084675, "statsPerimeter": 147.2044558572574}