{
    "boundaryCount": 11,
    "statsArea": 62.30237644406402,
    "statsPerimeter": 150.75908086722663,
    "statsVertices": 155,
    "statsLineResolution": 972.6392314014622,
    "statsVertexDensity": 1.0281304390314527
}