{
    "boundaryCount": 10193,
    "statsArea": 8499535.870492766,
    "statsPerimeter": 1198984.0751919418,
    "statsVertices": 1320971,
    "statsLineResolution": 907.653593600421,
    "statsVertexDensity": 1.1017419057784648
}