{
    "boundaryCount": 10195,
    "statsArea": 8500365.474803463,
    "statsPerimeter": 1198608.2177000286,
    "statsVertices": 1288007,
    "statsLineResolution": 930.5913847518132,
    "statsVertexDensity": 1.0745854908883539
}