{
    "boundaryCount": 15,
    "statsArea": 5135.9612940266625,
    "statsPerimeter": 1512.027045053672,
    "statsVertices": 30979,
    "statsLineResolution": 48.808129541097905,
    "statsVertexDensity": 20.488390139146187
}