{
    "boundaryCount": 15,
    "statsArea": 5135.9612940283105,
    "statsPerimeter": 1512.0270450536693,
    "statsVertices": 30979,
    "statsLineResolution": 48.80812954109781,
    "statsVertexDensity": 20.488390139146222
}