{
    "boundaryCount": 1,
    "statsArea": 247.95931985658834,
    "statsPerimeter": 671.355151027532,
    "statsVertices": 22245,
    "statsLineResolution": 30.18004724780993,
    "statsVertexDensity": 33.13447430313638
}