{
    "boundaryCount": 1,
    "statsArea": 247.9593198547203,
    "statsPerimeter": 671.3551510275424,
    "statsVertices": 22245,
    "statsLineResolution": 30.180047247810403,
    "statsVertexDensity": 33.13447430313586
}