{
    "boundaryCount": 1,
    "statsArea": 591767.052486926,
    "statsPerimeter": 8509.2357718703,
    "statsVertices": 100918,
    "statsLineResolution": 84.31831558166333,
    "statsVertexDensity": 11.859819460357786
}