{
    "boundaryCount": 1,
    "statsArea": 373357.26358400274,
    "statsPerimeter": 30552.80054729942,
    "statsVertices": 535934,
    "statsLineResolution": 57.00851326338582,
    "statsVertexDensity": 17.541239768521695
}