{
    "boundaryCount": 1,
    "boundaryYearSourceLag": 1,
    "statsArea": 373356.9552654519,
    "statsPerimeter": 30552.849748382076,
    "statsVertices": 74983,
    "statsLineResolution": 407.4636884144683,
    "statsVertexDensity": 2.4542064199419147
}