{
    "boundaryCount": 1,
    "statsArea": 8937.952598521573,
    "statsPerimeter": 1354.6864005667733,
    "statsVertices": 60012,
    "statsLineResolution": 22.573591957721344,
    "statsVertexDensity": 44.299551523431695
}