{
    "boundaryCount": 1,
    "statsArea": 8937.952598519823,
    "statsPerimeter": 1354.6864005668865,
    "statsVertices": 60012,
    "statsLineResolution": 22.573591957723227,
    "statsVertexDensity": 44.29955152342799
}