{
    "boundaryCount": 3132,
    "boundaryYearSourceLag": 4,
    "statsArea": 9325595.873866694,
    "statsPerimeter": 777797.3520126129,
    "statsVertices": 853068,
    "statsLineResolution": 911.7647737491183,
    "statsVertexDensity": 1.096774111910536
}