{
    "boundaryCount": 161,
    "boundaryYearSourceLag": 0,
    "statsArea": 1247686.1569808945,
    "statsPerimeter": 65982.99624474165,
    "statsVertices": 96461,
    "statsLineResolution": 684.0380697353505,
    "statsVertexDensity": 1.46190693799673
}