{
    "boundaryCount": 14,
    "boundaryYearSourceLag": 1,
    "statsArea": 266.94366144830144,
    "statsPerimeter": 305.83338497271984,
    "statsVertices": 2422,
    "statsLineResolution": 126.27307389459943,
    "statsVertexDensity": 7.9193447118797735
}