{
    "boundaryCount": 14,
    "statsArea": 206.04091794883388,
    "statsPerimeter": 305.8334047452532,
    "statsVertices": 3721,
    "statsLineResolution": 82.19118644054103,
    "statsVertexDensity": 12.166754652257303
}