{
    "boundaryCount": 31,
    "statsArea": 1616765.7125985392,
    "statsPerimeter": 42410.07315927262,
    "statsVertices": 200687,
    "statsLineResolution": 211.32446625477797,
    "statsVertexDensity": 4.732059745483401
}