{"boundaryCount": 21, "boundaryYearSourceLag": null, "statsArea": 450047.2745038979, "statsVertices": 434290, "statsLineResolution": 90.83891848211654, "statsVertexDensity": 11.008497422796488, "statsPerimeter": 39450.43390759839}