{
    "boundaryCount": 21,
    "statsArea": 450047.27808467916,
    "statsPerimeter": 39472.63098141061,
    "statsVertices": 445605,
    "statsLineResolution": 88.5821096742869,
    "statsVertexDensity": 11.288961209853351
}