{
    "boundaryCount": 21,
    "statsArea": 450047.2745038979,
    "statsPerimeter": 39454.44074716385,
    "statsVertices": 434290,
    "statsLineResolution": 90.84814466638386,
    "statsVertexDensity": 11.007379442609857
}