{
    "boundaryCount": 1,
    "statsArea": 452.24793688101977,
    "statsPerimeter": 96.60775669707675,
    "statsVertices": 51,
    "statsLineResolution": 1894.2697391583677,
    "statsVertexDensity": 0.527907921099085
}