{
    "boundaryCount": 1,
    "statsArea": 509.27081326591116,
    "statsPerimeter": 86.99113467745521,
    "statsVertices": 29,
    "statsLineResolution": 2999.694299222593,
    "statsVertexDensity": 0.3333673035479522
}