{
    "boundaryCount": 331,
    "statsArea": 66136.75878121676,
    "statsPerimeter": 23690.932351049618,
    "statsVertices": 47079,
    "statsLineResolution": 503.21655836040736,
    "statsVertexDensity": 1.9872160074744456
}