{
    "boundaryCount": 4,
    "statsArea": 448.00684399727925,
    "statsPerimeter": 1173.5836008705721,
    "statsVertices": 522612,
    "statsLineResolution": 2.245611660028036,
    "statsVertexDensity": 445.3129709824873
}