{
    "boundaryCount": 1,
    "boundaryYearSourceLag": 1,
    "statsArea": 513789.02836843114,
    "statsPerimeter": 14113.33784939414,
    "statsVertices": 25644,
    "statsLineResolution": 550.3563347915357,
    "statsVertexDensity": 1.8170046146171475
}