{
    "boundaryCount": 1,
    "statsArea": 513789.18308409926,
    "statsPerimeter": 14111.98191951604,
    "statsVertices": 141692,
    "statsLineResolution": 99.5961798797112,
    "statsVertexDensity": 10.04054574390067
}