{
    "boundaryCount": 1,
    "statsArea": 14666.065799745227,
    "statsPerimeter": 771.5704146669351,
    "statsVertices": 142,
    "statsLineResolution": 5433.594469485459,
    "statsVertexDensity": 0.18404023443705697
}