{
    "boundaryCount": 1,
    "statsArea": 15082.235170124975,
    "statsPerimeter": 909.5773147453563,
    "statsVertices": 279,
    "statsLineResolution": 3260.1337446070115,
    "statsVertexDensity": 0.3067358821257634
}