{
    "boundaryCount": 1,
    "statsArea": 15024.104834474527,
    "statsPerimeter": 849.0741808605244,
    "statsVertices": 214,
    "statsLineResolution": 3967.636359161329,
    "statsVertexDensity": 0.2520392267529724
}