{
    "boundaryCount": 14,
    "boundaryYearSourceLag": 1,
    "statsArea": 447215.30682496604,
    "statsPerimeter": 13157.648223534014,
    "statsVertices": 7938,
    "statsLineResolution": 1657.5520563786865,
    "statsVertexDensity": 0.603299302819325
}