{
    "boundaryCount": 1,
    "statsArea": 549516.5065021039,
    "statsPerimeter": 12212.204158630653,
    "statsVertices": 217689,
    "statsLineResolution": 56.09931672537727,
    "statsVertexDensity": 17.82552905047481
}