{
    "boundaryCount": 1,
    "statsArea": 549516.218847595,
    "statsPerimeter": 11855.69518684171,
    "statsVertices": 215858,
    "statsLineResolution": 54.923584888406786,
    "statsVertexDensity": 18.207114521599244
}