{"boundaryCount": 1, "boundaryYearSourceLag": null, "statsArea": 549516.218847595, "statsVertices": 215858, "statsLineResolution": 54.84517939595179, "statsVertexDensity": 18.233143022116025, "statsPerimeter": 11838.770734051363}