{
    "boundaryCount": 77,
    "boundaryYearSourceLag": 4,
    "statsArea": 115247.32120034436,
    "statsPerimeter": 12868.707861907722,
    "statsVertices": 13941,
    "statsLineResolution": 923.0835565531685,
    "statsVertexDensity": 1.0833255482678519
}