{
    "boundaryCount": 11,
    "statsArea": 434.6396410660249,
    "statsPerimeter": 336.37525757651616,
    "statsVertices": 2865,
    "statsLineResolution": 117.40846686789396,
    "statsVertexDensity": 8.517273299592468
}