{
    "boundaryCount": 1,
    "statsArea": 72612.77801725574,
    "statsPerimeter": 2300.648966263063,
    "statsVertices": 9201,
    "statsLineResolution": 250.0433611849867,
    "statsVertexDensity": 3.999306341351656
}