{
    "boundaryCount": 205,
    "statsArea": 38762.97688687745,
    "statsPerimeter": 13412.005010592733,
    "statsVertices": 117874,
    "statsLineResolution": 113.78255603943815,
    "statsVertexDensity": 8.7886934061614
}