{
    "boundaryCount": 82,
    "statsArea": 51141.53912074258,
    "statsPerimeter": 12637.085249816428,
    "statsVertices": 163449,
    "statsLineResolution": 77.31515793805056,
    "statsVertexDensity": 12.934074335090392
}