{
    "boundaryCount": 82,
    "statsArea": 51141.53912074194,
    "statsPerimeter": 12637.085249816539,
    "statsVertices": 163449,
    "statsLineResolution": 77.31515793805124,
    "statsVertexDensity": 12.934074335090278
}