{
    "boundaryCount": 916,
    "statsArea": 514961.7339101546,
    "statsPerimeter": 121743.79510679771,
    "statsVertices": 1505630,
    "statsLineResolution": 80.85903914427695,
    "statsVertexDensity": 12.367201126588926
}