{
    "boundaryCount": 1,
    "statsArea": 385004.45064770314,
    "statsPerimeter": 97806.46602710221,
    "statsVertices": 6195934,
    "statsLineResolution": 15.78558874692697,
    "statsVertexDensity": 63.34892008349534
}