{
    "boundaryCount": 17,
    "statsArea": 1857637.0642735544,
    "statsPerimeter": 25060.41199217914,
    "statsVertices": 2840,
    "statsLineResolution": 8824.088729640542,
    "statsVertexDensity": 0.11332614966131874
}