{
    "boundaryCount": 17,
    "statsArea": 1857637.057145238,
    "statsPerimeter": 25060.411992404766,
    "statsVertices": 2842,
    "statsLineResolution": 8817.878955807448,
    "statsVertexDensity": 0.11340595680794652
}