{
    "boundaryCount": 3,
    "statsArea": 28712.35020737811,
    "statsPerimeter": 2143.7226449244404,
    "statsVertices": 31961,
    "statsLineResolution": 67.07307796766185,
    "statsVertexDensity": 14.90911152880345
}