{
    "boundaryCount": 3,
    "statsArea": 28712.350207377618,
    "statsPerimeter": 2143.7226449244367,
    "statsVertices": 31961,
    "statsLineResolution": 67.07307796766173,
    "statsVertexDensity": 14.909111528803477
}