{
    "boundaryCount": 1,
    "statsArea": 196797.2887158078,
    "statsPerimeter": 3426.546111554621,
    "statsVertices": 18794,
    "statsLineResolution": 182.32127868227204,
    "statsVertexDensity": 5.484823314247821
}