{
    "boundaryCount": 8,
    "statsArea": 1183670.9877770976,
    "statsPerimeter": 12752.629469784042,
    "statsVertices": 6535,
    "statsLineResolution": 1951.435266990672,
    "statsVertexDensity": 0.5124433369199636
}