{
    "boundaryCount": 8,
    "statsArea": 1183670.7321840334,
    "statsPerimeter": 12751.160465053681,
    "statsVertices": 6489,
    "statsLineResolution": 1965.042451079316,
    "statsVertexDensity": 0.508894858454962
}