{
    "boundaryCount": 11,
    "statsArea": 1126623.8506217522,
    "statsPerimeter": 23231.28466679448,
    "statsVertices": 15735,
    "statsLineResolution": 1476.4083042131858,
    "statsVertexDensity": 0.6773194089645307
}