{
    "boundaryCount": 1,
    "statsArea": 88863.0475922905,
    "statsPerimeter": 1682.8677132848634,
    "statsVertices": 362,
    "statsLineResolution": 4648.80583780349,
    "statsVertexDensity": 0.2151090053854538
}