{
    "boundaryCount": 1,
    "statsArea": 89206.19060558456,
    "statsPerimeter": 1651.7073596626021,
    "statsVertices": 153,
    "statsLineResolution": 10795.472938971256,
    "statsVertexDensity": 0.09263142112005461
}