{
    "boundaryCount": 1,
    "statsArea": 89261.90195376595,
    "statsPerimeter": 1652.4465030538968,
    "statsVertices": 119,
    "statsLineResolution": 13886.105067679806,
    "statsVertexDensity": 0.07201443422227306
}