{
    "boundaryCount": 11,
    "statsArea": 391047.7644371514,
    "statsPerimeter": 13775.525271397379,
    "statsVertices": 50334,
    "statsLineResolution": 273.6823076130921,
    "statsVertexDensity": 3.653871559040315
}