{
    "boundaryCount": 223,
    "statsArea": 256115.61929277002,
    "statsPerimeter": 48606.524161177826,
    "statsVertices": 2074514,
    "statsLineResolution": 23.430318696898564,
    "statsVertexDensity": 42.67974383687613
}