{
    "boundaryCount": 223,
    "statsArea": 256339.7405454954,
    "statsPerimeter": 48653.92334863047,
    "statsVertices": 2119268,
    "statsLineResolution": 22.95789081354056,
    "statsVertexDensity": 43.55800836068966
}