{"boundaryCount": 223, "boundaryYearSourceLag": null, "statsArea": 256115.61929277002, "statsVertices": 2074514, "statsLineResolution": 23.386280921685216, "statsVertexDensity": 42.7601123645418, "statsPerimeter": 48515.167179968885}