{
    "boundaryCount": 45,
    "boundaryYearSourceLag": 17,
    "statsArea": 758219.1805321964,
    "statsPerimeter": 105607.02181026131,
    "statsVertices": 657628,
    "statsLineResolution": 160.58778186187527,
    "statsVertexDensity": 6.227123809830811
}