{
    "boundaryCount": 4684,
    "statsArea": 45489.856184371325,
    "statsPerimeter": 71783.37403863372,
    "statsVertices": 1274563,
    "statsLineResolution": 56.3199889206212,
    "statsVertexDensity": 17.75568531111441
}