{
    "boundaryCount": 4684,
    "statsArea": 45489.88733140228,
    "statsPerimeter": 71780.48950989015,
    "statsVertices": 1182209,
    "statsLineResolution": 60.71725854725362,
    "statsVertexDensity": 16.469781803830013
}