{"boundaryCount": 4684, "boundaryYearSourceLag": null, "statsArea": 45489.88733140228, "statsVertices": 1182209, "statsLineResolution": 60.65786724825693, "statsVertexDensity": 16.485907687905662, "statsPerimeter": 71710.27658169458}