{
    "boundaryCount": 1,
    "statsArea": 592983.8842587823,
    "statsPerimeter": 5430.005419578038,
    "statsVertices": 1649,
    "statsLineResolution": 3292.9080773669116,
    "statsVertexDensity": 0.3036829381522317
}