{
    "boundaryCount": 494,
    "boundaryYearSourceLag": 9,
    "statsArea": 1894485.632653659,
    "statsPerimeter": 205289.3829328699,
    "statsVertices": 587033,
    "statsLineResolution": 349.7067165438227,
    "statsVertexDensity": 2.859539015673115
}