{
    "boundaryCount": 1,
    "statsArea": 264.19453515607,
    "statsPerimeter": 346.41033362974764,
    "statsVertices": 9443,
    "statsLineResolution": 36.68435175577122,
    "statsVertexDensity": 27.2595794157022
}