{
    "boundaryCount": 1,
    "statsArea": 264.1945351562815,
    "statsPerimeter": 346.4103336297005,
    "statsVertices": 9443,
    "statsLineResolution": 36.68435175576623,
    "statsVertexDensity": 27.259579415705907
}