{
    "boundaryCount": 3,
    "statsArea": 10965.504600444885,
    "statsPerimeter": 1258.506158208506,
    "statsVertices": 48754,
    "statsLineResolution": 25.813392915627556,
    "statsVertexDensity": 38.73958000285174
}