{
    "boundaryCount": 3,
    "statsArea": 10965.50460044407,
    "statsPerimeter": 1258.5061582084893,
    "statsVertices": 48754,
    "statsLineResolution": 25.813392915627215,
    "statsVertexDensity": 38.73958000285225
}