{
    "boundaryCount": 1,
    "statsArea": 1855613.9320495096,
    "statsPerimeter": 7293.477435835572,
    "statsVertices": 1178,
    "statsLineResolution": 6191.406991371453,
    "statsVertexDensity": 0.16151417624356348
}