{
    "boundaryCount": 82,
    "statsArea": 71834.54132550646,
    "statsPerimeter": 19759.75507740687,
    "statsVertices": 295916,
    "statsLineResolution": 66.774878943372,
    "statsVertexDensity": 14.975691694597357
}