{
    "boundaryCount": 82,
    "statsArea": 71834.54132550498,
    "statsPerimeter": 19759.7550774068,
    "statsVertices": 295916,
    "statsLineResolution": 66.77487894337177,
    "statsVertexDensity": 14.975691694597408
}