{
    "boundaryCount": 1,
    "statsArea": 121227.00920247142,
    "statsPerimeter": 5278.536403017488,
    "statsVertices": 21112,
    "statsLineResolution": 250.02540749419703,
    "statsVertexDensity": 3.999593521403258
}