{
    "boundaryCount": 7,
    "statsArea": 136903.69510556987,
    "statsPerimeter": 7802.988686018227,
    "statsVertices": 3311,
    "statsLineResolution": 2356.6864047170725,
    "statsVertexDensity": 0.42432459320783206
}