{
    "boundaryCount": 13,
    "statsArea": 9955196.159801176,
    "statsPerimeter": 332404.7293126923,
    "statsVertices": 4031343,
    "statsLineResolution": 82.4550848966938,
    "statsVertexDensity": 12.127814812790241
}