{
    "boundaryCount": 13,
    "statsArea": 9955193.761228882,
    "statsPerimeter": 331760.73593436356,
    "statsVertices": 4005926,
    "statsLineResolution": 82.817489872345,
    "statsVertexDensity": 12.074744133653427
}