{"boundaryCount": 13, "boundaryYearSourceLag": null, "statsArea": 9955193.761228882, "statsVertices": 4005926, "statsLineResolution": 82.81601584820311, "statsVertexDensity": 12.074959049381718, "statsPerimeter": 331754.8311027289}