{
    "boundaryCount": 24,
    "statsArea": 2505.107811404397,
    "statsPerimeter": 1328.7371060747544,
    "statsVertices": 29848,
    "statsLineResolution": 44.51678859805529,
    "statsVertexDensity": 22.463435290201613
}