{
    "boundaryCount": 24,
    "statsArea": 2505.1078114049615,
    "statsPerimeter": 1328.737106074646,
    "statsVertices": 29848,
    "statsLineResolution": 44.516788598051654,
    "statsVertexDensity": 22.463435290203446
}