{
    "boundaryCount": 1,
    "boundaryYearSourceLag": 1,
    "statsArea": 92995.48542443324,
    "statsPerimeter": 1992.6682734375443,
    "statsVertices": 2388,
    "statsLineResolution": 834.4507007694909,
    "statsVertexDensity": 1.1983931454283008
}