{"boundaryCount": 1, "boundaryYearSourceLag": null, "statsArea": 2150881.2934847856, "statsVertices": 1053462, "statsLineResolution": 79.24832138934228, "statsVertexDensity": 12.618563806380951, "statsPerimeter": 83485.0951474593}