{"boundaryCount": 23, "boundaryYearSourceLag": null, "statsArea": 1269963.0212779029, "statsVertices": 9074, "statsLineResolution": 2771.253882856811, "statsVertexDensity": 0.3608474871920168, "statsPerimeter": 25146.357733042703}