{
    "boundaryCount": 23,
    "statsArea": 1269963.0034022615,
    "statsPerimeter": 25146.425503309958,
    "statsVertices": 9618,
    "statsLineResolution": 2614.5171036920315,
    "statsVertexDensity": 0.38247980806393367
}