{
    "boundaryCount": 29,
    "statsArea": 1136623.7390510011,
    "statsPerimeter": 42425.219920713884,
    "statsVertices": 819491,
    "statsLineResolution": 51.77020848394172,
    "statsVertexDensity": 19.316128508738455
}