{
    "boundaryCount": 1,
    "statsArea": 181430.62460688365,
    "statsPerimeter": 4408.820066339148,
    "statsVertices": 32792,
    "statsLineResolution": 134.44803812939583,
    "statsVertexDensity": 7.437817716890576
}