{
    "boundaryCount": 1,
    "boundaryYearSourceLag": 1,
    "statsArea": 181430.5762542569,
    "statsPerimeter": 4409.4089305732805,
    "statsVertices": 6606,
    "statsLineResolution": 667.4854572469393,
    "statsVertexDensity": 1.498159981079626
}