{
    "boundaryCount": 1,
    "statsArea": 155097.30071650617,
    "statsPerimeter": 3408.8335688002194,
    "statsVertices": 22976,
    "statsLineResolution": 148.36497078691764,
    "statsVertexDensity": 6.740135455802462
}