{
    "boundaryCount": 1,
    "boundaryYearSourceLag": 1,
    "statsArea": 155097.26640718064,
    "statsPerimeter": 3408.8345146689257,
    "statsVertices": 4481,
    "statsLineResolution": 760.7307553378545,
    "statsVertexDensity": 1.3145255308573423
}