{
    "boundaryCount": 21,
    "statsArea": 295031.85126224556,
    "statsPerimeter": 15246.392134139229,
    "statsVertices": 21543,
    "statsLineResolution": 707.7190797075258,
    "statsVertexDensity": 1.412990024817846
}