{
    "boundaryCount": 24,
    "statsArea": 202.78245286988377,
    "statsPerimeter": 2300.2455337092943,
    "statsVertices": 53370,
    "statsLineResolution": 43.09997252593768,
    "statsVertexDensity": 23.201870938506914
}