{
    "boundaryCount": 24,
    "statsArea": 202.78245287142545,
    "statsPerimeter": 2300.2455337092624,
    "statsVertices": 53370,
    "statsLineResolution": 43.09997252593709,
    "statsVertexDensity": 23.201870938507234
}