{
    "boundaryCount": 1,
    "statsArea": 41281.450741815795,
    "statsPerimeter": 1943.4423561195235,
    "statsVertices": 35105,
    "statsLineResolution": 55.36084193475355,
    "statsVertexDensity": 18.063309101739577
}