{
    "boundaryCount": 3,
    "statsArea": 79.61308907763018,
    "statsPerimeter": 183.46130358387907,
    "statsVertices": 8896,
    "statsLineResolution": 20.62289833451878,
    "statsVertexDensity": 48.48978954263628
}