{
    "boundaryCount": 3,
    "statsArea": 79.61308907796025,
    "statsPerimeter": 183.46130358390405,
    "statsVertices": 8896,
    "statsLineResolution": 20.62289833452159,
    "statsVertexDensity": 48.48978954262968
}