{
    "boundaryCount": 1,
    "statsArea": 56841.00569420598,
    "statsPerimeter": 1900.9575375060922,
    "statsVertices": 13928,
    "statsLineResolution": 136.48460206103476,
    "statsVertexDensity": 7.326833832528657
}