{
    "boundaryCount": 10,
    "statsArea": 626861.8337156747,
    "statsPerimeter": 12926.909436339183,
    "statsVertices": 2345,
    "statsLineResolution": 5512.541337458074,
    "statsVertexDensity": 0.1814045353646485
}