{
    "boundaryCount": 6,
    "statsArea": 56841.01215813638,
    "statsPerimeter": 3167.5730205444615,
    "statsVertices": 16420,
    "statsLineResolution": 192.9094409588588,
    "statsVertexDensity": 5.183779472012813
}