{
    "boundaryCount": 1,
    "statsArea": 48927.38635761742,
    "statsPerimeter": 1206.9673026006883,
    "statsVertices": 216,
    "statsLineResolution": 5587.811586114298,
    "statsVertexDensity": 0.17896093749563752
}