{
    "boundaryCount": 1,
    "statsArea": 48936.206772318954,
    "statsPerimeter": 1217.1507146507408,
    "statsVertices": 403,
    "statsLineResolution": 3020.2250983889353,
    "statsVertexDensity": 0.33110114889563214
}