{
    "boundaryCount": 1,
    "statsArea": 48457.78884869157,
    "statsPerimeter": 1266.4977505543734,
    "statsVertices": 572,
    "statsLineResolution": 2214.15690656359,
    "statsVertexDensity": 0.451639175631874
}