{
    "boundaryCount": 74,
    "statsArea": 102684.32397029913,
    "statsPerimeter": 15978.79498583075,
    "statsVertices": 26264,
    "statsLineResolution": 608.3915239807626,
    "statsVertexDensity": 1.6436783889704882
}