{
    "boundaryCount": 1,
    "statsArea": 129.2832570978165,
    "statsPerimeter": 227.75783883882616,
    "statsVertices": 241,
    "statsLineResolution": 945.0532731901501,
    "statsVertexDensity": 1.0581414068059571
}