{
    "boundaryCount": 1,
    "statsArea": 164.82238209995302,
    "statsPerimeter": 405.96417614111874,
    "statsVertices": 211,
    "statsLineResolution": 1924.000834792032,
    "statsVertexDensity": 0.5197502942393949
}