{
    "boundaryCount": 5158,
    "statsArea": 139384.4461157153,
    "statsPerimeter": 160407.96624896108,
    "statsVertices": 7461887,
    "statsLineResolution": 21.496970705796148,
    "statsVertexDensity": 46.51818219812589
}