{
    "boundaryCount": 5158,
    "statsArea": 139384.3665127691,
    "statsPerimeter": 160303.27825869463,
    "statsVertices": 7813463,
    "statsLineResolution": 20.51629069705643,
    "statsVertexDensity": 48.741754285216615
}