{"boundaryCount": 5158, "boundaryYearSourceLag": null, "statsArea": 139384.4461157153, "statsVertices": 7461887, "statsLineResolution": 21.494327461331192, "statsVertexDensity": 46.5239027273137, "statsPerimeter": 160388.24265745023}