{
    "boundaryCount": 1,
    "statsArea": 72627.54892892134,
    "statsPerimeter": 2260.0790947342603,
    "statsVertices": 24569,
    "statsLineResolution": 91.98905509928204,
    "statsVertexDensity": 10.870858483334992
}