{
    "boundaryCount": 1,
    "statsArea": 72627.54892892257,
    "statsPerimeter": 2260.0790947342093,
    "statsVertices": 24569,
    "statsLineResolution": 91.98905509927995,
    "statsVertexDensity": 10.870858483335237
}