{
    "boundaryCount": 3,
    "boundaryYearSourceLag": 2,
    "statsArea": 350.6610800630076,
    "statsPerimeter": 441.80319267298535,
    "statsVertices": 39119,
    "statsLineResolution": 11.293826342007346,
    "statsVertexDensity": 88.54395044844135
}