{
    "boundaryCount": 1,
    "statsArea": 1252284.4550447515,
    "statsPerimeter": 7000.5052068939785,
    "statsVertices": 1026,
    "statsLineResolution": 6823.104490150076,
    "statsVertexDensity": 0.1465608509211039
}