{
    "boundaryCount": 1,
    "statsArea": 1252723.6572969127,
    "statsPerimeter": 7242.13336804898,
    "statsVertices": 1747,
    "statsLineResolution": 4145.468441928438,
    "statsVertexDensity": 0.24122726152868948
}