{
    "boundaryCount": 1,
    "statsArea": 1252301.0131230296,
    "statsPerimeter": 6965.643086911848,
    "statsVertices": 613,
    "statsLineResolution": 11363.202425631072,
    "statsVertexDensity": 0.08800336054424054
}