{
    "boundaryCount": 60,
    "statsArea": 391047.63295894995,
    "statsPerimeter": 27501.488844282307,
    "statsVertices": 39824,
    "statsLineResolution": 690.5757544265344,
    "statsVertexDensity": 1.4480670564960922
}