{
    "boundaryCount": 59,
    "boundaryYearSourceLag": 1,
    "statsArea": 387873.5173728675,
    "statsPerimeter": 26013.58488438135,
    "statsVertices": 30657,
    "statsLineResolution": 848.5365457931745,
    "statsVertexDensity": 1.1784996238025838
}