{"boundaryCount": 60, "boundaryYearSourceLag": 0, "statsArea": 391047.63295894983, "statsVertices": 39824, "statsLineResolution": 687.5159141018623, "statsVertexDensity": 1.4545117858200445, "statsPerimeter": 27379.633763192563}