{
    "boundaryCount": 60,
    "statsArea": 391047.63295894983,
    "statsPerimeter": 27501.488844282303,
    "statsVertices": 39824,
    "statsLineResolution": 690.5757544265343,
    "statsVertexDensity": 1.4480670564960925
}