{
    "boundaryCount": 1,
    "boundaryYearSourceLag": 1,
    "statsArea": 13903.30408801103,
    "statsPerimeter": 925.4740103426111,
    "statsVertices": 2370,
    "statsLineResolution": 390.49536301375997,
    "statsVertexDensity": 2.5608498710002934
}