{
    "boundaryCount": 1,
    "statsArea": 13903.313027046146,
    "statsPerimeter": 925.4733893376679,
    "statsVertices": 8434,
    "statsLineResolution": 109.73125318208061,
    "statsVertexDensity": 9.113173968228248
}