{
    "boundaryCount": 11,
    "statsArea": 2325240.4398416826,
    "statsPerimeter": 27194.715274966315,
    "statsVertices": 8806,
    "statsLineResolution": 3088.2029610454592,
    "statsVertexDensity": 0.32381291405195295
}