{
    "boundaryCount": 12,
    "statsArea": 1128902.3613419496,
    "statsPerimeter": 24081.47628433362,
    "statsVertices": 82707,
    "statsLineResolution": 291.16611996969567,
    "statsVertexDensity": 3.4344655212772666
}