{
    "boundaryCount": 1,
    "statsArea": 196062.42173451543,
    "statsPerimeter": 3413.2690509637723,
    "statsVertices": 841,
    "statsLineResolution": 4058.5838893742834,
    "statsVertexDensity": 0.24639135897081857
}