{
    "boundaryCount": 1,
    "statsArea": 195996.8369571895,
    "statsPerimeter": 3377.6360640744465,
    "statsVertices": 544,
    "statsLineResolution": 6208.889823666262,
    "statsVertexDensity": 0.1610593887796698
}