{
    "boundaryCount": 1,
    "statsArea": 196224.29706777053,
    "statsPerimeter": 3743.8473643036386,
    "statsVertices": 1378,
    "statsLineResolution": 2716.8703659678076,
    "statsVertexDensity": 0.3680705610861115
}