{
    "boundaryCount": 20,
    "statsArea": 506012.72907187813,
    "statsPerimeter": 24768.235386950528,
    "statsVertices": 745130,
    "statsLineResolution": 33.24015324433391,
    "statsVertexDensity": 30.08409716554057
}