{
    "boundaryCount": 1,
    "statsArea": 267904.7111340381,
    "statsPerimeter": 18100.102299218055,
    "statsVertices": 2314027,
    "statsLineResolution": 7.821906269554355,
    "statsVertexDensity": 127.84607300810497
}