{
    "boundaryCount": 26,
    "statsArea": 181422.1932726994,
    "statsPerimeter": 13629.205229317891,
    "statsVertices": 81539,
    "statsLineResolution": 167.14952635325292,
    "statsVertexDensity": 5.9826672669511805
}