{
    "boundaryCount": 26,
    "statsArea": 181422.1932727001,
    "statsPerimeter": 13629.20522931782,
    "statsVertices": 81539,
    "statsLineResolution": 167.14952635325207,
    "statsVertexDensity": 5.9826672669512115
}