{
    "boundaryCount": 34,
    "boundaryYearSourceLag": 1,
    "statsArea": 642095.9421619677,
    "statsPerimeter": 26927.86326599363,
    "statsVertices": 34564,
    "statsLineResolution": 779.0725398100228,
    "statsVertexDensity": 1.2835775218618928
}