{
    "boundaryCount": 263,
    "statsArea": 20734.163461324053,
    "statsPerimeter": 11578.811554516355,
    "statsVertices": 24414,
    "statsLineResolution": 474.26933540248854,
    "statsVertexDensity": 2.1085065496620192
}