{
    "boundaryCount": 17,
    "statsArea": 2014.70918539675,
    "statsPerimeter": 798.933603521669,
    "statsVertices": 373,
    "statsLineResolution": 2141.9131461706943,
    "statsVertexDensity": 0.4668723387723712
}