{
    "boundaryCount": 1,
    "statsArea": 119397.76653127071,
    "statsPerimeter": 2715.9609639729356,
    "statsVertices": 815,
    "statsLineResolution": 3332.4674404575894,
    "statsVertexDensity": 0.30007795060787973
}