{
    "boundaryCount": 1,
    "statsArea": 118523.77377110852,
    "statsPerimeter": 2563.1098777553552,
    "statsVertices": 603,
    "statsLineResolution": 4250.596812197936,
    "statsVertexDensity": 0.23526108078053898
}