{
    "boundaryCount": 1,
    "statsArea": 118483.10191954493,
    "statsPerimeter": 2531.913937228743,
    "statsVertices": 347,
    "statsLineResolution": 7296.5819516678475,
    "statsVertexDensity": 0.13705047193657857
}