{
    "boundaryCount": 18,
    "statsArea": 25099.340013017114,
    "statsPerimeter": 4251.551001308815,
    "statsVertices": 22877,
    "statsLineResolution": 185.84390441529987,
    "statsVertexDensity": 5.380859830437751
}