{
    "boundaryCount": 1,
    "boundaryYearSourceLag": 11,
    "statsArea": 13388.076731814863,
    "statsPerimeter": 13394.749012867125,
    "statsVertices": 275045,
    "statsLineResolution": 48.700209103481704,
    "statsVertexDensity": 20.53379273742189
}