{
    "boundaryCount": 7627,
    "boundaryYearSourceLag": 3,
    "statsArea": 5085.209471047577,
    "statsPerimeter": 27713.699018971183,
    "statsVertices": 1924482,
    "statsLineResolution": 14.400601834140918,
    "statsVertexDensity": 69.44154220202117
}