{
    "boundaryCount": 7627,
    "statsArea": 5085.20947104552,
    "statsPerimeter": 27713.699018971092,
    "statsVertices": 1924482,
    "statsLineResolution": 14.400601834140872,
    "statsVertexDensity": 69.4415422020214
}