{
    "boundaryCount": 94,
    "statsArea": 128508.37186759911,
    "statsPerimeter": 18122.48485431524,
    "statsVertices": 45643,
    "statsLineResolution": 397.0485036986009,
    "statsVertexDensity": 2.518583978241356
}