{
    "boundaryCount": 1,
    "statsArea": 779.7577005953447,
    "statsPerimeter": 639.7881175739766,
    "statsVertices": 3685,
    "statsLineResolution": 173.61957057638443,
    "statsVertexDensity": 5.759719348920099
}