{
    "boundaryCount": 8,
    "boundaryYearSourceLag": 1,
    "statsArea": 435.648254466261,
    "statsPerimeter": 417.09844508228736,
    "statsVertices": 1030,
    "statsLineResolution": 404.9499466818324,
    "statsVertexDensity": 2.4694409968294084
}