{
    "boundaryCount": 8,
    "statsArea": 348.34764213361734,
    "statsPerimeter": 417.09728377012436,
    "statsVertices": 6349,
    "statsLineResolution": 65.69495727990619,
    "statsVertexDensity": 15.221868487398583
}