{"boundaryCount": 1, "boundaryYearSourceLag": null, "statsArea": 198649.34941455786, "statsVertices": 4099, "statsLineResolution": 938.3350254854362, "statsVertexDensity": 1.0657174386969752, "statsPerimeter": 3846.235269464803}