{
    "boundaryCount": 1,
    "statsArea": 198649.34644292158,
    "statsPerimeter": 4066.666254092937,
    "statsVertices": 4909,
    "statsLineResolution": 828.4103186174245,
    "statsVertexDensity": 1.207131270007537
}