{
    "boundaryCount": 1,
    "statsArea": 198649.34941455786,
    "statsPerimeter": 4066.669136166804,
    "statsVertices": 4099,
    "statsLineResolution": 992.1124996747509,
    "statsVertexDensity": 1.0079502075902027
}