{
    "boundaryCount": 18,
    "statsArea": 1244654.2770323402,
    "statsPerimeter": 23072.320178901282,
    "statsVertices": 6941,
    "statsLineResolution": 3324.062840930886,
    "statsVertexDensity": 0.30083667122248364
}