{
    "boundaryCount": 1,
    "statsArea": 27106.749762854608,
    "statsPerimeter": 2730.6857447195475,
    "statsVertices": 47198,
    "statsLineResolution": 57.85596306452705,
    "statsVertexDensity": 17.284303069757822
}