{
    "boundaryCount": 1,
    "statsArea": 27107.104217446224,
    "statsPerimeter": 2743.511923211767,
    "statsVertices": 47627,
    "statsLineResolution": 57.604130497654005,
    "statsVertexDensity": 17.359866234604933
}