{"boundaryCount": 1, "boundaryYearSourceLag": null, "statsArea": 27106.749762854608, "statsVertices": 47198, "statsLineResolution": 57.83205113931175, "statsVertexDensity": 17.291449642536417, "statsPerimeter": 2729.557149673236}