{
    "boundaryCount": 13,
    "statsArea": 30300.656087945263,
    "statsPerimeter": 3945.871545052221,
    "statsVertices": 17792,
    "statsLineResolution": 221.77785212748543,
    "statsVertexDensity": 4.5090165244506295
}