{
    "boundaryCount": 1,
    "statsArea": 811.035935777913,
    "statsPerimeter": 1286.929188735902,
    "statsVertices": 5924,
    "statsLineResolution": 217.23990356784302,
    "statsVertexDensity": 4.603205873214286
}