{
    "boundaryCount": 430,
    "boundaryYearSourceLag": 1,
    "statsArea": 324256.11626589025,
    "statsPerimeter": 78134.46647148747,
    "statsVertices": 62408,
    "statsLineResolution": 1251.9943992995684,
    "statsVertexDensity": 0.7987256177499298
}