{"boundaryCount": 51, "boundaryYearSourceLag": null, "statsArea": 9473014.96746938, "statsVertices": 2143250, "statsLineResolution": 106.33830326239362, "statsVertexDensity": 9.40394918219133, "statsPerimeter": 227909.56846712512}