{
    "boundaryCount": 51,
    "statsArea": 9473012.877177248,
    "statsPerimeter": 228204.006583525,
    "statsVertices": 2152156,
    "statsLineResolution": 106.03506743169407,
    "statsVertexDensity": 9.430842307373288
}