{
    "boundaryCount": 51,
    "statsArea": 9473014.96746938,
    "statsPerimeter": 228005.73582198846,
    "statsVertices": 2143250,
    "statsLineResolution": 106.3831731351865,
    "statsVertexDensity": 9.399982821806313
}