{
    "boundaryCount": 26,
    "statsArea": 436.73562553540023,
    "statsPerimeter": 598.5190538749342,
    "statsVertices": 522,
    "statsLineResolution": 1146.5882258140502,
    "statsVertexDensity": 0.8721526852327687
}