{
    "boundaryCount": 2644,
    "statsArea": 26935.291535475364,
    "statsPerimeter": 37727.36167187078,
    "statsVertices": 125562,
    "statsLineResolution": 300.46798929509544,
    "statsVertexDensity": 3.328141551271475
}