{
    "boundaryCount": 2644,
    "statsArea": 26935.29092719618,
    "statsPerimeter": 37727.88084708166,
    "statsVertices": 133890,
    "statsLineResolution": 281.7826637320312,
    "statsVertexDensity": 3.548834363177775
}