{"boundaryCount": 2644, "boundaryYearSourceLag": null, "statsArea": 26935.291535475364, "statsVertices": 125562, "statsLineResolution": 300.32795380517126, "statsVertexDensity": 3.32969338128518, "statsPerimeter": 37709.77853568491}