{
    "boundaryCount": 5,
    "statsArea": 4053.3802872559004,
    "statsPerimeter": 8305.908355098363,
    "statsVertices": 115428,
    "statsLineResolution": 71.95748306388712,
    "statsVertexDensity": 13.897095304350133
}