{"boundaryCount": 5, "boundaryYearSourceLag": null, "statsArea": 4053.3802872559004, "statsVertices": 115428, "statsLineResolution": 69.41393881380148, "statsVertexDensity": 14.406328427528614, "statsPerimeter": 8012.312129399476}