{
    "boundaryCount": 8,
    "statsArea": 875630.4257306006,
    "statsPerimeter": 18367.51585847739,
    "statsVertices": 67198,
    "statsLineResolution": 273.33426379471695,
    "statsVertexDensity": 3.65852413128503
}