{
    "boundaryCount": 28,
    "statsArea": 112760.69382653783,
    "statsPerimeter": 9469.456644756183,
    "statsVertices": 3446,
    "statsLineResolution": 2747.956077990767,
    "statsVertexDensity": 0.36390683534184204
}