{"boundaryCount": 28, "boundaryYearSourceLag": null, "statsArea": 112760.69382653783, "statsVertices": 3446, "statsLineResolution": 2747.9560779907665, "statsVertexDensity": 0.3639068353418421, "statsPerimeter": 9469.456644756181}