{
    "boundaryCount": 2422,
    "boundaryYearSourceLag": 9,
    "statsArea": 8479590.513351262,
    "statsPerimeter": 763470.5064560769,
    "statsVertices": 1460420,
    "statsLineResolution": 522.7746172033229,
    "statsVertexDensity": 1.912870225700093
}