{
    "boundaryCount": 1,
    "statsArea": 9343821.602219418,
    "statsPerimeter": 39029.920902484104,
    "statsVertices": 50185,
    "statsLineResolution": 777.7208509013471,
    "statsVertexDensity": 1.285808396214452
}