{"boundaryCount": 8, "boundaryYearSourceLag": null, "statsArea": 10238.058035262984, "statsVertices": 39792, "statsLineResolution": 51.408027894549335, "statsVertexDensity": 19.45221477959141, "statsPerimeter": 2045.628245979907}