{
    "boundaryCount": 8,
    "statsArea": 10238.056875382212,
    "statsPerimeter": 2047.6643349066753,
    "statsVertices": 42641,
    "statsLineResolution": 48.021020494516435,
    "statsVertexDensity": 20.824213848478937
}