{
    "boundaryCount": 8,
    "statsArea": 10238.058035262984,
    "statsPerimeter": 2046.5964201671854,
    "statsVertices": 39792,
    "statsLineResolution": 51.4323587697825,
    "statsVertexDensity": 19.443012607609962
}