{
    "boundaryCount": 1,
    "statsArea": 1244654.3135461677,
    "statsPerimeter": 6771.948569577421,
    "statsVertices": 1643,
    "statsLineResolution": 4121.697242591248,
    "statsVertexDensity": 0.24261849940519048
}