{"boundaryCount": 1, "boundaryYearSourceLag": null, "statsArea": 1244654.3135461677, "statsVertices": 1643, "statsLineResolution": 4121.697242591248, "statsVertexDensity": 0.24261849940519048, "statsPerimeter": 6771.948569577421}