{
    "boundaryCount": 26,
    "statsArea": 562223.7095153175,
    "statsPerimeter": 18532.021118889883,
    "statsVertices": 32167,
    "statsLineResolution": 576.1190387319266,
    "statsVertexDensity": 1.7357523927712255
}