{
    "boundaryCount": 26,
    "boundaryYearSourceLag": null,
    "statsArea": 1000586.6043623002,
    "statsPerimeter": 18532.021118889876,
    "statsVertices": 32167,
    "statsLineResolution": 576.1190387319264,
    "statsVertexDensity": 1.7357523927712264
}