{
    "boundaryCount": 1,
    "statsArea": 122203.50080201944,
    "statsPerimeter": 2581.714929776846,
    "statsVertices": 529,
    "statsLineResolution": 4880.368487290824,
    "statsVertexDensity": 0.20490256065789758
}