{
    "boundaryCount": 1,
    "statsArea": 122293.1547608448,
    "statsPerimeter": 2648.8108475504723,
    "statsVertices": 777,
    "statsLineResolution": 3409.0229698204275,
    "statsVertexDensity": 0.29333917924662023
}