{
    "boundaryCount": 1,
    "statsArea": 122379.40036636019,
    "statsPerimeter": 3384.6834016763046,
    "statsVertices": 1782,
    "statsLineResolution": 1899.373401614088,
    "statsVertexDensity": 0.5264894196950425
}