{
    "boundaryCount": 125,
    "statsArea": 2581.5542968938294,
    "statsPerimeter": 2546.9387315875897,
    "statsVertices": 16696,
    "statsLineResolution": 152.54783969738799,
    "statsVertexDensity": 6.555320625868704
}