{
    "boundaryCount": 107,
    "statsArea": 823862.9359603936,
    "statsPerimeter": 40101.6690757176,
    "statsVertices": 134381,
    "statsLineResolution": 298.41770098241267,
    "statsVertexDensity": 3.3510076537280717
}