{"boundaryCount": 107, "boundaryYearSourceLag": null, "statsArea": 823862.9359603936, "statsVertices": 134381, "statsLineResolution": 296.8303523442157, "statsVertexDensity": 3.368927712757495, "statsPerimeter": 39888.35957836805}