{
    "boundaryCount": 107,
    "statsArea": 823871.5506170476,
    "statsPerimeter": 40098.23986868244,
    "statsVertices": 156065,
    "statsLineResolution": 256.93294376498534,
    "statsVertexDensity": 3.892066098439648
}