{
    "boundaryCount": 27,
    "statsArea": 1000148.3305231731,
    "statsPerimeter": 20879.014053362585,
    "statsVertices": 126334,
    "statsLineResolution": 165.2683683993429,
    "statsVertexDensity": 6.050764642291804
}