{
    "boundaryCount": 27,
    "statsArea": 1000148.3305231746,
    "statsPerimeter": 20879.014053362855,
    "statsVertices": 126334,
    "statsLineResolution": 165.268368399345,
    "statsVertexDensity": 6.050764642291726
}