{
    "boundaryCount": 10,
    "statsArea": 105088.29631593019,
    "statsPerimeter": 5522.988291908837,
    "statsVertices": 20068,
    "statsLineResolution": 275.2136880560513,
    "statsVertexDensity": 3.6335402031178603
}