{
    "boundaryCount": 10,
    "boundaryYearSourceLag": 1,
    "statsArea": 144917.43782364967,
    "statsPerimeter": 5522.987889090266,
    "statsVertices": 5690,
    "statsLineResolution": 970.6481351652488,
    "statsVertexDensity": 1.0302394490561237
}