{
    "boundaryCount": 7425,
    "statsArea": 515415.58901995583,
    "statsPerimeter": 326933.69015345926,
    "statsVertices": 15794047,
    "statsLineResolution": 20.69980481591952,
    "statsVertexDensity": 48.30963426432571
}