{
    "boundaryCount": 11,
    "boundaryYearSourceLag": 1,
    "statsArea": 160.8089954495317,
    "statsPerimeter": 328.3276893644944,
    "statsVertices": 723,
    "statsLineResolution": 454.11851917634084,
    "statsVertexDensity": 2.2020683098627067
}