{
    "boundaryCount": 1,
    "statsArea": 636758.5293095581,
    "statsPerimeter": 9597.629584448398,
    "statsVertices": 4641,
    "statsLineResolution": 2068.008960234518,
    "statsVertexDensity": 0.483556899040997
}