{"boundaryCount": 1, "boundaryYearSourceLag": null, "statsArea": 636758.5293095581, "statsVertices": 4641, "statsLineResolution": 2064.8659733154923, "statsVertexDensity": 0.48429293374152055, "statsPerimeter": 9583.0429821572}