{
    "boundaryCount": 87,
    "statsArea": 463313.95469164214,
    "statsPerimeter": 45314.76708812146,
    "statsVertices": 357094,
    "statsLineResolution": 126.89870758993838,
    "statsVertexDensity": 7.880300902917065
}