{
    "boundaryCount": 87,
    "statsArea": 463313.9546916403,
    "statsPerimeter": 45314.767088121465,
    "statsVertices": 357094,
    "statsLineResolution": 126.89870758993841,
    "statsVertexDensity": 7.880300902917063
}