{
    "boundaryCount": 5,
    "statsArea": 18945.757865495896,
    "statsPerimeter": 5078.768883489076,
    "statsVertices": 68060,
    "statsLineResolution": 74.62193481470872,
    "statsVertexDensity": 13.400885443175216
}