{
    "boundaryCount": 5,
    "boundaryYearSourceLag": 1,
    "statsArea": 18945.702792913653,
    "statsPerimeter": 5078.749186893599,
    "statsVertices": 11896,
    "statsLineResolution": 426.92915155460645,
    "statsVertexDensity": 2.34230901393974
}