{
    "boundaryCount": 1,
    "statsArea": 16.279194291333265,
    "statsPerimeter": 129.3988268599675,
    "statsVertices": 3336,
    "statsLineResolution": 38.788617164258845,
    "statsVertexDensity": 25.78075923060836
}