{
    "boundaryCount": 1,
    "statsArea": 751.3552844199984,
    "statsPerimeter": 197.53520512109006,
    "statsVertices": 8587,
    "statsLineResolution": 23.003983361021316,
    "statsVertexDensity": 43.47073219042715
}