{
    "boundaryCount": 1,
    "statsArea": 751.3552844195029,
    "statsPerimeter": 197.53520512103418,
    "statsVertices": 8587,
    "statsLineResolution": 23.00398336101481,
    "statsVertexDensity": 43.47073219043945
}