{
    "boundaryCount": 2,
    "statsArea": 160.52316338946233,
    "statsPerimeter": 94.82575283684666,
    "statsVertices": 2718,
    "statsLineResolution": 34.88806211804513,
    "statsVertexDensity": 28.663099618902898
}