{
    "boundaryCount": 2,
    "statsArea": 160.52316338947531,
    "statsPerimeter": 94.82575283681194,
    "statsVertices": 2718,
    "statsLineResolution": 34.88806211803235,
    "statsVertexDensity": 28.663099618913392
}