{
    "boundaryCount": 1,
    "statsArea": 178104.61520828368,
    "statsPerimeter": 2420.2475093913654,
    "statsVertices": 21565,
    "statsLineResolution": 112.23035053982683,
    "statsVertexDensity": 8.910245715085184
}