{
    "boundaryCount": 1,
    "statsArea": 178104.61520828502,
    "statsPerimeter": 2420.247509391337,
    "statsVertices": 21565,
    "statsLineResolution": 112.23035053982551,
    "statsVertexDensity": 8.910245715085287
}