{
    "boundaryCount": 8,
    "statsArea": 49025.04848998254,
    "statsPerimeter": 4738.695237022872,
    "statsVertices": 126909,
    "statsLineResolution": 37.33931586430334,
    "statsVertexDensity": 26.781422660076306
}