{
    "boundaryCount": 8,
    "statsArea": 49025.04848998121,
    "statsPerimeter": 4738.695237022924,
    "statsVertices": 126909,
    "statsLineResolution": 37.33931586430374,
    "statsVertexDensity": 26.78142266007601
}