{
    "boundaryCount": 1,
    "statsArea": 1622928.5104036084,
    "statsPerimeter": 11471.657211209393,
    "statsVertices": 75465,
    "statsLineResolution": 152.01294919776575,
    "statsVertexDensity": 6.578386941884934
}