{
    "boundaryCount": 1,
    "boundaryYearSourceLag": 1,
    "statsArea": 1622928.3921435548,
    "statsPerimeter": 11471.675293686412,
    "statsVertices": 16476,
    "statsLineResolution": 696.2657983543586,
    "statsVertexDensity": 1.4362331201152272
}