{
    "boundaryCount": 1,
    "statsArea": 449151.641209386,
    "statsPerimeter": 13806.338780082184,
    "statsVertices": 41621,
    "statsLineResolution": 331.71569111943927,
    "statsVertexDensity": 3.0146297771603896
}