{
    "boundaryCount": 10,
    "statsArea": 390728.58370022045,
    "statsPerimeter": 12808.720594023696,
    "statsVertices": 153187,
    "statsLineResolution": 83.61493203746856,
    "statsVertexDensity": 11.959586351776158
}