{
    "boundaryCount": 195,
    "statsArea": 2726318.7662292584,
    "statsPerimeter": 120285.41811017442,
    "statsVertices": 292003,
    "statsLineResolution": 411.932131211578,
    "statsVertexDensity": 2.4275843621588638
}