{
    "boundaryCount": 14,
    "statsArea": 28.76707867843047,
    "statsPerimeter": 85.85157845617618,
    "statsVertices": 92,
    "statsLineResolution": 933.1693310453933,
    "statsVertexDensity": 1.0716168724487964
}