{"boundaryCount": 11, "boundaryYearSourceLag": null, "statsArea": 30669.828812348653, "statsVertices": 1745, "statsLineResolution": 2063.1273956272116, "statsVertexDensity": 0.4847010427564944, "statsPerimeter": 3600.157305369484}