{
    "boundaryCount": 11,
    "statsArea": 30669.828812348653,
    "statsPerimeter": 3658.4962433800056,
    "statsVertices": 1745,
    "statsLineResolution": 2096.5594517936993,
    "statsVertexDensity": 0.4769719261452165
}