{
    "boundaryCount": 12,
    "statsArea": 28498.620732253683,
    "statsPerimeter": 4156.118260155547,
    "statsVertices": 46896,
    "statsLineResolution": 88.62415259628854,
    "statsVertexDensity": 11.283605774549077
}