{
    "boundaryCount": 12,
    "statsArea": 28498.620732253927,
    "statsPerimeter": 4156.118260155541,
    "statsVertices": 46896,
    "statsLineResolution": 88.6241525962884,
    "statsVertexDensity": 11.283605774549095
}