{
    "boundaryCount": 1,
    "statsArea": 6.578690633506902,
    "statsPerimeter": 29.450053545414054,
    "statsVertices": 2032,
    "statsLineResolution": 14.493136587310067,
    "statsVertexDensity": 68.99817675599513
}