{
    "boundaryCount": 1,
    "statsArea": 6.57869063355675,
    "statsPerimeter": 29.450053545424392,
    "statsVertices": 2032,
    "statsLineResolution": 14.493136587315153,
    "statsVertexDensity": 68.99817675597092
}