{
    "boundaryCount": 159,
    "boundaryYearSourceLag": 10,
    "statsArea": 586053.3078357241,
    "statsPerimeter": 46611.076443482445,
    "statsVertices": 110382,
    "statsLineResolution": 422.27062785130227,
    "statsVertexDensity": 2.368149556336508
}