{
    "boundaryCount": 3,
    "statsArea": 30666.827076303245,
    "statsPerimeter": 2524.841542686525,
    "statsVertices": 75719,
    "statsLineResolution": 33.34488758021797,
    "statsVertexDensity": 29.9896047810716
}