{
    "boundaryCount": 3,
    "statsArea": 30666.82707630323,
    "statsPerimeter": 2524.8415426864863,
    "statsVertices": 75719,
    "statsLineResolution": 33.34488758021747,
    "statsVertexDensity": 29.989604781072057
}