{
    "boundaryCount": 13,
    "statsArea": 1035371.5107698861,
    "statsPerimeter": 17233.744050260175,
    "statsVertices": 2776,
    "statsLineResolution": 6208.121055569227,
    "statsVertexDensity": 0.1610793331909842
}