{
    "boundaryCount": 133,
    "statsArea": 26935.29092719614,
    "statsPerimeter": 10194.396994904504,
    "statsVertices": 62650,
    "statsLineResolution": 162.7198243400559,
    "statsVertexDensity": 6.145532691272916
}