{
    "boundaryCount": 1,
    "statsArea": 465297.21545492986,
    "statsPerimeter": 5522.909447520401,
    "statsVertices": 49383,
    "statsLineResolution": 111.83827324221699,
    "statsVertexDensity": 8.941482830606844
}