{
    "boundaryCount": 1,
    "statsArea": 471676.7788192353,
    "statsPerimeter": 5040.501511797924,
    "statsVertices": 898,
    "statsLineResolution": 5613.030636746017,
    "statsVertexDensity": 0.1781568754414851
}