{
    "boundaryCount": 1,
    "statsArea": 471712.655610256,
    "statsPerimeter": 5168.497601611346,
    "statsVertices": 1554,
    "statsLineResolution": 3325.931532568434,
    "statsVertexDensity": 0.30066764460053547
}