{
    "boundaryCount": 1,
    "statsArea": 470850.39911093144,
    "statsPerimeter": 5536.415012141224,
    "statsVertices": 1664,
    "statsLineResolution": 3327.172483257947,
    "statsVertexDensity": 0.30055550321839825
}