{
    "boundaryCount": 1,
    "statsArea": 394.86313236679615,
    "statsPerimeter": 110.69422746367968,
    "statsVertices": 54,
    "statsLineResolution": 2049.8931011792533,
    "statsVertexDensity": 0.48783031633441004
}