{"boundaryCount": 1, "boundaryYearSourceLag": null, "statsArea": 394.86313236679615, "statsVertices": 54, "statsLineResolution": 2049.8931011792533, "statsVertexDensity": 0.48783031633441004, "statsPerimeter": 110.69422746367968}