{
    "boundaryCount": 80,
    "statsArea": 25438.47134099655,
    "statsPerimeter": 8107.730529061751,
    "statsVertices": 96241,
    "statsLineResolution": 84.24403870555949,
    "statsVertexDensity": 11.870276109329113
}