{
    "boundaryCount": 80,
    "statsArea": 25438.471340994958,
    "statsPerimeter": 8107.730529061742,
    "statsVertices": 96241,
    "statsLineResolution": 84.2440387055594,
    "statsVertexDensity": 11.870276109329126
}