{
    "boundaryCount": 1,
    "statsArea": 780079.6576678847,
    "statsPerimeter": 8246.640066899321,
    "statsVertices": 3640,
    "statsLineResolution": 2265.560457939374,
    "statsVertexDensity": 0.44139188450947087
}