{"boundaryCount": 1, "boundaryYearSourceLag": null, "statsArea": 780079.6525116985, "statsVertices": 3640, "statsLineResolution": 2265.5612925457467, "statsVertexDensity": 0.44139172190584547, "statsPerimeter": 8246.643104866518}