{
    "boundaryCount": 58,
    "boundaryYearSourceLag": 1,
    "statsArea": 466544.3935484809,
    "statsPerimeter": 28284.300486700184,
    "statsVertices": 106793,
    "statsLineResolution": 264.85163340949487,
    "statsVertexDensity": 3.775698820984316
}