{
    "boundaryCount": 18,
    "statsArea": 428195.83478422015,
    "statsPerimeter": 15927.84877953909,
    "statsVertices": 261525,
    "statsLineResolution": 60.90373302567284,
    "statsVertexDensity": 16.419354780411712
}