{
    "boundaryCount": 118,
    "statsArea": 217802.4704038882,
    "statsPerimeter": 28022.05784228663,
    "statsVertices": 50002,
    "statsLineResolution": 560.4187400961288,
    "statsVertexDensity": 1.7843800152515772
}