{
    "boundaryCount": 118,
    "boundaryYearSourceLag": 1,
    "statsArea": 241499.68078855198,
    "statsPerimeter": 28022.057828406778,
    "statsVertices": 47252,
    "statsLineResolution": 593.0343229579018,
    "statsVertexDensity": 1.6862430407269828
}