{
    "boundaryCount": 1,
    "statsArea": 99.59711477950168,
    "statsPerimeter": 42.06309521622532,
    "statsVertices": 23,
    "statsLineResolution": 1828.8302267924053,
    "statsVertexDensity": 0.5467976115825169
}