{
    "boundaryCount": 236,
    "statsArea": 155415.6413810461,
    "statsPerimeter": 24042.153253695997,
    "statsVertices": 89755,
    "statsLineResolution": 267.8642220900897,
    "statsVertexDensity": 3.7332346671653456
}