{
    "boundaryCount": 13,
    "boundaryYearSourceLag": 1,
    "statsArea": 72322.51335458484,
    "statsPerimeter": 5804.38070093235,
    "statsVertices": 2490,
    "statsLineResolution": 2331.0765867198193,
    "statsVertexDensity": 0.428986334338827
}