{
    "boundaryCount": 1,
    "statsArea": 338455.01961614116,
    "statsPerimeter": 42361.46935103698,
    "statsVertices": 2482704,
    "statsLineResolution": 17.06263386655718,
    "statsVertexDensity": 58.60759879282197
}