{
    "boundaryCount": 1,
    "statsArea": 338455.01961614034,
    "statsPerimeter": 42361.46935103736,
    "statsVertices": 2482704,
    "statsLineResolution": 17.062633866557334,
    "statsVertexDensity": 58.60759879282145
}