{
    "boundaryCount": 2,
    "statsArea": 12358188.61001354,
    "statsPerimeter": 67042.0337270372,
    "statsVertices": 23842,
    "statsLineResolution": 2811.929944091821,
    "statsVertexDensity": 0.3556276364925491
}