{
    "boundaryCount": 1,
    "statsArea": 25385.269367748024,
    "statsPerimeter": 719.7259792358495,
    "statsVertices": 363,
    "statsLineResolution": 1982.7161962420098,
    "statsVertexDensity": 0.5043586176858669
}