{
    "boundaryCount": 1,
    "statsArea": 25385.269417656382,
    "statsPerimeter": 719.7250720054865,
    "statsVertices": 363,
    "statsLineResolution": 1982.7136969848111,
    "statsVertexDensity": 0.5043592534417543
}