{
    "boundaryCount": 10,
    "statsArea": 465297.30900876323,
    "statsPerimeter": 13983.683877873824,
    "statsVertices": 132299,
    "statsLineResolution": 105.69757804574353,
    "statsVertexDensity": 9.460954720904036
}