{
    "boundaryCount": 1,
    "statsArea": 6106.660228970988,
    "statsPerimeter": 617.845117486938,
    "statsVertices": 7915,
    "statsLineResolution": 78.06002747781908,
    "statsVertexDensity": 12.810653958380327
}