{"boundaryCount": 1, "boundaryYearSourceLag": null, "statsArea": 142113.21727232652, "statsVertices": 6995, "statsLineResolution": 554.2181411537158, "statsVertexDensity": 1.8043436794008585, "statsPerimeter": 3876.755897370242}