{
    "boundaryCount": 1,
    "statsArea": 142113.45078824603,
    "statsPerimeter": 3836.745711222544,
    "statsVertices": 5938,
    "statsLineResolution": 646.1343400509504,
    "statsVertexDensity": 1.54766576857863
}