{
    "boundaryCount": 1,
    "statsArea": 142113.21727232652,
    "statsPerimeter": 3876.755897370242,
    "statsVertices": 6995,
    "statsLineResolution": 554.2181411537158,
    "statsVertexDensity": 1.8043436794008585
}