{
    "boundaryCount": 40,
    "statsArea": 57230.159713381945,
    "statsPerimeter": 8070.333762425894,
    "statsVertices": 12525,
    "statsLineResolution": 644.3380249441832,
    "statsVertexDensity": 1.5519804222118145
}