{
    "boundaryCount": 4,
    "statsArea": 72612.77801725574,
    "statsPerimeter": 3799.89278928179,
    "statsVertices": 12766,
    "statsLineResolution": 297.65727630281924,
    "statsVertexDensity": 3.3595684688811644
}