{
    "boundaryCount": 550,
    "statsArea": 7662602.740920617,
    "statsPerimeter": 310160.81973172503,
    "statsVertices": 2514412,
    "statsLineResolution": 123.35322124286913,
    "statsVertexDensity": 8.106800859550383
}