{
    "boundaryCount": 550,
    "statsArea": 7662602.7409206135,
    "statsPerimeter": 310160.81973172515,
    "statsVertices": 2514412,
    "statsLineResolution": 123.35322124286917,
    "statsVertexDensity": 8.10680085955038
}