{
    "boundaryCount": 1,
    "statsArea": 29663.611603333844,
    "statsPerimeter": 1143.0977064731655,
    "statsVertices": 203,
    "statsLineResolution": 5631.023184596876,
    "statsVertexDensity": 0.1775876190201817
}