{
    "boundaryCount": 1,
    "statsArea": 29588.310321407174,
    "statsPerimeter": 1207.708668333081,
    "statsVertices": 434,
    "statsLineResolution": 2782.738867126915,
    "statsVertexDensity": 0.35935818908960965
}