{
    "boundaryCount": 1,
    "statsArea": 29667.496174087988,
    "statsPerimeter": 1158.9224415279434,
    "statsVertices": 418,
    "statsLineResolution": 2772.541726143405,
    "statsVertexDensity": 0.36067987383944483
}