{
    "boundaryCount": 48,
    "statsArea": 2252264.9649634855,
    "statsPerimeter": 37516.56491462564,
    "statsVertices": 24807,
    "statsLineResolution": 1512.3378447464681,
    "statsVertexDensity": 0.6612279150943566
}