{
    "boundaryCount": 48,
    "boundaryYearSourceLag": 1,
    "statsArea": 2307409.378269779,
    "statsPerimeter": 37516.56493695862,
    "statsVertices": 13075,
    "statsLineResolution": 2869.3357504366054,
    "statsVertexDensity": 0.3485127175681122
}