{
    "boundaryCount": 1,
    "statsArea": 180.30569724718623,
    "statsPerimeter": 116.75833576688534,
    "statsVertices": 61,
    "statsLineResolution": 1914.0710781456614,
    "statsVertexDensity": 0.5224466381722841
}