{
    "boundaryCount": 1,
    "statsArea": 229.7355306457261,
    "statsPerimeter": 119.26666545889671,
    "statsVertices": 72,
    "statsLineResolution": 1656.4814647068988,
    "statsVertexDensity": 0.6036892179635358
}