{
    "boundaryCount": 8,
    "statsArea": 16969735.342154846,
    "statsPerimeter": 198590.69937236008,
    "statsVertices": 2964176,
    "statsLineResolution": 66.99693249400848,
    "statsVertexDensity": 14.926056503996355
}