{
    "boundaryCount": 8,
    "statsArea": 16969735.342154853,
    "statsPerimeter": 198590.69937236045,
    "statsVertices": 2964176,
    "statsLineResolution": 66.9969324940086,
    "statsVertexDensity": 14.926056503996326
}