{"boundaryCount": 1, "boundaryYearSourceLag": null, "statsArea": 3313.9648455534552, "statsVertices": 14114, "statsLineResolution": 49.16659314026553, "statsVertexDensity": 20.33901346687043, "statsPerimeter": 693.9372955817078}