{
    "boundaryCount": 1,
    "statsArea": 3313.9648455534552,
    "statsPerimeter": 693.9372955817078,
    "statsVertices": 14114,
    "statsLineResolution": 49.16659314026553,
    "statsVertexDensity": 20.33901346687043
}