{
    "boundaryCount": 1,
    "statsArea": 1872128.4257925914,
    "statsPerimeter": 9011.561649195215,
    "statsVertices": 48741,
    "statsLineResolution": 184.88667957561836,
    "statsVertexDensity": 5.408718477152387
}