{
    "boundaryCount": 1,
    "statsArea": 1872128.4260524993,
    "statsPerimeter": 9011.557846094967,
    "statsVertices": 49049,
    "statsLineResolution": 183.72561817967681,
    "statsVertexDensity": 5.4428990900008145
}