{
    "boundaryCount": 400,
    "statsArea": 357602.5603465183,
    "statsPerimeter": 90307.63560614655,
    "statsVertices": 1889638,
    "statsLineResolution": 47.790971395657024,
    "statsVertexDensity": 20.924454364425713
}