{
    "boundaryCount": 400,
    "statsArea": 357602.56034651666,
    "statsPerimeter": 90307.63560614755,
    "statsVertices": 1889638,
    "statsLineResolution": 47.79097139565756,
    "statsVertexDensity": 20.92445436442548
}