{
    "boundaryCount": 1,
    "statsArea": 5857.506118630581,
    "statsPerimeter": 783.2919833702531,
    "statsVertices": 9597,
    "statsLineResolution": 81.61842069086727,
    "statsVertexDensity": 12.25213611750142
}