{
    "boundaryCount": 1,
    "statsArea": 5857.506118630011,
    "statsPerimeter": 783.2919833702614,
    "statsVertices": 9597,
    "statsLineResolution": 81.61842069086812,
    "statsVertexDensity": 12.25213611750129
}