{
    "boundaryCount": 78,
    "statsArea": 13791.279391949536,
    "statsPerimeter": 5443.961788260917,
    "statsVertices": 117823,
    "statsLineResolution": 46.20457625642631,
    "statsVertexDensity": 21.64287784937571
}