{
    "boundaryCount": 85,
    "statsArea": 294954.8708366171,
    "statsPerimeter": 42431.05929297906,
    "statsVertices": 252031,
    "statsLineResolution": 168.3565088936641,
    "statsVertexDensity": 5.9397762912250185
}