{
    "boundaryCount": 81,
    "statsArea": 780079.2039704174,
    "statsPerimeter": 40762.85791801011,
    "statsVertices": 9856,
    "statsLineResolution": 4135.841915382519,
    "statsVertexDensity": 0.24178873865576925
}