{
    "boundaryCount": 1,
    "statsArea": 591812.7697602884,
    "statsPerimeter": 7577.429422030583,
    "statsVertices": 159096,
    "statsLineResolution": 47.62803227001674,
    "statsVertexDensity": 20.996038516366124
}