{
    "boundaryCount": 1,
    "statsArea": 591812.7697602933,
    "statsPerimeter": 7577.429422030481,
    "statsVertices": 159096,
    "statsLineResolution": 47.62803227001609,
    "statsVertexDensity": 20.996038516366404
}