{
    "boundaryCount": 1,
    "statsArea": 6074.328730043023,
    "statsPerimeter": 548.6303782541577,
    "statsVertices": 234,
    "statsLineResolution": 2344.574266043409,
    "statsVertexDensity": 0.42651666636585245
}