{
    "boundaryCount": 86,
    "boundaryYearSourceLag": 8,
    "statsArea": 1083759.8594959036,
    "statsPerimeter": 52006.399540693565,
    "statsVertices": 87113,
    "statsLineResolution": 596.9992944875456,
    "statsVertexDensity": 1.675043855551594
}