{
    "boundaryCount": 1,
    "statsArea": 1182031.6826771572,
    "statsPerimeter": 5505.338771404388,
    "statsVertices": 412,
    "statsLineResolution": 13362.472746127156,
    "statsVertexDensity": 0.07483644823820725
}