{
    "boundaryCount": 1,
    "statsArea": 1181300.8923483796,
    "statsPerimeter": 5586.128455834626,
    "statsVertices": 1042,
    "statsLineResolution": 5360.967807902713,
    "statsVertexDensity": 0.18653348347398757
}