{
    "boundaryCount": 1,
    "statsArea": 1182024.0470773405,
    "statsPerimeter": 5523.777446436813,
    "statsVertices": 570,
    "statsLineResolution": 9690.837625327742,
    "statsVertexDensity": 0.10319025440963162
}