{
    "boundaryCount": 12,
    "statsArea": 28335.852274479766,
    "statsPerimeter": 3324.903009186786,
    "statsVertices": 2471,
    "statsLineResolution": 1345.5698135114471,
    "statsVertexDensity": 0.7431795734108839
}