{
    "boundaryCount": 12,
    "statsArea": 28335.8581746827,
    "statsPerimeter": 3324.9040942546844,
    "statsVertices": 2471,
    "statsLineResolution": 1345.5702526324098,
    "statsVertexDensity": 0.743179330877483
}