{
    "boundaryCount": 1,
    "statsArea": 38.010260544932166,
    "statsPerimeter": 56.47733407450169,
    "statsVertices": 2247,
    "statsLineResolution": 25.134550099911745,
    "statsVertexDensity": 39.78587227640535
}