{
    "boundaryCount": 1,
    "statsArea": 38.01026054493833,
    "statsPerimeter": 56.47733407451451,
    "statsVertices": 2247,
    "statsLineResolution": 25.13455009991745,
    "statsVertexDensity": 39.78587227639632
}