{
    "boundaryCount": 1,
    "statsArea": 237379.48258778974,
    "statsPerimeter": 2592.36745443435,
    "statsVertices": 518,
    "statsLineResolution": 5004.570375355887,
    "statsVertexDensity": 0.19981735193980313
}