{
    "boundaryCount": 1,
    "statsArea": 236376.65609001208,
    "statsPerimeter": 2813.1871304186056,
    "statsVertices": 1198,
    "statsLineResolution": 2348.2363359086858,
    "statsVertexDensity": 0.42585151447843295
}