{
    "boundaryCount": 1,
    "statsArea": 237376.1453681821,
    "statsPerimeter": 2621.70545776725,
    "statsVertices": 975,
    "statsLineResolution": 2688.9286746330768,
    "statsVertexDensity": 0.3718953237524818
}