{
    "boundaryCount": 25,
    "statsArea": 1287109.7998058642,
    "statsPerimeter": 38636.962434959714,
    "statsVertices": 296030,
    "statsLineResolution": 130.51705041705137,
    "statsVertexDensity": 7.661834195644336
}