{
    "boundaryCount": 25,
    "statsArea": 1287109.7998058677,
    "statsPerimeter": 38636.9624349595,
    "statsVertices": 296030,
    "statsLineResolution": 130.51705041705063,
    "statsVertexDensity": 7.661834195644378
}