{
    "boundaryCount": 7,
    "statsArea": 990.9464663307867,
    "statsPerimeter": 527.5412899230172,
    "statsVertices": 9880,
    "statsLineResolution": 53.39486740111509,
    "statsVertexDensity": 18.72839185998458
}