{
    "boundaryCount": 7,
    "statsArea": 990.9464663299372,
    "statsPerimeter": 527.541289923013,
    "statsVertices": 9880,
    "statsLineResolution": 53.394867401114674,
    "statsVertexDensity": 18.72839185998473
}