{
    "boundaryCount": 1,
    "statsArea": 7702.3672092664665,
    "statsPerimeter": 4350.402256692214,
    "statsVertices": 126494,
    "statsLineResolution": 34.392162922290495,
    "statsVertexDensity": 29.076391684335526
}