{
    "boundaryCount": 1,
    "statsArea": 7702.367209267828,
    "statsPerimeter": 4350.402256692251,
    "statsVertices": 126494,
    "statsLineResolution": 34.39216292229079,
    "statsVertexDensity": 29.076391684335277
}