{
    "boundaryCount": 5567,
    "statsArea": 8515768.846537706,
    "statsPerimeter": 1016102.7684607726,
    "statsVertices": 7223418,
    "statsLineResolution": 140.66786228635428,
    "statsVertexDensity": 7.108944315684015
}