{
    "boundaryCount": 11,
    "statsArea": 308229.0282356996,
    "statsPerimeter": 9585.92643859773,
    "statsVertices": 142698,
    "statsLineResolution": 67.17631949009608,
    "statsVertexDensity": 14.886198106572834
}