{
    "boundaryCount": 11,
    "statsArea": 308229.0282356993,
    "statsPerimeter": 9585.926438597853,
    "statsVertices": 142698,
    "statsLineResolution": 67.17631949009693,
    "statsVertexDensity": 14.886198106572643
}