{
    "boundaryCount": 1,
    "statsArea": 2029.66880500781,
    "statsPerimeter": 493.42540351832093,
    "statsVertices": 1742,
    "statsLineResolution": 283.2522408256722,
    "statsVertexDensity": 3.5304222027865646
}