{
    "boundaryCount": 1,
    "statsArea": 64585.48979383852,
    "statsPerimeter": 1918.0698873556505,
    "statsVertices": 34402,
    "statsLineResolution": 55.75460401591915,
    "statsVertexDensity": 17.935738539448298
}