{
    "boundaryCount": 1,
    "statsArea": 64585.48979383874,
    "statsPerimeter": 1918.0698873557326,
    "statsVertices": 34402,
    "statsLineResolution": 55.75460401592153,
    "statsVertexDensity": 17.93573853944753
}