{
    "boundaryCount": 1,
    "statsArea": 3921.484127755686,
    "statsPerimeter": 932.6187147377212,
    "statsVertices": 586,
    "statsLineResolution": 1591.4995132043025,
    "statsVertexDensity": 0.6283382380599126
}