{
    "boundaryCount": 1,
    "statsArea": 3893.669382993213,
    "statsPerimeter": 712.3210367203131,
    "statsVertices": 338,
    "statsLineResolution": 2107.4586885216363,
    "statsVertexDensity": 0.474505149470565
}