{
    "boundaryCount": 294,
    "boundaryYearSourceLag": 0,
    "statsArea": 436269.2618935327,
    "statsPerimeter": 46020.25574135874,
    "statsVertices": 39723,
    "statsLineResolution": 1158.529208301456,
    "statsVertexDensity": 0.8631633909913423
}