{
    "boundaryCount": 14,
    "statsArea": 186917.56255039317,
    "statsPerimeter": 7307.162301324538,
    "statsVertices": 16470,
    "statsLineResolution": 443.6649849013077,
    "statsVertexDensity": 2.253952946551434
}