{
    "boundaryCount": 14,
    "statsArea": 186917.56319063512,
    "statsPerimeter": 7299.918467404978,
    "statsVertices": 14722,
    "statsLineResolution": 495.85100308415826,
    "statsVertexDensity": 2.0167348533734337
}