{"boundaryCount": 14, "boundaryYearSourceLag": null, "statsArea": 186917.56319063512, "statsVertices": 14722, "statsLineResolution": 493.37827463552156, "statsVertexDensity": 2.0268423872914556, "statsPerimeter": 7263.514959184148}