{
    "boundaryCount": 965,
    "statsArea": 241440.00185672092,
    "statsPerimeter": 76847.02666947765,
    "statsVertices": 858924,
    "statsLineResolution": 89.4689479738343,
    "statsVertexDensity": 11.177062239431446
}