{"boundaryCount": 966, "boundaryYearSourceLag": null, "statsArea": 241440.0691568101, "statsVertices": 812535, "statsLineResolution": 91.60944751867845, "statsVertexDensity": 10.915904713824498, "statsPerimeter": 74435.88243958939}