{
    "boundaryCount": 966,
    "statsArea": 241440.0691568101,
    "statsPerimeter": 76855.02397218806,
    "statsVertices": 812535,
    "statsLineResolution": 94.58672422995696,
    "statsVertexDensity": 10.572308198017561
}