{
    "boundaryCount": 1,
    "statsArea": 25043.63695886895,
    "statsPerimeter": 1064.403403053316,
    "statsVertices": 19601,
    "statsLineResolution": 54.30352548611377,
    "statsVertexDensity": 18.41501064706591
}