{
    "boundaryCount": 25,
    "statsArea": 913812.2838130072,
    "statsPerimeter": 29185.972800105148,
    "statsVertices": 173856,
    "statsLineResolution": 167.87440640590575,
    "statsVertexDensity": 5.956834167931989
}