{"boundaryCount": 13, "boundaryYearSourceLag": null, "statsArea": 823862.9359227802, "statsVertices": 87844, "statsLineResolution": 209.24223127332365, "statsVertexDensity": 4.779149954168407, "statsPerimeter": 18380.674563973844}