{
    "boundaryCount": 13,
    "statsArea": 823862.9359227802,
    "statsPerimeter": 18380.674563973844,
    "statsVertices": 87844,
    "statsLineResolution": 209.24223127332365,
    "statsVertexDensity": 4.779149954168407
}