{
    "boundaryCount": 1,
    "statsArea": 418.7197647500443,
    "statsPerimeter": 560.5315527147367,
    "statsVertices": 46858,
    "statsLineResolution": 11.962344801629106,
    "statsVertexDensity": 83.5956509014699
}