{
    "boundaryCount": 30,
    "statsArea": 24306.127412716596,
    "statsPerimeter": 5563.971938680315,
    "statsVertices": 181923,
    "statsLineResolution": 30.584213863449456,
    "statsVertexDensity": 32.69660631019451
}