{
    "boundaryCount": 83,
    "statsArea": 4335869.767845957,
    "statsPerimeter": 450722.5180989262,
    "statsVertices": 4776871,
    "statsLineResolution": 94.35517896525282,
    "statsVertexDensity": 10.598252379641604
}