{
    "boundaryCount": 83,
    "boundaryYearSourceLag": 1,
    "statsArea": 16884695.4977023,
    "statsPerimeter": 450723.7909053669,
    "statsVertices": 830795,
    "statsLineResolution": 542.5210682603613,
    "statsVertexDensity": 1.8432463889496176
}