{
    "boundaryCount": 7,
    "statsArea": 22158.652622148576,
    "statsPerimeter": 1950.7580457634735,
    "statsVertices": 7612,
    "statsLineResolution": 256.2740469999308,
    "statsVertexDensity": 3.902072846261603
}