{"boundaryCount": 7, "boundaryYearSourceLag": null, "statsArea": 22158.650563467563, "statsVertices": 7355, "statsLineResolution": 265.2288962325137, "statsVertexDensity": 3.770328249314686, "statsPerimeter": 1950.7585317901385}