{
    "boundaryCount": 7,
    "statsArea": 22158.650563467563,
    "statsPerimeter": 1950.7585317901385,
    "statsVertices": 7355,
    "statsLineResolution": 265.2288962325137,
    "statsVertexDensity": 3.770328249314686
}