{
    "boundaryCount": 74,
    "boundaryYearSourceLag": 6,
    "statsArea": 668904.9836690974,
    "statsPerimeter": 56745.08472789171,
    "statsVertices": 195435,
    "statsLineResolution": 290.35272457795026,
    "statsVertexDensity": 3.4440868480003966
}