{
    "boundaryCount": 1,
    "boundaryYearSourceLag": 0,
    "statsArea": 6019.620300871233,
    "statsPerimeter": 615.3078829791772,
    "statsVertices": 22204,
    "statsLineResolution": 27.711578228210104,
    "statsVertexDensity": 36.08599956901806
}