{
    "boundaryCount": 8,
    "statsArea": 43295.70135144133,
    "statsPerimeter": 6446.07644401852,
    "statsVertices": 8061,
    "statsLineResolution": 799.6621317477385,
    "statsVertexDensity": 1.25052814219726
}