{"boundaryCount": 13, "boundaryYearSourceLag": null, "statsArea": 15082.2385161546, "statsVertices": 724, "statsLineResolution": 3037.6096537525823, "statsVertexDensity": 0.3292062226509672, "statsPerimeter": 2199.2293893168694}