{
    "boundaryCount": 103,
    "boundaryYearSourceLag": 12,
    "statsArea": 20749.843439399334,
    "statsPerimeter": 8972.1963347082,
    "statsVertices": 231187,
    "statsLineResolution": 38.80925975382786,
    "statsVertexDensity": 25.767046481770823
}