{
    "boundaryCount": 2457,
    "statsArea": 1957075.9767090173,
    "statsPerimeter": 369721.3870227413,
    "statsVertices": 3662185,
    "statsLineResolution": 100.95650193060736,
    "statsVertexDensity": 9.905256034795578
}