{
    "boundaryCount": 197,
    "boundaryYearSourceLag": 4,
    "statsArea": 179127.26714919883,
    "statsPerimeter": 28642.16469338369,
    "statsVertices": 55312,
    "statsLineResolution": 517.8291273753198,
    "statsVertexDensity": 1.9311389551774003
}