{
    "boundaryCount": 1,
    "statsArea": 1127162.7164873967,
    "statsPerimeter": 5883.197050328281,
    "statsVertices": 22171,
    "statsLineResolution": 265.3555117192856,
    "statsVertexDensity": 3.7685292214991954
}