{
    "boundaryCount": 1,
    "statsArea": 1127162.7164873972,
    "statsPerimeter": 5883.197050328235,
    "statsVertices": 22171,
    "statsLineResolution": 265.35551171928347,
    "statsVertexDensity": 3.768529221499225
}