{"boundaryCount": 1, "boundaryYearSourceLag": null, "statsArea": 164.82238208673095, "statsVertices": 211, "statsLineResolution": 1924.000832298908, "statsVertexDensity": 0.5197502949128883, "statsPerimeter": 405.9641756150696}