{
    "boundaryCount": 1,
    "statsArea": 198317.20909383355,
    "statsPerimeter": 4645.259537753777,
    "statsVertices": 33734,
    "statsLineResolution": 137.70260087015407,
    "statsVertexDensity": 7.262026960136684
}