{
    "boundaryCount": 22,
    "statsArea": 3926.706530028286,
    "statsPerimeter": 1288.39347221339,
    "statsVertices": 629,
    "statsLineResolution": 2048.3203055856757,
    "statsVertexDensity": 0.488204895139225
}