{"boundaryCount": 22, "boundaryYearSourceLag": null, "statsArea": 3926.706530028286, "statsVertices": 629, "statsLineResolution": 2048.3203055856757, "statsVertexDensity": 0.488204895139225, "statsPerimeter": 1288.39347221339}