{
    "boundaryCount": 19,
    "boundaryYearSourceLag": 0,
    "statsArea": 1871541.1162048574,
    "statsPerimeter": 28140.78773124034,
    "statsVertices": 19973,
    "statsLineResolution": 1408.941457529682,
    "statsVertexDensity": 0.7097526974281209
}