{
    "boundaryCount": 48,
    "boundaryYearSourceLag": 5,
    "statsArea": 264715.5128534465,
    "statsPerimeter": 17858.04136059314,
    "statsVertices": 8347,
    "statsLineResolution": 2139.4562550129554,
    "statsVertexDensity": 0.4674084817845198
}