{
    "boundaryCount": 9,
    "statsArea": 83915.0480428626,
    "statsPerimeter": 6847.103446404683,
    "statsVertices": 364325,
    "statsLineResolution": 18.793943447209728,
    "statsVertexDensity": 53.2086308979751
}