{
    "boundaryCount": 2772,
    "statsArea": 49116.49235371577,
    "statsPerimeter": 56956.88658355887,
    "statsVertices": 1612960,
    "statsLineResolution": 35.31202669846672,
    "statsVertexDensity": 28.318963636358518
}