{
    "boundaryCount": 2939,
    "statsArea": 238338.59874830715,
    "statsPerimeter": 148961.8628791535,
    "statsVertices": 1022306,
    "statsLineResolution": 145.71161949470462,
    "statsVertexDensity": 6.862870672001155
}