{"boundaryCount": 2939, "boundaryYearSourceLag": null, "statsArea": 238338.6014612399, "statsVertices": 1015051, "statsLineResolution": 146.7207932207768, "statsVertexDensity": 6.8156665326587955, "statsPerimeter": 148929.08787954273}