{
    "boundaryCount": 2939,
    "statsArea": 238338.6014612399,
    "statsPerimeter": 148961.87481234327,
    "statsVertices": 1015051,
    "statsLineResolution": 146.7530939946301,
    "statsVertexDensity": 6.814166385048014
}