{
    "boundaryCount": 14,
    "statsArea": 321676.72089332814,
    "statsPerimeter": 13744.544698018886,
    "statsVertices": 50021,
    "statsLineResolution": 274.7754882553105,
    "statsVertexDensity": 3.639334812393599
}