{
    "boundaryCount": 14,
    "statsArea": 321676.72089332767,
    "statsPerimeter": 13744.544698018904,
    "statsVertices": 50021,
    "statsLineResolution": 274.77548825531085,
    "statsVertexDensity": 3.639334812393594
}