{
    "boundaryCount": 333,
    "statsArea": 66019.17880755554,
    "statsPerimeter": 28917.412395976946,
    "statsVertices": 1366541,
    "statsLineResolution": 21.161028023291614,
    "statsVertexDensity": 47.25668331894441
}