{
    "boundaryCount": 5,
    "statsArea": 141185.19454739935,
    "statsPerimeter": 6599.721281397045,
    "statsVertices": 21048,
    "statsLineResolution": 313.55574312984817,
    "statsVertexDensity": 3.1892255903789484
}