{
    "boundaryCount": 5,
    "statsArea": 141185.19454739863,
    "statsPerimeter": 6599.72128139702,
    "statsVertices": 21048,
    "statsLineResolution": 313.55574312984703,
    "statsVertexDensity": 3.1892255903789604
}