{
    "boundaryCount": 1,
    "statsArea": 28532.82533282535,
    "statsPerimeter": 10687.430946634446,
    "statsVertices": 168494,
    "statsLineResolution": 63.42914849569982,
    "statsVertexDensity": 15.76562233162873
}