{
    "boundaryCount": 1,
    "statsArea": 86254.43676494072,
    "statsPerimeter": 3301.4801789557446,
    "statsVertices": 17988,
    "statsLineResolution": 183.5379241136171,
    "statsVertexDensity": 5.44846524133596
}