{
    "boundaryCount": 386,
    "statsArea": 48068.20319636758,
    "statsPerimeter": 25575.906656892363,
    "statsVertices": 716463,
    "statsLineResolution": 35.69745633325428,
    "statsVertexDensity": 28.013200455082316
}