{
    "boundaryCount": 36,
    "statsArea": 662758.3385747602,
    "statsPerimeter": 30635.99310251122,
    "statsVertices": 84716,
    "statsLineResolution": 361.63172367098565,
    "statsVertexDensity": 2.7652441269500048
}