{"boundaryCount": 1, "boundaryYearSourceLag": null, "statsArea": 506043.75857358, "statsVertices": 243251, "statsLineResolution": 48.04100031632612, "statsVertexDensity": 20.815553244426567, "statsPerimeter": 11686.021367946645}