{
    "boundaryCount": 1,
    "statsArea": 506044.3191588894,
    "statsPerimeter": 11834.315827724235,
    "statsVertices": 245122,
    "statsLineResolution": 48.27928879384239,
    "statsVertexDensity": 20.712815473941724
}