{
    "boundaryCount": 8,
    "statsArea": 244816.17399312093,
    "statsPerimeter": 11874.286521760687,
    "statsVertices": 56678,
    "statsLineResolution": 209.5043318705792,
    "statsVertexDensity": 4.773170993990462
}