{
    "boundaryCount": 5,
    "statsArea": 3789.6504637211888,
    "statsPerimeter": 10073.083788723852,
    "statsVertices": 845938,
    "statsLineResolution": 11.907591086727221,
    "statsVertexDensity": 83.98004203508873
}