{
    "boundaryCount": 5,
    "statsArea": 3789.6504637161293,
    "statsPerimeter": 10073.083788724294,
    "statsVertices": 845938,
    "statsLineResolution": 11.907591086727743,
    "statsVertexDensity": 83.98004203508505
}