{
    "boundaryCount": 1,
    "statsArea": 83257.21899807168,
    "statsPerimeter": 2232.18828717602,
    "statsVertices": 16486,
    "statsLineResolution": 135.39902263593473,
    "statsVertexDensity": 7.385577683886481
}