{
    "boundaryCount": 1,
    "statsArea": 5716.693259115675,
    "statsPerimeter": 583.8148152609597,
    "statsVertices": 156,
    "statsLineResolution": 3742.4026619292285,
    "statsVertexDensity": 0.26720801857395393
}