{
    "boundaryCount": 1,
    "boundaryYearSourceLag": 1,
    "statsArea": 69571.13448471928,
    "statsPerimeter": 2257.199562844084,
    "statsVertices": 2925,
    "statsLineResolution": 771.6921582372937,
    "statsVertexDensity": 1.295853520507723
}