{
    "boundaryCount": 1,
    "statsArea": 69571.15690211116,
    "statsPerimeter": 2257.198238369328,
    "statsVertices": 11811,
    "statsLineResolution": 191.10983306826924,
    "statsVertexDensity": 5.232593132153356
}