{
    "boundaryCount": 35,
    "statsArea": 1888271.1181794866,
    "statsPerimeter": 100732.24727462279,
    "statsVertices": 139328,
    "statsLineResolution": 722.9863866173546,
    "statsVertexDensity": 1.383151907850869
}