{
    "boundaryCount": 12,
    "statsArea": 684049.9828528638,
    "statsPerimeter": 15437.393791049168,
    "statsVertices": 33816,
    "statsLineResolution": 456.51152682307685,
    "statsVertexDensity": 2.1905251921219384
}