{
    "boundaryCount": 60,
    "statsArea": 315541.5117043844,
    "statsPerimeter": 33592.634411898136,
    "statsVertices": 416687,
    "statsLineResolution": 80.61838841120105,
    "statsVertexDensity": 12.404117964990984
}