{
    "boundaryCount": 60,
    "statsArea": 315541.5117043886,
    "statsPerimeter": 33592.63441189823,
    "statsVertices": 416687,
    "statsLineResolution": 80.6183884112013,
    "statsVertexDensity": 12.404117964990949
}