{
    "boundaryCount": 5,
    "statsArea": 323.367758310682,
    "statsPerimeter": 330.6725424532483,
    "statsVertices": 6518,
    "statsLineResolution": 50.73220964302674,
    "statsVertexDensity": 19.711343287359696
}