{"boundaryCount": 5, "boundaryYearSourceLag": null, "statsArea": 323.3677697098582, "statsVertices": 6492, "statsLineResolution": 50.83612949282812, "statsVertexDensity": 19.67104911362456, "statsPerimeter": 330.02815266744017}