{
    "boundaryCount": 5,
    "statsArea": 323.3677697098582,
    "statsPerimeter": 330.02815266744017,
    "statsVertices": 6492,
    "statsLineResolution": 50.83612949282812,
    "statsVertexDensity": 19.67104911362456
}