{
    "boundaryCount": 10,
    "statsArea": 652888.2137558248,
    "statsPerimeter": 14725.651816074795,
    "statsVertices": 42194,
    "statsLineResolution": 348.99871583814746,
    "statsVertexDensity": 2.8653400560469757
}