{
    "boundaryCount": 26,
    "boundaryYearSourceLag": 8,
    "statsArea": 637057.5683851816,
    "statsPerimeter": 30822.578030365985,
    "statsVertices": 70934,
    "statsLineResolution": 434.52474173691013,
    "statsVertexDensity": 2.30136492574102
}