{
    "boundaryCount": 438,
    "statsArea": 325122.9685823451,
    "statsPerimeter": 99520.04913156146,
    "statsVertices": 634708,
    "statsLineResolution": 156.79658855971795,
    "statsVertexDensity": 6.377689777473299
}