{
    "boundaryCount": 438,
    "statsArea": 325121.2319339951,
    "statsPerimeter": 99515.99551742602,
    "statsVertices": 681682,
    "statsLineResolution": 145.9859516863083,
    "statsVertexDensity": 6.849974182096507
}