{
    "boundaryCount": 14,
    "statsArea": 113482.45217942224,
    "statsPerimeter": 19101.54852172689,
    "statsVertices": 689342,
    "statsLineResolution": 27.709828389575698,
    "statsVertexDensity": 36.088278351669445
}