{
    "boundaryCount": 14,
    "boundaryYearSourceLag": 1,
    "statsArea": 132414.84765936213,
    "statsPerimeter": 19101.529932065314,
    "statsVertices": 266533,
    "statsLineResolution": 71.66666015864945,
    "statsVertexDensity": 13.953489639203035
}