{
    "boundaryCount": 1,
    "statsArea": 390728.0016560376,
    "statsPerimeter": 3252.164833131774,
    "statsVertices": 20209,
    "statsLineResolution": 160.92655911384898,
    "statsVertexDensity": 6.214014675430554
}