{
    "boundaryCount": 1,
    "statsArea": 51145.66275155325,
    "statsPerimeter": 1566.5265845112558,
    "statsVertices": 5077,
    "statsLineResolution": 308.5535915917384,
    "statsVertexDensity": 3.2409280826753317
}