{
    "boundaryCount": 6,
    "statsArea": 377620.79622291337,
    "statsPerimeter": 9523.678747873797,
    "statsVertices": 113859,
    "statsLineResolution": 83.64449668338732,
    "statsVertexDensity": 11.95535916469458
}