{
    "boundaryCount": 1,
    "statsArea": 1137790.5725142774,
    "statsPerimeter": 11085.797624600662,
    "statsVertices": 132197,
    "statsLineResolution": 83.85816338192744,
    "statsVertexDensity": 11.924897465802518
}