{
    "boundaryCount": 1,
    "statsArea": 1137790.5725142774,
    "statsPerimeter": 11085.797624600693,
    "statsVertices": 132197,
    "statsLineResolution": 83.85816338192768,
    "statsVertexDensity": 11.924897465802484
}