{"boundaryCount": 1, "boundaryYearSourceLag": null, "statsArea": 19980.912990109773, "statsVertices": 3075, "statsLineResolution": 351.5281640752771, "statsVertexDensity": 2.8447222788836273, "statsPerimeter": 1080.9491045314771}