{
    "boundaryCount": 1,
    "statsArea": 19980.91300774872,
    "statsPerimeter": 1081.4554639026014,
    "statsVertices": 3189,
    "statsLineResolution": 339.1205593924746,
    "statsVertexDensity": 2.9488038171188244
}