{
    "boundaryCount": 18,
    "statsArea": 1439535.2016030303,
    "statsPerimeter": 28732.34519401333,
    "statsVertices": 35300,
    "statsLineResolution": 813.9474559210576,
    "statsVertexDensity": 1.2285805339466374
}