{
    "boundaryCount": 18,
    "boundaryYearSourceLag": 1,
    "statsArea": 1870661.0736076948,
    "statsPerimeter": 28732.34101410308,
    "statsVertices": 12376,
    "statsLineResolution": 2321.617728999926,
    "statsVertexDensity": 0.4307341331472198
}