{
    "boundaryCount": 1,
    "statsArea": 586078.3124566056,
    "statsPerimeter": 5045.172361943721,
    "statsVertices": 11127,
    "statsLineResolution": 453.4171260846338,
    "statsVertexDensity": 2.2054746997212944
}