{
    "boundaryCount": 1,
    "statsArea": 874186.2570868824,
    "statsPerimeter": 11594.312596779,
    "statsVertices": 102608,
    "statsLineResolution": 112.99618545122213,
    "statsVertexDensity": 8.849856267331052
}