{
    "boundaryCount": 1,
    "statsArea": 874177.1375567762,
    "statsPerimeter": 11596.347034775921,
    "statsVertices": 102062,
    "statsLineResolution": 113.62061330148265,
    "statsVertexDensity": 8.801219875011455
}