{
    "boundaryCount": 1,
    "statsArea": 453339.0288038687,
    "statsPerimeter": 4733.302847282441,
    "statsVertices": 9090,
    "statsLineResolution": 520.7153847395424,
    "statsVertexDensity": 1.9204349041851179
}