{
    "boundaryCount": 1,
    "statsArea": 2599.9783414389503,
    "statsPerimeter": 368.6825011725093,
    "statsVertices": 16761,
    "statsLineResolution": 21.9964501624312,
    "statsVertexDensity": 45.461881013325886
}