{
    "boundaryCount": 1,
    "statsArea": 2599.978341438731,
    "statsPerimeter": 368.6825011725667,
    "statsVertices": 16761,
    "statsLineResolution": 21.99645016243462,
    "statsVertexDensity": 45.461881013318816
}