{
    "boundaryCount": 3,
    "statsArea": 399.31884874911395,
    "statsPerimeter": 286.1253098604203,
    "statsVertices": 15475,
    "statsLineResolution": 18.489519215536045,
    "statsVertexDensity": 54.08469459604648
}