{
    "boundaryCount": 43,
    "statsArea": 30666.827078076658,
    "statsPerimeter": 8561.650146505097,
    "statsVertices": 201456,
    "statsLineResolution": 42.49885903872358,
    "statsVertexDensity": 23.530043455727423
}