{
    "boundaryCount": 43,
    "statsArea": 30666.827078076687,
    "statsPerimeter": 8561.650146504982,
    "statsVertices": 201456,
    "statsLineResolution": 42.498859038723005,
    "statsVertexDensity": 23.53004345572774
}