{
    "boundaryCount": 1,
    "statsArea": 436454.49159940175,
    "statsPerimeter": 3590.735331428362,
    "statsVertices": 4521,
    "statsLineResolution": 794.234755900987,
    "statsVertexDensity": 1.2590735831820796
}