{"boundaryCount": 1, "boundaryYearSourceLag": null, "statsArea": 445148.4165521638, "statsVertices": 4113, "statsLineResolution": 868.0579958569976, "statsVertexDensity": 1.1519967614752993, "statsPerimeter": 3570.3225369598313}