{
    "boundaryCount": 18,
    "statsArea": 25043.671245576774,
    "statsPerimeter": 4157.088893104859,
    "statsVertices": 69191,
    "statsLineResolution": 60.081352966496496,
    "statsVertexDensity": 16.644099219230892
}