{
    "boundaryCount": 175,
    "boundaryYearSourceLag": 0,
    "statsArea": 620303.4838547934,
    "statsPerimeter": 48412.26410706819,
    "statsVertices": 78748,
    "statsLineResolution": 614.7745226173134,
    "statsVertexDensity": 1.6266126249712578
}