{
    "boundaryCount": 5160,
    "boundaryYearSourceLag": 5,
    "statsArea": 139852.01957437248,
    "statsPerimeter": 162451.91058694338,
    "statsVertices": 7768324,
    "statsLineResolution": 20.91209256809363,
    "statsVertexDensity": 47.81922214354281
}