{
    "boundaryCount": 1,
    "statsArea": 16969733.107412357,
    "statsPerimeter": 146869.96850000622,
    "statsVertices": 2750873,
    "statsLineResolution": 53.39031227541447,
    "statsVertexDensity": 18.729989718761896
}