{
    "boundaryCount": 1,
    "statsArea": 16969733.107412353,
    "statsPerimeter": 146869.96850000627,
    "statsVertices": 2750873,
    "statsLineResolution": 53.390312275414495,
    "statsVertexDensity": 18.72998971876189
}