{
    "boundaryCount": 1627,
    "boundaryYearSourceLag": 1,
    "statsArea": 10251.859646474919,
    "statsPerimeter": 19591.88460624806,
    "statsVertices": 444266,
    "statsLineResolution": 44.099446291744265,
    "statsVertexDensity": 22.676021675746238
}