{
    "boundaryCount": 1,
    "statsArea": 30550.049793362457,
    "statsPerimeter": 1103.5268954062544,
    "statsVertices": 21510,
    "statsLineResolution": 51.30297049773382,
    "statsVertexDensity": 19.49204871176363
}