{
    "boundaryCount": 1,
    "statsArea": 30550.049793361813,
    "statsPerimeter": 1103.5268954062992,
    "statsVertices": 21510,
    "statsLineResolution": 51.302970497735906,
    "statsVertexDensity": 19.492048711762838
}