{
    "boundaryCount": 19,
    "statsArea": 804964.0599532346,
    "statsPerimeter": 18055.10243020807,
    "statsVertices": 99152,
    "statsLineResolution": 182.09519152622306,
    "statsVertexDensity": 5.4916332035928175
}