{
    "boundaryCount": 19,
    "statsArea": 804964.0599532318,
    "statsPerimeter": 18055.10243020801,
    "statsVertices": 99152,
    "statsLineResolution": 182.0951915262225,
    "statsVertexDensity": 5.491633203592835
}