{"boundaryCount": 4277, "boundaryYearSourceLag": null, "statsArea": 1219709.0772142229, "statsVertices": 3293719, "statsLineResolution": 84.98300527360176, "statsVertexDensity": 11.7670585640095, "statsPerimeter": 279910.1391467623}