{
    "boundaryCount": 4277,
    "statsArea": 1219709.0772142229,
    "statsPerimeter": 281067.36311538133,
    "statsVertices": 3293719,
    "statsLineResolution": 85.33434792566742,
    "statsVertexDensity": 11.718610668602926
}