{
    "boundaryCount": 4277,
    "statsArea": 1219709.0735048912,
    "statsPerimeter": 281031.53737361095,
    "statsVertices": 3437492,
    "statsLineResolution": 81.7548193199027,
    "statsVertexDensity": 12.231694820179932
}