{
    "boundaryCount": 1,
    "statsArea": 450187.7418089767,
    "statsPerimeter": 40959.66086666539,
    "statsVertices": 2786330,
    "statsLineResolution": 14.700218878117592,
    "statsVertexDensity": 68.02619799685955
}