{
    "boundaryCount": 1,
    "statsArea": 450187.74180897704,
    "statsPerimeter": 40959.66086666534,
    "statsVertices": 2786330,
    "statsLineResolution": 14.700218878117575,
    "statsVertexDensity": 68.02619799685964
}