{
    "boundaryCount": 51,
    "statsArea": 9464228.298918499,
    "statsPerimeter": 151228.80451178498,
    "statsVertices": 53352,
    "statsLineResolution": 2834.547992798489,
    "statsVertexDensity": 0.35278993424723115
}