{
    "boundaryCount": 1,
    "statsArea": 69954.60516140219,
    "statsPerimeter": 9650.47549766345,
    "statsVertices": 385095,
    "statsLineResolution": 25.059986490770978,
    "statsVertexDensity": 39.904251359763386
}