{
    "boundaryCount": 1,
    "statsArea": 69954.6051614051,
    "statsPerimeter": 9650.475497663321,
    "statsVertices": 385095,
    "statsLineResolution": 25.059986490770644,
    "statsVertexDensity": 39.904251359763926
}