{
    "boundaryCount": 1,
    "statsArea": 9955193.760745294,
    "statsPerimeter": 295568.6103748058,
    "statsVertices": 3889963,
    "statsLineResolution": 75.98237062275548,
    "statsVertexDensity": 13.160947622507006
}