{
    "boundaryCount": 1,
    "statsArea": 9955196.15980114,
    "statsPerimeter": 296206.5379108871,
    "statsVertices": 3896730,
    "statsLineResolution": 76.01412925988896,
    "statsVertexDensity": 13.15544899002979
}