{"boundaryCount": 1, "boundaryYearSourceLag": null, "statsArea": 9955193.760745298, "statsVertices": 3889963, "statsLineResolution": 75.97906332429834, "statsVertexDensity": 13.161520506402413, "statsPerimeter": 295555.7451061775}