{
    "boundaryCount": 69,
    "statsArea": 272285.33238302264,
    "statsPerimeter": 38218.204291999624,
    "statsVertices": 1075923,
    "statsLineResolution": 35.52131917618605,
    "statsVertexDensity": 28.15210761289555
}