{
    "boundaryCount": 25,
    "statsArea": 78231.64449922326,
    "statsPerimeter": 8379.466805199238,
    "statsVertices": 28115,
    "statsLineResolution": 298.0425682091139,
    "statsVertexDensity": 3.3552254163183015
}