{
    "boundaryCount": 25,
    "statsArea": 78231.64384094835,
    "statsPerimeter": 8379.462786020136,
    "statsVertices": 26939,
    "statsLineResolution": 311.05322343146133,
    "statsVertexDensity": 3.214883899829908
}