{
    "boundaryCount": 53,
    "statsArea": 17364.588207598594,
    "statsPerimeter": 5134.260912620306,
    "statsVertices": 12952,
    "statsLineResolution": 396.40680301268577,
    "statsVertexDensity": 2.5226610451687885
}