{
    "boundaryCount": 53,
    "statsArea": 17364.588207598375,
    "statsPerimeter": 5134.260912620363,
    "statsVertices": 12952,
    "statsLineResolution": 396.4068030126902,
    "statsVertexDensity": 2.5226610451687606
}