{
    "boundaryCount": 1,
    "boundaryYearSourceLag": 1,
    "statsArea": 53.02139474006462,
    "statsPerimeter": 77.87406232025067,
    "statsVertices": 174,
    "statsLineResolution": 447.5520823002912,
    "statsVertexDensity": 2.2343768234979104
}