{
    "boundaryCount": 16,
    "statsArea": 109929.19865948474,
    "statsPerimeter": 9530.689660757442,
    "statsVertices": 5377,
    "statsLineResolution": 1772.4920328728736,
    "statsVertexDensity": 0.5641774301118802
}