{
    "boundaryCount": 1,
    "statsArea": 461688.8406707372,
    "statsPerimeter": 9805.221518669887,
    "statsVertices": 1573,
    "statsLineResolution": 6233.452968003742,
    "statsVertexDensity": 0.16042472849847284
}