{
    "boundaryCount": 1,
    "statsArea": 463546.2822005592,
    "statsPerimeter": 10678.661082353769,
    "statsVertices": 3038,
    "statsLineResolution": 3515.0299810249403,
    "statsVertexDensity": 0.2844925947711012
}