{
    "boundaryCount": 1,
    "statsArea": 465147.37641106854,
    "statsPerimeter": 11968.01293916541,
    "statsVertices": 4795,
    "statsLineResolution": 2495.9359622868424,
    "statsVertexDensity": 0.4006513048050213
}