{
    "boundaryCount": 32,
    "statsArea": 13388.076766174172,
    "statsPerimeter": 13557.557169727364,
    "statsVertices": 275184,
    "statsLineResolution": 49.26724362509217,
    "statsVertexDensity": 20.29746189191499
}