{
    "boundaryCount": 1,
    "statsArea": 2014.4396138244147,
    "statsPerimeter": 249.65940707747228,
    "statsVertices": 113,
    "statsLineResolution": 2209.3752838714363,
    "statsVertexDensity": 0.4526166320860273
}