{
    "boundaryCount": 1,
    "statsArea": 2133.2510648100597,
    "statsPerimeter": 213.87351247194357,
    "statsVertices": 44,
    "statsLineResolution": 4860.761647089626,
    "statsVertexDensity": 0.20572907552435707
}