{
    "boundaryCount": 1,
    "statsArea": 2172.021119788373,
    "statsPerimeter": 238.4852418073055,
    "statsVertices": 72,
    "statsLineResolution": 3312.295025101465,
    "statsVertexDensity": 0.3019054741264683
}