{
    "boundaryCount": 9,
    "statsArea": 3.8031645861034877,
    "statsPerimeter": 245.21064219812826,
    "statsVertices": 3729,
    "statsLineResolution": 65.75774797482656,
    "statsVertexDensity": 15.20733344430866
}