{
    "boundaryCount": 9,
    "boundaryYearSourceLag": 1,
    "statsArea": 41.65056026005303,
    "statsPerimeter": 245.20801699977656,
    "statsVertices": 646,
    "statsLineResolution": 379.57897368386466,
    "statsVertexDensity": 2.6344978761464746
}