{
    "boundaryCount": 10,
    "statsArea": 25311.332038771634,
    "statsPerimeter": 2613.5010545915484,
    "statsVertices": 4794,
    "statsLineResolution": 545.1608374200142,
    "statsVertexDensity": 1.8343210505224883
}