{
    "boundaryCount": 6,
    "statsArea": 22071.698363963176,
    "statsPerimeter": 2027.2761925515342,
    "statsVertices": 20290,
    "statsLineResolution": 99.91504152545757,
    "statsVertexDensity": 10.008503071534108
}