{
    "boundaryCount": 6,
    "statsArea": 22071.6983639646,
    "statsPerimeter": 2027.2761925515438,
    "statsVertices": 20290,
    "statsLineResolution": 99.91504152545804,
    "statsVertexDensity": 10.00850307153406
}