{
    "boundaryCount": 51,
    "boundaryYearSourceLag": 9,
    "statsArea": 2029.685122711926,
    "statsPerimeter": 1791.0425889164487,
    "statsVertices": 7506,
    "statsLineResolution": 238.6147866928389,
    "statsVertexDensity": 4.190855117823305
}