{
    "boundaryCount": 52,
    "statsArea": 1219351.3858559066,
    "statsPerimeter": 53801.95738613596,
    "statsVertices": 511609,
    "statsLineResolution": 105.16225747814435,
    "statsVertexDensity": 9.50911499981662
}