{
    "boundaryCount": 54,
    "statsArea": 413477.27265948686,
    "statsPerimeter": 23445.543960505693,
    "statsVertices": 80758,
    "statsLineResolution": 290.3185314211062,
    "statsVertexDensity": 3.444492485908531
}