{"boundaryCount": 54, "boundaryYearSourceLag": null, "statsArea": 413473.6042447392, "statsVertices": 81416, "statsLineResolution": 286.6964769724967, "statsVertexDensity": 3.488009376885129, "statsPerimeter": 23341.680369192793}