{
    "boundaryCount": 54,
    "statsArea": 413473.6042447392,
    "statsPerimeter": 23454.543216194194,
    "statsVertices": 81416,
    "statsLineResolution": 288.0827259530583,
    "statsVertexDensity": 3.471225137472995
}