{
    "boundaryCount": 18,
    "boundaryYearSourceLag": 1,
    "statsArea": 111736.68855644853,
    "statsPerimeter": 10855.953539002787,
    "statsVertices": 1133275,
    "statsLineResolution": 9.57927558536347,
    "statsVertexDensity": 104.39202746478419
}