{
    "boundaryCount": 10,
    "boundaryYearSourceLag": 1,
    "statsArea": 390689.6314002906,
    "statsPerimeter": 12524.475689903467,
    "statsVertices": 15679,
    "statsLineResolution": 798.8057714078365,
    "statsVertexDensity": 1.2518687718512267
}