{
    "boundaryCount": 6,
    "statsArea": 563.2023176481191,
    "statsPerimeter": 720.3207585922862,
    "statsVertices": 13300,
    "statsLineResolution": 54.15945553325461,
    "statsVertexDensity": 18.46399654786018
}