{
    "boundaryCount": 6,
    "statsArea": 563.2023176479953,
    "statsPerimeter": 720.3207585922867,
    "statsVertices": 13300,
    "statsLineResolution": 54.15945553325463,
    "statsVertexDensity": 18.46399654786017
}