{
    "boundaryCount": 1,
    "statsArea": 321658.072162221,
    "statsPerimeter": 3876.6700150273855,
    "statsVertices": 14274,
    "statsLineResolution": 271.58960452762966,
    "statsVertexDensity": 3.6820260544923284
}