{"boundaryCount": 1, "boundaryYearSourceLag": null, "statsArea": 321658.07206904626, "statsVertices": 14268, "statsLineResolution": 271.65487854074956, "statsVertexDensity": 3.681141326714643, "statsPerimeter": 3875.9718070194144}