{
    "boundaryCount": 1,
    "statsArea": 321658.07206904626,
    "statsPerimeter": 3875.9718070194144,
    "statsVertices": 14268,
    "statsLineResolution": 271.65487854074956,
    "statsVertexDensity": 3.681141326714643
}