{"boundaryCount": 30, "boundaryYearSourceLag": null, "statsArea": 10913.070379251403, "statsVertices": 1190, "statsLineResolution": 2276.776623838245, "statsVertexDensity": 0.43921743992354234, "statsPerimeter": 2709.3641823675116}