{
    "boundaryCount": 1,
    "statsArea": 572.9869450207648,
    "statsPerimeter": 202.0307001986706,
    "statsVertices": 7144,
    "statsLineResolution": 28.279773264091627,
    "statsVertexDensity": 35.36096243281252
}