{
    "boundaryCount": 1,
    "statsArea": 572.9869450204017,
    "statsPerimeter": 202.03070019869668,
    "statsVertices": 7144,
    "statsLineResolution": 28.27977326409528,
    "statsVertexDensity": 35.36096243280796
}