{
    "boundaryCount": 66,
    "statsArea": 95918.0879766733,
    "statsPerimeter": 12780.666004587772,
    "statsVertices": 25788,
    "statsLineResolution": 495.6051653710165,
    "statsVertexDensity": 2.017735225280364
}