{
    "boundaryCount": 66,
    "statsArea": 95918.08841527422,
    "statsPerimeter": 12780.66585430692,
    "statsVertices": 25679,
    "statsLineResolution": 497.70886149409716,
    "statsVertexDensity": 2.009206741865214
}