{
    "boundaryCount": 7,
    "statsArea": 51147.909582783286,
    "statsPerimeter": 5470.786894134905,
    "statsVertices": 71920,
    "statsLineResolution": 76.06767094180903,
    "statsVertexDensity": 13.146189276190533
}