{"boundaryCount": 20, "boundaryYearSourceLag": null, "statsArea": 91390.89636001326, "statsVertices": 4346, "statsLineResolution": 1868.8038558312815, "statsVertexDensity": 0.5351016356690789, "statsPerimeter": 8121.821557442749}