{
    "boundaryCount": 20,
    "statsArea": 91390.89636001327,
    "statsPerimeter": 8121.821557442744,
    "statsVertices": 4346,
    "statsLineResolution": 1868.8038558312803,
    "statsVertexDensity": 0.5351016356690791
}