{
    "boundaryCount": 1,
    "statsArea": 626861.8322368102,
    "statsPerimeter": 4823.005493716941,
    "statsVertices": 1158,
    "statsLineResolution": 4164.944295092349,
    "statsVertexDensity": 0.2400992496294184
}