{
    "boundaryCount": 22,
    "boundaryYearSourceLag": 1,
    "statsArea": 13903.304088011033,
    "statsPerimeter": 2853.093928092032,
    "statsVertices": 4511,
    "statsLineResolution": 632.4748233411732,
    "statsVertexDensity": 1.5810906032864716
}