{
    "boundaryCount": 10,
    "statsArea": 145123.5301035399,
    "statsPerimeter": 4541.329559781288,
    "statsVertices": 1584,
    "statsLineResolution": 2867.000984710409,
    "statsVertexDensity": 0.3487965317532001
}