{"boundaryCount": 10, "boundaryYearSourceLag": null, "statsArea": 145123.5301035399, "statsVertices": 1584, "statsLineResolution": 2867.000984710409, "statsVertexDensity": 0.3487965317532001, "statsPerimeter": 4541.329559781288}