{
    "boundaryCount": 4,
    "statsArea": 72601.13917296307,
    "statsPerimeter": 3990.3987998947605,
    "statsVertices": 45045,
    "statsLineResolution": 88.58694194460563,
    "statsVertexDensity": 11.288345415798537
}