{
    "boundaryCount": 4,
    "statsArea": 72601.13964415021,
    "statsPerimeter": 4001.7432287371594,
    "statsVertices": 45254,
    "statsLineResolution": 88.42849756346752,
    "statsVertexDensity": 11.308571643233822
}