{
    "boundaryCount": 5,
    "statsArea": 795247.274307222,
    "statsPerimeter": 13198.513561182383,
    "statsVertices": 10447,
    "statsLineResolution": 1263.3783441353867,
    "statsVertexDensity": 0.7915285271763671
}