{"boundaryCount": 74, "boundaryYearSourceLag": null, "statsArea": 223.40273869886346, "statsVertices": 4227, "statsLineResolution": 142.35855964655428, "statsVertexDensity": 7.024516140671732, "statsPerimeter": 601.7496316259849}