{
    "boundaryCount": 117,
    "boundaryYearSourceLag": 6,
    "statsArea": 241384.564070589,
    "statsPerimeter": 34986.6547663659,
    "statsVertices": 460055,
    "statsLineResolution": 76.0488523467105,
    "statsVertexDensity": 13.149442353724817
}