{
    "boundaryCount": 80,
    "statsArea": 30574.792742280857,
    "statsPerimeter": 9448.087463116428,
    "statsVertices": 86627,
    "statsLineResolution": 109.06631261750294,
    "statsVertexDensity": 9.1687339197669
}