{
    "boundaryCount": 96,
    "statsArea": 83858.23841387879,
    "statsPerimeter": 16009.880969522168,
    "statsVertices": 50778,
    "statsLineResolution": 315.29168083662546,
    "statsVertexDensity": 3.1716663038698107
}