{
    "boundaryCount": 96,
    "statsArea": 83858.23853084652,
    "statsPerimeter": 16004.386982137525,
    "statsVertices": 49625,
    "statsLineResolution": 322.5065386828721,
    "statsVertexDensity": 3.100712326900518
}