{"boundaryCount": 96, "boundaryYearSourceLag": null, "statsArea": 83858.23853084652, "statsVertices": 49625, "statsLineResolution": 318.03563749455134, "statsVertexDensity": 3.1443017137258154, "statsPerimeter": 15782.51851066711}