{
    "boundaryCount": 70,
    "statsArea": 1265060.8735383197,
    "statsPerimeter": 38739.172611786766,
    "statsVertices": 11384,
    "statsLineResolution": 3402.949105041002,
    "statsVertexDensity": 0.29386275525503375
}