{
    "boundaryCount": 33,
    "statsArea": 45700.02650224261,
    "statsPerimeter": 7638.698653899763,
    "statsVertices": 35137,
    "statsLineResolution": 217.39757673961245,
    "statsVertexDensity": 4.59986728001917
}