{
    "boundaryCount": 1,
    "statsArea": 108811.24580905533,
    "statsPerimeter": 1927.4229474118451,
    "statsVertices": 459,
    "statsLineResolution": 4199.178534666329,
    "statsVertexDensity": 0.2381418155347522
}