{"boundaryCount": 1, "boundaryYearSourceLag": null, "statsArea": 108811.24580905533, "statsVertices": 459, "statsLineResolution": 4199.178534666329, "statsVertexDensity": 0.2381418155347522, "statsPerimeter": 1927.4229474118451}