{
    "boundaryCount": 1,
    "statsArea": 108811.28261295364,
    "statsPerimeter": 1927.4229785005439,
    "statsVertices": 459,
    "statsLineResolution": 4199.178602397699,
    "statsVertexDensity": 0.23814181169360302
}