{
    "boundaryCount": 2,
    "boundaryYearSourceLag": 1,
    "statsArea": 1002.8823526837144,
    "statsPerimeter": 265.36632190637476,
    "statsVertices": 692,
    "statsLineResolution": 383.47734379533927,
    "statsVertexDensity": 2.6077159868242363
}