{
    "boundaryCount": 2,
    "statsArea": 1002.8852970916121,
    "statsPerimeter": 265.3666613907033,
    "statsVertices": 4028,
    "statsLineResolution": 65.880501834832,
    "statsVertexDensity": 15.178997915150747
}