{
    "boundaryCount": 1,
    "statsArea": 48996.22937896804,
    "statsPerimeter": 1542.5853346625117,
    "statsVertices": 3359,
    "statsLineResolution": 459.23945658306394,
    "statsVertexDensity": 2.177513246445381
}