{
    "boundaryCount": 346,
    "statsArea": 9541166.51227029,
    "statsPerimeter": 397676.9530579295,
    "statsVertices": 2232847,
    "statsLineResolution": 178.10309128118922,
    "statsVertexDensity": 5.614725678293812
}