{
    "boundaryCount": 346,
    "statsArea": 9541166.51227029,
    "statsPerimeter": 397676.95305793115,
    "statsVertices": 2232847,
    "statsLineResolution": 178.10309128118993,
    "statsVertexDensity": 5.614725678293789
}