{
    "boundaryCount": 1,
    "statsArea": 18930.082346361414,
    "statsPerimeter": 2608.6795952175285,
    "statsVertices": 1476,
    "statsLineResolution": 1767.3980997408728,
    "statsVertexDensity": 0.5658034826147064
}