{"boundaryCount": 1, "boundaryYearSourceLag": null, "statsArea": 18930.08333613056, "statsVertices": 1476, "statsLineResolution": 1767.39828982401, "statsVertexDensity": 0.5658034217627175, "statsPerimeter": 2608.679875780239}