{
    "boundaryCount": 1,
    "statsArea": 18930.08333613056,
    "statsPerimeter": 2608.679875780239,
    "statsVertices": 1476,
    "statsLineResolution": 1767.39828982401,
    "statsVertexDensity": 0.5658034217627175
}