{
    "boundaryCount": 119,
    "boundaryYearSourceLag": 10,
    "statsArea": 592192.5818010606,
    "statsPerimeter": 50888.53977116177,
    "statsVertices": 648839,
    "statsLineResolution": 78.43014949958584,
    "statsVertexDensity": 12.750198825074033
}