{
    "boundaryCount": 14,
    "statsArea": 448204.6243915548,
    "statsPerimeter": 13520.567278090746,
    "statsVertices": 27155,
    "statsLineResolution": 497.90341661170123,
    "statsVertexDensity": 2.0084216469232783
}