{
    "boundaryCount": 14,
    "statsArea": 448204.6243915546,
    "statsPerimeter": 13520.567278090895,
    "statsVertices": 27155,
    "statsLineResolution": 497.90341661170675,
    "statsVertexDensity": 2.008421646923256
}