{"boundaryCount": 1, "boundaryYearSourceLag": null, "statsArea": 1650.2369670490416, "statsVertices": 12723, "statsLineResolution": 50.033340063600534, "statsVertexDensity": 19.986672861112947, "statsPerimeter": 636.5741856291896}