{
    "boundaryCount": 1,
    "statsArea": 9970825.528893283,
    "statsPerimeter": 340226.0514346764,
    "statsVertices": 6873862,
    "statsLineResolution": 49.4956185379742,
    "statsVertexDensity": 20.203808529693926
}