{
    "boundaryCount": 1,
    "statsArea": 9970825.528893296,
    "statsPerimeter": 340226.0514346768,
    "statsVertices": 6873862,
    "statsLineResolution": 49.49561853797426,
    "statsVertexDensity": 20.203808529693905
}