{
    "boundaryCount": 1,
    "statsArea": 199565.39684260346,
    "statsPerimeter": 3349.418541578878,
    "statsVertices": 576,
    "statsLineResolution": 5814.962745796663,
    "statsVertexDensity": 0.17197014731054786
}