{
    "boundaryCount": 1,
    "statsArea": 199585.29477388374,
    "statsPerimeter": 3385.3872084722316,
    "statsVertices": 1167,
    "statsLineResolution": 2900.9316267971135,
    "statsVertexDensity": 0.3447168457065942
}