{
    "boundaryCount": 1,
    "statsArea": 198990.4559071468,
    "statsPerimeter": 3742.7468173117745,
    "statsVertices": 1206,
    "statsLineResolution": 3103.438488649896,
    "statsVertexDensity": 0.322223238403876
}