{
    "boundaryCount": 1,
    "statsArea": 605.1306728817216,
    "statsPerimeter": 106.59165465902356,
    "statsVertices": 50,
    "statsLineResolution": 2131.833093180471,
    "statsVertexDensity": 0.46907987459191985
}