{
    "boundaryCount": 1,
    "statsArea": 1921725.3813161468,
    "statsPerimeter": 8169.264473476146,
    "statsVertices": 2368,
    "statsLineResolution": 3449.858308055805,
    "statsVertexDensity": 0.2898669773378484
}