{
    "boundaryCount": 1,
    "statsArea": 1921725.3813161468,
    "statsPerimeter": 8169.264473476149,
    "statsVertices": 2368,
    "statsLineResolution": 3449.8583080558064,
    "statsVertexDensity": 0.2898669773378483
}