{
    "boundaryCount": 10,
    "statsArea": 15964.827581748234,
    "statsPerimeter": 4293.697468170309,
    "statsVertices": 33320,
    "statsLineResolution": 128.86246903272234,
    "statsVertexDensity": 7.760211390533482
}