{
    "boundaryCount": 10,
    "boundaryYearSourceLag": 1,
    "statsArea": 26984.656422073625,
    "statsPerimeter": 4293.699656511728,
    "statsVertices": 8560,
    "statsLineResolution": 501.600427162585,
    "statsVertexDensity": 1.9936187169072475
}