{
    "boundaryCount": 58,
    "statsArea": 241440.06915681015,
    "statsPerimeter": 27124.46975779196,
    "statsVertices": 324152,
    "statsLineResolution": 83.67824279286249,
    "statsVertexDensity": 11.950537757770615
}