{
    "boundaryCount": 58,
    "statsArea": 241440.001856721,
    "statsPerimeter": 27118.209240540145,
    "statsVertices": 354468,
    "statsLineResolution": 76.50397000727892,
    "statsVertexDensity": 13.07121708722901
}