{"boundaryCount": 58, "boundaryYearSourceLag": null, "statsArea": 241440.06915681015, "statsVertices": 324152, "statsLineResolution": 76.89634361855231, "statsVertexDensity": 13.004519499139569, "statsPerimeter": 24926.103576640966}