{
    "boundaryCount": 109,
    "boundaryYearSourceLag": null,
    "statsArea": 26813.03354383567,
    "statsPerimeter": 10090.553412487485,
    "statsVertices": 419431,
    "statsLineResolution": 24.057719654692868,
    "statsVertexDensity": 41.566699352776475
}