{
    "boundaryCount": 109,
    "statsArea": 23793.582950668948,
    "statsPerimeter": 10090.553412487488,
    "statsVertices": 419431,
    "statsLineResolution": 24.057719654692878,
    "statsVertexDensity": 41.56669935277646
}