{
    "boundaryCount": 301,
    "statsArea": 111528.27577078852,
    "statsPerimeter": 29257.07088997255,
    "statsVertices": 2174425,
    "statsLineResolution": 13.45508393712018,
    "statsVertexDensity": 74.32134980898766
}