{
    "boundaryCount": 31,
    "boundaryYearSourceLag": 1,
    "statsArea": 1622928.390443888,
    "statsPerimeter": 39465.04744147546,
    "statsVertices": 22259,
    "statsLineResolution": 1772.9928317298827,
    "statsVertexDensity": 0.5640180727771555
}