{
    "boundaryCount": 31,
    "statsArea": 854785.9951448883,
    "statsPerimeter": 39465.03094259971,
    "statsVertices": 68154,
    "statsLineResolution": 579.0567089620523,
    "statsVertexDensity": 1.7269465745289097
}