{
    "boundaryCount": 32,
    "boundaryYearSourceLag": 0,
    "statsArea": 26959.412479178674,
    "statsPerimeter": 4537.683464796972,
    "statsVertices": 374722,
    "statsLineResolution": 12.10946639054278,
    "statsVertexDensity": 82.58002192243396
}