{"boundaryCount": 48, "boundaryYearSourceLag": null, "statsArea": 2308049.8233290464, "statsVertices": 216323, "statsLineResolution": 195.54931873313964, "statsVertexDensity": 5.113799457233959, "statsPerimeter": 42301.81527630897}