{
    "boundaryCount": 48,
    "statsArea": 2308025.959008334,
    "statsPerimeter": 39868.951970823364,
    "statsVertices": 39899,
    "statsLineResolution": 999.2468976872443,
    "statsVertexDensity": 1.0007536699033028
}