{
    "boundaryCount": 1,
    "statsArea": 6.962720530897394,
    "statsPerimeter": 21.053952091035402,
    "statsVertices": 227,
    "statsLineResolution": 92.74868762570661,
    "statsVertexDensity": 10.78182371739388
}