{
    "boundaryCount": 1,
    "statsArea": 210583.87118776364,
    "statsPerimeter": 2845.572054740985,
    "statsVertices": 414,
    "statsLineResolution": 6873.362451065181,
    "statsVertexDensity": 0.14548919937213955
}