{
    "boundaryCount": 1,
    "statsArea": 211213.69761288192,
    "statsPerimeter": 3180.965855956621,
    "statsVertices": 1121,
    "statsLineResolution": 2837.6145012993943,
    "statsVertexDensity": 0.3524086867832407
}