{
    "boundaryCount": 1,
    "statsArea": 210679.97248997822,
    "statsPerimeter": 2911.3914215008617,
    "statsVertices": 748,
    "statsLineResolution": 3892.234520723077,
    "statsVertexDensity": 0.2569218259269294
}