{
    "boundaryCount": 1,
    "boundaryYearSourceLag": 1,
    "statsArea": 56685.24331568359,
    "statsPerimeter": 7468.67163385023,
    "statsVertices": 18900,
    "statsLineResolution": 395.16781131482696,
    "statsVertexDensity": 2.530570485163601
}