{
    "boundaryCount": 1,
    "statsArea": 56685.31577541324,
    "statsPerimeter": 7468.68689111536,
    "statsVertices": 108830,
    "statsLineResolution": 68.62709630722559,
    "statsVertexDensity": 14.571503878340726
}