{
    "boundaryCount": 8,
    "boundaryYearSourceLag": 4,
    "statsArea": 70252.05470521557,
    "statsPerimeter": 10534.036707513442,
    "statsVertices": 105078,
    "statsLineResolution": 100.24968792243327,
    "statsVertexDensity": 9.975093396537408
}