{
    "boundaryCount": 1,
    "statsArea": 155342.31924810386,
    "statsPerimeter": 3228.5842405775693,
    "statsVertices": 8025,
    "statsLineResolution": 402.3157932183887,
    "statsVertexDensity": 2.4856096053310317
}