{"boundaryCount": 1, "boundaryYearSourceLag": null, "statsArea": 220.57123711598035, "statsVertices": 36, "statsLineResolution": 1745.9186780091286, "statsVertexDensity": 0.5727643633094641, "statsPerimeter": 62.853072408328636}