{
    "boundaryCount": 1,
    "statsArea": 220.57123711598035,
    "statsPerimeter": 62.853072408328636,
    "statsVertices": 36,
    "statsLineResolution": 1745.9186780091286,
    "statsVertexDensity": 0.5727643633094641
}