{
    "boundaryCount": 2910,
    "statsArea": 1625156.2483927093,
    "statsPerimeter": 285017.06843000045,
    "statsVertices": 581302,
    "statsLineResolution": 490.30808156517685,
    "statsVertexDensity": 2.0395339942343362
}