{
    "boundaryCount": 2910,
    "statsArea": 1625156.2483927098,
    "statsPerimeter": 285017.068430001,
    "statsVertices": 581302,
    "statsLineResolution": 490.30808156517776,
    "statsVertexDensity": 2.0395339942343327
}