{
    "boundaryCount": 1122,
    "statsArea": 1138269.9155926197,
    "statsPerimeter": 183943.5315710268,
    "statsVertices": 5737885,
    "statsLineResolution": 32.05772363353863,
    "statsVertexDensity": 31.193730766142266
}