{
    "boundaryCount": 1,
    "statsArea": 64939.2975175355,
    "statsPerimeter": 1417.315550864688,
    "statsVertices": 562,
    "statsLineResolution": 2521.913791574178,
    "statsVertexDensity": 0.39652426000485935
}