{
    "boundaryCount": 1,
    "statsArea": 400752.4479508775,
    "statsPerimeter": 4032.4074881264087,
    "statsVertices": 3857,
    "statsLineResolution": 1045.4776997994318,
    "statsVertexDensity": 0.9565005549059952
}