{
    "boundaryCount": 8,
    "statsArea": 11553.892262922483,
    "statsPerimeter": 2454.7012144753753,
    "statsVertices": 32689,
    "statsLineResolution": 75.09257592692879,
    "statsVertexDensity": 13.316895680514165
}