{
    "boundaryCount": 8,
    "statsArea": 11553.89226292241,
    "statsPerimeter": 2454.701214475259,
    "statsVertices": 32689,
    "statsLineResolution": 75.09257592692522,
    "statsVertexDensity": 13.316895680514797
}