{
    "boundaryCount": 1,
    "statsArea": 632408.2216701566,
    "statsPerimeter": 5672.073198911205,
    "statsVertices": 15105,
    "statsLineResolution": 375.50964574056303,
    "statsVertexDensity": 2.6630474379102713
}