{
    "boundaryCount": 77,
    "statsArea": 514453.6800669526,
    "statsPerimeter": 34660.95236286373,
    "statsVertices": 26498,
    "statsLineResolution": 1308.0591879713086,
    "statsVertexDensity": 0.7644914000802343
}