{"boundaryCount": 77, "boundaryYearSourceLag": null, "statsArea": 514453.6800669526, "statsVertices": 26498, "statsLineResolution": 1308.0591879713083, "statsVertexDensity": 0.7644914000802344, "statsPerimeter": 34660.952362863725}