{
    "boundaryCount": 1,
    "statsArea": 122568.30764740393,
    "statsPerimeter": 4511.45755242715,
    "statsVertices": 23555,
    "statsLineResolution": 191.52865856196775,
    "statsVertexDensity": 5.221150753668841
}