{
    "boundaryCount": 1,
    "statsArea": 1125.4205227030072,
    "statsPerimeter": 1195.3168873558502,
    "statsVertices": 74282,
    "statsLineResolution": 16.091608833308882,
    "statsVertexDensity": 62.14419020241448
}