{
    "boundaryCount": 1,
    "statsArea": 1125.420522703182,
    "statsPerimeter": 1195.316887355694,
    "statsVertices": 74282,
    "statsLineResolution": 16.09160883330678,
    "statsVertexDensity": 62.1441902024226
}