{
    "boundaryCount": 616,
    "statsArea": 3195480.283166319,
    "statsPerimeter": 299319.57646382606,
    "statsVertices": 483909,
    "statsLineResolution": 618.5451737079204,
    "statsVertexDensity": 1.61669679516763
}