{
    "boundaryCount": 11,
    "statsArea": 309325.1318988393,
    "statsPerimeter": 9644.314906821854,
    "statsVertices": 79759,
    "statsLineResolution": 120.91820242006362,
    "statsVertexDensity": 8.270053474050593
}