{"boundaryCount": 11, "boundaryYearSourceLag": null, "statsArea": 309325.1318988393, "statsVertices": 79759, "statsLineResolution": 120.79388221146084, "statsVertexDensity": 8.278564954551323, "statsPerimeter": 9634.399251303905}