{
    "boundaryCount": 11,
    "statsArea": 309136.632369172,
    "statsPerimeter": 9725.67241784929,
    "statsVertices": 79778,
    "statsLineResolution": 121.90920326216863,
    "statsVertexDensity": 8.20282614635317
}