{
    "boundaryCount": 4,
    "statsArea": 2512.6520680838134,
    "statsPerimeter": 565.4530405833679,
    "statsVertices": 7263,
    "statsLineResolution": 77.85392270182676,
    "statsVertexDensity": 12.844567945919774
}