{"boundaryCount": 4, "boundaryYearSourceLag": null, "statsArea": 2512.6520680838134, "statsVertices": 7263, "statsLineResolution": 77.85392270182676, "statsVertexDensity": 12.844567945919774, "statsPerimeter": 565.4530405833679}