{
    "boundaryCount": 1,
    "statsArea": 567.8624408989954,
    "statsPerimeter": 793.2447037971369,
    "statsVertices": 16615,
    "statsLineResolution": 47.742684549933,
    "statsVertexDensity": 20.94561731136259
}