{
    "boundaryCount": 1,
    "statsArea": 567.8624408984343,
    "statsPerimeter": 793.2447037971402,
    "statsVertices": 16615,
    "statsLineResolution": 47.74268454993321,
    "statsVertexDensity": 20.9456173113625
}