{
    "boundaryCount": 23,
    "statsArea": 1265060.8735383197,
    "statsPerimeter": 24708.974092891094,
    "statsVertices": 9321,
    "statsLineResolution": 2650.8930471935514,
    "statsVertexDensity": 0.37723136399587315
}