{
    "boundaryCount": 1,
    "boundaryYearSourceLag": 1,
    "statsArea": 342303.60886903654,
    "statsPerimeter": 5387.833425668753,
    "statsVertices": 5867,
    "statsLineResolution": 918.328519800367,
    "statsVertexDensity": 1.0889349273584439
}