{
    "boundaryCount": 1,
    "statsArea": 342303.6686179898,
    "statsPerimeter": 5387.827418004011,
    "statsVertices": 29264,
    "statsLineResolution": 184.11110641074396,
    "statsVertexDensity": 5.431502854417936
}