{
    "boundaryCount": 1,
    "statsArea": 580.3395290549073,
    "statsPerimeter": 148.65153133854875,
    "statsVertices": 1502,
    "statsLineResolution": 98.96906214284205,
    "statsVertexDensity": 10.104167689865546
}