{
    "boundaryCount": 1,
    "boundaryYearSourceLag": 1,
    "statsArea": 580.3382326368966,
    "statsPerimeter": 148.6514522718276,
    "statsVertices": 296,
    "statsLineResolution": 502.2008522696878,
    "statsVertexDensity": 1.9912351711083678
}