{
    "boundaryCount": 118,
    "statsArea": 1925637.1245902379,
    "statsPerimeter": 76870.42993472016,
    "statsVertices": 139877,
    "statsLineResolution": 549.5573248977327,
    "statsVertexDensity": 1.8196463857270764
}