{
    "boundaryCount": 1,
    "boundaryYearSourceLag": 0,
    "statsArea": 1621745.9298493208,
    "statsPerimeter": 12631.26979063374,
    "statsVertices": 141161,
    "statsLineResolution": 89.48130000944836,
    "statsVertexDensity": 11.175519353143168
}