{
    "boundaryCount": 13,
    "statsArea": 74469.53174884892,
    "statsPerimeter": 15500.39715042379,
    "statsVertices": 218841,
    "statsLineResolution": 70.82949333271092,
    "statsVertexDensity": 14.118412443000969
}