{
    "boundaryCount": 5716,
    "statsArea": 60580.09741428107,
    "statsPerimeter": 69262.36318091983,
    "statsVertices": 414097,
    "statsLineResolution": 167.26120493729687,
    "statsVertexDensity": 5.97867270162786
}