{
    "boundaryCount": 1,
    "statsArea": 208.7427271167553,
    "statsPerimeter": 194.22550420052286,
    "statsVertices": 2650,
    "statsLineResolution": 73.29264309453693,
    "statsVertexDensity": 13.643934203739171
}