{
    "boundaryCount": 1,
    "boundaryYearSourceLag": 1,
    "statsArea": 208.7406021996425,
    "statsPerimeter": 194.22501764130155,
    "statsVertices": 458,
    "statsLineResolution": 424.0720909198724,
    "statsVertexDensity": 2.358089630069403
}