{
    "boundaryCount": 1,
    "statsArea": 591745.2469115469,
    "statsPerimeter": 5613.896158368497,
    "statsVertices": 1019,
    "statsLineResolution": 5509.220960126101,
    "statsVertexDensity": 0.1815138668856569
}