{
    "boundaryCount": 1,
    "statsArea": 2317487.620836826,
    "statsPerimeter": 7240.239458323781,
    "statsVertices": 804,
    "statsLineResolution": 9005.272958114156,
    "statsVertexDensity": 0.11104605098049306
}