{
    "boundaryCount": 1,
    "statsArea": 2308857.81778432,
    "statsPerimeter": 7355.739126790554,
    "statsVertices": 1249,
    "statsLineResolution": 5889.302743627345,
    "statsVertexDensity": 0.16979938772583442
}