{
    "boundaryCount": 1,
    "statsArea": 2317476.0039999564,
    "statsPerimeter": 7264.692314300854,
    "statsVertices": 1241,
    "statsLineResolution": 5853.9019454479085,
    "statsVertexDensity": 0.17082622997770172
}