{
    "boundaryCount": 10,
    "statsArea": 26942.344112750434,
    "statsPerimeter": 4155.648677611076,
    "statsVertices": 26779,
    "statsLineResolution": 155.1831165320242,
    "statsVertexDensity": 6.443999981103847
}