{
    "boundaryCount": 1,
    "statsArea": 37.30919723994082,
    "statsPerimeter": 46.870277423643856,
    "statsVertices": 568,
    "statsLineResolution": 82.51809405571102,
    "statsVertexDensity": 12.118554257019836
}