{
    "boundaryCount": 1,
    "statsArea": 2308049.8233290464,
    "statsPerimeter": 8485.050949813782,
    "statsVertices": 51172,
    "statsLineResolution": 165.81433107585752,
    "statsVertexDensity": 6.03084180668627
}