{"boundaryCount": 1, "boundaryYearSourceLag": null, "statsArea": 2308049.8233290464, "statsVertices": 51172, "statsLineResolution": 165.81433107585752, "statsVertexDensity": 6.03084180668627, "statsPerimeter": 8485.050949813782}