{
    "boundaryCount": 1,
    "statsArea": 2308025.959008334,
    "statsPerimeter": 7728.598630237151,
    "statsVertices": 9231,
    "statsLineResolution": 837.2439205110119,
    "statsVertexDensity": 1.1943950568069217
}