{
    "boundaryCount": 1,
    "statsArea": 62.302165782156614,
    "statsPerimeter": 102.21821843507298,
    "statsVertices": 85,
    "statsLineResolution": 1202.567275706741,
    "statsVertexDensity": 0.8315543090196816
}