{
    "boundaryCount": 1,
    "statsArea": 40.251687238458246,
    "statsPerimeter": 74.02945467335088,
    "statsVertices": 60,
    "statsLineResolution": 1233.8242445558483,
    "statsVertexDensity": 0.8104882072243441
}