{
    "boundaryCount": 32,
    "statsArea": 874177.1375567762,
    "statsPerimeter": 34400.2145623336,
    "statsVertices": 115164,
    "statsLineResolution": 298.70631935616683,
    "statsVertexDensity": 3.347769816706273
}