{"boundaryCount": 32, "boundaryYearSourceLag": null, "statsArea": 874177.1375567762, "statsVertices": 115164, "statsLineResolution": 298.70631935616683, "statsVertexDensity": 3.347769816706273, "statsPerimeter": 34400.2145623336}