{
    "boundaryCount": 32,
    "statsArea": 874186.2570868826,
    "statsPerimeter": 34393.21965709272,
    "statsVertices": 116197,
    "statsLineResolution": 295.990599215924,
    "statsVertexDensity": 3.3784856770755205
}