{
    "boundaryCount": 1,
    "statsArea": 83949.95540780808,
    "statsPerimeter": 2717.100043166969,
    "statsVertices": 114997,
    "statsLineResolution": 23.62757326858065,
    "statsVertexDensity": 42.3234323996267
}