{
    "boundaryCount": 1,
    "statsArea": 83949.95540780608,
    "statsPerimeter": 2717.100043166903,
    "statsVertices": 114997,
    "statsLineResolution": 23.62757326858008,
    "statsVertexDensity": 42.32343239962773
}