{
    "boundaryCount": 34,
    "boundaryYearSourceLag": 0,
    "statsArea": 244785.4649885064,
    "statsPerimeter": 16332.603835540667,
    "statsVertices": 15242,
    "statsLineResolution": 1071.5525413686305,
    "statsVertexDensity": 0.9332253542348555
}