{
    "boundaryCount": 1,
    "statsArea": 244925.79840007125,
    "statsPerimeter": 5690.914894510933,
    "statsVertices": 39910,
    "statsLineResolution": 142.59370820623735,
    "statsVertexDensity": 7.012932145320685
}