{
    "boundaryCount": 1,
    "statsArea": 605.1306724636825,
    "statsPerimeter": 106.5916546410538,
    "statsVertices": 50,
    "statsLineResolution": 2131.833092821076,
    "statsVertexDensity": 0.4690798746709997
}