{
    "boundaryCount": 1,
    "statsArea": 636.6947944491909,
    "statsPerimeter": 105.03221618615441,
    "statsVertices": 35,
    "statsLineResolution": 3000.9204624615545,
    "statsVertexDensity": 0.3332310910965409
}