{
    "boundaryCount": 72,
    "boundaryYearSourceLag": 6,
    "statsArea": 684049.9828528635,
    "statsPerimeter": 30070.952220613788,
    "statsVertices": 44767,
    "statsLineResolution": 671.7214068535704,
    "statsVertexDensity": 1.48871241826895
}