{
    "boundaryCount": 1,
    "statsArea": 186500.09630206035,
    "statsPerimeter": 2591.978339866799,
    "statsVertices": 12383,
    "statsLineResolution": 209.31747879082607,
    "statsVertexDensity": 4.777431898075336
}