{
    "boundaryCount": 1,
    "statsArea": 186500.09630206047,
    "statsPerimeter": 2591.9783398667655,
    "statsVertices": 12383,
    "statsLineResolution": 209.31747879082334,
    "statsVertexDensity": 4.777431898075398
}