{
    "boundaryCount": 1,
    "statsArea": 48179.542146549335,
    "statsPerimeter": 2141.0084587786127,
    "statsVertices": 57789,
    "statsLineResolution": 37.04871963139374,
    "statsVertexDensity": 26.991486074261967
}