{
    "boundaryCount": 1,
    "statsArea": 48179.542146549626,
    "statsPerimeter": 2141.008458778553,
    "statsVertices": 57789,
    "statsLineResolution": 37.04871963139271,
    "statsVertexDensity": 26.991486074262717
}