{
    "boundaryCount": 11,
    "statsArea": 162.03916607909568,
    "statsPerimeter": 334.1717143800328,
    "statsVertices": 14623,
    "statsLineResolution": 22.852473116325847,
    "statsVertexDensity": 43.7589400022354
}