{
    "boundaryCount": 11,
    "statsArea": 162.03906104806606,
    "statsPerimeter": 334.1688132487305,
    "statsVertices": 22535,
    "statsLineResolution": 14.828880108663435,
    "statsVertexDensity": 67.43597578995684
}