{
    "boundaryCount": 1,
    "statsArea": 912360.8012180057,
    "statsPerimeter": 13092.567939162007,
    "statsVertices": 190188,
    "statsLineResolution": 68.84013680759043,
    "statsVertexDensity": 14.526409248648362
}