{"boundaryCount": 1, "boundaryYearSourceLag": null, "statsArea": 912492.7187822874, "statsVertices": 162306, "statsLineResolution": 79.00276155613658, "statsVertexDensity": 12.657785377406526, "statsPerimeter": 12822.622217130303}