{
    "boundaryCount": 1,
    "statsArea": 38762.98939051403,
    "statsPerimeter": 1129.4240967371188,
    "statsVertices": 4381,
    "statsLineResolution": 257.80052424951356,
    "statsVertexDensity": 3.878968062268737
}