{
    "boundaryCount": 293,
    "statsArea": 9955193.761243328,
    "statsPerimeter": 472820.50977712404,
    "statsVertices": 5220723,
    "statsLineResolution": 90.56609779471619,
    "statsVertexDensity": 11.04165934439037
}