{"boundaryCount": 293, "boundaryYearSourceLag": null, "statsArea": 9955193.761243328, "statsVertices": 5220723, "statsLineResolution": 89.97578066361079, "statsVertexDensity": 11.114101957488582, "statsPerimeter": 469738.6275534681}