{
    "boundaryCount": 293,
    "statsArea": 9955196.15980118,
    "statsPerimeter": 473379.2719597395,
    "statsVertices": 5392828,
    "statsLineResolution": 87.77941220445739,
    "statsVertexDensity": 11.392192940080095
}