{
    "boundaryCount": 19,
    "statsArea": 177342.29750529432,
    "statsPerimeter": 8937.4479334522,
    "statsVertices": 4070,
    "statsLineResolution": 2195.9331531823586,
    "statsVertexDensity": 0.4553872683013116
}