{"boundaryCount": 1, "boundaryYearSourceLag": null, "statsArea": 77573.60378464253, "statsVertices": 935, "statsLineResolution": 2024.3128607303915, "statsVertexDensity": 0.4939947867738144, "statsPerimeter": 1892.732524782916}