{
    "boundaryCount": 1,
    "statsArea": 77628.70556919908,
    "statsPerimeter": 1892.9009893239047,
    "statsVertices": 940,
    "statsLineResolution": 2013.7244567275582,
    "statsVertexDensity": 0.49659227043657667
}