{
    "boundaryCount": 1,
    "statsArea": 77573.60378464253,
    "statsPerimeter": 1892.732524782916,
    "statsVertices": 935,
    "statsLineResolution": 2024.3128607303915,
    "statsVertexDensity": 0.4939947867738144
}