{
    "boundaryCount": 1,
    "statsArea": 51151.20094579549,
    "statsPerimeter": 2031.8827133609298,
    "statsVertices": 827,
    "statsLineResolution": 2456.9319387677506,
    "statsVertexDensity": 0.40701168161033385
}