{
    "boundaryCount": 1,
    "statsArea": 373410.89808695595,
    "statsPerimeter": 28907.52883821041,
    "statsVertices": 97829,
    "statsLineResolution": 295.4903846324751,
    "statsVertexDensity": 3.3842048743609014
}