{
    "boundaryCount": 6,
    "statsArea": 17327.25048303302,
    "statsPerimeter": 1578.5663820518637,
    "statsVertices": 14003,
    "statsLineResolution": 112.73058502120001,
    "statsVertexDensity": 8.87070709170844
}