{
    "boundaryCount": 6,
    "statsArea": 17327.250483033626,
    "statsPerimeter": 1578.5663820518484,
    "statsVertices": 14003,
    "statsLineResolution": 112.7305850211989,
    "statsVertexDensity": 8.870707091708525
}