{
    "boundaryCount": 1,
    "statsArea": 9495782.2280618,
    "statsPerimeter": 182018.86290410336,
    "statsVertices": 7097913,
    "statsLineResolution": 25.643997454477585,
    "statsVertexDensity": 38.995480395565025
}