{
    "boundaryCount": 37,
    "boundaryYearSourceLag": 2,
    "statsArea": 909932.8382698236,
    "statsPerimeter": 34999.040529979124,
    "statsVertices": 39147,
    "statsLineResolution": 894.0414471090793,
    "statsVertexDensity": 1.118516376655179
}