{
    "boundaryCount": 1,
    "statsArea": 177856.67372358215,
    "statsPerimeter": 1874.9195746261294,
    "statsVertices": 371,
    "statsLineResolution": 5053.691575811669,
    "statsVertexDensity": 0.19787515423107133
}