{
    "boundaryCount": 1,
    "statsArea": 177842.76739719958,
    "statsPerimeter": 1893.818966604014,
    "statsVertices": 574,
    "statsLineResolution": 3299.3361787526374,
    "statsVertexDensity": 0.30309127225042726
}