{
    "boundaryCount": 1,
    "statsArea": 177345.12616574284,
    "statsPerimeter": 1963.7013490062666,
    "statsVertices": 581,
    "statsLineResolution": 3379.8646282379805,
    "statsVertexDensity": 0.2958698379944668
}