{"boundaryCount": 11, "boundaryYearSourceLag": null, "statsArea": 7691175.090398195, "statsVertices": 15852, "statsLineResolution": 3175.057189229594, "statsVertexDensity": 0.3149549568405233, "statsPerimeter": 50331.00656366752}