{
    "boundaryCount": 11,
    "statsArea": 7691175.090398195,
    "statsPerimeter": 50576.6396962632,
    "statsVertices": 15852,
    "statsLineResolution": 3190.552592497048,
    "statsVertexDensity": 0.31342533025520886
}