{
    "boundaryCount": 12,
    "statsArea": 7691177.785891062,
    "statsPerimeter": 50583.715176439626,
    "statsVertices": 15857,
    "statsLineResolution": 3189.992758809335,
    "statsVertexDensity": 0.3134803354140685
}