{
    "boundaryCount": 4,
    "statsArea": 579.3044095768549,
    "statsPerimeter": 315.5462583613639,
    "statsVertices": 183,
    "statsLineResolution": 1724.2964937779448,
    "statsVertexDensity": 0.5799466643981821
}