{"boundaryCount": 4, "boundaryYearSourceLag": null, "statsArea": 579.3044095768549, "statsVertices": 183, "statsLineResolution": 1724.2964937779448, "statsVertexDensity": 0.5799466643981821, "statsPerimeter": 315.5462583613639}