{
    "boundaryCount": 1,
    "statsArea": 72569.65631198426,
    "statsPerimeter": 2531.8567242033564,
    "statsVertices": 4974,
    "statsLineResolution": 509.01823968704394,
    "statsVertexDensity": 1.9645661432777397
}