{
    "boundaryCount": 10,
    "statsArea": 30561.606435021327,
    "statsPerimeter": 4162.100620324523,
    "statsVertices": 6876,
    "statsLineResolution": 605.3084090058934,
    "statsVertexDensity": 1.6520504012860389
}