{
    "boundaryCount": 526,
    "statsArea": 2782683.0704099243,
    "statsPerimeter": 183774.81169532205,
    "statsVertices": 1672959,
    "statsLineResolution": 109.85015872793178,
    "statsVertexDensity": 9.103309558948578
}