{
    "boundaryCount": 33,
    "statsArea": 123310.01896241424,
    "statsPerimeter": 10226.323460626512,
    "statsVertices": 22865,
    "statsLineResolution": 447.24790993337035,
    "statsVertexDensity": 2.235896418496348
}