{
    "boundaryCount": 18,
    "statsArea": 1247385.2312082225,
    "statsPerimeter": 30573.50015365,
    "statsVertices": 307076,
    "statsLineResolution": 99.56330079084655,
    "statsVertexDensity": 10.04386146357992
}