{
    "boundaryCount": 18,
    "statsArea": 1247385.231208224,
    "statsPerimeter": 30573.500153650395,
    "statsVertices": 307076,
    "statsLineResolution": 99.56330079084785,
    "statsVertexDensity": 10.043861463579791
}