{
    "boundaryCount": 3,
    "statsArea": 93012.87347987092,
    "statsPerimeter": 3587.134092353035,
    "statsVertices": 36768,
    "statsLineResolution": 97.56130581900118,
    "statsVertexDensity": 10.24996530750861
}