{
    "boundaryCount": 3,
    "statsArea": 93012.87347987003,
    "statsPerimeter": 3587.134092353062,
    "statsVertices": 36768,
    "statsLineResolution": 97.5613058190019,
    "statsVertexDensity": 10.249965307508534
}