{
    "boundaryCount": 1,
    "statsArea": 30707.465638038495,
    "statsPerimeter": 1325.6248394155093,
    "statsVertices": 5789,
    "statsLineResolution": 228.99029874166683,
    "statsVertexDensity": 4.366997228682339
}