{
    "boundaryCount": 1,
    "statsArea": 30707.46593554965,
    "statsPerimeter": 1325.604505832094,
    "statsVertices": 5748,
    "statsLineResolution": 230.62012975506158,
    "statsVertexDensity": 4.336134929167224
}