{"boundaryCount": 598, "boundaryYearSourceLag": null, "statsArea": 75103.88083618433, "statsVertices": 348102, "statsLineResolution": 112.27822050488084, "statsVertexDensity": 8.90644682025869, "statsPerimeter": 39084.27311419003}