{
    "boundaryCount": 598,
    "statsArea": 75103.88083618433,
    "statsPerimeter": 39605.099426334964,
    "statsVertices": 348102,
    "statsLineResolution": 113.77440930053537,
    "statsVertexDensity": 8.789322714552599
}