{
    "boundaryCount": 598,
    "statsArea": 75452.34601399458,
    "statsPerimeter": 39664.86839841885,
    "statsVertices": 386308,
    "statsLineResolution": 102.67679778420029,
    "statsVertexDensity": 9.739298669030736
}