{
    "boundaryCount": 3,
    "statsArea": 169.2905033618383,
    "statsPerimeter": 115.59392289409641,
    "statsVertices": 66,
    "statsLineResolution": 1751.423074152976,
    "statsVertexDensity": 0.5709642717157992
}