{"boundaryCount": 3, "boundaryYearSourceLag": null, "statsArea": 169.2905033618383, "statsVertices": 66, "statsLineResolution": 1751.423074152976, "statsVertexDensity": 0.5709642717157992, "statsPerimeter": 115.59392289409641}