{
    "boundaryCount": 24,
    "statsArea": 154863.57957980316,
    "statsPerimeter": 10780.439553646167,
    "statsVertices": 67743,
    "statsLineResolution": 159.13732125306183,
    "statsVertexDensity": 6.283881066527377
}