{
    "boundaryCount": 84,
    "statsArea": 25436.58505611191,
    "statsPerimeter": 6955.929799794188,
    "statsVertices": 8774,
    "statsLineResolution": 792.7888989963743,
    "statsVertexDensity": 1.261369831572999
}