{
    "boundaryCount": 13,
    "boundaryYearSourceLag": 14,
    "statsArea": 14892.33046120721,
    "statsPerimeter": 2753.2199583419515,
    "statsVertices": 85487,
    "statsLineResolution": 32.20629988585342,
    "statsVertexDensity": 31.04982576527671
}