{"boundaryCount": 1039, "boundaryYearSourceLag": null, "statsArea": 256115.61926999627, "statsVertices": 3051432, "statsLineResolution": 29.258166390765467, "statsVertexDensity": 34.178491797613894, "statsPerimeter": 89279.30518610626}