{
    "boundaryCount": 1039,
    "statsArea": 256339.74054549547,
    "statsPerimeter": 89355.64430342139,
    "statsVertices": 3124441,
    "statsLineResolution": 28.598921952253665,
    "statsVertexDensity": 34.96635298594525
}