{
    "boundaryCount": 1039,
    "statsArea": 256115.61926999627,
    "statsPerimeter": 89279.7493682359,
    "statsVertices": 3051432,
    "statsLineResolution": 29.25831195590657,
    "statsVertexDensity": 34.17832175373068
}