{
    "boundaryCount": 2500,
    "statsArea": 37764.68743189512,
    "statsPerimeter": 47871.38759600308,
    "statsVertices": 1732036,
    "statsLineResolution": 27.638794803343046,
    "statsVertexDensity": 36.181027686454875
}