{
    "boundaryCount": 2500,
    "statsArea": 37764.68743189453,
    "statsPerimeter": 47871.38759600255,
    "statsVertices": 1732036,
    "statsLineResolution": 27.63879480334274,
    "statsVertexDensity": 36.18102768645528
}