{
    "boundaryCount": 13,
    "statsArea": 10308256.21954816,
    "statsPerimeter": 227417.66269784956,
    "statsVertices": 502126,
    "statsLineResolution": 452.9095539722093,
    "statsVertexDensity": 2.2079463575664833
}