{
    "boundaryCount": 1,
    "statsArea": 2027.4099231670573,
    "statsPerimeter": 703.6460693284051,
    "statsVertices": 14063,
    "statsLineResolution": 50.03527478691638,
    "statsVertexDensity": 19.985900032700286
}