{
    "boundaryCount": 1,
    "statsArea": 2027.4104214858992,
    "statsPerimeter": 709.4634174683381,
    "statsVertices": 14086,
    "statsLineResolution": 50.36656378449084,
    "statsVertexDensity": 19.854441614854128
}