{
    "boundaryCount": 9,
    "statsArea": 7691035.6927766,
    "statsPerimeter": 78717.89171549102,
    "statsVertices": 1257335,
    "statsLineResolution": 62.60693587269186,
    "statsVertexDensity": 15.972671175498048
}