{"boundaryCount": 49, "boundaryYearSourceLag": null, "statsArea": 309325.1318954135, "statsVertices": 79948, "statsLineResolution": 184.50409445274357, "statsVertexDensity": 5.41993392052406, "statsPerimeter": 14750.733343307944}