{
    "boundaryCount": 49,
    "statsArea": 309136.632369172,
    "statsPerimeter": 14819.785459596751,
    "statsVertices": 80015,
    "statsLineResolution": 185.2125908841686,
    "statsVertexDensity": 5.399200968066998
}