{
    "boundaryCount": 49,
    "statsArea": 309325.1318954135,
    "statsPerimeter": 14760.648996432614,
    "statsVertices": 79948,
    "statsLineResolution": 184.62812073388469,
    "statsVertexDensity": 5.416293011189549
}