{
    "boundaryCount": 1,
    "statsArea": 139.3291590368714,
    "statsPerimeter": 79.09517747586406,
    "statsVertices": 38,
    "statsLineResolution": 2081.452038838528,
    "statsVertexDensity": 0.4804338420202132
}