{
    "boundaryCount": 1,
    "statsArea": 166.3439541682171,
    "statsPerimeter": 77.63270093114461,
    "statsVertices": 39,
    "statsLineResolution": 1990.5820751575543,
    "statsVertexDensity": 0.5023656208302038
}