{
    "boundaryCount": 1,
    "statsArea": 122295.36311090454,
    "statsPerimeter": 5585.505324881882,
    "statsVertices": 31419,
    "statsLineResolution": 177.77476446996667,
    "statsVertexDensity": 5.625095344558538
}