{
    "boundaryCount": 8,
    "statsArea": 244785.46498850646,
    "statsPerimeter": 10232.598202680545,
    "statsVertices": 10588,
    "statsLineResolution": 966.4335287760242,
    "statsVertexDensity": 1.0347323123882997
}