{
    "boundaryCount": 1,
    "statsArea": 42696.43397582228,
    "statsPerimeter": 4433.792189593209,
    "statsVertices": 2180,
    "statsLineResolution": 2033.8496282537656,
    "statsVertexDensity": 0.49167843389611154
}