{"boundaryCount": 27, "boundaryYearSourceLag": null, "statsArea": 983764.184681118, "statsVertices": 118481, "statsLineResolution": 177.62843080107675, "statsVertexDensity": 5.629729404747622, "statsPerimeter": 21045.594109742375}