{
    "boundaryCount": 27,
    "statsArea": 983764.184681118,
    "statsPerimeter": 21166.97082312058,
    "statsVertices": 118481,
    "statsLineResolution": 178.65287111959367,
    "statsVertexDensity": 5.597447125999898
}