{
    "boundaryCount": 27,
    "statsArea": 983764.1777951423,
    "statsPerimeter": 21743.298319261045,
    "statsVertices": 119597,
    "statsLineResolution": 181.8047134899792,
    "statsVertexDensity": 5.500407447110101
}