{
    "boundaryCount": 1,
    "statsArea": 1617537.4249818192,
    "statsPerimeter": 5999.512734934789,
    "statsVertices": 543,
    "statsLineResolution": 11048.826399511581,
    "statsVertexDensity": 0.09050735017831446
}