{
    "boundaryCount": 1,
    "statsArea": 1617576.4747864413,
    "statsPerimeter": 6010.884077267194,
    "statsVertices": 757,
    "statsLineResolution": 7940.401687275025,
    "statsVertexDensity": 0.1259382131262403
}