{
    "boundaryCount": 1,
    "statsArea": 1623760.900343171,
    "statsPerimeter": 6071.430705760519,
    "statsVertices": 660,
    "statsLineResolution": 9199.137432970483,
    "statsVertexDensity": 0.10870584413881194
}