{
    "boundaryCount": 1,
    "statsArea": 688.1107228252228,
    "statsPerimeter": 245.74465890132896,
    "statsVertices": 147,
    "statsLineResolution": 1671.7323734784281,
    "statsVertexDensity": 0.5981818716109848
}