{
    "boundaryCount": 1,
    "statsArea": 95298.15394466712,
    "statsPerimeter": 1882.760887613465,
    "statsVertices": 698,
    "statsLineResolution": 2697.365168500666,
    "statsVertexDensity": 0.37073215435485557
}