{
    "boundaryCount": 1,
    "statsArea": 96000.32885376124,
    "statsPerimeter": 1665.3817414727332,
    "statsVertices": 246,
    "statsLineResolution": 6769.844477531436,
    "statsVertexDensity": 0.14771388077213868
}