{
    "boundaryCount": 1,
    "statsArea": 96025.873486742,
    "statsPerimeter": 1701.7872657690643,
    "statsVertices": 429,
    "statsLineResolution": 3966.8700833777725,
    "statsVertexDensity": 0.25208791288382815
}