{
    "boundaryCount": 29,
    "statsArea": 110897.71656065616,
    "statsPerimeter": 12586.510094860247,
    "statsVertices": 39407,
    "statsLineResolution": 319.39782512904424,
    "statsVertexDensity": 3.130891700956249
}