{
    "boundaryCount": 13,
    "statsArea": 15082.228117510484,
    "statsPerimeter": 2199.2062190866827,
    "statsVertices": 738,
    "statsLineResolution": 2979.9542264047195,
    "statsVertexDensity": 0.3355756243298034
}