{
    "boundaryCount": 9,
    "statsArea": 66182.06592459457,
    "statsPerimeter": 6688.375212675435,
    "statsVertices": 357106,
    "statsLineResolution": 18.7293834678651,
    "statsVertexDensity": 53.392040464959656
}