{
    "boundaryCount": 1,
    "boundaryYearSourceLag": 1,
    "statsArea": 786261.6432848922,
    "statsPerimeter": 13885.691523354966,
    "statsVertices": 23910,
    "statsLineResolution": 580.7482862130894,
    "statsVertexDensity": 1.7219164029234482
}