{
    "boundaryCount": 1,
    "statsArea": 786261.7932064307,
    "statsPerimeter": 13885.687831813955,
    "statsVertices": 117038,
    "statsLineResolution": 118.64255909887349,
    "statsVertexDensity": 8.428678609053158
}