{
    "boundaryCount": 640,
    "statsArea": 3184435.964006484,
    "statsPerimeter": 305557.8269809949,
    "statsVertices": 635267,
    "statsLineResolution": 480.9911847789904,
    "statsVertexDensity": 2.079040181286249
}