{
    "boundaryCount": 78,
    "boundaryYearSourceLag": 1,
    "statsArea": 30564.456822392778,
    "statsPerimeter": 10165.456398215749,
    "statsVertices": 136713,
    "statsLineResolution": 74.3561797211366,
    "statsVertexDensity": 13.448781308431563
}