{
    "boundaryCount": 10,
    "statsArea": 730.3118308737486,
    "statsPerimeter": 353.14646916940166,
    "statsVertices": 394,
    "statsLineResolution": 896.3108354553342,
    "statsVertexDensity": 1.1156843814032336
}