{
    "boundaryCount": 9,
    "boundaryYearSourceLag": 1,
    "statsArea": 102381.39339611608,
    "statsPerimeter": 10098.977790300867,
    "statsVertices": 26452,
    "statsLineResolution": 381.7850366815691,
    "statsVertexDensity": 2.6192749948816303
}