{
    "boundaryCount": 9,
    "statsArea": 102381.47524631655,
    "statsPerimeter": 10099.032071498332,
    "statsVertices": 189631,
    "statsLineResolution": 53.25622958007041,
    "statsVertexDensity": 18.777146033151038
}