{
    "boundaryCount": 6,
    "statsArea": 9246.982142978522,
    "statsPerimeter": 1669.2984933270623,
    "statsVertices": 8686,
    "statsLineResolution": 192.1826494735278,
    "statsVertexDensity": 5.203383358172222
}