{
    "boundaryCount": 6,
    "statsArea": 9246.982142978111,
    "statsPerimeter": 1669.298493326981,
    "statsVertices": 8686,
    "statsLineResolution": 192.18264947351844,
    "statsVertexDensity": 5.203383358172475
}