{
    "boundaryCount": 1,
    "statsArea": 71147.62627774914,
    "statsPerimeter": 2852.5890959995745,
    "statsVertices": 2133,
    "statsLineResolution": 1337.3601012656231,
    "statsVertexDensity": 0.7477417630850812
}