{
    "boundaryCount": 913,
    "statsArea": 18148.780309757884,
    "statsPerimeter": 23468.3153122864,
    "statsVertices": 126586,
    "statsLineResolution": 185.3942403763955,
    "statsVertexDensity": 5.393910824682344
}