{
    "boundaryCount": 1,
    "statsArea": 448926.4287069851,
    "statsPerimeter": 6930.527859589108,
    "statsVertices": 19778,
    "statsLineResolution": 350.41601069820547,
    "statsVertexDensity": 2.853750883150275
}