{
    "boundaryCount": 9,
    "statsArea": 198889.48016932752,
    "statsPerimeter": 8677.378643711907,
    "statsVertices": 33099,
    "statsLineResolution": 262.1643748666699,
    "statsVertexDensity": 3.814400795335272
}