{
    "boundaryCount": 9,
    "statsArea": 198889.48016932802,
    "statsPerimeter": 8677.37864371197,
    "statsVertices": 33099,
    "statsLineResolution": 262.16437486667184,
    "statsVertexDensity": 3.814400795335244
}