{
    "boundaryCount": 1,
    "statsArea": 12139.228974963951,
    "statsPerimeter": 16160.420691247347,
    "statsVertices": 466215,
    "statsLineResolution": 34.6630217630221,
    "statsVertexDensity": 28.849187091553063
}