{
    "boundaryCount": 1,
    "statsArea": 12139.228974958653,
    "statsPerimeter": 16160.420691247164,
    "statsVertices": 466215,
    "statsLineResolution": 34.6630217630217,
    "statsVertexDensity": 28.84918709155339
}