{
    "boundaryCount": 16,
    "statsArea": 110784.27270621664,
    "statsPerimeter": 14117.765299544653,
    "statsVertices": 165652,
    "statsLineResolution": 85.22544430217958,
    "statsVertexDensity": 11.733585060047913
}