{
    "boundaryCount": 9,
    "boundaryYearSourceLag": 1,
    "statsArea": 65801.18587410028,
    "statsPerimeter": 6934.508474322999,
    "statsVertices": 60638,
    "statsLineResolution": 114.35912256873576,
    "statsVertexDensity": 8.744383286072768
}