{
    "boundaryCount": 9,
    "statsArea": 5964.450598431727,
    "statsPerimeter": 6934.513115041008,
    "statsVertices": 140058,
    "statsLineResolution": 49.511724535842355,
    "statsVertexDensity": 20.1972362985677
}