{
    "boundaryCount": 5,
    "statsArea": 141429.29378234694,
    "statsPerimeter": 6274.783110339005,
    "statsVertices": 24280,
    "statsLineResolution": 258.43423024460486,
    "statsVertexDensity": 3.869456453402137
}