{
    "boundaryCount": 1,
    "statsArea": 1564875.700893232,
    "statsPerimeter": 8093.660437680272,
    "statsVertices": 44736,
    "statsLineResolution": 180.92052122854685,
    "statsVertexDensity": 5.527288962078302
}