{
    "boundaryCount": 1,
    "statsArea": 11150.10699210248,
    "statsPerimeter": 595.374308817585,
    "statsVertices": 241,
    "statsLineResolution": 2470.432816670477,
    "statsVertexDensity": 0.40478736893875494
}