{
    "boundaryCount": 7,
    "boundaryYearSourceLag": 1,
    "statsArea": 147652.498984362,
    "statsPerimeter": 8015.546851944797,
    "statsVertices": 141695,
    "statsLineResolution": 56.569016916227085,
    "statsVertexDensity": 17.67752127424978
}