{"boundaryCount": 3, "boundaryYearSourceLag": null, "statsArea": 411.22710540518534, "statsVertices": 6876, "statsLineResolution": 39.134370056314985, "statsVertexDensity": 25.552985740181427, "statsPerimeter": 269.0879285072219}