{
    "boundaryCount": 7,
    "statsArea": 11095.051417153227,
    "statsPerimeter": 2089.315720888348,
    "statsVertices": 99202,
    "statsLineResolution": 21.06122579069321,
    "statsVertexDensity": 47.480617222283996
}