{
    "boundaryCount": 206,
    "statsArea": 1219351.4619912705,
    "statsPerimeter": 95681.63223485241,
    "statsVertices": 612040,
    "statsLineResolution": 156.33231853286128,
    "statsVertexDensity": 6.396630008335728
}