{
    "boundaryCount": 486,
    "statsArea": 407991.459341422,
    "statsPerimeter": 98623.36478118169,
    "statsVertices": 560358,
    "statsLineResolution": 176.0006367022184,
    "statsVertexDensity": 5.681797627197991
}