{"boundaryCount": 3, "boundaryYearSourceLag": null, "statsArea": 2608.4682835699527, "statsVertices": 341, "statsLineResolution": 1336.5049927772584, "statsVertexDensity": 0.7482201753111294, "statsPerimeter": 455.74820253704513}