{
    "boundaryCount": 60,
    "statsArea": 759418.595123803,
    "statsPerimeter": 105506.77341616442,
    "statsVertices": 1208124,
    "statsLineResolution": 87.33107977009348,
    "statsVertexDensity": 11.450677154485955
}