{
    "boundaryCount": 10,
    "statsArea": 465390.48810733965,
    "statsPerimeter": 14578.393962879714,
    "statsVertices": 79902,
    "statsLineResolution": 182.4534299877314,
    "statsVertexDensity": 5.480850648120139
}