{
    "boundaryCount": 10,
    "statsArea": 465390.48810734,
    "statsPerimeter": 14578.393962879665,
    "statsVertices": 79902,
    "statsLineResolution": 182.45342998773077,
    "statsVertexDensity": 5.480850648120157
}