{"boundaryCount": 9, "boundaryYearSourceLag": null, "statsArea": 1252723.6518744652, "statsVertices": 2764, "statsLineResolution": 5978.599008159893, "statsVertexDensity": 0.1672632666340642, "statsPerimeter": 16524.847658553943}