{
    "boundaryCount": 9,
    "statsArea": 1252723.643014269,
    "statsPerimeter": 16577.984566542807,
    "statsVertices": 2764,
    "statsLineResolution": 5997.823649255719,
    "statsVertexDensity": 0.16672714279021722
}