{
    "boundaryCount": 9,
    "statsArea": 1252723.6518744652,
    "statsPerimeter": 16577.984563435082,
    "statsVertices": 2764,
    "statsLineResolution": 5997.823648131361,
    "statsVertexDensity": 0.16672714282147205
}