{
    "boundaryCount": 5,
    "boundaryYearSourceLag": 1,
    "statsArea": 25315.452086731206,
    "statsPerimeter": 2015.4545646269437,
    "statsVertices": 3082,
    "statsLineResolution": 653.9437263552705,
    "statsVertexDensity": 1.5291835668696763
}