{
    "boundaryCount": 1,
    "statsArea": 30669.830513209366,
    "statsPerimeter": 1145.3178107636386,
    "statsVertices": 648,
    "statsLineResolution": 1767.4657573512943,
    "statsVertexDensity": 0.5657818239707171
}