{
    "boundaryCount": 1,
    "statsArea": 30641.18115063219,
    "statsPerimeter": 1023.2146223755848,
    "statsVertices": 202,
    "statsLineResolution": 5065.41892265141,
    "statsVertexDensity": 0.19741703801204394
}