{
    "boundaryCount": 1,
    "statsArea": 30640.71188377188,
    "statsPerimeter": 1039.9847248345384,
    "statsVertices": 381,
    "statsLineResolution": 2729.618700353119,
    "statsVertexDensity": 0.36635153469260534
}