{
    "boundaryCount": 1,
    "statsArea": 592192.5818010591,
    "statsPerimeter": 7408.997686667039,
    "statsVertices": 184903,
    "statsLineResolution": 40.069645634019125,
    "statsVertexDensity": 24.956547136294116
}