{
    "boundaryCount": 14,
    "statsArea": 132578.7141660716,
    "statsPerimeter": 23858.559033784648,
    "statsVertices": 481648,
    "statsLineResolution": 49.53526026015814,
    "statsVertexDensity": 20.187639970962525
}