{
    "boundaryCount": 14,
    "statsArea": 132574.80222346968,
    "statsPerimeter": 23854.10259717587,
    "statsVertices": 475780,
    "statsLineResolution": 50.13683340446398,
    "statsVertexDensity": 19.945416016460346
}