{"boundaryCount": 14, "boundaryYearSourceLag": null, "statsArea": 132574.80222346968, "statsVertices": 475780, "statsLineResolution": 50.136295034398344, "statsVertexDensity": 19.94563019293515, "statsPerimeter": 23853.84645146604}