{
    "boundaryCount": 9,
    "boundaryYearSourceLag": 0,
    "statsArea": 198537.5960491906,
    "statsPerimeter": 9277.961652809307,
    "statsVertices": 29052,
    "statsLineResolution": 319.3570718989848,
    "statsVertexDensity": 3.131291234772806
}