{
    "boundaryCount": 1,
    "statsArea": 37397.73062555386,
    "statsPerimeter": 1978.301154341242,
    "statsVertices": 854,
    "statsLineResolution": 2316.5118903293233,
    "statsVertexDensity": 0.4316835170044548
}