{
    "boundaryCount": 95,
    "statsArea": 436961.09036658297,
    "statsPerimeter": 29474.63158563469,
    "statsVertices": 57944,
    "statsLineResolution": 508.6744371399056,
    "statsVertexDensity": 1.9658939529626107
}