{
    "boundaryCount": 4,
    "statsArea": 72482.34851807155,
    "statsPerimeter": 4036.601556033851,
    "statsVertices": 18434,
    "statsLineResolution": 218.97588998773196,
    "statsVertexDensity": 4.566712801377469
}