{
    "boundaryCount": 1,
    "boundaryYearSourceLag": 6,
    "statsArea": 1909504.2732772534,
    "statsPerimeter": 13604.538582307245,
    "statsVertices": 187677,
    "statsLineResolution": 72.4891093863779,
    "statsVertexDensity": 13.79517569556344
}