{
    "boundaryCount": 1,
    "statsArea": 115268.0815463022,
    "statsPerimeter": 2168.983025981454,
    "statsVertices": 5229,
    "statsLineResolution": 414.7988192735616,
    "statsVertexDensity": 2.410807248080655
}