{
    "boundaryCount": 4,
    "statsArea": 683.0563927349245,
    "statsPerimeter": 394.07938355797546,
    "statsVertices": 303,
    "statsLineResolution": 1300.5920249438134,
    "statsVertexDensity": 0.7688806180732969
}