{"boundaryCount": 1, "boundaryYearSourceLag": null, "statsArea": 27198.794740244542, "statsVertices": 2177, "statsLineResolution": 2062.3710538742466, "statsVertexDensity": 0.48487879914793214, "statsPerimeter": 4489.781784284235}