{
    "boundaryCount": 14,
    "statsArea": 147662.6380905403,
    "statsPerimeter": 10172.83634165357,
    "statsVertices": 17103,
    "statsLineResolution": 594.7983594488435,
    "statsVertexDensity": 1.6812420278472648
}