{
    "boundaryCount": 14,
    "statsArea": 147662.63546533286,
    "statsPerimeter": 10172.839910624687,
    "statsVertices": 16364,
    "statsLineResolution": 621.6597354329434,
    "statsVertexDensity": 1.6085970234240254
}