{"boundaryCount": 1, "boundaryYearSourceLag": null, "statsArea": 139384.44612542292, "statsVertices": 150671, "statsLineResolution": 71.03137831274674, "statsVertexDensity": 14.07828517133741, "statsPerimeter": 10702.368801759863}