{
    "boundaryCount": 1,
    "statsArea": 139384.36651276913,
    "statsPerimeter": 10739.066863195285,
    "statsVertices": 165246,
    "statsLineResolution": 64.98836197666077,
    "statsVertexDensity": 15.387370439635475
}