{
    "boundaryCount": 1,
    "statsArea": 139384.4461254229,
    "statsPerimeter": 10708.000390554784,
    "statsVertices": 150671,
    "statsLineResolution": 71.06875503948858,
    "statsVertexDensity": 14.07088107065279
}