{
    "boundaryCount": 2,
    "statsArea": 399969.24147650925,
    "statsPerimeter": 5264.640049397569,
    "statsVertices": 26092,
    "statsLineResolution": 201.77219260300356,
    "statsVertexDensity": 4.95608432013993
}