{
    "boundaryCount": 2,
    "statsArea": 399969.2414765092,
    "statsPerimeter": 5264.640049397625,
    "statsVertices": 26092,
    "statsLineResolution": 201.77219260300572,
    "statsVertexDensity": 4.956084320139877
}