{
    "boundaryCount": 137,
    "statsArea": 238294.53884104587,
    "statsPerimeter": 26980.180855650207,
    "statsVertices": 57335,
    "statsLineResolution": 470.5708704220844,
    "statsVertexDensity": 2.1250784161438587
}