{
    "boundaryCount": 20,
    "statsArea": 93052.8726532899,
    "statsPerimeter": 8122.453316949376,
    "statsVertices": 29473,
    "statsLineResolution": 275.58963515588425,
    "statsVertexDensity": 3.6285834894855933
}