{
    "boundaryCount": 20,
    "statsArea": 93052.87253798863,
    "statsPerimeter": 8122.453326562331,
    "statsVertices": 29445,
    "statsLineResolution": 275.8517006813493,
    "statsVertexDensity": 3.625136250855136
}