{"boundaryCount": 20, "boundaryYearSourceLag": null, "statsArea": 93052.87253798863, "statsVertices": 29445, "statsLineResolution": 271.7663503707853, "statsVertexDensity": 3.679631413659737, "statsPerimeter": 8002.160186667773}