{
    "boundaryCount": 22,
    "statsArea": 108239.52191934783,
    "statsPerimeter": 8774.063779378997,
    "statsVertices": 42747,
    "statsLineResolution": 205.255661903268,
    "statsVertexDensity": 4.8719727910418165
}