{
    "boundaryCount": 1,
    "statsArea": 20.065070123955635,
    "statsPerimeter": 32.09369380453498,
    "statsVertices": 41,
    "statsLineResolution": 782.7730196228043,
    "statsVertexDensity": 1.277509539715448
}