{
    "boundaryCount": 1,
    "statsArea": 754.2142943245368,
    "statsPerimeter": 213.2609463385649,
    "statsVertices": 4146,
    "statsLineResolution": 51.43775840293413,
    "statsVertexDensity": 19.440971594573952
}