{
    "boundaryCount": 81,
    "statsArea": 468486.8095064774,
    "statsPerimeter": 45781.521031123644,
    "statsVertices": 128212,
    "statsLineResolution": 357.0767247303189,
    "statsVertexDensity": 2.800518574139065
}