{
    "boundaryCount": 81,
    "boundaryYearSourceLag": 1,
    "statsArea": 780161.610914944,
    "statsPerimeter": 45781.51972986615,
    "statsVertices": 45666,
    "statsLineResolution": 1002.529666050588,
    "statsVertexDensity": 0.997476717012721
}