{
    "boundaryCount": 8,
    "statsArea": 36.994689187009065,
    "statsPerimeter": 99.24308751843898,
    "statsVertices": 10215,
    "statsLineResolution": 9.71542706984229,
    "statsVertexDensity": 102.92908307696587
}