{
    "boundaryCount": 37,
    "statsArea": 33847.79045650539,
    "statsPerimeter": 8858.353337249335,
    "statsVertices": 10141,
    "statsLineResolution": 873.5187197760906,
    "statsVertexDensity": 1.144795157058947
}