{
    "boundaryCount": 1,
    "boundaryYearSourceLag": 6,
    "statsArea": 267334.8791274678,
    "statsPerimeter": 3540.2733659027426,
    "statsVertices": 31854,
    "statsLineResolution": 111.14062177129223,
    "statsVertexDensity": 8.997610271227593
}