{"boundaryCount": 1, "boundaryYearSourceLag": null, "statsArea": 389337.4811096519, "statsVertices": 766, "statsLineResolution": 3782.7127373900194, "statsVertexDensity": 0.264360544779294, "statsPerimeter": 2897.5579568407547}