{
    "boundaryCount": 1,
    "statsArea": 389337.4811096519,
    "statsPerimeter": 2897.5579568407547,
    "statsVertices": 766,
    "statsLineResolution": 3782.7127373900194,
    "statsVertexDensity": 0.264360544779294
}