{
    "boundaryCount": 7,
    "statsArea": 51177.91394783142,
    "statsPerimeter": 5695.203473482163,
    "statsVertices": 95470,
    "statsLineResolution": 59.654378060984214,
    "statsVertexDensity": 16.76322899515787
}