{"boundaryCount": 7, "boundaryYearSourceLag": null, "statsArea": 51176.80319886614, "statsVertices": 60928, "statsLineResolution": 96.67736919890258, "statsVertexDensity": 10.34368237661303, "statsPerimeter": 5890.358750550737}