{"boundaryCount": 47, "boundaryYearSourceLag": null, "statsArea": 585983.7595047957, "statsVertices": 312417, "statsLineResolution": 88.91916579427786, "statsVertexDensity": 11.246169383927713, "statsPerimeter": 27779.859019950905}