{
    "boundaryCount": 47,
    "statsArea": 585983.7646013813,
    "statsPerimeter": 28270.773458736523,
    "statsVertices": 325098,
    "statsLineResolution": 86.9607732398739,
    "statsVertexDensity": 11.499437766515543
}