{
    "boundaryCount": 47,
    "statsArea": 585983.7595047957,
    "statsPerimeter": 27789.82043279956,
    "statsVertices": 312417,
    "statsLineResolution": 88.95105078404683,
    "statsVertexDensity": 11.242138133115205
}