{
    "boundaryCount": 1,
    "statsArea": 267334.87914484984,
    "statsPerimeter": 3540.273397295102,
    "statsVertices": 31854,
    "statsLineResolution": 111.14062275679984,
    "statsVertexDensity": 8.997610191443863
}