{"boundaryCount": 1, "boundaryYearSourceLag": null, "statsArea": 267334.87914484984, "statsVertices": 31854, "statsLineResolution": 111.14062275679984, "statsVertexDensity": 8.997610191443863, "statsPerimeter": 3540.273397295102}