{
    "boundaryCount": 1,
    "statsArea": 267334.93504389,
    "statsPerimeter": 3550.7315140763576,
    "statsVertices": 31911,
    "statsLineResolution": 111.26982902686716,
    "statsVertexDensity": 8.987162187141859
}