{
    "boundaryCount": 18,
    "statsArea": 399657.1989413412,
    "statsPerimeter": 15997.948785686001,
    "statsVertices": 272744,
    "statsLineResolution": 58.65554800723756,
    "statsVertexDensity": 17.048685656753374
}