{
    "boundaryCount": 2,
    "boundaryYearSourceLag": 1,
    "statsArea": 14768.957964723617,
    "statsPerimeter": 989.9983912715609,
    "statsVertices": 1923,
    "statsLineResolution": 514.8197562514617,
    "statsVertexDensity": 1.942427398826462
}