{
    "boundaryCount": 9,
    "statsArea": 83949.95540776846,
    "statsPerimeter": 6824.816896532182,
    "statsVertices": 201584,
    "statsLineResolution": 33.855945395131464,
    "statsVertexDensity": 29.536909642576436
}