{
    "boundaryCount": 9,
    "statsArea": 83949.95540777048,
    "statsPerimeter": 6824.816896532158,
    "statsVertices": 201584,
    "statsLineResolution": 33.85594539513135,
    "statsVertexDensity": 29.53690964257654
}