{
    "boundaryCount": 81912,
    "boundaryYearSourceLag": 1,
    "statsArea": 1891077.033026042,
    "statsPerimeter": 1533135.364761054,
    "statsVertices": 15780273,
    "statsLineResolution": 97.15518640020068,
    "statsVertexDensity": 10.29281129553712
}