{
    "boundaryCount": 8,
    "statsArea": 139852.01957438662,
    "statsPerimeter": 15803.709763960065,
    "statsVertices": 339765,
    "statsLineResolution": 46.51364844513139,
    "statsVertexDensity": 21.49906604681041
}