{
    "boundaryCount": 1,
    "statsArea": 447555.52469501726,
    "statsPerimeter": 6450.9524264061965,
    "statsVertices": 4504,
    "statsLineResolution": 1432.271853109724,
    "statsVertexDensity": 0.6981914765893201
}