{
    "boundaryCount": 1,
    "statsArea": 447555.71461237076,
    "statsPerimeter": 6450.519116309107,
    "statsVertices": 5393,
    "statsLineResolution": 1196.091065512536,
    "statsVertexDensity": 0.8360567425286224
}