{"boundaryCount": 1, "boundaryYearSourceLag": null, "statsArea": 447555.52469501726, "statsVertices": 4504, "statsLineResolution": 1424.5172592036006, "statsVertexDensity": 0.7019921966821703, "statsPerimeter": 6416.025735453017}