{
    "boundaryCount": 1,
    "statsArea": 119.05057711102786,
    "statsPerimeter": 53.78195661649998,
    "statsVertices": 47,
    "statsLineResolution": 1144.2969492872337,
    "statsVertexDensity": 0.8738990352310961
}