{
    "boundaryCount": 1,
    "statsArea": 160.4081839830213,
    "statsPerimeter": 76.12051325091585,
    "statsVertices": 396,
    "statsLineResolution": 192.22351831039353,
    "statsVertexDensity": 5.202277061567704
}