{
    "boundaryCount": 1,
    "statsArea": 328756.08623938984,
    "statsPerimeter": 13664.297665345706,
    "statsVertices": 219281,
    "statsLineResolution": 62.31409773462227,
    "statsVertexDensity": 16.047732958578827
}