{
    "boundaryCount": 1,
    "statsArea": 328756.08623939316,
    "statsPerimeter": 13664.297665345835,
    "statsVertices": 219281,
    "statsLineResolution": 62.314097734622855,
    "statsVertexDensity": 16.047732958578674
}