{
    "boundaryCount": 1,
    "statsArea": 124.83948997470564,
    "statsPerimeter": 48.33963026833167,
    "statsVertices": 26,
    "statsLineResolution": 1859.2165487819873,
    "statsVertexDensity": 0.5378609611963284
}