{
    "boundaryCount": 1,
    "statsArea": 119.05032262211394,
    "statsPerimeter": 53.78210035173149,
    "statsVertices": 47,
    "statsLineResolution": 1144.3000074836489,
    "statsVertexDensity": 0.8738966996941921
}