{
    "boundaryCount": 17,
    "boundaryYearSourceLag": 1,
    "statsArea": 1653.4785081629243,
    "statsPerimeter": 999.9517708624848,
    "statsVertices": 16705,
    "statsLineResolution": 59.85942956375245,
    "statsVertexDensity": 16.705805706600728
}