{
    "boundaryCount": 5,
    "statsArea": 21676.322077691377,
    "statsPerimeter": 1381.6946331896645,
    "statsVertices": 634,
    "statsLineResolution": 2179.3290744316473,
    "statsVertexDensity": 0.4588568159495566
}