{
    "boundaryCount": 1,
    "statsArea": 0.5207814297904484,
    "statsPerimeter": 3.1481666284788883,
    "statsVertices": 35,
    "statsLineResolution": 89.94761795653967,
    "statsVertexDensity": 11.117581796142437
}