{
    "boundaryCount": 1,
    "statsArea": 17110.773366567257,
    "statsPerimeter": 532.5406143091408,
    "statsVertices": 60,
    "statsLineResolution": 8875.676905152348,
    "statsVertexDensity": 0.11266746307760461
}