{
    "boundaryCount": 1,
    "statsArea": 17111.84503620604,
    "statsPerimeter": 536.5951527159015,
    "statsVertices": 85,
    "statsLineResolution": 6312.884149598841,
    "statsVertexDensity": 0.15840620171424277
}