{
    "boundaryCount": 1,
    "statsArea": 17121.82231219367,
    "statsPerimeter": 534.4131769656826,
    "statsVertices": 73,
    "statsLineResolution": 7320.728451584694,
    "statsVertexDensity": 0.13659842823203383
}