{
    "boundaryCount": 15,
    "statsArea": 6968.380663916454,
    "statsPerimeter": 6824.803694592552,
    "statsVertices": 55142,
    "statsLineResolution": 123.76779396091096,
    "statsVertexDensity": 8.079646311833153
}