{
    "boundaryCount": 15,
    "boundaryYearSourceLag": 1,
    "statsArea": 45405.48922100826,
    "statsPerimeter": 6824.800132099786,
    "statsVertices": 12312,
    "statsLineResolution": 554.3209983836734,
    "statsVertexDensity": 1.8040088737678486
}