{
    "boundaryCount": 20,
    "statsArea": 67003.14230006264,
    "statsPerimeter": 22004.804760604868,
    "statsVertices": 313852,
    "statsLineResolution": 70.11204249329259,
    "statsVertexDensity": 14.262885011453873
}