{
    "boundaryCount": 20,
    "boundaryYearSourceLag": 1,
    "statsArea": 506029.25152311265,
    "statsPerimeter": 22004.808439146032,
    "statsVertices": 134176,
    "statsLineResolution": 163.99958591063998,
    "statsVertexDensity": 6.097576371594496
}