{
    "boundaryCount": 1,
    "statsArea": 86235.47900480207,
    "statsPerimeter": 2949.213310132941,
    "statsVertices": 2968,
    "statsLineResolution": 993.6702527402092,
    "statsVertexDensity": 1.0063700681814067
}