{
    "boundaryCount": 112,
    "statsArea": 210374.23923556085,
    "statsPerimeter": 18240.223481994533,
    "statsVertices": 52501,
    "statsLineResolution": 347.42621058636087,
    "statsVertexDensity": 2.8783090323331453
}