{
    "boundaryCount": 1,
    "boundaryYearSourceLag": 0,
    "statsArea": 453076.75741596735,
    "statsPerimeter": 5398.9296655065355,
    "statsVertices": 36915,
    "statsLineResolution": 146.25300461889572,
    "statsVertexDensity": 6.837466365944328
}