{
    "boundaryCount": 9,
    "boundaryYearSourceLag": 1,
    "statsArea": 1219873.8588708306,
    "statsPerimeter": 25179.567647721324,
    "statsVertices": 24635,
    "statsLineResolution": 1022.1054454118662,
    "statsVertexDensity": 0.9783726370785956
}