{
    "boundaryCount": 9,
    "statsArea": 309639.3986042992,
    "statsPerimeter": 25179.555692909755,
    "statsVertices": 79568,
    "statsLineResolution": 316.45329394869486,
    "statsVertexDensity": 3.160023988128009
}