{
    "boundaryCount": 1,
    "statsArea": 110957.95946112336,
    "statsPerimeter": 2295.914593852428,
    "statsVertices": 15185,
    "statsLineResolution": 151.19621954905682,
    "statsVertexDensity": 6.613921981531701
}