{
    "boundaryCount": 1,
    "boundaryYearSourceLag": 1,
    "statsArea": 110957.93678826571,
    "statsPerimeter": 2295.9157805078175,
    "statsVertices": 3923,
    "statsLineResolution": 585.2449096374758,
    "statsVertexDensity": 1.7086863696421386
}