{
    "boundaryCount": 16,
    "statsArea": 754774.3269253159,
    "statsPerimeter": 106697.65874066277,
    "statsVertices": 3409553,
    "statsLineResolution": 31.29373813536929,
    "statsVertexDensity": 31.95527474775424
}