{
    "boundaryCount": 10,
    "statsArea": 28129.551842352303,
    "statsPerimeter": 10925.517166412283,
    "statsVertices": 574449,
    "statsLineResolution": 19.019124702823547,
    "statsVertexDensity": 52.578655202336506
}