{
    "boundaryCount": 10,
    "statsArea": 28129.55184235932,
    "statsPerimeter": 10925.517166412132,
    "statsVertices": 574449,
    "statsLineResolution": 19.019124702823284,
    "statsVertexDensity": 52.57865520233724
}