{
    "boundaryCount": 10,
    "statsArea": 30550.049793479167,
    "statsPerimeter": 4464.7382977520865,
    "statsVertices": 44592,
    "statsLineResolution": 100.12419935755486,
    "statsVertexDensity": 9.987595470590348
}