{
    "boundaryCount": 10,
    "statsArea": 30550.049793479797,
    "statsPerimeter": 4464.7382977520365,
    "statsVertices": 44592,
    "statsLineResolution": 100.12419935755375,
    "statsVertexDensity": 9.98759547059046
}