{
    "boundaryCount": 1,
    "statsArea": 464987.47282177466,
    "statsPerimeter": 7478.053636431375,
    "statsVertices": 49492,
    "statsLineResolution": 151.0962102245085,
    "statsVertexDensity": 6.61829968146875
}