{
    "boundaryCount": 1,
    "boundaryYearSourceLag": 1,
    "statsArea": 464987.38956528885,
    "statsPerimeter": 7478.055416411161,
    "statsVertices": 10483,
    "statsLineResolution": 713.3507027006735,
    "statsVertexDensity": 1.4018350247838842
}