{
    "boundaryCount": 1,
    "statsArea": 12403203.594749212,
    "statsPerimeter": 52901.48498950357,
    "statsVertices": 24893,
    "statsLineResolution": 2125.1550632508565,
    "statsVertexDensity": 0.4705538985330778
}