{
    "boundaryCount": 1,
    "statsArea": 55.03265648661029,
    "statsPerimeter": 33.09306348391593,
    "statsVertices": 14,
    "statsLineResolution": 2363.7902488511377,
    "statsVertexDensity": 0.42304938032722045
}