{
    "boundaryCount": 1,
    "statsArea": 24.423261351633577,
    "statsPerimeter": 21.002713214835797,
    "statsVertices": 11,
    "statsLineResolution": 1909.3375649850723,
    "statsVertexDensity": 0.5237418559917236
}