{
    "boundaryCount": 6,
    "statsArea": 120457.44727735061,
    "statsPerimeter": 8196.039290515515,
    "statsVertices": 91623,
    "statsLineResolution": 89.45395032377803,
    "statsVertexDensity": 11.17893616079006
}