{
    "boundaryCount": 6,
    "statsArea": 120457.4139702486,
    "statsPerimeter": 8192.339432745946,
    "statsVertices": 89826,
    "statsLineResolution": 91.2023181789899,
    "statsVertexDensity": 10.964633574745779
}