{"boundaryCount": 6, "boundaryYearSourceLag": null, "statsArea": 120457.4139702486, "statsVertices": 89826, "statsLineResolution": 91.2023181789899, "statsVertexDensity": 10.964633574745779, "statsPerimeter": 8192.339432745946}