{"boundaryCount": 116, "boundaryYearSourceLag": null, "statsArea": 209744.0656453117, "statsVertices": 121828, "statsLineResolution": 156.96930440516644, "statsVertexDensity": 6.370672303030772, "statsPerimeter": 19123.25641707262}