{
    "boundaryCount": 116,
    "statsArea": 209744.0669023203,
    "statsPerimeter": 19318.804968387838,
    "statsVertices": 152393,
    "statsLineResolution": 126.76963488078742,
    "statsVertexDensity": 7.888324368374079
}