{
    "boundaryCount": 116,
    "statsArea": 209744.0656453117,
    "statsPerimeter": 19318.861389310227,
    "statsVertices": 121828,
    "statsLineResolution": 158.57488745863205,
    "statsVertexDensity": 6.306168751094798
}