{
    "boundaryCount": 1,
    "statsArea": 557.8792326199967,
    "statsPerimeter": 196.10428208692758,
    "statsVertices": 661,
    "statsLineResolution": 296.6781877260629,
    "statsVertexDensity": 3.3706556173362756
}