{
    "boundaryCount": 1,
    "statsArea": 102381.45839880609,
    "statsPerimeter": 7935.16947901052,
    "statsVertices": 184480,
    "statsLineResolution": 43.01371139966674,
    "statsVertexDensity": 23.248400741530705
}