{
    "boundaryCount": 1,
    "boundaryYearSourceLag": 1,
    "statsArea": 102381.39339611618,
    "statsPerimeter": 7935.11537196064,
    "statsVertices": 25334,
    "statsLineResolution": 313.21999573540063,
    "statsVertexDensity": 3.192644191352239
}