{
    "boundaryCount": 10,
    "statsArea": 30504.38975625001,
    "statsPerimeter": 4683.188491919169,
    "statsVertices": 121844,
    "statsLineResolution": 38.43593851087595,
    "statsVertexDensity": 26.017317092882667
}