{
    "boundaryCount": 10,
    "statsArea": 30504.389756250064,
    "statsPerimeter": 4683.188491919054,
    "statsVertices": 121844,
    "statsLineResolution": 38.43593851087501,
    "statsVertexDensity": 26.017317092883307
}