{
    "boundaryCount": 5572,
    "statsArea": 8510255.189270502,
    "statsPerimeter": 957825.4287379704,
    "statsVertices": 1646893,
    "statsLineResolution": 581.5954216442541,
    "statsVertexDensity": 1.7194083082237064
}