{
    "boundaryCount": 226,
    "statsArea": 1194254.1573586967,
    "statsPerimeter": 100185.80332925529,
    "statsVertices": 975745,
    "statsLineResolution": 102.67621492219308,
    "statsVertexDensity": 9.739353956101606
}