{
    "boundaryCount": 226,
    "statsArea": 1194254.1573586967,
    "statsPerimeter": 100185.80332925555,
    "statsVertices": 975745,
    "statsLineResolution": 102.67621492219335,
    "statsVertexDensity": 9.739353956101581
}