{
    "boundaryCount": 1310,
    "boundaryYearSourceLag": 9,
    "statsArea": 296966.619536496,
    "statsPerimeter": 108996.79492580416,
    "statsVertices": 344633,
    "statsLineResolution": 316.2691759808381,
    "statsVertexDensity": 3.1618636147475447
}