{
    "boundaryCount": 59,
    "statsArea": 17369.61329979335,
    "statsPerimeter": 5916.159627423047,
    "statsVertices": 104678,
    "statsLineResolution": 56.517698345622264,
    "statsVertexDensity": 17.69357262011463
}