{"boundaryCount": 59, "boundaryYearSourceLag": 0, "statsArea": 17369.613299793346, "statsVertices": 104678, "statsLineResolution": 56.517698345622264, "statsVertexDensity": 17.69357262011463, "statsPerimeter": 5916.159627423047}