{
    "boundaryCount": 336,
    "statsArea": 1564910.6629765043,
    "statsPerimeter": 103856.62862635116,
    "statsVertices": 203645,
    "statsLineResolution": 509.98860088070495,
    "statsVertexDensity": 1.9608281406154744
}