{
    "boundaryCount": 298,
    "statsArea": 111457.84100602644,
    "statsPerimeter": 29402.351765836684,
    "statsVertices": 2459190,
    "statsLineResolution": 11.956112283246387,
    "statsVertexDensity": 83.6392278952799
}