{
    "boundaryCount": 23,
    "statsArea": 463421.6507449657,
    "statsPerimeter": 27891.065019392707,
    "statsVertices": 62317,
    "statsLineResolution": 447.56751800299605,
    "statsVertexDensity": 2.2342997643392564
}