{
    "boundaryCount": 7,
    "statsArea": 207499.1344719994,
    "statsPerimeter": 7414.2497021991985,
    "statsVertices": 5761,
    "statsLineResolution": 1286.972696094289,
    "statsVertexDensity": 0.7770172615431585
}