{"boundaryCount": 7, "boundaryYearSourceLag": null, "statsArea": 207499.1344719994, "statsVertices": 5761, "statsLineResolution": 1268.6612015387045, "statsVertexDensity": 0.7882325074552158, "statsPerimeter": 7308.757182064477}