{
    "boundaryCount": 1,
    "statsArea": 28129.551842349603,
    "statsPerimeter": 10885.458745038204,
    "statsVertices": 574218,
    "statsLineResolution": 18.957014139295882,
    "statsVertexDensity": 52.75092336018813
}