{
    "boundaryCount": 1,
    "statsArea": 28129.551842356672,
    "statsPerimeter": 10885.458745038037,
    "statsVertices": 574218,
    "statsLineResolution": 18.95701413929559,
    "statsVertexDensity": 52.75092336018894
}