{
    "boundaryCount": 63,
    "statsArea": 1564910.7386853935,
    "statsPerimeter": 50096.05312237134,
    "statsVertices": 87025,
    "statsLineResolution": 575.6512855199235,
    "statsVertexDensity": 1.7371628017764404
}