{
    "boundaryCount": 1,
    "statsArea": 461937.11976585805,
    "statsPerimeter": 22506.377040036,
    "statsVertices": 72562,
    "statsLineResolution": 310.16754003522504,
    "statsVertexDensity": 3.2240640006572967
}