{
    "boundaryCount": 1,
    "statsArea": 750913.0253535935,
    "statsPerimeter": 6210.093546044324,
    "statsVertices": 38713,
    "statsLineResolution": 160.41364776804497,
    "statsVertexDensity": 6.233883549895834
}