{
    "boundaryCount": 3,
    "statsArea": 366.66147624658265,
    "statsPerimeter": 152.94229619705257,
    "statsVertices": 83,
    "statsLineResolution": 1842.6782674343685,
    "statsVertexDensity": 0.5426883345144882
}