{
    "boundaryCount": 1,
    "statsArea": 237.4902712343627,
    "statsPerimeter": 168.77523145953973,
    "statsVertices": 415,
    "statsLineResolution": 406.6873047217825,
    "statsVertexDensity": 2.458891606375829
}