{
    "boundaryCount": 6,
    "boundaryYearSourceLag": 1,
    "statsArea": 22128.37894507147,
    "statsPerimeter": 3221.3042356365604,
    "statsVertices": 6525,
    "statsLineResolution": 493.686472894492,
    "statsVertexDensity": 2.0255770714902988
}