{
    "boundaryCount": 6,
    "statsArea": 2254.6875877081925,
    "statsPerimeter": 3221.315668769121,
    "statsVertices": 38378,
    "statsLineResolution": 83.93651750401587,
    "statsVertexDensity": 11.913765661675871
}