{"boundaryCount": 2, "boundaryYearSourceLag": null, "statsArea": 234.45702324667164, "statsVertices": 1983, "statsLineResolution": 110.05853047942551, "statsVertexDensity": 9.086074433702723, "statsPerimeter": 218.2460659407008}