{
    "boundaryCount": 3,
    "boundaryYearSourceLag": 1,
    "statsArea": 1672.6758789461285,
    "statsPerimeter": 444.03584005611003,
    "statsVertices": 971,
    "statsLineResolution": 457.297466587137,
    "statsVertexDensity": 2.186760419783459
}