{
    "boundaryCount": 3,
    "statsArea": 370.8449463970161,
    "statsPerimeter": 444.03663782645134,
    "statsVertices": 3954,
    "statsLineResolution": 112.3006165469022,
    "statsVertexDensity": 8.904670613115924
}