{
    "boundaryCount": 1,
    "statsArea": 462.2557110226698,
    "statsPerimeter": 903.390623016235,
    "statsVertices": 48474,
    "statsLineResolution": 18.636601539304266,
    "statsVertexDensity": 53.6578516147924
}