{
    "boundaryCount": 1,
    "statsArea": 462.2557110217607,
    "statsPerimeter": 903.3906230161717,
    "statsVertices": 48474,
    "statsLineResolution": 18.636601539302962,
    "statsVertexDensity": 53.65785161479616
}