{
    "boundaryCount": 1,
    "statsArea": 2876.730179656672,
    "statsPerimeter": 462.2080458955372,
    "statsVertices": 1357,
    "statsLineResolution": 340.6102033128499,
    "statsVertexDensity": 2.9359073517874092
}