{"boundaryCount": 1, "boundaryYearSourceLag": null, "statsArea": 56995.324914823716, "statsVertices": 2324, "statsLineResolution": 747.0671157161715, "statsVertexDensity": 1.3385678193603205, "statsPerimeter": 1736.1839769243827}