{
    "boundaryCount": 1,
    "statsArea": 57230.15971338196,
    "statsPerimeter": 1740.9711060553516,
    "statsVertices": 3455,
    "statsLineResolution": 503.8990176715924,
    "statsVertexDensity": 1.9845246069753861
}