{
    "boundaryCount": 16,
    "statsArea": 484.1702338518451,
    "statsPerimeter": 909.449340681756,
    "statsVertices": 12352,
    "statsLineResolution": 73.62769921322507,
    "statsVertexDensity": 13.581845021450558
}