{
    "boundaryCount": 16,
    "statsArea": 487.5062463124668,
    "statsPerimeter": 913.4497528081988,
    "statsVertices": 11922,
    "statsLineResolution": 76.61883516257329,
    "statsVertexDensity": 13.051621026059127
}