{
    "boundaryCount": 64,
    "statsArea": 186383.38463400718,
    "statsPerimeter": 15853.426343220175,
    "statsVertices": 24062,
    "statsLineResolution": 658.8573827287912,
    "statsVertexDensity": 1.517779152535709
}