{
    "boundaryCount": 64,
    "statsArea": 186383.38463400662,
    "statsPerimeter": 15853.426343220242,
    "statsVertices": 24062,
    "statsLineResolution": 658.857382728794,
    "statsVertexDensity": 1.5177791525357025
}