{
    "boundaryCount": 8,
    "statsArea": 1183623.9338028668,
    "statsPerimeter": 12830.996213086411,
    "statsVertices": 4235,
    "statsLineResolution": 3029.7511719212307,
    "statsVertexDensity": 0.3300601083243012
}