{
    "boundaryCount": 4288,
    "statsArea": 1219651.9376764644,
    "statsPerimeter": 279648.1757371108,
    "statsVertices": 3317518,
    "statsLineResolution": 84.2943959119772,
    "statsVertexDensity": 11.863184843797098
}