{
    "boundaryCount": 4288,
    "statsArea": 1219651.9376764628,
    "statsPerimeter": 279648.1757371114,
    "statsVertices": 3317518,
    "statsLineResolution": 84.2943959119774,
    "statsVertexDensity": 11.863184843797072
}