{"boundaryCount": 1, "boundaryYearSourceLag": null, "statsArea": 10670.505235354003, "statsVertices": 5394, "statsLineResolution": 226.61311303644254, "statsVertexDensity": 4.412807302281692, "statsPerimeter": 1222.351131718571}