{
    "boundaryCount": 1,
    "statsArea": 10670.505114091513,
    "statsPerimeter": 1223.0733335346188,
    "statsVertices": 5476,
    "statsLineResolution": 223.3515948748391,
    "statsVertexDensity": 4.4772458444291665
}