{
    "boundaryCount": 12,
    "statsArea": 1129937.4565079112,
    "statsPerimeter": 22576.03935995199,
    "statsVertices": 17335,
    "statsLineResolution": 1302.338584364118,
    "statsVertexDensity": 0.7678494763235949
}