{
    "boundaryCount": 1,
    "statsArea": 2723025.148009928,
    "statsPerimeter": 12847.967873733824,
    "statsVertices": 2071,
    "statsLineResolution": 6203.750784033715,
    "statsVertexDensity": 0.16119280654755674
}