{
    "boundaryCount": 1,
    "statsArea": 2723317.756327307,
    "statsPerimeter": 13104.429343023958,
    "statsVertices": 3682,
    "statsLineResolution": 3559.051967143932,
    "statsVertexDensity": 0.2809737000840929
}