{
    "boundaryCount": 1,
    "statsArea": 2720764.8605511473,
    "statsPerimeter": 13829.95054384724,
    "statsVertices": 4146,
    "statsLineResolution": 3335.73336802876,
    "statsVertexDensity": 0.29978415229000943
}