{
    "boundaryCount": 1,
    "statsArea": 256115.6192927701,
    "statsPerimeter": 5554.194003926574,
    "statsVertices": 149509,
    "statsLineResolution": 37.14956292883086,
    "statsVertexDensity": 26.91821709762094
}