{
    "boundaryCount": 1,
    "statsArea": 256339.74054549538,
    "statsPerimeter": 5605.675649331808,
    "statsVertices": 144896,
    "statsLineResolution": 38.687580397884055,
    "statsVertexDensity": 25.848088448940402
}