{
    "boundaryCount": 530,
    "statsArea": 71093.26067703191,
    "statsPerimeter": 16942.418032938283,
    "statsVertices": 63131,
    "statsLineResolution": 268.3692327531369,
    "statsVertexDensity": 3.726209557411761
}