{
    "boundaryCount": 530,
    "statsArea": 71196.78413457824,
    "statsPerimeter": 16927.69553688214,
    "statsVertices": 59309,
    "statsLineResolution": 285.41529172439493,
    "statsVertexDensity": 3.5036665133052094
}