{
    "boundaryCount": 170,
    "boundaryYearSourceLag": 0,
    "statsArea": 883885.9631025493,
    "statsPerimeter": 69474.90026262907,
    "statsVertices": 455945,
    "statsLineResolution": 152.37561605594772,
    "statsVertexDensity": 6.562729824388899
}