{
    "boundaryCount": 1,
    "statsArea": 437366.983078696,
    "statsPerimeter": 3484.750942362936,
    "statsVertices": 841,
    "statsLineResolution": 4143.580193059377,
    "statsVertexDensity": 0.24133718991972944
}