{
    "boundaryCount": 1,
    "statsArea": 436205.8456191722,
    "statsPerimeter": 3402.7285727164995,
    "statsVertices": 648,
    "statsLineResolution": 5251.124340611882,
    "statsVertexDensity": 0.19043540680727358
}