{
    "boundaryCount": 1,
    "statsArea": 436179.91886041884,
    "statsPerimeter": 3378.176338715257,
    "statsVertices": 349,
    "statsLineResolution": 9679.588363080964,
    "statsVertexDensity": 0.10331017833507385
}