{
    "boundaryCount": 1,
    "statsArea": 109009.93968219555,
    "statsPerimeter": 2113.8052476787184,
    "statsVertices": 9104,
    "statsLineResolution": 232.18423195065012,
    "statsVertexDensity": 4.306924684758724
}