{
    "boundaryCount": 22,
    "statsArea": 36297.86439604889,
    "statsPerimeter": 4753.511302421979,
    "statsVertices": 2205,
    "statsLineResolution": 2155.787438740126,
    "statsVertexDensity": 0.46386762536496384
}