{
    "boundaryCount": 84,
    "statsArea": 40921.98018386809,
    "statsPerimeter": 9877.208015490349,
    "statsVertices": 140276,
    "statsLineResolution": 70.41267227102533,
    "statsVertexDensity": 14.201989041843225
}