{
    "boundaryCount": 8,
    "statsArea": 1181669.0711668504,
    "statsPerimeter": 13001.152090396165,
    "statsVertices": 21784,
    "statsLineResolution": 596.8211572895779,
    "statsVertexDensity": 1.6755438170815375
}