{
    "boundaryCount": 1,
    "boundaryYearSourceLag": 1,
    "statsArea": 10756.16388435551,
    "statsPerimeter": 1250.182238822602,
    "statsVertices": 1111,
    "statsLineResolution": 1125.2765425946013,
    "statsVertexDensity": 0.8886704397962963
}