{
    "boundaryCount": 5,
    "statsArea": 147662.6354653328,
    "statsPerimeter": 5894.624731000465,
    "statsVertices": 9629,
    "statsLineResolution": 612.1741334510816,
    "statsVertexDensity": 1.6335221391380617
}