{
    "boundaryCount": 5,
    "statsArea": 147662.6380905403,
    "statsPerimeter": 5894.62124593602,
    "statsVertices": 10318,
    "statsLineResolution": 571.2949453320431,
    "statsVertexDensity": 1.750409325639646
}