{"boundaryCount": 1, "boundaryYearSourceLag": null, "statsArea": 111.92862519739859, "statsVertices": 54, "statsLineResolution": 1647.6125898488422, "statsVertexDensity": 0.6069387950548154, "statsPerimeter": 88.97107985183747}