{
    "boundaryCount": 1,
    "statsArea": 269151.3432857801,
    "statsPerimeter": 8018.658058882279,
    "statsVertices": 2481,
    "statsLineResolution": 3232.0266259098266,
    "statsVertexDensity": 0.30940339166249803
}