{
    "boundaryCount": 2,
    "statsArea": 268494.57912165974,
    "statsPerimeter": 10009.876139716984,
    "statsVertices": 4508,
    "statsLineResolution": 2220.4694187482214,
    "statsVertexDensity": 0.45035522288964686
}