{
    "boundaryCount": 1,
    "statsArea": 268491.42592101445,
    "statsPerimeter": 7635.396426079801,
    "statsVertices": 1652,
    "statsLineResolution": 4621.910669539831,
    "statsVertexDensity": 0.21636073725751226
}