{
    "boundaryCount": 769,
    "statsArea": 910292.9574961162,
    "statsPerimeter": 119665.71208137016,
    "statsVertices": 140014,
    "statsLineResolution": 854.6696193335678,
    "statsVertexDensity": 1.170042759656947
}