{
    "boundaryCount": 141,
    "statsArea": 177598.8007776449,
    "statsPerimeter": 26109.736477390383,
    "statsVertices": 178874,
    "statsLineResolution": 145.96719745402004,
    "statsVertexDensity": 6.8508542839907705
}