{
    "boundaryCount": 33,
    "statsArea": 9409881.27257041,
    "statsPerimeter": 140397.25975693573,
    "statsVertices": 352755,
    "statsLineResolution": 398.0021821290577,
    "statsVertexDensity": 2.5125490384264686
}