{
    "boundaryCount": 1,
    "statsArea": 18732.97928498154,
    "statsPerimeter": 5109.13171210471,
    "statsVertices": 181847,
    "statsLineResolution": 28.095771236834867,
    "statsVertexDensity": 35.592544926795014
}