{
    "boundaryCount": 1,
    "statsArea": 18732.979284984343,
    "statsPerimeter": 5109.131712104939,
    "statsVertices": 181847,
    "statsLineResolution": 28.095771236836125,
    "statsVertexDensity": 35.592544926793416
}