{
    "boundaryCount": 1,
    "statsArea": 40365.364219530915,
    "statsPerimeter": 1020.218091722774,
    "statsVertices": 328,
    "statsLineResolution": 3110.421011349921,
    "statsVertexDensity": 0.3214998858196372
}