{
    "boundaryCount": 1,
    "statsArea": 39840.182090680646,
    "statsPerimeter": 944.945246159928,
    "statsVertices": 188,
    "statsLineResolution": 5026.304500850681,
    "statsVertexDensity": 0.19895332641123398
}