{
    "boundaryCount": 1,
    "statsArea": 39851.20069404889,
    "statsPerimeter": 953.4560162727557,
    "statsVertices": 360,
    "statsLineResolution": 2648.488934090988,
    "statsVertexDensity": 0.3775737882564418
}