{
    "boundaryCount": 7,
    "statsArea": 347.26101806228985,
    "statsPerimeter": 217.14523079134153,
    "statsVertices": 120,
    "statsLineResolution": 1809.5435899278461,
    "statsVertexDensity": 0.5526255380451344
}