{
    "boundaryCount": 1,
    "statsArea": 19043.050926317326,
    "statsPerimeter": 3608.433101001653,
    "statsVertices": 12625,
    "statsLineResolution": 285.8164832476557,
    "statsVertexDensity": 3.498748527856999
}