{
    "boundaryCount": 256,
    "boundaryYearSourceLag": 19,
    "statsArea": 780782.9367802576,
    "statsPerimeter": 77979.39114255217,
    "statsVertices": 142011,
    "statsLineResolution": 549.1081053055901,
    "statsVertexDensity": 1.821135019384715
}