{
    "boundaryCount": 1,
    "boundaryYearSourceLag": 2,
    "statsArea": 11000.03394447926,
    "statsPerimeter": 1098.809361746353,
    "statsVertices": 20731,
    "statsLineResolution": 53.00320108756708,
    "statsVertexDensity": 18.866785014510555
}