{
    "boundaryCount": 1,
    "statsArea": 780052.5870840488,
    "statsPerimeter": 12296.154098027302,
    "statsVertices": 261389,
    "statsLineResolution": 47.04158973035324,
    "statsVertexDensity": 21.257784988392036
}