{
    "boundaryCount": 1,
    "statsArea": 780052.5870840463,
    "statsPerimeter": 12296.154098027633,
    "statsVertices": 261389,
    "statsLineResolution": 47.0415897303545,
    "statsVertexDensity": 21.257784988391464
}