{"boundaryCount": 9, "boundaryYearSourceLag": null, "statsArea": 83993.19518604761, "statsVertices": 2514, "statsLineResolution": 1943.9311417755453, "statsVertexDensity": 0.5144215134526943, "statsPerimeter": 4887.042890423721}