{
    "boundaryCount": 9,
    "statsArea": 83993.19482629075,
    "statsPerimeter": 4975.631201718532,
    "statsVertices": 2514,
    "statsLineResolution": 1979.1691335395908,
    "statsVertexDensity": 0.5052625281254146
}