{
    "boundaryCount": 9,
    "statsArea": 83993.19518604761,
    "statsPerimeter": 4975.631178080965,
    "statsVertices": 2514,
    "statsLineResolution": 1979.1691241372175,
    "statsVertexDensity": 0.5052625305257487
}