{
    "boundaryCount": 403,
    "statsArea": 357839.3472671646,
    "statsPerimeter": 87384.73019398893,
    "statsVertices": 645003,
    "statsLineResolution": 135.47957171360278,
    "statsVertexDensity": 7.3811866051211865
}