{"boundaryCount": 403, "boundaryYearSourceLag": null, "statsArea": 357839.3511343845, "statsVertices": 582543, "statsLineResolution": 147.33508543497612, "statsVertexDensity": 6.787249602141325, "statsPerimeter": 85829.0226745473}