{
    "boundaryCount": 403,
    "statsArea": 357839.3511343845,
    "statsPerimeter": 87351.27468750029,
    "statsVertices": 582543,
    "statsLineResolution": 149.94820071222262,
    "statsVertexDensity": 6.6689696525213975
}