{
    "boundaryCount": 6,
    "statsArea": 1295.2836181649807,
    "statsPerimeter": 705.111065715076,
    "statsVertices": 23869,
    "statsLineResolution": 29.54087166261997,
    "statsVertexDensity": 33.85140463764198
}