{"boundaryCount": 1, "boundaryYearSourceLag": null, "statsArea": 9005.9764956586, "statsVertices": 303, "statsLineResolution": 2154.5644167110045, "statsVertexDensity": 0.4641309362783057, "statsPerimeter": 652.8330182634343}