{
    "boundaryCount": 1,
    "statsArea": 294712.93435299094,
    "statsPerimeter": 15505.241393122944,
    "statsVertices": 4630,
    "statsLineResolution": 3348.8642317760136,
    "statsVertexDensity": 0.2986087015745236
}