{
    "boundaryCount": 1,
    "statsArea": 293237.48804051353,
    "statsPerimeter": 17278.79051551509,
    "statsVertices": 7389,
    "statsLineResolution": 2338.4477622838126,
    "statsVertexDensity": 0.42763409819484866
}