{
    "boundaryCount": 1,
    "statsArea": 292048.73784964083,
    "statsPerimeter": 14269.873227144915,
    "statsVertices": 2551,
    "statsLineResolution": 5593.8350557212525,
    "statsVertexDensity": 0.17876823146174498
}