{
    "boundaryCount": 1,
    "statsArea": 1083759.7117579407,
    "statsPerimeter": 7082.630581896273,
    "statsVertices": 16326,
    "statsLineResolution": 433.82522246087666,
    "statsVertexDensity": 2.3050757499241117
}