{
    "boundaryCount": 24,
    "statsArea": 256053.1337055708,
    "statsPerimeter": 20401.056398659708,
    "statsVertices": 243722,
    "statsLineResolution": 83.7062571235248,
    "statsVertexDensity": 11.946538220246861
}