{
    "boundaryCount": 1,
    "statsArea": 56405.78816994265,
    "statsPerimeter": 6112.433817044924,
    "statsVertices": 21021,
    "statsLineResolution": 290.7774995026366,
    "statsVertexDensity": 3.439055641204909
}