{
    "boundaryCount": 1,
    "statsArea": 309.19646674867374,
    "statsPerimeter": 181.74058171992243,
    "statsVertices": 81,
    "statsLineResolution": 2243.710885431141,
    "statsVertexDensity": 0.44569022082711185
}