{
    "boundaryCount": 1,
    "statsArea": 390680.6968221028,
    "statsPerimeter": 3041.1196122088672,
    "statsVertices": 5953,
    "statsLineResolution": 510.8549659346325,
    "statsVertexDensity": 1.9575027486919978
}