{
    "boundaryCount": 1,
    "statsArea": 390680.69706958387,
    "statsPerimeter": 3041.119611077213,
    "statsVertices": 5971,
    "statsLineResolution": 509.31495747399316,
    "statsVertexDensity": 1.9634216221719003
}