{
    "boundaryCount": 16,
    "statsArea": 311904.91224579024,
    "statsPerimeter": 17657.97635819336,
    "statsVertices": 300196,
    "statsLineResolution": 58.82149115309118,
    "statsVertexDensity": 17.00058907716841
}