{
    "boundaryCount": 16,
    "statsArea": 311904.91224578914,
    "statsPerimeter": 17657.976358193173,
    "statsVertices": 300196,
    "statsLineResolution": 58.82149115309056,
    "statsVertexDensity": 17.000589077168588
}