{
    "boundaryCount": 1,
    "statsArea": 89274.98831651376,
    "statsPerimeter": 1822.9678989460215,
    "statsVertices": 6330,
    "statsLineResolution": 287.98860962812347,
    "statsVertexDensity": 3.4723595537034924
}