{
    "boundaryCount": 1,
    "statsArea": 89274.98831651402,
    "statsPerimeter": 1822.9678989459956,
    "statsVertices": 6330,
    "statsLineResolution": 287.9886096281194,
    "statsVertexDensity": 3.4723595537035417
}