{
    "boundaryCount": 1,
    "statsArea": 267.12072157478025,
    "statsPerimeter": 169.1998753166114,
    "statsVertices": 3315,
    "statsLineResolution": 51.04068637001852,
    "statsVertexDensity": 19.592213019051474
}