{
    "boundaryCount": 268,
    "statsArea": 154868.62366636528,
    "statsPerimeter": 26336.109243421237,
    "statsVertices": 104483,
    "statsLineResolution": 252.06118931712564,
    "statsVertexDensity": 3.9672906515642534
}