{"boundaryCount": 268, "boundaryYearSourceLag": null, "statsArea": 154863.57957980435, "statsVertices": 103155, "statsLineResolution": 255.50728599961863, "statsVertexDensity": 3.913782716949577, "statsPerimeter": 26356.85408729066}