{
    "boundaryCount": 1,
    "statsArea": 7685863.117473363,
    "statsPerimeter": 72211.85287374916,
    "statsVertices": 913560,
    "statsLineResolution": 79.04445561730937,
    "statsVertexDensity": 12.651108698141469
}