{
    "boundaryCount": 1,
    "boundaryYearSourceLag": 1,
    "statsArea": 7685862.3540662415,
    "statsPerimeter": 72211.7278881985,
    "statsVertices": 161359,
    "statsLineResolution": 447.5221579719662,
    "statsVertexDensity": 2.234526228894888
}