{
    "boundaryCount": 1,
    "statsArea": 181.91789921019486,
    "statsPerimeter": 76.66376542344246,
    "statsVertices": 143,
    "statsLineResolution": 536.1102477163809,
    "statsVertexDensity": 1.8652879780970564
}