{
    "boundaryCount": 1,
    "statsArea": 26941.67003623311,
    "statsPerimeter": 930.11064807161,
    "statsVertices": 190,
    "statsLineResolution": 4895.3192003768945,
    "statsVertexDensity": 0.20427677114967482
}