{
    "boundaryCount": 1,
    "statsArea": 26920.851542039873,
    "statsPerimeter": 925.6603635685517,
    "statsVertices": 178,
    "statsLineResolution": 5200.339121171639,
    "statsVertexDensity": 0.19229515166209
}