{
    "boundaryCount": 1,
    "statsArea": 26671.690863308868,
    "statsPerimeter": 982.7189753362101,
    "statsVertices": 251,
    "statsLineResolution": 3915.21504118012,
    "statsVertexDensity": 0.25541381239140853
}