{
    "boundaryCount": 1,
    "statsArea": 48092.05425953224,
    "statsPerimeter": 2505.282860347855,
    "statsVertices": 45353,
    "statsLineResolution": 55.239628257179355,
    "statsVertexDensity": 18.102945866041967
}