{
    "boundaryCount": 1,
    "statsArea": 48092.09233902513,
    "statsPerimeter": 2497.5548392819783,
    "statsVertices": 45062,
    "statsLineResolution": 55.42485551644352,
    "statsVertexDensity": 18.04244667274448
}