{"boundaryCount": 1, "boundaryYearSourceLag": null, "statsArea": 48092.09233902513, "statsVertices": 45062, "statsLineResolution": 55.42485551644352, "statsVertexDensity": 18.04244667274448, "statsPerimeter": 2497.5548392819783}