{
    "boundaryCount": 13,
    "statsArea": 75221.47804735736,
    "statsPerimeter": 9459.98328305674,
    "statsVertices": 23907,
    "statsLineResolution": 395.69930493398334,
    "statsVertexDensity": 2.527171484839569
}