{
    "boundaryCount": 16,
    "boundaryYearSourceLag": 8,
    "statsArea": 111223.5929378838,
    "statsPerimeter": 19076.502715990886,
    "statsVertices": 64523,
    "statsLineResolution": 295.65430491438536,
    "statsVertexDensity": 3.382328562033206
}