{
    "boundaryCount": 542,
    "statsArea": 27106.74975838892,
    "statsPerimeter": 20400.333539592637,
    "statsVertices": 118959,
    "statsLineResolution": 171.4904592304293,
    "statsVertexDensity": 5.831228188947318
}