{
    "boundaryCount": 542,
    "statsArea": 27107.104217446224,
    "statsPerimeter": 20398.955029758825,
    "statsVertices": 128148,
    "statsLineResolution": 159.1827810793678,
    "statsVertexDensity": 6.28208649967866
}