{"boundaryCount": 542, "boundaryYearSourceLag": null, "statsArea": 27106.74975838892, "statsVertices": 118959, "statsLineResolution": 171.48277467164735, "statsVertexDensity": 5.8314895004165, "statsPerimeter": 20399.4193921645}