{
    "boundaryCount": 143,
    "statsArea": 567156.5217390701,
    "statsPerimeter": 67768.5878826316,
    "statsVertices": 528230,
    "statsLineResolution": 128.29371274375103,
    "statsVertexDensity": 7.794614238013065
}