{
    "boundaryCount": 143,
    "statsArea": 567156.5217390737,
    "statsPerimeter": 67768.58788263205,
    "statsVertices": 528230,
    "statsLineResolution": 128.29371274375188,
    "statsVertexDensity": 7.794614238013014
}