{
    "boundaryCount": 5,
    "statsArea": 18963.483578838608,
    "statsPerimeter": 5374.328425485452,
    "statsVertices": 105957,
    "statsLineResolution": 50.721787380592616,
    "statsVertexDensity": 19.715393554577776
}