{"boundaryCount": 5, "boundaryYearSourceLag": null, "statsArea": 18963.48276596379, "statsVertices": 97961, "statsLineResolution": 54.862048743598315, "statsVertexDensity": 18.227536574027177, "statsPerimeter": 5374.3411569716345}