{
    "boundaryCount": 1,
    "statsArea": 470850.3991076139,
    "statsPerimeter": 5536.415011406945,
    "statsVertices": 1664,
    "statsLineResolution": 3327.172482816674,
    "statsVertexDensity": 0.30055550325826
}