{
    "boundaryCount": 7,
    "statsArea": 1002.2340012131102,
    "statsPerimeter": 570.9527642735824,
    "statsVertices": 7613,
    "statsLineResolution": 74.99707924255647,
    "statsVertexDensity": 13.333852599323073
}