{
    "boundaryCount": 1,
    "statsArea": 435.8099495489004,
    "statsPerimeter": 425.0457833946143,
    "statsVertices": 7965,
    "statsLineResolution": 53.36419126109407,
    "statsVertexDensity": 18.7391577829282
}