{"boundaryCount": 1, "boundaryYearSourceLag": null, "statsArea": 435.8099495489004, "statsVertices": 7965, "statsLineResolution": 53.36419126109407, "statsVertexDensity": 18.7391577829282, "statsPerimeter": 425.0457833946143}