{
    "boundaryCount": 1,
    "statsArea": 435.81015369020776,
    "statsPerimeter": 426.3265535549602,
    "statsVertices": 7974,
    "statsLineResolution": 53.46457907636822,
    "statsVertexDensity": 18.703972186363067
}