{
    "boundaryCount": 1,
    "statsArea": 115247.32120034432,
    "statsPerimeter": 2407.4366367186612,
    "statsVertices": 8606,
    "statsLineResolution": 279.73932567030687,
    "statsVertexDensity": 3.5747565974280375
}