{
    "boundaryCount": 64,
    "statsArea": 139384.44612542292,
    "statsPerimeter": 28032.009689998747,
    "statsVertices": 967598,
    "statsLineResolution": 28.97071892459342,
    "statsVertexDensity": 34.517610784974124
}