{"boundaryCount": 64, "boundaryYearSourceLag": null, "statsArea": 139384.44612542292, "statsVertices": 967598, "statsLineResolution": 28.96489875051811, "statsVertexDensity": 34.52454671474081, "statsPerimeter": 28026.37810120382}