{
    "boundaryCount": 64,
    "statsArea": 139384.36651276887,
    "statsPerimeter": 28058.62595608526,
    "statsVertices": 1007251,
    "statsLineResolution": 27.85663747773421,
    "statsVertexDensity": 35.89808715424822
}