{
    "boundaryCount": 6,
    "statsArea": 591446.3654322185,
    "statsPerimeter": 21897.286949074212,
    "statsVertices": 357799,
    "statsLineResolution": 61.199966878259055,
    "statsVertexDensity": 16.339878124268143
}