{
    "boundaryCount": 6,
    "statsArea": 591446.3655012985,
    "statsPerimeter": 21877.37451825708,
    "statsVertices": 352631,
    "statsLineResolution": 62.04041765544458,
    "statsVertexDensity": 16.118524629439552
}