{
    "boundaryCount": 1,
    "statsArea": 241512.37312492024,
    "statsPerimeter": 2805.3025612299043,
    "statsVertices": 25311,
    "statsLineResolution": 110.83333575243587,
    "statsVertexDensity": 9.02255619404672
}