{
    "boundaryCount": 1,
    "statsArea": 83956.58776749652,
    "statsPerimeter": 1901.8269442544595,
    "statsVertices": 596,
    "statsLineResolution": 3190.984805796073,
    "statsVertexDensity": 0.3133828773435743
}