{
    "boundaryCount": 1,
    "statsArea": 83993.19688045779,
    "statsPerimeter": 2079.4681840268013,
    "statsVertices": 1094,
    "statsLineResolution": 1900.7935868617928,
    "statsVertexDensity": 0.5260960510977936
}