{
    "boundaryCount": 1,
    "statsArea": 83948.74165088932,
    "statsPerimeter": 1881.9591360924508,
    "statsVertices": 341,
    "statsLineResolution": 5518.941748071703,
    "statsVertexDensity": 0.18119415743958453
}