{
    "boundaryCount": 369,
    "statsArea": 506044.31915888906,
    "statsPerimeter": 86728.56206971593,
    "statsVertices": 347781,
    "statsLineResolution": 249.376941436467,
    "statsVertexDensity": 4.009993844016917
}