{"boundaryCount": 369, "boundaryYearSourceLag": null, "statsArea": 506043.7585735797, "statsVertices": 332454, "statsLineResolution": 259.72128439127107, "statsVertexDensity": 3.8502812826595156, "statsPerimeter": 86345.37988101563}