{
    "boundaryCount": 369,
    "statsArea": 506043.7585735797,
    "statsPerimeter": 86503.43295472587,
    "statsVertices": 332454,
    "statsLineResolution": 260.1966977528496,
    "statsVertexDensity": 3.8432463157155814
}