{"boundaryCount": 10, "boundaryYearSourceLag": null, "statsArea": 65016.839873696954, "statsVertices": 19965, "statsLineResolution": 329.3215816155423, "statsVertexDensity": 3.036545601094019, "statsPerimeter": 6574.9053769543025}