{
    "boundaryCount": 10,
    "statsArea": 65016.839873696954,
    "statsPerimeter": 6582.035621243902,
    "statsVertices": 19965,
    "statsLineResolution": 329.6787188201303,
    "statsVertexDensity": 3.0332561457980876
}