{
    "boundaryCount": 10,
    "statsArea": 65016.84168344771,
    "statsPerimeter": 6581.373453050974,
    "statsVertices": 23756,
    "statsLineResolution": 277.04047200921764,
    "statsVertexDensity": 3.6095809133862877
}