{
    "boundaryCount": 1,
    "statsArea": 549019.5416165777,
    "statsPerimeter": 11061.65581188381,
    "statsVertices": 374214,
    "statsLineResolution": 29.559705975414627,
    "statsVertexDensity": 33.82983581879059
}