{
    "boundaryCount": 1,
    "boundaryYearSourceLag": 1,
    "statsArea": 549019.4367692244,
    "statsPerimeter": 11061.646930978986,
    "statsVertices": 143889,
    "statsLineResolution": 76.87625135332782,
    "statsVertexDensity": 13.007918341438641
}