{
    "boundaryCount": 1,
    "boundaryYearSourceLag": 1,
    "statsArea": 437189.8112842902,
    "statsPerimeter": 3797.488182336762,
    "statsVertices": 2175,
    "statsLineResolution": 1745.9715780858673,
    "statsVertexDensity": 0.5727470094881577
}