{
    "boundaryCount": 1,
    "statsArea": 437189.850295498,
    "statsPerimeter": 3797.4876795767937,
    "statsVertices": 8433,
    "statsLineResolution": 450.31278069213727,
    "statsVertexDensity": 2.2206786990655374
}