{
    "boundaryCount": 47,
    "statsArea": 372962.0170735151,
    "statsPerimeter": 59574.3171823965,
    "statsVertices": 3359141,
    "statsLineResolution": 17.7349855758947,
    "statsVertexDensity": 56.38572389701826
}