{
    "boundaryCount": 47,
    "statsArea": 372962.0170735095,
    "statsPerimeter": 59574.31718239689,
    "statsVertices": 3359141,
    "statsLineResolution": 17.734985575894815,
    "statsVertexDensity": 56.3857238970179
}