{
    "boundaryCount": 1,
    "statsArea": 102390.07076687009,
    "statsPerimeter": 5212.685812275536,
    "statsVertices": 3117,
    "statsLineResolution": 1672.3406519972843,
    "statsVertexDensity": 0.5979642956150681
}