{
    "boundaryCount": 1,
    "statsArea": 102888.82635924469,
    "statsPerimeter": 3621.775435349252,
    "statsVertices": 1043,
    "statsLineResolution": 3472.4596695582472,
    "statsVertexDensity": 0.2879803065148964
}