{
    "boundaryCount": 1,
    "statsArea": 102949.74895288007,
    "statsPerimeter": 3657.099153620904,
    "statsVertices": 1466,
    "statsLineResolution": 2494.6106095640544,
    "statsVertexDensity": 0.40086416539964725
}