{
    "boundaryCount": 1,
    "statsArea": 397.9453997190284,
    "statsPerimeter": 345.1530339123163,
    "statsVertices": 6803,
    "statsLineResolution": 50.735415833061346,
    "statsVertexDensity": 19.710097642451128
}