{"boundaryCount": 15, "boundaryYearSourceLag": null, "statsArea": 95298.18166284016, "statsVertices": 3337, "statsLineResolution": 1848.4830067901917, "statsVertexDensity": 0.540984145554281, "statsPerimeter": 6168.38779365887}