{"boundaryCount": 1, "boundaryYearSourceLag": null, "statsArea": 93052.87253798865, "statsVertices": 7359, "statsLineResolution": 270.6269406072738, "statsVertexDensity": 3.69512361835096, "statsPerimeter": 1991.543655928928}