{
    "boundaryCount": 1,
    "statsArea": 93052.87265328989,
    "statsPerimeter": 1991.5436554969576,
    "statsVertices": 7387,
    "statsLineResolution": 269.6011446455879,
    "statsVertexDensity": 3.7091830649108686
}