{
    "boundaryCount": 1,
    "statsArea": 207724.09496561156,
    "statsPerimeter": 2609.5043757574963,
    "statsVertices": 996,
    "statsLineResolution": 2619.9843130095346,
    "statsVertexDensity": 0.3816816745941948
}