{
    "boundaryCount": 1,
    "statsArea": 207499.1333983484,
    "statsPerimeter": 2738.9309988126784,
    "statsVertices": 1173,
    "statsLineResolution": 2334.979538629734,
    "statsVertexDensity": 0.4282692775058931
}