{
    "boundaryCount": 1,
    "statsArea": 207711.9296169728,
    "statsPerimeter": 2578.050142417736,
    "statsVertices": 492,
    "statsLineResolution": 5239.939313857187,
    "statsVertexDensity": 0.19084190485860553
}