{
    "boundaryCount": 26,
    "boundaryYearSourceLag": 1,
    "statsArea": 66019.17880755557,
    "statsPerimeter": 10252.85400094031,
    "statsVertices": 543911,
    "statsLineResolution": 18.850242045004254,
    "statsVertexDensity": 53.04971668865243
}