{"boundaryCount": 422, "boundaryYearSourceLag": null, "statsArea": 25277.685439505483, "statsVertices": 594920, "statsLineResolution": 31.059381102181035, "statsVertexDensity": 32.196391702401904, "statsPerimeter": 18477.84700530954}