{
    "boundaryCount": 422,
    "statsArea": 25277.685439505483,
    "statsPerimeter": 18602.844453325793,
    "statsVertices": 594920,
    "statsLineResolution": 31.269489096560534,
    "statsVertexDensity": 31.98005560346665
}