{
    "boundaryCount": 422,
    "statsArea": 25279.224089913932,
    "statsPerimeter": 18599.68497156912,
    "statsVertices": 621904,
    "statsLineResolution": 29.907646472074664,
    "statsVertexDensity": 33.43626523517051
}