{
    "boundaryCount": 10890,
    "statsArea": 341368.41768213094,
    "statsPerimeter": 342557.3011457532,
    "statsVertices": 5745210,
    "statsLineResolution": 59.62485290281003,
    "statsVertexDensity": 16.77152984561697
}