{
    "boundaryCount": 10890,
    "statsArea": 341368.41768213204,
    "statsPerimeter": 342557.30114575167,
    "statsVertices": 5745210,
    "statsLineResolution": 59.62485290280976,
    "statsVertexDensity": 16.771529845617046
}