{
    "boundaryCount": 3,
    "statsArea": 1009.1535338931076,
    "statsPerimeter": 2008.5713848657108,
    "statsVertices": 26112,
    "statsLineResolution": 76.92139188364395,
    "statsVertexDensity": 13.000284777902378
}