{
    "boundaryCount": 3,
    "boundaryYearSourceLag": 1,
    "statsArea": 1009.1312628569679,
    "statsPerimeter": 2008.5645664805413,
    "statsVertices": 4298,
    "statsLineResolution": 467.32539936727346,
    "statsVertexDensity": 2.1398366135329505
}