{
    "boundaryCount": 1,
    "statsArea": 1632.5976780686683,
    "statsPerimeter": 617.8407287195068,
    "statsVertices": 46296,
    "statsLineResolution": 13.345445151190317,
    "statsVertexDensity": 74.9319328558184
}