{
    "boundaryCount": 1,
    "statsArea": 8508303.265180342,
    "statsPerimeter": 39599.3639458463,
    "statsVertices": 587116,
    "statsLineResolution": 67.44725734922281,
    "statsVertexDensity": 14.82639975740278
}