{
    "boundaryCount": 1,
    "statsArea": 8508303.265180353,
    "statsPerimeter": 39599.36394584566,
    "statsVertices": 587116,
    "statsLineResolution": 67.44725734922173,
    "statsVertexDensity": 14.82639975740302
}