{
    "boundaryCount": 11,
    "boundaryYearSourceLag": 1,
    "statsArea": 1129076.7202537102,
    "statsPerimeter": 23784.336551811983,
    "statsVertices": 23576,
    "statsLineResolution": 1008.8368065749908,
    "statsVertexDensity": 0.9912405985612363
}