{
    "boundaryCount": 1,
    "boundaryYearSourceLag": 1,
    "statsArea": 274161.28619770374,
    "statsPerimeter": 3685.921035045207,
    "statsVertices": 7630,
    "statsLineResolution": 483.08270446201925,
    "statsVertexDensity": 2.070038920382465
}