{
    "boundaryCount": 1,
    "statsArea": 354.74845176732646,
    "statsPerimeter": 182.5351084125355,
    "statsVertices": 71,
    "statsLineResolution": 2570.917019894866,
    "statsVertexDensity": 0.38896626855770455
}