{
    "boundaryCount": 1,
    "statsArea": 355.3585111188412,
    "statsPerimeter": 168.68106074651888,
    "statsVertices": 120,
    "statsLineResolution": 1405.6755062209909,
    "statsVertexDensity": 0.7114017392878914
}