{
    "boundaryCount": 19,
    "statsArea": 268709.4414389684,
    "statsPerimeter": 27198.912565573246,
    "statsVertices": 1603364,
    "statsLineResolution": 16.963654270379806,
    "statsVertexDensity": 58.94956263911235
}