{
    "boundaryCount": 19,
    "statsArea": 268709.43990706635,
    "statsPerimeter": 27198.040478107807,
    "statsVertices": 1498736,
    "statsLineResolution": 18.14731912632232,
    "statsVertexDensity": 55.10455803631734
}