{"boundaryCount": 19, "boundaryYearSourceLag": null, "statsArea": 268709.43990706635, "statsVertices": 1498736, "statsLineResolution": 18.14731912632232, "statsVertexDensity": 55.10455803631734, "statsPerimeter": 27198.040478107807}