{
    "boundaryCount": 1,
    "statsArea": 154868.62366636525,
    "statsPerimeter": 4133.220658555897,
    "statsVertices": 59716,
    "statsLineResolution": 69.2146268764803,
    "statsVertexDensity": 14.447813202613801
}