{
    "boundaryCount": 1,
    "statsArea": 154863.57962515065,
    "statsPerimeter": 4132.238222338933,
    "statsVertices": 60437,
    "statsLineResolution": 68.37265619304289,
    "statsVertexDensity": 14.625729870382786
}