{"boundaryCount": 1, "boundaryYearSourceLag": null, "statsArea": 154863.57962515065, "statsVertices": 60437, "statsLineResolution": 68.37145904415723, "statsVertexDensity": 14.625985959348284, "statsPerimeter": 4132.165870251731}