{
    "boundaryCount": 64,
    "boundaryYearSourceLag": 8,
    "statsArea": 51352.93593565394,
    "statsPerimeter": 9669.141222044547,
    "statsVertices": 16916,
    "statsLineResolution": 571.5973765691976,
    "statsVertexDensity": 1.749483186928063
}