{
    "boundaryCount": 10,
    "statsArea": 603.1036391925107,
    "statsPerimeter": 551.3181138726068,
    "statsVertices": 63712,
    "statsLineResolution": 8.65328531316874,
    "statsVertexDensity": 115.56304499496628
}