{
    "boundaryCount": 17,
    "statsArea": 399592.8151692009,
    "statsPerimeter": 12992.057322281484,
    "statsVertices": 22644,
    "statsLineResolution": 573.7527522646831,
    "statsVertexDensity": 1.7429110292767378
}