{
    "boundaryCount": 1,
    "boundaryYearSourceLag": 1,
    "statsArea": 78841.84408690716,
    "statsPerimeter": 1939.7292533879154,
    "statsVertices": 2095,
    "statsLineResolution": 925.885085149363,
    "statsVertexDensity": 1.0800476387830364
}