{
    "boundaryCount": 18,
    "boundaryYearSourceLag": 1,
    "statsArea": 1247039.7016477115,
    "statsPerimeter": 30724.608029190986,
    "statsVertices": 50247,
    "statsLineResolution": 611.4714914162236,
    "statsVertexDensity": 1.635399219813027
}