{
    "boundaryCount": 18,
    "statsArea": 909039.1641067148,
    "statsPerimeter": 30724.60653447545,
    "statsVertices": 87996,
    "statsLineResolution": 349.1591269429912,
    "statsVertexDensity": 2.864023658082049
}