{
    "boundaryCount": 3,
    "statsArea": 358.8641490599502,
    "statsPerimeter": 195.62572824949987,
    "statsVertices": 91,
    "statsLineResolution": 2149.7332774670317,
    "statsVertexDensity": 0.46517398715540703
}