{
    "boundaryCount": 1,
    "statsArea": 780704.3594813892,
    "statsPerimeter": 13106.48669081127,
    "statsVertices": 230681,
    "statsLineResolution": 56.81649850144256,
    "statsVertexDensity": 17.60052143964152
}