{
    "boundaryCount": 1,
    "statsArea": 780704.3574915432,
    "statsPerimeter": 13163.513171781564,
    "statsVertices": 230880,
    "statsLineResolution": 57.01452343980234,
    "statsVertexDensity": 17.53939066167641
}