{"boundaryCount": 1, "boundaryYearSourceLag": null, "statsArea": 780704.3594813892, "statsVertices": 230681, "statsLineResolution": 56.81649850144256, "statsVertexDensity": 17.60052143964152, "statsPerimeter": 13106.48669081127}