{
    "boundaryCount": 24,
    "statsArea": 139316.02908913698,
    "statsPerimeter": 9731.710282110966,
    "statsVertices": 7444,
    "statsLineResolution": 1307.322713878421,
    "statsVertexDensity": 0.7649220727094309
}