{
    "boundaryCount": 509,
    "statsArea": 63733.184049660595,
    "statsPerimeter": 36266.94328567478,
    "statsVertices": 287482,
    "statsLineResolution": 126.15378801342268,
    "statsVertexDensity": 7.926832921525913
}