{
    "boundaryCount": 509,
    "statsArea": 63733.184049660464,
    "statsPerimeter": 36266.94328567476,
    "statsVertices": 287482,
    "statsLineResolution": 126.15378801342261,
    "statsVertexDensity": 7.926832921525917
}