{
    "boundaryCount": 1,
    "statsArea": 464.4569885624662,
    "statsPerimeter": 119.73826180423906,
    "statsVertices": 405,
    "statsLineResolution": 295.6500291462693,
    "statsVertexDensity": 3.3823774781542877
}