{
    "boundaryCount": 1,
    "statsArea": 57.50324835799429,
    "statsPerimeter": 62.347829017716364,
    "statsVertices": 162,
    "statsLineResolution": 384.86314208466894,
    "statsVertexDensity": 2.598326237694132
}