{
    "boundaryCount": 145,
    "statsArea": 127347.02166500966,
    "statsPerimeter": 19898.633384591565,
    "statsVertices": 21816,
    "statsLineResolution": 912.1119079845785,
    "statsVertexDensity": 1.096356698389807
}