{"boundaryCount": 153, "boundaryYearSourceLag": null, "statsArea": 72601.13918315237, "statsVertices": 68791, "statsLineResolution": 244.35711814168656, "statsVertexDensity": 4.092371065778268, "statsPerimeter": 16809.57051408476}