{
    "boundaryCount": 153,
    "statsArea": 72601.13964415023,
    "statsPerimeter": 16809.493471880796,
    "statsVertices": 70579,
    "statsLineResolution": 238.16565085763185,
    "statsVertexDensity": 4.1987582860879025
}