{
    "boundaryCount": 153,
    "statsArea": 72601.13918315237,
    "statsPerimeter": 16809.57051408476,
    "statsVertices": 68791,
    "statsLineResolution": 244.35711814168656,
    "statsVertexDensity": 4.092371065778268
}