{
    "boundaryCount": 30,
    "statsArea": 10836.643717373729,
    "statsPerimeter": 2920.022941810147,
    "statsVertices": 7140,
    "statsLineResolution": 408.9667985728497,
    "statsVertexDensity": 2.44518626815098
}