{
    "boundaryCount": 9,
    "statsArea": 28.004552511825672,
    "statsPerimeter": 82.775145814624,
    "statsVertices": 122,
    "statsLineResolution": 678.4848017592132,
    "statsVertexDensity": 1.4738723659058308
}