{
    "boundaryCount": 1,
    "statsArea": 46.28505114020766,
    "statsPerimeter": 64.34466658904566,
    "statsVertices": 77,
    "statsLineResolution": 835.6450206369566,
    "statsVertexDensity": 1.1966803789936624
}