{
    "boundaryCount": 1,
    "statsArea": 515142.1662352185,
    "statsPerimeter": 12293.970664304385,
    "statsVertices": 139126,
    "statsLineResolution": 88.36573080735725,
    "statsVertexDensity": 11.31660419557964
}