{
    "boundaryCount": 1,
    "statsArea": 515142.1662352204,
    "statsPerimeter": 12293.97066430428,
    "statsVertices": 139126,
    "statsLineResolution": 88.36573080735648,
    "statsVertexDensity": 11.316604195579735
}