{
    "boundaryCount": 223,
    "statsArea": 45489.85618437127,
    "statsPerimeter": 21583.79072236861,
    "statsVertices": 838026,
    "statsLineResolution": 25.755514414073797,
    "statsVertexDensity": 38.82663665430661
}