{
    "boundaryCount": 223,
    "statsArea": 45489.887327959004,
    "statsPerimeter": 21522.88278220336,
    "statsVertices": 767196,
    "statsLineResolution": 28.05395594111982,
    "statsVertexDensity": 35.64559672435571
}