{"boundaryCount": 1, "boundaryYearSourceLag": null, "statsArea": 211213.6976177981, "statsVertices": 1121, "statsLineResolution": 2837.614501960126, "statsVertexDensity": 0.35240868670118325, "statsPerimeter": 3180.9658566973008}