{
    "boundaryCount": 8,
    "boundaryYearSourceLag": 1,
    "statsArea": 138032.54151145034,
    "statsPerimeter": 18264.50510230226,
    "statsVertices": 28611,
    "statsLineResolution": 638.373531239812,
    "statsVertexDensity": 1.5664809881102966
}