{
    "boundaryCount": 8,
    "statsArea": 60414.69310642093,
    "statsPerimeter": 18264.52106296913,
    "statsVertices": 124912,
    "statsLineResolution": 146.2191067549085,
    "statsVertexDensity": 6.839051490556521
}