{
    "boundaryCount": 898,
    "statsArea": 8861.764483290184,
    "statsPerimeter": 14703.276786942528,
    "statsVertices": 520673,
    "statsLineResolution": 28.23898451992427,
    "statsVertexDensity": 35.412038251391124
}