{
    "boundaryCount": 898,
    "statsArea": 8861.764483290197,
    "statsPerimeter": 14703.276786942703,
    "statsVertices": 520673,
    "statsLineResolution": 28.2389845199246,
    "statsVertexDensity": 35.412038251390705
}