{
    "boundaryCount": 8,
    "statsArea": 1181112.9749562836,
    "statsPerimeter": 12922.95317256325,
    "statsVertices": 3864,
    "statsLineResolution": 3344.449578820717,
    "statsVertexDensity": 0.29900286323126724
}