{"boundaryCount": 263, "boundaryYearSourceLag": null, "statsArea": 111587.67117602508, "statsVertices": 100730, "statsLineResolution": 270.71685150715234, "statsVertexDensity": 3.693896388173604, "statsPerimeter": 27269.308452315458}