{
    "boundaryCount": 263,
    "statsArea": 111587.67117602508,
    "statsPerimeter": 27370.348038954617,
    "statsVertices": 100730,
    "statsLineResolution": 271.7199249375024,
    "statsVertexDensity": 3.6802601069097434
}