{
    "boundaryCount": 263,
    "statsArea": 111587.67070959725,
    "statsPerimeter": 27367.45970790906,
    "statsVertices": 103041,
    "statsLineResolution": 265.5977689260494,
    "statsVertexDensity": 3.7650918682168246
}