{
    "boundaryCount": 1,
    "boundaryYearSourceLag": 1,
    "statsArea": 10626.010274262855,
    "statsPerimeter": 1609.639414419716,
    "statsVertices": 1625,
    "statsLineResolution": 990.5473319505944,
    "statsVertexDensity": 1.0095428736664114
}