{
    "boundaryCount": 1,
    "statsArea": 10626.027951488852,
    "statsPerimeter": 1609.6394229561788,
    "statsVertices": 6248,
    "statsLineResolution": 257.6247475922181,
    "statsVertexDensity": 3.8816146715177076
}