{
    "boundaryCount": 22,
    "statsArea": 463612.8176304967,
    "statsPerimeter": 31353.297628618748,
    "statsVertices": 321100,
    "statsLineResolution": 97.64340588171518,
    "statsVertexDensity": 10.241346980577427
}