{"boundaryCount": 22, "boundaryYearSourceLag": null, "statsArea": 463631.2959669264, "statsVertices": 320600, "statsLineResolution": 98.31116368385472, "statsVertexDensity": 10.171784795628723, "statsPerimeter": 31518.55907704382}