{
    "boundaryCount": 22,
    "statsArea": 463631.2959669264,
    "statsPerimeter": 31521.686537740592,
    "statsVertices": 320600,
    "statsLineResolution": 98.3209187078621,
    "statsVertexDensity": 10.170775590200382
}