{
    "boundaryCount": 29,
    "statsArea": 946241.030912576,
    "statsPerimeter": 41131.12167728342,
    "statsVertices": 101365,
    "statsLineResolution": 405.772423196206,
    "statsVertexDensity": 2.464435587128263
}