{
    "boundaryCount": 1,
    "statsArea": 2.0870244659068997,
    "statsPerimeter": 15.832679255437942,
    "statsVertices": 881,
    "statsLineResolution": 17.971259086762704,
    "statsVertexDensity": 55.64440394366032
}