{
    "boundaryCount": 16,
    "statsArea": 1074.9640981558528,
    "statsPerimeter": 1031.638872640278,
    "statsVertices": 1101,
    "statsLineResolution": 937.0017008540217,
    "statsVertexDensity": 1.0672339218686147
}