{
    "boundaryCount": 15602,
    "statsArea": 7557781.440487865,
    "statsPerimeter": 1028657.1477612975,
    "statsVertices": 6064359,
    "statsLineResolution": 169.62339263907324,
    "statsVertexDensity": 5.895413270785195
}