{
    "boundaryCount": 15602,
    "statsArea": 7557781.440487932,
    "statsPerimeter": 1028657.1477612976,
    "statsVertices": 6064359,
    "statsLineResolution": 169.62339263907327,
    "statsVertexDensity": 5.895413270785194
}