{
    "boundaryCount": 3,
    "statsArea": 366.6607260963127,
    "statsPerimeter": 152.94215068625,
    "statsVertices": 83,
    "statsLineResolution": 1842.6765142921683,
    "statsVertexDensity": 0.5426888508339904
}