{
    "boundaryCount": 1,
    "statsArea": 394.8631327942551,
    "statsPerimeter": 110.69422758495486,
    "statsVertices": 54,
    "statsLineResolution": 2049.89310342509,
    "statsVertexDensity": 0.4878303157999494
}