{
    "boundaryCount": 1,
    "statsArea": 287.77406431449043,
    "statsPerimeter": 215.44885554879409,
    "statsVertices": 635,
    "statsLineResolution": 339.28953629731353,
    "statsVertexDensity": 2.947335219685989
}