{
    "boundaryCount": 1,
    "statsArea": 1252466.5667750651,
    "statsPerimeter": 8073.527206424557,
    "statsVertices": 29407,
    "statsLineResolution": 274.5444012114312,
    "statsVertexDensity": 3.6423980805563154
}