{
    "boundaryCount": 1,
    "statsArea": 1252466.5667750654,
    "statsPerimeter": 8073.52720642456,
    "statsVertices": 29407,
    "statsLineResolution": 274.5444012114313,
    "statsVertexDensity": 3.6423980805563145
}