{
    "boundaryCount": 3,
    "statsArea": 95777.68503953729,
    "statsPerimeter": 4388.873501923883,
    "statsVertices": 59234,
    "statsLineResolution": 74.09382283694978,
    "statsVertexDensity": 13.496401747289937
}