{
    "boundaryCount": 1,
    "statsArea": 244927.91086694365,
    "statsPerimeter": 6428.135464519891,
    "statsVertices": 72678,
    "statsLineResolution": 88.44678533421244,
    "statsVertexDensity": 11.306233417317728
}