{
    "boundaryCount": 1,
    "statsArea": 244927.9108669437,
    "statsPerimeter": 6428.135464519878,
    "statsVertices": 72678,
    "statsLineResolution": 88.44678533421225,
    "statsVertexDensity": 11.306233417317749
}