{
    "boundaryCount": 1,
    "statsArea": 687.9612939292962,
    "statsPerimeter": 1084.5181520927667,
    "statsVertices": 46528,
    "statsLineResolution": 23.308935524689794,
    "statsVertexDensity": 42.90200206443398
}