{
    "boundaryCount": 1,
    "boundaryYearSourceLag": 2,
    "statsArea": 591575.2337406854,
    "statsPerimeter": 4882.618518517272,
    "statsVertices": 11325,
    "statsLineResolution": 431.1362930258077,
    "statsVertexDensity": 2.3194521458209514
}