{
    "boundaryCount": 273,
    "statsArea": 186383.17439690707,
    "statsPerimeter": 28916.949782104784,
    "statsVertices": 35429,
    "statsLineResolution": 816.1943544018962,
    "statsVertexDensity": 1.2251983790463679
}