{
    "boundaryCount": 273,
    "statsArea": 186383.17439690782,
    "statsPerimeter": 28916.949782104813,
    "statsVertices": 35429,
    "statsLineResolution": 816.1943544018972,
    "statsVertexDensity": 1.2251983790463665
}