{
    "boundaryCount": 289,
    "statsArea": 1251194.0728398769,
    "statsPerimeter": 73883.591750341,
    "statsVertices": 82461,
    "statsLineResolution": 895.9822431251258,
    "statsVertexDensity": 1.1160935472471722
}