{
    "boundaryCount": 289,
    "statsArea": 1251195.726281691,
    "statsPerimeter": 73882.7787850705,
    "statsVertices": 82748,
    "statsLineResolution": 892.8648279725252,
    "statsVertexDensity": 1.1199903598742402
}