{
    "boundaryCount": 1,
    "statsArea": 141.65920342612796,
    "statsPerimeter": 145.23172071983475,
    "statsVertices": 3859,
    "statsLineResolution": 37.634547996847566,
    "statsVertexDensity": 26.571330153447423
}