{
    "boundaryCount": 1,
    "statsArea": 141.6592034261014,
    "statsPerimeter": 145.23172071986266,
    "statsVertices": 3859,
    "statsLineResolution": 37.6345479968548,
    "statsVertexDensity": 26.571330153442315
}