{
    "boundaryCount": 1,
    "statsArea": 1083684.315827643,
    "statsPerimeter": 7232.5671792122175,
    "statsVertices": 41650,
    "statsLineResolution": 173.6510727301853,
    "statsVertexDensity": 5.7586744744950416
}