{
    "boundaryCount": 1,
    "statsArea": 1083684.3158276447,
    "statsPerimeter": 7232.567179212174,
    "statsVertices": 41650,
    "statsLineResolution": 173.65107273018424,
    "statsVertexDensity": 5.758674474495076
}