{
    "boundaryCount": 1,
    "statsArea": 1713.4813077554197,
    "statsPerimeter": 325.50613425205984,
    "statsVertices": 135,
    "statsLineResolution": 2411.1565500152583,
    "statsVertexDensity": 0.41473872776683535
}