{
    "boundaryCount": 1,
    "statsArea": 1651.8125262001195,
    "statsPerimeter": 275.8254059635903,
    "statsVertices": 72,
    "statsLineResolution": 3830.9084161609767,
    "statsVertexDensity": 0.2610346923934345
}