{
    "boundaryCount": 5504,
    "statsArea": 8499535.870492822,
    "statsPerimeter": 968005.5585452429,
    "statsVertices": 1169485,
    "statsLineResolution": 827.7195163214944,
    "statsVertexDensity": 1.2081387236634762
}