{"boundaryCount": 5504, "boundaryYearSourceLag": null, "statsArea": 8500365.47481463, "statsVertices": 1141402, "statsLineResolution": 847.2752664052095, "statsVertexDensity": 1.1802539737088817, "statsPerimeter": 967081.683625439}