{
    "boundaryCount": 5504,
    "statsArea": 8500365.47481463,
    "statsPerimeter": 967281.4674330998,
    "statsVertices": 1141402,
    "statsLineResolution": 847.4503000985628,
    "statsVertexDensity": 1.1800102022309684
}