{
    "boundaryCount": 73,
    "statsArea": 147986.92489401234,
    "statsPerimeter": 19067.617128885588,
    "statsVertices": 35723,
    "statsLineResolution": 533.7630414266883,
    "statsVertexDensity": 1.873490523673413
}