{
    "boundaryCount": 1,
    "statsArea": 210436.81310542012,
    "statsPerimeter": 3495.0113959033793,
    "statsVertices": 1671,
    "statsLineResolution": 2091.5687587692273,
    "statsVertexDensity": 0.47811002904271943
}