{
    "boundaryCount": 8,
    "statsArea": 25438.47134177947,
    "statsPerimeter": 3008.1857157779145,
    "statsVertices": 40465,
    "statsLineResolution": 74.34043533369368,
    "statsVertexDensity": 13.451629594463313
}