{
    "boundaryCount": 8,
    "statsArea": 25438.4713417811,
    "statsPerimeter": 3008.1857157777144,
    "statsVertices": 40465,
    "statsLineResolution": 74.34043533368873,
    "statsVertexDensity": 13.451629594464208
}