{
    "boundaryCount": 9,
    "statsArea": 1083673.3130126174,
    "statsPerimeter": 20717.949574848317,
    "statsVertices": 39121,
    "statsLineResolution": 529.5864005226941,
    "statsVertexDensity": 1.888266011009751
}