{
    "boundaryCount": 3155,
    "statsArea": 93012.873466573,
    "statsPerimeter": 83131.48399017399,
    "statsVertices": 429283,
    "statsLineResolution": 193.651935879534,
    "statsVertexDensity": 5.163903967487704
}