{
    "boundaryCount": 3155,
    "statsArea": 93012.873466574,
    "statsPerimeter": 83131.48399017462,
    "statsVertices": 429283,
    "statsLineResolution": 193.65193587953547,
    "statsVertexDensity": 5.163903967487665
}