{
    "boundaryCount": 178,
    "statsArea": 181359.61995164503,
    "statsPerimeter": 29726.63613487282,
    "statsVertices": 203650,
    "statsLineResolution": 145.96924200772315,
    "statsVertexDensity": 6.850758325833401
}