{
    "boundaryCount": 178,
    "statsArea": 181359.61967470145,
    "statsPerimeter": 29723.8949087219,
    "statsVertices": 198494,
    "statsLineResolution": 149.74706998056314,
    "statsVertexDensity": 6.677926988019184
}