{
    "boundaryCount": 78,
    "statsArea": 8863.531113300405,
    "statsPerimeter": 5048.131648768477,
    "statsVertices": 211893,
    "statsLineResolution": 23.823966099722394,
    "statsVertexDensity": 41.974539243978036
}