{
    "boundaryCount": 78,
    "statsArea": 8863.531113300482,
    "statsPerimeter": 5048.13164876832,
    "statsVertices": 211893,
    "statsLineResolution": 23.823966099721652,
    "statsVertexDensity": 41.97453924397934
}