{
    "boundaryCount": 198,
    "statsArea": 109009.14106196006,
    "statsPerimeter": 22682.13882630816,
    "statsVertices": 36169,
    "statsLineResolution": 627.115453186656,
    "statsVertexDensity": 1.5946027081912106
}