{
    "boundaryCount": 1,
    "statsArea": 22372.29458217192,
    "statsPerimeter": 1078.7302374983194,
    "statsVertices": 11832,
    "statsLineResolution": 91.17057450121024,
    "statsVertexDensity": 10.968451229697205
}