{
    "boundaryCount": 569,
    "statsArea": 26929.729109555556,
    "statsPerimeter": 20473.992079322576,
    "statsVertices": 146983,
    "statsLineResolution": 139.29496662418495,
    "statsVertexDensity": 7.1790102990439
}