{
    "boundaryCount": 569,
    "statsArea": 26929.729109555665,
    "statsPerimeter": 20473.992079322546,
    "statsVertices": 146983,
    "statsLineResolution": 139.29496662418475,
    "statsVertexDensity": 7.17901029904391
}