{
    "boundaryCount": 128,
    "statsArea": 207225.34108795878,
    "statsPerimeter": 34642.72540370885,
    "statsVertices": 175117,
    "statsLineResolution": 197.82616995328183,
    "statsVertexDensity": 5.054942934173764
}