{
    "boundaryCount": 128,
    "statsArea": 207225.34108795912,
    "statsPerimeter": 34642.725403708835,
    "statsVertices": 175117,
    "statsLineResolution": 197.82616995328175,
    "statsVertexDensity": 5.054942934173766
}