{
    "boundaryCount": 1,
    "boundaryYearSourceLag": 1,
    "statsArea": 49037.64322645985,
    "statsPerimeter": 1442.8674198327435,
    "statsVertices": 1524,
    "statsLineResolution": 946.7633988403828,
    "statsVertexDensity": 1.0562301005983359
}