{"boundaryCount": 41, "boundaryYearSourceLag": null, "statsArea": 27106.74976285461, "statsVertices": 68467, "statsLineResolution": 106.70798363833624, "statsVertexDensity": 9.371370031592809, "statsPerimeter": 7305.975515765967}