{
    "boundaryCount": 41,
    "statsArea": 27106.74976285461,
    "statsPerimeter": 7306.889664760623,
    "statsVertices": 68467,
    "statsLineResolution": 106.72133531132697,
    "statsVertexDensity": 9.370197599971972
}