{
    "boundaryCount": 41,
    "statsArea": 27107.10421744622,
    "statsPerimeter": 7318.709486947377,
    "statsVertices": 71744,
    "statsLineResolution": 102.01145025294626,
    "statsVertexDensity": 9.802821129592934
}