{
    "boundaryCount": 437,
    "statsArea": 336940.101584106,
    "statsPerimeter": 79392.53076540685,
    "statsVertices": 334742,
    "statsLineResolution": 237.17528952269762,
    "statsVertexDensity": 4.216290837095406
}