{
    "boundaryCount": 437,
    "statsArea": 336940.10185458645,
    "statsPerimeter": 79401.5497126828,
    "statsVertices": 306995,
    "statsLineResolution": 258.64118214525575,
    "statsVertexDensity": 3.8663603054458235
}