{"boundaryCount": 437, "boundaryYearSourceLag": null, "statsArea": 336940.10185458645, "statsVertices": 306995, "statsLineResolution": 257.83814786299763, "statsVertexDensity": 3.878402045190575, "statsPerimeter": 79155.02220320096}