{
    "boundaryCount": 1,
    "statsArea": 10913.074411513126,
    "statsPerimeter": 559.3586578248946,
    "statsVertices": 271,
    "statsLineResolution": 2064.05408791474,
    "statsVertexDensity": 0.4844834279562285
}