{
    "boundaryCount": 1,
    "statsArea": 795247.274307222,
    "statsPerimeter": 8400.901821735737,
    "statsVertices": 7593,
    "statsLineResolution": 1106.4008720842537,
    "statsVertexDensity": 0.9038315363184647
}