{
    "boundaryCount": 1,
    "statsArea": 295856.8087167297,
    "statsPerimeter": 34540.67964088399,
    "statsVertices": 558135,
    "statsLineResolution": 61.885887179417146,
    "statsVertexDensity": 16.158772954176758
}