{
    "boundaryCount": 1,
    "statsArea": 295856.79415018525,
    "statsPerimeter": 36142.84907528373,
    "statsVertices": 563470,
    "statsLineResolution": 64.14334228137031,
    "statsVertexDensity": 15.590082531300187
}