{"boundaryCount": 1, "boundaryYearSourceLag": null, "statsArea": 295856.8087167297, "statsVertices": 558135, "statsLineResolution": 61.885887179417146, "statsVertexDensity": 16.158772954176758, "statsPerimeter": 34540.67964088399}