{
    "boundaryCount": 5,
    "statsArea": 43144.848183240414,
    "statsPerimeter": 9011.19010975544,
    "statsVertices": 192005,
    "statsLineResolution": 46.93205963258998,
    "statsVertexDensity": 21.307396432812684
}