{
    "boundaryCount": 1,
    "statsArea": 48157.90588203195,
    "statsPerimeter": 1951.7661494350455,
    "statsVertices": 18332,
    "statsLineResolution": 106.46771489390385,
    "statsVertexDensity": 9.392518671002849
}