{
    "boundaryCount": 1,
    "boundaryYearSourceLag": 1,
    "statsArea": 48157.884731827486,
    "statsPerimeter": 1951.767770958732,
    "statsVertices": 4057,
    "statsLineResolution": 481.08646067506334,
    "statsVertexDensity": 2.078628441542076
}