{
    "boundaryCount": 1,
    "statsArea": 334788.66026522376,
    "statsPerimeter": 9547.229679966642,
    "statsVertices": 30244,
    "statsLineResolution": 315.6735114391827,
    "statsVertexDensity": 3.1678299374594783
}