{
    "boundaryCount": 1442,
    "statsArea": 585983.7646013818,
    "statsPerimeter": 120406.28107989437,
    "statsVertices": 1657795,
    "statsLineResolution": 72.63038016153648,
    "statsVertexDensity": 13.76834318884068
}