{
    "boundaryCount": 1446,
    "statsArea": 585983.7594641803,
    "statsPerimeter": 120465.09931159888,
    "statsVertices": 1610094,
    "statsLineResolution": 74.81867475538625,
    "statsVertexDensity": 13.36564705629204
}