{"boundaryCount": 1446, "boundaryYearSourceLag": null, "statsArea": 585983.7594641803, "statsVertices": 1610094, "statsLineResolution": 74.8074468517652, "statsVertexDensity": 13.36765311589301, "statsPerimeter": 120447.02133134606}