{
    "boundaryCount": 333,
    "statsArea": 109008.80001168036,
    "statsPerimeter": 27783.116931403256,
    "statsVertices": 43768,
    "statsLineResolution": 634.781505469824,
    "statsVertexDensity": 1.5753452036380062
}