{
    "boundaryCount": 1,
    "statsArea": 17327.250320477164,
    "statsPerimeter": 1245.6803732345577,
    "statsVertices": 13767,
    "statsLineResolution": 90.48306626240704,
    "statsVertexDensity": 11.051791692159636
}