{
    "boundaryCount": 1,
    "statsArea": 17327.25032047652,
    "statsPerimeter": 1245.6803732345693,
    "statsVertices": 13767,
    "statsLineResolution": 90.48306626240789,
    "statsVertexDensity": 11.051791692159533
}