{
    "boundaryCount": 15,
    "statsArea": 5201.504104762609,
    "statsPerimeter": 1703.2962710186168,
    "statsVertices": 9945,
    "statsLineResolution": 171.2716210174577,
    "statsVertexDensity": 5.838678901147728
}