{
    "boundaryCount": 339,
    "boundaryYearSourceLag": 4,
    "statsArea": 1564876.6235260838,
    "statsPerimeter": 106067.50078751374,
    "statsVertices": 196215,
    "statsLineResolution": 540.5677485794345,
    "statsVertexDensity": 1.8499068851738083
}