{
    "boundaryCount": 27,
    "statsArea": 301411.06628962647,
    "statsPerimeter": 22113.15871372697,
    "statsVertices": 641832,
    "statsLineResolution": 34.45318823886464,
    "statsVertexDensity": 29.024890035342448
}