{
    "boundaryCount": 27,
    "statsArea": 301411.06628962833,
    "statsPerimeter": 22113.15871372732,
    "statsVertices": 641832,
    "statsLineResolution": 34.45318823886519,
    "statsVertexDensity": 29.02489003534199
}