{"boundaryCount": 14, "boundaryYearSourceLag": null, "statsArea": 196889.7052121617, "statsVertices": 40061, "statsLineResolution": 240.23864658688876, "statsVertexDensity": 4.162527612468559, "statsPerimeter": 9624.20042091735}