{
    "boundaryCount": 14,
    "statsArea": 196889.70468387587,
    "statsPerimeter": 9628.265809797249,
    "statsVertices": 40997,
    "statsLineResolution": 234.85293581962705,
    "statsVertexDensity": 4.2579838165958686
}