{
    "boundaryCount": 14,
    "statsArea": 196889.7052121617,
    "statsPerimeter": 9625.994085242486,
    "statsVertices": 40061,
    "statsLineResolution": 240.2834199156907,
    "statsVertexDensity": 4.161751985846024
}