{
    "boundaryCount": 121,
    "statsArea": 196691.1898534452,
    "statsPerimeter": 22908.91438900021,
    "statsVertices": 50862,
    "statsLineResolution": 450.41316481853266,
    "statsVertexDensity": 2.2201837737200485
}