{
    "boundaryCount": 1,
    "statsArea": 910293.0058480038,
    "statsPerimeter": 5865.666026069779,
    "statsVertices": 35631,
    "statsLineResolution": 164.62254851308631,
    "statsVertexDensity": 6.074501998858966
}