{
    "boundaryCount": 12,
    "statsArea": 2581.554296893831,
    "statsPerimeter": 970.2880543397283,
    "statsVertices": 5220,
    "statsLineResolution": 185.87893761297477,
    "statsVertexDensity": 5.379845682581509
}