{
    "boundaryCount": 1,
    "statsArea": 9005.9764956586,
    "statsPerimeter": 652.8330182634343,
    "statsVertices": 303,
    "statsLineResolution": 2154.5644167110045,
    "statsVertexDensity": 0.4641309362783057
}