{
    "boundaryCount": 19,
    "statsArea": 377587.18959111953,
    "statsPerimeter": 15978.010422735108,
    "statsVertices": 327677,
    "statsLineResolution": 48.76146456032956,
    "statsVertexDensity": 20.507997637412256
}