{
    "boundaryCount": 9,
    "statsArea": 976056.751323751,
    "statsPerimeter": 18259.353072321737,
    "statsVertices": 13224,
    "statsLineResolution": 1380.7738257956548,
    "statsVertexDensity": 0.7242315731352756
}