{
    "boundaryCount": 4,
    "statsArea": 472.82550526124015,
    "statsPerimeter": 413.46861575259624,
    "statsVertices": 17656,
    "statsLineResolution": 23.418023094279352,
    "statsVertexDensity": 42.70215278096143
}