{
    "boundaryCount": 708,
    "statsArea": 334558.8570689472,
    "statsPerimeter": 91793.85564552703,
    "statsVertices": 980948,
    "statsLineResolution": 93.57667852478117,
    "statsVertexDensity": 10.686423324324105
}