{
    "boundaryCount": 1,
    "statsArea": 128684.56719112124,
    "statsPerimeter": 2424.7208200288505,
    "statsVertices": 937,
    "statsLineResolution": 2587.749007501441,
    "statsVertexDensity": 0.3864362413437977
}