{"boundaryCount": 1, "boundaryYearSourceLag": null, "statsArea": 128691.43282993975, "statsVertices": 927, "statsLineResolution": 2614.7637365273035, "statsVertexDensity": 0.38244373135146464, "statsPerimeter": 2423.8859837608106}