{
    "boundaryCount": 135,
    "boundaryYearSourceLag": 0,
    "statsArea": 241512.37312492012,
    "statsPerimeter": 31277.421802559456,
    "statsVertices": 434427,
    "statsLineResolution": 71.99695645657259,
    "statsVertexDensity": 13.889476016992248
}