{
    "boundaryCount": 18,
    "statsArea": 399964.74497564946,
    "statsPerimeter": 15594.336528100846,
    "statsVertices": 203920,
    "statsLineResolution": 76.47281545753651,
    "statsVertexDensity": 13.07654221983334
}