{
    "boundaryCount": 18,
    "statsArea": 399964.7449756494,
    "statsPerimeter": 15594.336528100774,
    "statsVertices": 203920,
    "statsLineResolution": 76.47281545753616,
    "statsVertexDensity": 13.076542219833403
}