{
    "boundaryCount": 68,
    "statsArea": 1274695.5335578925,
    "statsPerimeter": 38315.05996455542,
    "statsVertices": 8961,
    "statsLineResolution": 4275.757166003283,
    "statsVertexDensity": 0.23387670561626844
}