{
    "boundaryCount": 319,
    "statsArea": 1083673.3130126172,
    "statsPerimeter": 87622.05128765147,
    "statsVertices": 136798,
    "statsLineResolution": 640.521435164633,
    "statsVertexDensity": 1.5612280012814408
}