{"boundaryCount": 319, "boundaryYearSourceLag": null, "statsArea": 1083392.99216273, "statsVertices": 124305, "statsLineResolution": 703.9878420658653, "statsVertexDensity": 1.4204790768338862, "statsPerimeter": 87509.20870799739}