{
    "boundaryCount": 319,
    "statsArea": 1083392.99216273,
    "statsPerimeter": 87515.69643489455,
    "statsVertices": 124305,
    "statsLineResolution": 704.0400340685777,
    "statsVertexDensity": 1.420373773663266
}