{
    "boundaryCount": 1,
    "statsArea": 109097.81872219733,
    "statsPerimeter": 3996.067382873594,
    "statsVertices": 786,
    "statsLineResolution": 5084.055194495666,
    "statsVertexDensity": 0.19669337993864935
}