{
    "boundaryCount": 1,
    "statsArea": 109929.18208043848,
    "statsPerimeter": 5731.702052415431,
    "statsVertices": 2697,
    "statsLineResolution": 2125.2139608511056,
    "statsVertexDensity": 0.4705408577306353
}