{
    "boundaryCount": 1,
    "statsArea": 109892.566833435,
    "statsPerimeter": 4563.582507958606,
    "statsVertices": 1359,
    "statsLineResolution": 3358.044523884184,
    "statsVertexDensity": 0.29779235888252004
}