{
    "boundaryCount": 1,
    "statsArea": 1082613.8663817726,
    "statsPerimeter": 7066.3046023829575,
    "statsVertices": 7189,
    "statsLineResolution": 982.9328978137372,
    "statsVertexDensity": 1.0173634458916003
}