{
    "boundaryCount": 1,
    "statsArea": 627324.8185585474,
    "statsPerimeter": 4673.6921157432225,
    "statsVertices": 426,
    "statsLineResolution": 10971.108252918362,
    "statsVertexDensity": 0.09114849447720978
}