{
    "boundaryCount": 1,
    "statsArea": 630241.1379366049,
    "statsPerimeter": 4750.088664473435,
    "statsVertices": 1131,
    "statsLineResolution": 4199.901560100296,
    "statsVertexDensity": 0.23810081871921768
}