{
    "boundaryCount": 47,
    "statsArea": 237748.68633852832,
    "statsPerimeter": 17749.541382101335,
    "statsVertices": 25272,
    "statsLineResolution": 702.3401939736204,
    "statsVertexDensity": 1.4238114357976777
}