{"boundaryCount": 142, "boundaryYearSourceLag": null, "statsArea": 230001.63210454732, "statsVertices": 90045, "statsLineResolution": 303.3444180013486, "statsVertexDensity": 3.2965828301332194, "statsPerimeter": 27314.648118931433}