{
    "boundaryCount": 142,
    "statsArea": 230001.63502085206,
    "statsPerimeter": 27315.155465398166,
    "statsVertices": 93936,
    "statsLineResolution": 290.78474137070094,
    "statsVertexDensity": 3.4389699930133903
}