{
    "boundaryCount": 142,
    "statsArea": 230001.63210454732,
    "statsPerimeter": 27315.161215234875,
    "statsVertices": 90045,
    "statsLineResolution": 303.35011622227637,
    "statsVertexDensity": 3.2965209061178053
}