{
    "boundaryCount": 1,
    "statsArea": 10985.341917677686,
    "statsPerimeter": 870.392008068692,
    "statsVertices": 6378,
    "statsLineResolution": 136.46785952786016,
    "statsVertexDensity": 7.327732723732274
}