{
    "boundaryCount": 2348,
    "statsArea": 16963011.36019661,
    "statsPerimeter": 1043523.215225835,
    "statsVertices": 6446881,
    "statsLineResolution": 161.8648173009297,
    "statsVertexDensity": 6.177994802544755
}