{
    "boundaryCount": 2348,
    "statsArea": 16963011.36019662,
    "statsPerimeter": 1043523.2152258365,
    "statsVertices": 6446881,
    "statsLineResolution": 161.86481730092993,
    "statsVertexDensity": 6.177994802544746
}