{
    "boundaryCount": 1,
    "boundaryYearSourceLag": 0,
    "statsArea": 146425.54983959606,
    "statsPerimeter": 2225.832853384399,
    "statsVertices": 10707,
    "statsLineResolution": 207.8857619673484,
    "statsVertexDensity": 4.810334245772277
}