{
    "boundaryCount": 16,
    "statsArea": 110730.64978192562,
    "statsPerimeter": 23157.567945747098,
    "statsVertices": 387116,
    "statsLineResolution": 59.82074609612389,
    "statsVertexDensity": 16.716608622586126
}