{
    "boundaryCount": 16,
    "statsArea": 110730.65374519235,
    "statsPerimeter": 22986.164521712813,
    "statsVertices": 385636,
    "statsLineResolution": 59.60585765258641,
    "statsVertexDensity": 16.77687461236636
}