{
    "boundaryCount": 74,
    "statsArea": 633532.0580607821,
    "statsPerimeter": 30792.36774024052,
    "statsVertices": 103758,
    "statsLineResolution": 296.77102238131533,
    "statsVertexDensity": 3.36960122311106
}