{
    "boundaryCount": 1,
    "statsArea": 313430.7728748626,
    "statsPerimeter": 3122.9524105273413,
    "statsVertices": 1332,
    "statsLineResolution": 2344.5588667622683,
    "statsVertexDensity": 0.42651946776706684
}