{
    "boundaryCount": 1,
    "statsArea": 311693.3528405026,
    "statsPerimeter": 2958.073506733539,
    "statsVertices": 924,
    "statsLineResolution": 3201.378254040627,
    "statsVertexDensity": 0.3123654628245968
}