{
    "boundaryCount": 1,
    "statsArea": 311677.1915481064,
    "statsPerimeter": 2907.113372414064,
    "statsVertices": 583,
    "statsLineResolution": 4986.4723369023395,
    "statsVertexDensity": 0.20054257447685206
}