{
    "boundaryCount": 1,
    "boundaryYearSourceLag": 1,
    "statsArea": 144917.43782364958,
    "statsPerimeter": 2744.11676680671,
    "statsVertices": 3648,
    "statsLineResolution": 752.2249909009622,
    "statsVertexDensity": 1.3293894939627975
}