{
    "boundaryCount": 1,
    "statsArea": 144917.46822242605,
    "statsPerimeter": 2744.116982308936,
    "statsVertices": 16543,
    "statsLineResolution": 165.87783245535488,
    "statsVertexDensity": 6.028533078819586
}