{
    "boundaryCount": 6,
    "statsArea": 32.921652776687104,
    "statsPerimeter": 370.07323040547175,
    "statsVertices": 5407,
    "statsLineResolution": 68.44335683474603,
    "statsVertexDensity": 14.610621779034938
}