{
    "boundaryCount": 6,
    "boundaryYearSourceLag": 1,
    "statsArea": 396.89351412367256,
    "statsPerimeter": 370.0713158156825,
    "statsVertices": 1009,
    "statsLineResolution": 366.7703823743137,
    "statsVertexDensity": 2.7265015062732987
}