{
    "boundaryCount": 14,
    "statsArea": 321658.07216222095,
    "statsPerimeter": 13478.69916122813,
    "statsVertices": 27343,
    "statsLineResolution": 492.94880449212343,
    "statsVertexDensity": 2.028608226426845
}