{"boundaryCount": 1, "boundaryYearSourceLag": null, "statsArea": 62.30216572968292, "statsVertices": 85, "statsLineResolution": 1202.5672758781338, "statsVertexDensity": 0.8315543089011666, "statsPerimeter": 102.21821844964137}