{
    "boundaryCount": 1,
    "statsArea": 62.30216572968292,
    "statsPerimeter": 102.21821844964137,
    "statsVertices": 85,
    "statsLineResolution": 1202.5672758781338,
    "statsVertexDensity": 0.8315543089011666
}