{"boundaryCount": 378, "boundaryYearSourceLag": null, "statsArea": 28735.42759318259, "statsVertices": 60273, "statsLineResolution": 279.4117216939314, "statsVertexDensity": 3.5789479193553793, "statsPerimeter": 16840.982701658326}