{
    "boundaryCount": 378,
    "statsArea": 28735.42759318259,
    "statsPerimeter": 16919.91384670618,
    "statsVertices": 60273,
    "statsLineResolution": 280.72128227740745,
    "statsVertexDensity": 3.5622521808368086
}