{
    "boundaryCount": 378,
    "statsArea": 28727.64541306366,
    "statsPerimeter": 16138.471331511815,
    "statsVertices": 25069,
    "statsLineResolution": 643.7620699474178,
    "statsVertexDensity": 1.5533689334658682
}