{
    "boundaryCount": 56,
    "statsArea": 754418.342743032,
    "statsPerimeter": 135168.24043672605,
    "statsVertices": 8814480,
    "statsLineResolution": 15.33479461485261,
    "statsVertexDensity": 65.2111766160496
}