{
    "boundaryCount": 56,
    "statsArea": 754418.3427430394,
    "statsPerimeter": 135168.24043672657,
    "statsVertices": 8814480,
    "statsLineResolution": 15.33479461485267,
    "statsVertexDensity": 65.21117661604936
}