{
    "boundaryCount": 19,
    "statsArea": 177465.63394306225,
    "statsPerimeter": 9574.616461621757,
    "statsVertices": 35661,
    "statsLineResolution": 268.4898477782944,
    "statsVertexDensity": 3.7245356138223533
}