{
    "boundaryCount": 16,
    "statsArea": 6219.961442007123,
    "statsPerimeter": 1455.7364493359541,
    "statsVertices": 4055,
    "statsLineResolution": 358.9978913282254,
    "statsVertexDensity": 2.7855316818162525
}