{"boundaryCount": 16, "boundaryYearSourceLag": null, "statsArea": 6219.961441312425, "statsVertices": 4055, "statsLineResolution": 358.99789160423995, "statsVertexDensity": 2.7855316796746044, "statsPerimeter": 1455.7364504551929}