{"boundaryCount": 10, "boundaryYearSourceLag": null, "statsArea": 411.227105778905, "statsVertices": 28777, "statsLineResolution": 12.390227704136526, "statsVertexDensity": 80.70876693138949, "statsPerimeter": 356.5535826419368}