{
    "boundaryCount": 112,
    "boundaryYearSourceLag": 2,
    "statsArea": 1081701.7080708893,
    "statsPerimeter": 62866.99011384923,
    "statsVertices": 469318,
    "statsLineResolution": 133.95392913514766,
    "statsVertexDensity": 7.465253213969472
}