{
    "boundaryCount": 9,
    "statsArea": 1081701.7080708896,
    "statsPerimeter": 21868.245625687825,
    "statsVertices": 177292,
    "statsLineResolution": 123.34592438287022,
    "statsVertexDensity": 8.107280439165253
}