{
    "boundaryCount": 37,
    "boundaryYearSourceLag": 9,
    "statsArea": 56841.01215813602,
    "statsPerimeter": 7743.585699395913,
    "statsVertices": 22836,
    "statsLineResolution": 339.09553772096314,
    "statsVertexDensity": 2.9490214077157386
}