{
    "boundaryCount": 22,
    "statsArea": 36406.3353195209,
    "statsPerimeter": 6362.710075650864,
    "statsVertices": 65745,
    "statsLineResolution": 96.77861549396705,
    "statsVertexDensity": 10.332861189384731
}