{
    "boundaryCount": 22,
    "statsArea": 36406.33595934423,
    "statsPerimeter": 6362.6995059436,
    "statsVertices": 64148,
    "statsLineResolution": 99.18780797442788,
    "statsVertexDensity": 10.081884259987024
}