{
    "boundaryCount": 1,
    "statsArea": 26756.56528798452,
    "statsPerimeter": 1190.7133153562793,
    "statsVertices": 15887,
    "statsLineResolution": 74.94890887872344,
    "statsVertexDensity": 13.342422390939982
}