{
    "boundaryCount": 1,
    "statsArea": 26756.56528798593,
    "statsPerimeter": 1190.7133153562875,
    "statsVertices": 15887,
    "statsLineResolution": 74.94890887872396,
    "statsVertexDensity": 13.34242239093989
}