{
    "boundaryCount": 414,
    "statsArea": 2540537.77224299,
    "statsPerimeter": 173151.2101364752,
    "statsVertices": 1103431,
    "statsLineResolution": 156.92074097653153,
    "statsVertexDensity": 6.372643882363238
}