{
    "boundaryCount": 1,
    "statsArea": 378255.10785061517,
    "statsPerimeter": 22625.82723565301,
    "statsVertices": 42111,
    "statsLineResolution": 537.2901910582273,
    "statsVertexDensity": 1.8611916179419472
}