{
    "boundaryCount": 1,
    "statsArea": 598969.9695311517,
    "statsPerimeter": 10686.76996081329,
    "statsVertices": 172123,
    "statsLineResolution": 62.08798336546127,
    "statsVertexDensity": 16.106176200212794
}