{
    "boundaryCount": 1,
    "statsArea": 598969.9695311533,
    "statsPerimeter": 10686.769960813666,
    "statsVertices": 172123,
    "statsLineResolution": 62.08798336546345,
    "statsVertexDensity": 16.106176200212225
}