{
    "boundaryCount": 1,
    "boundaryYearSourceLag": 1,
    "statsArea": 88.26923102783492,
    "statsPerimeter": 129.9523518964632,
    "statsVertices": 498,
    "statsLineResolution": 260.9484977840626,
    "statsVertexDensity": 3.832173813958912
}