{
    "boundaryCount": 4,
    "boundaryYearSourceLag": 6,
    "statsArea": 267334.8791274678,
    "statsPerimeter": 5281.293852554232,
    "statsVertices": 32227,
    "statsLineResolution": 163.87792386986789,
    "statsVertexDensity": 6.102103177692681
}