{"boundaryCount": 1, "boundaryYearSourceLag": null, "statsArea": 99.59714403400561, "statsVertices": 23, "statsLineResolution": 1828.8299403786796, "statsVertexDensity": 0.5467976972166909, "statsPerimeter": 42.06308862870963}