{
    "boundaryCount": 1,
    "statsArea": 99.59714403400561,
    "statsPerimeter": 42.06308862870963,
    "statsVertices": 23,
    "statsLineResolution": 1828.8299403786796,
    "statsVertexDensity": 0.5467976972166909
}