{
    "boundaryCount": 5,
    "statsArea": 64710.101951851575,
    "statsPerimeter": 5221.957074469742,
    "statsVertices": 22227,
    "statsLineResolution": 234.93755677643148,
    "statsVertexDensity": 4.256450155185739
}