{"boundaryCount": 5, "boundaryYearSourceLag": null, "statsArea": 64710.101951851575, "statsVertices": 22227, "statsLineResolution": 233.99167847195204, "statsVertexDensity": 4.273656253634111, "statsPerimeter": 5200.933037396078}