{
    "boundaryCount": 5,
    "statsArea": 64710.10358901429,
    "statsPerimeter": 5212.322294070028,
    "statsVertices": 26477,
    "statsLineResolution": 196.86226891528602,
    "statsVertexDensity": 5.079693561950772
}