{
    "boundaryCount": 1030,
    "statsArea": 254679.5869842658,
    "statsPerimeter": 87430.4904190715,
    "statsVertices": 821067,
    "statsLineResolution": 106.4839902457065,
    "statsVertexDensity": 9.391083088570872
}