{
    "boundaryCount": 1030,
    "statsArea": 254679.58698426763,
    "statsPerimeter": 87430.49041907143,
    "statsVertices": 821067,
    "statsLineResolution": 106.48399024570642,
    "statsVertexDensity": 9.391083088570879
}