{
    "boundaryCount": 74,
    "statsArea": 86235.47900767719,
    "statsPerimeter": 13419.397976632363,
    "statsVertices": 19190,
    "statsLineResolution": 699.2911921121606,
    "statsVertexDensity": 1.4300194415141556
}