{
    "boundaryCount": 1,
    "statsArea": 463.2502197517956,
    "statsPerimeter": 132.2563825418535,
    "statsVertices": 44,
    "statsLineResolution": 3005.8268759512157,
    "statsVertexDensity": 0.3326871577337742
}