{
    "boundaryCount": 10,
    "boundaryYearSourceLag": 14,
    "statsArea": 465148.9794040711,
    "statsPerimeter": 13820.743041894491,
    "statsVertices": 44702,
    "statsLineResolution": 309.1750490334771,
    "statsVertexDensity": 3.2344136537735984
}