{"boundaryCount": 333, "boundaryYearSourceLag": null, "statsArea": 452238.14369762916, "statsVertices": 119287, "statsLineResolution": 397.30449065841566, "statsVertexDensity": 2.5169612312782905, "statsPerimeter": 47393.26077717043}