{
    "boundaryCount": 333,
    "statsArea": 452238.14369762916,
    "statsPerimeter": 47444.56125294473,
    "statsVertices": 119287,
    "statsLineResolution": 397.7345498918133,
    "statsVertexDensity": 2.514239711566439
}