{
    "boundaryCount": 332,
    "statsArea": 452194.795999187,
    "statsPerimeter": 47669.03845602044,
    "statsVertices": 126846,
    "statsLineResolution": 375.8024569637232,
    "statsVertexDensity": 2.6609724909183643
}