{
    "boundaryCount": 25,
    "statsArea": 9953.216676321177,
    "statsPerimeter": 2801.588362645942,
    "statsVertices": 9670,
    "statsLineResolution": 289.7195824866538,
    "statsVertexDensity": 3.451613423632025
}