{
    "boundaryCount": 1,
    "statsArea": 750796.1337809564,
    "statsPerimeter": 6269.769684564152,
    "statsVertices": 25475,
    "statsLineResolution": 246.11460979643383,
    "statsVertexDensity": 4.063147656399266
}