{
    "boundaryCount": 1,
    "statsArea": 750796.1337809575,
    "statsPerimeter": 6269.769684564117,
    "statsVertices": 25475,
    "statsLineResolution": 246.11460979643243,
    "statsVertexDensity": 4.0631476563992885
}