{
    "boundaryCount": 1,
    "statsArea": 2312254.892973621,
    "statsPerimeter": 8347.695367181213,
    "statsVertices": 28030,
    "statsLineResolution": 297.8128921577315,
    "statsVertexDensity": 3.3578129971296446
}