{
    "boundaryCount": 1,
    "statsArea": 1009.1535338931075,
    "statsPerimeter": 2008.5713848657106,
    "statsVertices": 26112,
    "statsLineResolution": 76.92139188364393,
    "statsVertexDensity": 13.00028477790238
}