{
    "boundaryCount": 1,
    "boundaryYearSourceLag": 1,
    "statsArea": 1009.1312628569674,
    "statsPerimeter": 2008.5645664805409,
    "statsVertices": 4298,
    "statsLineResolution": 467.32539936727335,
    "statsVertexDensity": 2.139836613532951
}