{
    "boundaryCount": 268,
    "statsArea": 1621745.2895846625,
    "statsPerimeter": 96854.92042492512,
    "statsVertices": 155790,
    "statsLineResolution": 621.7017807620844,
    "statsVertexDensity": 1.6084882349447291
}