{
    "boundaryCount": 268,
    "statsArea": 1621740.734934026,
    "statsPerimeter": 96860.70126392301,
    "statsVertices": 153963,
    "statsLineResolution": 629.1167440483948,
    "statsVertexDensity": 1.5895300982850251
}