{"boundaryCount": 2, "boundaryYearSourceLag": null, "statsArea": 1650.2369670490416, "statsVertices": 12732, "statsLineResolution": 50.700303402461024, "statsVertexDensity": 19.723747845490397, "statsPerimeter": 645.5162629201337}