{
    "boundaryCount": 1,
    "statsArea": 139682.77157058503,
    "statsPerimeter": 7530.737534308178,
    "statsVertices": 46496,
    "statsLineResolution": 161.9652773208056,
    "statsVertexDensity": 6.174162860964909
}