{
    "boundaryCount": 1,
    "statsArea": 256053.2656472367,
    "statsPerimeter": 6814.497972271094,
    "statsVertices": 26910,
    "statsLineResolution": 253.23292353292806,
    "statsVertexDensity": 3.948933598557019
}