{
    "boundaryCount": 58,
    "statsArea": 465148.97940406925,
    "statsPerimeter": 25580.26138262732,
    "statsVertices": 47893,
    "statsLineResolution": 534.1127384508659,
    "statsVertexDensity": 1.872263902374596
}