{
    "boundaryCount": 1,
    "statsArea": 83905.50532753987,
    "statsPerimeter": 2502.286471463412,
    "statsVertices": 6065,
    "statsLineResolution": 412.57814863370356,
    "statsVertexDensity": 2.4237832355193953
}