{
    "boundaryCount": 75,
    "statsArea": 147926.36108741746,
    "statsPerimeter": 17505.278192448237,
    "statsVertices": 41749,
    "statsLineResolution": 419.2981434872269,
    "statsVertexDensity": 2.384937819383555
}