{
    "boundaryCount": 30,
    "boundaryYearSourceLag": 7,
    "statsArea": 25291.888438006186,
    "statsPerimeter": 5169.799798984559,
    "statsVertices": 150129,
    "statsLineResolution": 34.43571727637271,
    "statsVertexDensity": 29.039615814424383
}