{
    "boundaryCount": 19,
    "statsArea": 549.7942942146512,
    "statsPerimeter": 502.0228992772296,
    "statsVertices": 4099,
    "statsLineResolution": 122.47448140454492,
    "statsVertexDensity": 8.164966191584877
}