{
    "boundaryCount": 19,
    "statsArea": 549.7943185758942,
    "statsPerimeter": 502.0229397531927,
    "statsVertices": 4032,
    "statsLineResolution": 124.50965767688311,
    "statsVertexDensity": 8.031505496506263
}