{
    "boundaryCount": 1,
    "boundaryYearSourceLag": 0,
    "statsArea": 198537.5960491906,
    "statsPerimeter": 4571.520287605658,
    "statsVertices": 14445,
    "statsLineResolution": 316.47769384601304,
    "statsVertexDensity": 3.1597803555992954
}