{
    "boundaryCount": 629,
    "statsArea": 601362.6436665638,
    "statsPerimeter": 122763.2041405624,
    "statsVertices": 232867,
    "statsLineResolution": 527.181627884425,
    "statsVertexDensity": 1.8968794569207403
}