{
    "boundaryCount": 629,
    "statsArea": 601362.6455015223,
    "statsPerimeter": 122760.81579230873,
    "statsVertices": 243876,
    "statsLineResolution": 503.37391048036187,
    "statsVertexDensity": 1.986594813874473
}