{"boundaryCount": 1, "boundaryYearSourceLag": null, "statsArea": 11.980424978893657, "statsVertices": 102, "statsLineResolution": 428.22104066486247, "statsVertexDensity": 2.3352425617559214, "statsPerimeter": 43.67854614781597}