{
    "boundaryCount": 31,
    "statsArea": 1621745.2895846625,
    "statsPerimeter": 42302.85566428799,
    "statsVertices": 139126,
    "statsLineResolution": 304.06146704633204,
    "statsVertexDensity": 3.288808706062129
}