{
    "boundaryCount": 31,
    "statsArea": 1621740.7349356601,
    "statsPerimeter": 42306.44662613538,
    "statsVertices": 138254,
    "statsLineResolution": 306.0052268009271,
    "statsVertexDensity": 3.267918036741751
}