{"boundaryCount": 31, "boundaryYearSourceLag": null, "statsArea": 1621740.7349356601, "statsVertices": 138254, "statsLineResolution": 306.0052268009271, "statsVertexDensity": 3.267918036741751, "statsPerimeter": 42306.44662613538}