{
    "boundaryCount": 9,
    "boundaryYearSourceLag": 2,
    "statsArea": 1220812.731870987,
    "statsPerimeter": 24915.73106224392,
    "statsVertices": 461191,
    "statsLineResolution": 54.02475560503983,
    "statsVertexDensity": 18.51003283218393
}