{
    "boundaryCount": 58,
    "statsArea": 36445.02189916995,
    "statsPerimeter": 4942.326441514994,
    "statsVertices": 109223,
    "statsLineResolution": 45.24986899750963,
    "statsVertexDensity": 22.099511493724677
}