{
    "boundaryCount": 58,
    "statsArea": 36445.02189917222,
    "statsPerimeter": 4942.3264415151325,
    "statsVertices": 109223,
    "statsLineResolution": 45.249868997510895,
    "statsVertexDensity": 22.09951149372406
}