{
    "boundaryCount": 1,
    "statsArea": 92988.7573124894,
    "statsPerimeter": 1580.496132546752,
    "statsVertices": 616,
    "statsLineResolution": 2565.7404749135585,
    "statsVertexDensity": 0.389751032802213
}