{
    "boundaryCount": 1,
    "statsArea": 93200.95199797291,
    "statsPerimeter": 1670.523800492608,
    "statsVertices": 848,
    "statsLineResolution": 1969.9573119016604,
    "statsVertexDensity": 0.5076252129720868
}