{
    "boundaryCount": 1,
    "statsArea": 92990.95301937617,
    "statsPerimeter": 1558.8134720011103,
    "statsVertices": 298,
    "statsLineResolution": 5230.9176912788935,
    "statsVertexDensity": 0.1911710447417712
}