{
    "boundaryCount": 1,
    "statsArea": 752897.9673061636,
    "statsPerimeter": 62895.223674225286,
    "statsVertices": 113759,
    "statsLineResolution": 552.8812988354792,
    "statsVertexDensity": 1.8087065019313842
}