{
    "boundaryCount": 12,
    "statsArea": 2027.410421485899,
    "statsPerimeter": 1171.0719690444662,
    "statsVertices": 16602,
    "statsLineResolution": 70.5380056044131,
    "statsVertexDensity": 14.176754664827618
}