{
    "boundaryCount": 1,
    "statsArea": 980.6574260597002,
    "statsPerimeter": 267.74973623924285,
    "statsVertices": 937,
    "statsLineResolution": 285.75211978574475,
    "statsVertexDensity": 3.4995365939885033
}