{
    "boundaryCount": 1,
    "statsArea": 89345.02261685726,
    "statsPerimeter": 1737.6388897760091,
    "statsVertices": 846,
    "statsLineResolution": 2053.946678222233,
    "statsVertexDensity": 0.48686755630167433
}