{
    "boundaryCount": 449,
    "statsArea": 1622090.8626194568,
    "statsPerimeter": 130463.82514622161,
    "statsVertices": 323839,
    "statsLineResolution": 402.86631673832244,
    "statsVertexDensity": 2.482212978479259
}