{
    "boundaryCount": 449,
    "statsArea": 1622090.8626194545,
    "statsPerimeter": 130463.82514622142,
    "statsVertices": 323839,
    "statsLineResolution": 402.8663167383219,
    "statsVertexDensity": 2.4822129784792626
}