{
    "boundaryCount": 148,
    "statsArea": 229668.5732141191,
    "statsPerimeter": 30331.461571143434,
    "statsVertices": 99351,
    "statsLineResolution": 305.2959866648895,
    "statsVertexDensity": 3.275509812376465
}