{
    "boundaryCount": 6,
    "statsArea": 336864.3222870552,
    "statsPerimeter": 39870.492786269075,
    "statsVertices": 1999892,
    "statsLineResolution": 19.936322954574084,
    "statsVertexDensity": 50.15970107820536
}