{
    "boundaryCount": 6,
    "statsArea": 336864.3222870529,
    "statsPerimeter": 39870.4927862685,
    "statsVertices": 1999892,
    "statsLineResolution": 19.936322954573797,
    "statsVertexDensity": 50.15970107820608
}