{
    "boundaryCount": 1,
    "statsArea": 83993.19687957439,
    "statsPerimeter": 2079.46818427271,
    "statsVertices": 1094,
    "statsLineResolution": 1900.7935870865722,
    "statsVertexDensity": 0.5260960510355798
}