{"boundaryCount": 1, "boundaryYearSourceLag": null, "statsArea": 83993.19687957439, "statsVertices": 1094, "statsLineResolution": 1900.7935870865722, "statsVertexDensity": 0.5260960510355798, "statsPerimeter": 2079.46818427271}