{
    "boundaryCount": 1,
    "statsArea": 49.060665482818116,
    "statsPerimeter": 129.58015783972104,
    "statsVertices": 102,
    "statsLineResolution": 1270.3937043109906,
    "statsVertexDensity": 0.7871575532896387
}