{
    "boundaryCount": 16,
    "statsArea": 491.93285980633885,
    "statsPerimeter": 429.04894768922844,
    "statsVertices": 232,
    "statsLineResolution": 1849.3489124535708,
    "statsVertexDensity": 0.5407308449292452
}