{
    "boundaryCount": 14044,
    "statsArea": 66019.17880755584,
    "statsPerimeter": 134520.49305979762,
    "statsVertices": 7002792,
    "statsLineResolution": 19.20955142745888,
    "statsVertexDensity": 52.0574363111135
}