{
    "boundaryCount": 1,
    "statsArea": 247916.61142939335,
    "statsPerimeter": 16419.21361958126,
    "statsVertices": 17398,
    "statsLineResolution": 943.7414426704943,
    "statsVertexDensity": 1.0596122569019661
}