{
    "boundaryCount": 48,
    "statsArea": 2308857.7511431533,
    "statsPerimeter": 35815.24440198069,
    "statsVertices": 7995,
    "statsLineResolution": 4479.7053661014,
    "statsVertexDensity": 0.22322896670105793
}