{
    "boundaryCount": 20,
    "boundaryYearSourceLag": 1,
    "statsArea": 386651.5716251796,
    "statsPerimeter": 73567.65815748343,
    "statsVertices": 276007,
    "statsLineResolution": 266.5427259362387,
    "statsVertexDensity": 3.751743726967121
}