{
    "boundaryCount": 20,
    "statsArea": 280805.55986531655,
    "statsPerimeter": 73568.3870691195,
    "statsVertices": 2106591,
    "statsLineResolution": 34.922957075730174,
    "statsVertexDensity": 28.634459499850124
}