{
    "boundaryCount": 5,
    "statsArea": 56671.04808664601,
    "statsPerimeter": 2992.840576808416,
    "statsVertices": 25646,
    "statsLineResolution": 116.69814305577539,
    "statsVertexDensity": 8.569116644144493
}