{
    "boundaryCount": 1,
    "statsArea": 75.46550636180258,
    "statsPerimeter": 35.85608947616967,
    "statsVertices": 18,
    "statsLineResolution": 1992.004970898315,
    "statsVertexDensity": 0.5020067794052943
}