{
    "boundaryCount": 1,
    "statsArea": 73.98167710104008,
    "statsPerimeter": 61.834921181375215,
    "statsVertices": 59,
    "statsLineResolution": 1048.0495115487324,
    "statsVertexDensity": 0.9541533954080773
}