{
    "boundaryCount": 1,
    "statsArea": 2779897.4081452983,
    "statsPerimeter": 21139.728060782323,
    "statsVertices": 391504,
    "statsLineResolution": 53.99619942780233,
    "statsVertexDensity": 18.519821961489864
}