{
    "boundaryCount": 1,
    "statsArea": 2779897.408145296,
    "statsPerimeter": 21139.72806078239,
    "statsVertices": 391504,
    "statsLineResolution": 53.996199427802495,
    "statsVertexDensity": 18.519821961489807
}