{
    "boundaryCount": 2457,
    "statsArea": 1950022.2907935514,
    "statsPerimeter": 376154.27656871063,
    "statsVertices": 3372222,
    "statsLineResolution": 111.54493285694436,
    "statsVertexDensity": 8.964997103745567
}