{
    "boundaryCount": 16,
    "statsArea": 312400.0600652096,
    "statsPerimeter": 17273.463913953994,
    "statsVertices": 409464,
    "statsLineResolution": 42.18554967946875,
    "statsVertexDensity": 23.704799572321065
}