{
    "boundaryCount": 16,
    "statsArea": 312400.07174911426,
    "statsPerimeter": 17276.738506538913,
    "statsVertices": 427914,
    "statsLineResolution": 40.374324061701444,
    "statsVertexDensity": 24.76821651482673
}