{
    "boundaryCount": 1,
    "statsArea": 175.27123242985118,
    "statsPerimeter": 62.092818980619484,
    "statsVertices": 28,
    "statsLineResolution": 2217.6006778792676,
    "statsVertexDensity": 0.45093781309460934
}