{
    "boundaryCount": 1,
    "statsArea": 137.24980362417818,
    "statsPerimeter": 59.22334791615219,
    "statsVertices": 29,
    "statsLineResolution": 2042.1844109017998,
    "statsVertexDensity": 0.48967174299328536
}