{
    "boundaryCount": 47,
    "statsArea": 31400.251733835114,
    "statsPerimeter": 8457.791531750088,
    "statsVertices": 25975,
    "statsLineResolution": 325.61276349374737,
    "statsVertexDensity": 3.0711326830995143
}