{
    "boundaryCount": 1,
    "statsArea": 367.7252630530498,
    "statsPerimeter": 134.75580369072978,
    "statsVertices": 83,
    "statsLineResolution": 1623.5638998883105,
    "statsVertexDensity": 0.6159289450010516
}