{"boundaryCount": 1, "boundaryYearSourceLag": null, "statsArea": 367.7252630530498, "statsVertices": 83, "statsLineResolution": 1623.5638998883105, "statsVertexDensity": 0.6159289450010516, "statsPerimeter": 134.75580369072978}