{
    "boundaryCount": 1,
    "statsArea": 181359.61995164488,
    "statsPerimeter": 3984.5477084375766,
    "statsVertices": 46823,
    "statsLineResolution": 85.09808659072628,
    "statsVertexDensity": 11.751145531737219
}