{
    "boundaryCount": 1,
    "statsArea": 181359.61967470145,
    "statsPerimeter": 3979.2576083017825,
    "statsVertices": 45891,
    "statsLineResolution": 86.71106771048315,
    "statsVertexDensity": 11.532553183855011
}