{
    "boundaryCount": 9,
    "statsArea": 264715.51285344554,
    "statsPerimeter": 8923.123917656045,
    "statsVertices": 3992,
    "statsLineResolution": 2235.2514823787687,
    "statsVertexDensity": 0.44737695417420936
}