{
    "boundaryCount": 1,
    "statsArea": 63.909146838573946,
    "statsPerimeter": 168.49228731460448,
    "statsVertices": 5638,
    "statsLineResolution": 29.885116586485363,
    "statsVertexDensity": 33.46147227186056
}