{
    "boundaryCount": 6,
    "statsArea": 10702.416075993448,
    "statsPerimeter": 1669.7305750814062,
    "statsVertices": 3337,
    "statsLineResolution": 500.3687668808529,
    "statsVertexDensity": 1.998526019586907
}