{
    "boundaryCount": 2,
    "statsArea": 27125.514570611507,
    "statsPerimeter": 1095.6439218509552,
    "statsVertices": 15461,
    "statsLineResolution": 70.86501014494245,
    "statsVertexDensity": 14.111336440292161
}