{
    "boundaryCount": 52,
    "statsArea": 1220812.731870987,
    "statsPerimeter": 53928.240169170014,
    "statsVertices": 756340,
    "statsLineResolution": 71.30158416739827,
    "statsVertexDensity": 14.024933831094835
}