{
    "boundaryCount": 1,
    "statsArea": 14953.8525267625,
    "statsPerimeter": 1066.160957877417,
    "statsVertices": 5786,
    "statsLineResolution": 184.26563392281665,
    "statsVertexDensity": 5.426947926811302
}