{
    "boundaryCount": 3093,
    "statsArea": 91857.92185454676,
    "statsPerimeter": 81270.65890199826,
    "statsVertices": 2128978,
    "statsLineResolution": 38.173555058811445,
    "statsVertexDensity": 26.196145432600314
}