{
    "boundaryCount": 3093,
    "statsArea": 91857.92185454624,
    "statsPerimeter": 81270.6589019979,
    "statsVertices": 2128978,
    "statsLineResolution": 38.17355505881127,
    "statsVertexDensity": 26.19614543260043
}