{
    "boundaryCount": 67,
    "statsArea": 66753.19864471105,
    "statsPerimeter": 13549.940978535518,
    "statsVertices": 27408,
    "statsLineResolution": 494.37904912928775,
    "statsVertexDensity": 2.02273943801062
}