{
    "boundaryCount": 544,
    "boundaryYearSourceLag": 5,
    "statsArea": 139852.01957438665,
    "statsPerimeter": 62769.77332712862,
    "statsVertices": 2847294,
    "statsLineResolution": 22.045413409057378,
    "statsVertexDensity": 45.36090938485867
}