{"boundaryCount": 1, "boundaryYearSourceLag": null, "statsArea": 108.74231101294696, "statsVertices": 1453, "statsLineResolution": 356.5904972876679, "statsVertexDensity": 2.8043372092254106, "statsPerimeter": 518.1259925589815}