{
    "boundaryCount": 1,
    "statsArea": 108.74231101294696,
    "statsPerimeter": 518.1259925589815,
    "statsVertices": 1453,
    "statsLineResolution": 356.5904972876679,
    "statsVertexDensity": 2.8043372092254106
}