{
    "boundaryCount": 1,
    "statsArea": 108.74113365223148,
    "statsPerimeter": 518.1160796620541,
    "statsVertices": 1454,
    "statsLineResolution": 356.338431679542,
    "statsVertexDensity": 2.806320932846525
}