{
    "boundaryCount": 1,
    "statsArea": 115214.62830534579,
    "statsPerimeter": 2510.5896110899007,
    "statsVertices": 17277,
    "statsLineResolution": 145.3139787630897,
    "statsVertexDensity": 6.881650399445286
}