{
    "boundaryCount": 1,
    "boundaryYearSourceLag": 1,
    "statsArea": 115214.60064882206,
    "statsPerimeter": 2510.5898464178854,
    "statsVertices": 3634,
    "statsLineResolution": 690.8612675888512,
    "statsVertexDensity": 1.4474686118821831
}