{
    "boundaryCount": 1122,
    "statsArea": 1138266.6756594745,
    "statsPerimeter": 183918.5712767619,
    "statsVertices": 5592283,
    "statsLineResolution": 32.88792274581989,
    "statsVertexDensity": 30.406298619972937
}