{
    "boundaryCount": 1122,
    "statsArea": 1138266.6756594689,
    "statsPerimeter": 183918.57127676217,
    "statsVertices": 5592283,
    "statsLineResolution": 32.88792274581994,
    "statsVertexDensity": 30.406298619972894
}