{
    "boundaryCount": 36,
    "statsArea": 3152800.0290135033,
    "statsPerimeter": 97204.03294747477,
    "statsVertices": 559912,
    "statsLineResolution": 173.60591119224947,
    "statsVertexDensity": 5.760172525995443
}