{
    "boundaryCount": 36,
    "statsArea": 3151382.151450786,
    "statsPerimeter": 97273.03083928215,
    "statsVertices": 577660,
    "statsLineResolution": 168.39149471883485,
    "statsVertexDensity": 5.9385422147936335
}