{
    "boundaryCount": 11,
    "statsArea": 29732.92983425756,
    "statsPerimeter": 3327.8699192905906,
    "statsVertices": 5709,
    "statsLineResolution": 582.916433576912,
    "statsVertexDensity": 1.7155117653207432
}