{
    "boundaryCount": 1,
    "statsArea": 350.66108006300743,
    "statsPerimeter": 441.8031926729854,
    "statsVertices": 39119,
    "statsLineResolution": 11.293826342007348,
    "statsVertexDensity": 88.54395044844134
}