{"boundaryCount": 118, "boundaryYearSourceLag": null, "statsArea": 293152.9610814827, "statsVertices": 11950, "statsLineResolution": 2815.901555799949, "statsVertexDensity": 0.35512605117188384, "statsPerimeter": 33650.02359180939}