{
    "boundaryCount": 118,
    "statsArea": 293152.9610814827,
    "statsPerimeter": 33773.736453458005,
    "statsVertices": 11950,
    "statsLineResolution": 2826.254096523682,
    "statsVertexDensity": 0.3538252279687127
}