{
    "boundaryCount": 118,
    "statsArea": 293152.9571758447,
    "statsPerimeter": 33773.73117740464,
    "statsVertices": 11950,
    "statsLineResolution": 2826.2536550129407,
    "statsVertexDensity": 0.353825283242463
}