{
    "boundaryCount": 1,
    "statsArea": 69654.26363454301,
    "statsPerimeter": 2175.3945725433987,
    "statsVertices": 17391,
    "statsLineResolution": 125.08737695034205,
    "statsVertexDensity": 7.99441178143008
}