{
    "boundaryCount": 1,
    "statsArea": 69654.26363454231,
    "statsPerimeter": 2175.3945725433978,
    "statsVertices": 17391,
    "statsLineResolution": 125.08737695034199,
    "statsVertexDensity": 7.994411781430084
}