{
    "boundaryCount": 12,
    "statsArea": 786431.2849901555,
    "statsPerimeter": 21301.05875191411,
    "statsVertices": 125914,
    "statsLineResolution": 169.17148809436688,
    "statsVertexDensity": 5.91116157494685
}