{
    "boundaryCount": 107,
    "boundaryYearSourceLag": 2,
    "statsArea": 824398.1082017296,
    "statsPerimeter": 38982.41340180834,
    "statsVertices": 68323,
    "statsLineResolution": 570.5606223644796,
    "statsVertexDensity": 1.7526621375584353
}