{
    "boundaryCount": 1,
    "statsArea": 29002.15307664801,
    "statsPerimeter": 9837.009957192491,
    "statsVertices": 34467,
    "statsLineResolution": 285.4037182578261,
    "statsVertexDensity": 3.5038085912273464
}