{
    "boundaryCount": 12,
    "statsArea": 28396.632623200887,
    "statsPerimeter": 3953.0242000941153,
    "statsVertices": 28348,
    "statsLineResolution": 139.446317203828,
    "statsVertexDensity": 7.171218430518356
}