{"boundaryCount": 12, "boundaryYearSourceLag": 0, "statsArea": 28396.632623200887, "statsVertices": 28348, "statsLineResolution": 138.758249984242, "statsVertexDensity": 7.206778696859929, "statsPerimeter": 3933.518870553293}