{
    "boundaryCount": 3224,
    "statsArea": 9472656.445020081,
    "statsPerimeter": 734742.6212663548,
    "statsVertices": 147648,
    "statsLineResolution": 4976.312725308537,
    "statsVertexDensity": 0.20095200104973285
}