{
    "boundaryCount": 36,
    "statsArea": 1184167.716950341,
    "statsPerimeter": 24721.53272625059,
    "statsVertices": 12136,
    "statsLineResolution": 2037.0412595789871,
    "statsVertexDensity": 0.4909080733134873
}