{
    "boundaryCount": 66,
    "statsArea": 12218.146886659699,
    "statsPerimeter": 5341.275783508478,
    "statsVertices": 82892,
    "statsLineResolution": 64.43656545273944,
    "statsVertexDensity": 15.519138752568109
}