{
    "boundaryCount": 21,
    "statsArea": 162907.3300216935,
    "statsPerimeter": 35780.387185763364,
    "statsVertices": 774027,
    "statsLineResolution": 46.22627787630582,
    "statsVertexDensity": 21.632717275568698
}