{
    "boundaryCount": 21,
    "boundaryYearSourceLag": 1,
    "statsArea": 450085.2320491156,
    "statsPerimeter": 35780.13710281707,
    "statsVertices": 105293,
    "statsLineResolution": 339.81496493420326,
    "statsVertexDensity": 2.942777991527316
}