{
    "boundaryCount": 1,
    "statsArea": 127995.9013342955,
    "statsPerimeter": 3835.514570380839,
    "statsVertices": 30134,
    "statsLineResolution": 127.28195959317844,
    "statsVertexDensity": 7.856572944007331
}