{
    "boundaryCount": 1,
    "boundaryYearSourceLag": 1,
    "statsArea": 127995.85933755696,
    "statsPerimeter": 3835.516053639143,
    "statsVertices": 6235,
    "statsLineResolution": 615.1589500624127,
    "statsVertexDensity": 1.6255961160908772
}