{
    "boundaryCount": 8,
    "boundaryYearSourceLag": 0,
    "statsArea": 131804.32453603827,
    "statsPerimeter": 14026.23220503493,
    "statsVertices": 29124,
    "statsLineResolution": 481.6039076031771,
    "statsVertexDensity": 2.0763951126907405
}