{
    "boundaryCount": 1,
    "statsArea": 1328.5215886880274,
    "statsPerimeter": 735.2246900346441,
    "statsVertices": 485,
    "statsLineResolution": 1515.9271959477198,
    "statsVertexDensity": 0.6596622863374549
}