{
    "boundaryCount": 1,
    "statsArea": 1599.56368644436,
    "statsPerimeter": 516.9514144207025,
    "statsVertices": 210,
    "statsLineResolution": 2461.673402003345,
    "statsVertexDensity": 0.40622773077297164
}