{"boundaryCount": 12, "boundaryYearSourceLag": null, "statsArea": 116113.51459280781, "statsVertices": 1370, "statsLineResolution": 3508.1352929024847, "statsVertexDensity": 0.2850517202181908, "statsPerimeter": 4806.145351276405}