{"boundaryCount": 5, "boundaryYearSourceLag": null, "statsArea": 142238.25635311785, "statsVertices": 2384, "statsLineResolution": 2276.262067226142, "statsVertexDensity": 0.4393167264868593, "statsPerimeter": 5426.608768267122}