{
    "boundaryCount": 5,
    "statsArea": 142238.25635311785,
    "statsPerimeter": 5488.443477918757,
    "statsVertices": 2384,
    "statsLineResolution": 2302.1994454357205,
    "statsVertexDensity": 0.4343672317281518
}