{
    "boundaryCount": 5,
    "statsArea": 142238.25156161108,
    "statsPerimeter": 5488.442256084718,
    "statsVertices": 2384,
    "statsLineResolution": 2302.198932921442,
    "statsVertexDensity": 0.4343673284267494
}