{
    "boundaryCount": 17,
    "boundaryYearSourceLag": 1,
    "statsArea": 127995.85933755695,
    "statsPerimeter": 8891.518909572866,
    "statsVertices": 10184,
    "statsLineResolution": 873.0870885283647,
    "statsVertexDensity": 1.1453611136153141
}