{
    "boundaryCount": 17,
    "statsArea": 23778.94310566661,
    "statsPerimeter": 8891.516503742527,
    "statsVertices": 37407,
    "statsLineResolution": 237.69659432038193,
    "statsVertexDensity": 4.207043869766763
}