{
    "boundaryCount": 9,
    "statsArea": 61.717954679928276,
    "statsPerimeter": 113.6117978388125,
    "statsVertices": 224,
    "statsLineResolution": 507.19552606612723,
    "statsVertexDensity": 1.9716262242219025
}