{
    "boundaryCount": 1,
    "statsArea": 75430.3668352701,
    "statsPerimeter": 6317.1648266916345,
    "statsVertices": 22907,
    "statsLineResolution": 275.77442819625594,
    "statsVertexDensity": 3.6261520204779325
}