{
    "boundaryCount": 1,
    "boundaryYearSourceLag": 0,
    "statsArea": 515415.5890199583,
    "statsPerimeter": 11687.54992448268,
    "statsVertices": 283631,
    "statsLineResolution": 41.20688473574003,
    "statsVertexDensity": 24.267789385511797
}