{
    "boundaryCount": 1,
    "boundaryYearSourceLag": 1,
    "statsArea": 65801.18587410028,
    "statsPerimeter": 3144.3553361759878,
    "statsVertices": 51890,
    "statsLineResolution": 60.59655687369412,
    "statsVertexDensity": 16.502587796933312
}