{
    "boundaryCount": 1,
    "statsArea": 65801.22057647297,
    "statsPerimeter": 3144.3603098235662,
    "statsVertices": 122039,
    "statsLineResolution": 25.765208743299816,
    "statsVertexDensity": 38.81202787693493
}