{"boundaryCount": 186, "boundaryYearSourceLag": 0, "statsArea": 181421.7754815664, "statsVertices": 145855, "statsLineResolution": 202.07841996656322, "statsVertexDensity": 4.9485739257337045, "statsPerimeter": 29474.14794422308}