{
    "boundaryCount": 185,
    "statsArea": 181421.77824060313,
    "statsPerimeter": 29653.6647493075,
    "statsVertices": 147211,
    "statsLineResolution": 201.43647383216947,
    "statsVertexDensity": 4.964344246976685
}