{
    "boundaryCount": 187,
    "boundaryYearSourceLag": 3,
    "statsArea": 181473.6855857241,
    "statsPerimeter": 29372.12286682975,
    "statsVertices": 144077,
    "statsLineResolution": 203.8640648183246,
    "statsVertexDensity": 4.905229378660528
}