{
    "boundaryCount": 186,
    "boundaryYearSourceLag": 0,
    "statsArea": 181421.7754815664,
    "statsPerimeter": 29653.664665121138,
    "statsVertices": 145855,
    "statsLineResolution": 203.3092089069359,
    "statsVertexDensity": 4.91861635474538
}