{
    "boundaryCount": 1,
    "statsArea": 320788.97985622066,
    "statsPerimeter": 5306.758333018666,
    "statsVertices": 49942,
    "statsLineResolution": 106.25842643503796,
    "statsVertexDensity": 9.411018340379423
}