{
    "boundaryCount": 1,
    "boundaryYearSourceLag": 1,
    "statsArea": 320788.92122455925,
    "statsPerimeter": 5306.762068672658,
    "statsVertices": 13891,
    "statsLineResolution": 382.02880056674525,
    "statsVertexDensity": 2.6176036951048864
}