{
    "boundaryCount": 32,
    "statsArea": 1965249.0850658643,
    "statsPerimeter": 61937.256543575044,
    "statsVertices": 676165,
    "statsLineResolution": 91.600802383405,
    "statsVertexDensity": 10.91693493922021
}