{
    "boundaryCount": 1,
    "statsArea": 5157.178113624818,
    "statsPerimeter": 692.6398746784097,
    "statsVertices": 8099,
    "statsLineResolution": 85.52165386818245,
    "statsVertexDensity": 11.692945058585225
}