{
    "boundaryCount": 1,
    "boundaryYearSourceLag": 1,
    "statsArea": 5157.170487325389,
    "statsPerimeter": 692.640077943306,
    "statsVertices": 1445,
    "statsLineResolution": 479.3356940784124,
    "statsVertexDensity": 2.086220601456845
}