{
    "boundaryCount": 27,
    "boundaryYearSourceLag": 9,
    "statsArea": 8479590.518160272,
    "statsPerimeter": 118822.81884943446,
    "statsVertices": 287030,
    "statsLineResolution": 413.9735179229853,
    "statsVertexDensity": 2.415613455221157
}