{
    "boundaryCount": 1,
    "statsArea": 83.2840327605958,
    "statsPerimeter": 107.19195372196657,
    "statsVertices": 2104,
    "statsLineResolution": 50.946746065573464,
    "statsVertexDensity": 19.628338946571816
}