{
    "boundaryCount": 22,
    "statsArea": 335384.5145545376,
    "statsPerimeter": 35230.1965278641,
    "statsVertices": 274919,
    "statsLineResolution": 128.14755083447886,
    "statsVertexDensity": 7.803504581149934
}