{
    "boundaryCount": 22,
    "boundaryYearSourceLag": 1,
    "statsArea": 462036.3672824677,
    "statsPerimeter": 35230.122384537455,
    "statsVertices": 54931,
    "statsLineResolution": 641.3522853131649,
    "statsVertexDensity": 1.5592054833198445
}