{
    "boundaryCount": 21,
    "statsArea": 7052.806526114171,
    "statsPerimeter": 12022.969297653895,
    "statsVertices": 113422,
    "statsLineResolution": 106.00209216601625,
    "statsVertexDensity": 9.43377606579538
}