{
    "boundaryCount": 21,
    "boundaryYearSourceLag": 1,
    "statsArea": 56685.24331568361,
    "statsPerimeter": 12022.953374980203,
    "statsVertices": 26639,
    "statsLineResolution": 451.3290054048652,
    "statsVertexDensity": 2.21567855826804
}