{
    "boundaryCount": 23,
    "statsArea": 9687.493220805674,
    "statsPerimeter": 2671.667943896198,
    "statsVertices": 16925,
    "statsLineResolution": 157.853349713217,
    "statsVertexDensity": 6.334993852311456
}