{
    "boundaryCount": 23,
    "statsArea": 9687.493220805967,
    "statsPerimeter": 2671.6679438962906,
    "statsVertices": 16925,
    "statsLineResolution": 157.85334971322249,
    "statsVertexDensity": 6.334993852311236
}