{
    "boundaryCount": 10,
    "statsArea": 30545.27502065913,
    "statsPerimeter": 4591.056143936666,
    "statsVertices": 42751,
    "statsLineResolution": 107.39061411280825,
    "statsVertexDensity": 9.311800740328685
}