{
    "boundaryCount": 10,
    "statsArea": 30545.274929722545,
    "statsPerimeter": 4591.066372991484,
    "statsVertices": 37575,
    "statsLineResolution": 122.18406847615393,
    "statsVertexDensity": 8.184373073116035
}