{"boundaryCount": 1, "boundaryYearSourceLag": null, "statsArea": 626861.8322031783, "statsVertices": 1156, "statsLineResolution": 4172.150081069857, "statsVertexDensity": 0.23968457044181202, "statsPerimeter": 4823.005493716755}