{
    "boundaryCount": 1,
    "statsArea": 626861.8322031783,
    "statsPerimeter": 4823.005493716755,
    "statsVertices": 1156,
    "statsLineResolution": 4172.150081069857,
    "statsVertexDensity": 0.23968457044181202
}