{
    "boundaryCount": 27,
    "statsArea": 8502805.230609085,
    "statsPerimeter": 100544.88848423708,
    "statsVertices": 477972,
    "statsLineResolution": 210.35727717154367,
    "statsVertexDensity": 4.753816998612854
}