{
    "boundaryCount": 342,
    "boundaryYearSourceLag": 1,
    "statsArea": 108239.52191934781,
    "statsPerimeter": 28010.807958847185,
    "statsVertices": 111574,
    "statsLineResolution": 251.05139153250025,
    "statsVertexDensity": 3.98324818634014
}