{
    "boundaryCount": 8,
    "statsArea": 49099.270542631304,
    "statsPerimeter": 3972.909671759295,
    "statsVertices": 26166,
    "statsLineResolution": 151.83481127261695,
    "statsVertexDensity": 6.586104936136919
}