{"boundaryCount": 8, "boundaryYearSourceLag": null, "statsArea": 49099.270510477734, "statsVertices": 25396, "statsLineResolution": 156.4384095978036, "statsVertexDensity": 6.392292037300538, "statsPerimeter": 3972.90985014582}