{
    "boundaryCount": 1,
    "statsArea": 11252.139217764887,
    "statsPerimeter": 859.4661972667856,
    "statsVertices": 3008,
    "statsLineResolution": 285.72679430411756,
    "statsVertexDensity": 3.4998467764826957
}