{
    "boundaryCount": 1,
    "statsArea": 11252.139217765085,
    "statsPerimeter": 859.4661972667841,
    "statsVertices": 3008,
    "statsLineResolution": 285.72679430411705,
    "statsVertexDensity": 3.4998467764827015
}