{
    "boundaryCount": 7,
    "statsArea": 353.5337318161276,
    "statsPerimeter": 356.04329616721566,
    "statsVertices": 8223,
    "statsLineResolution": 43.29846724640833,
    "statsVertexDensity": 23.095505767192062
}