{
    "boundaryCount": 7,
    "statsArea": 353.53373181575375,
    "statsPerimeter": 356.0432961671857,
    "statsVertices": 8223,
    "statsLineResolution": 43.298467246404684,
    "statsVertexDensity": 23.095505767194002
}