{
    "boundaryCount": 1,
    "statsArea": 38.00720162446826,
    "statsPerimeter": 55.49601133851991,
    "statsVertices": 818,
    "statsLineResolution": 67.84353464366737,
    "statsVertexDensity": 14.73979805522031
}