{
    "boundaryCount": 19,
    "statsArea": 301144.355123815,
    "statsPerimeter": 20672.312340212382,
    "statsVertices": 91584,
    "statsLineResolution": 225.71969274340913,
    "statsVertexDensity": 4.430273618778879
}