{
    "boundaryCount": 8,
    "boundaryYearSourceLag": 1,
    "statsArea": 7685862.354088304,
    "statsPerimeter": 90744.25220438451,
    "statsVertices": 172246,
    "statsLineResolution": 526.8293731313615,
    "statsVertexDensity": 1.8981477704179874
}