{
    "boundaryCount": 8,
    "statsArea": 7685863.308529883,
    "statsPerimeter": 90744.36814997194,
    "statsVertices": 974296,
    "statsLineResolution": 93.13839751982142,
    "statsVertexDensity": 10.736710386145338
}