{
    "boundaryCount": 1,
    "statsArea": 88112.14883094886,
    "statsPerimeter": 1812.805864747659,
    "statsVertices": 652,
    "statsLineResolution": 2780.377093171256,
    "statsVertexDensity": 0.3596634436587935
}