{
    "boundaryCount": 1,
    "statsArea": 77573.60378269832,
    "statsPerimeter": 1892.7325247524548,
    "statsVertices": 935,
    "statsLineResolution": 2024.3128606978128,
    "statsVertexDensity": 0.49399478678176467
}