{
    "boundaryCount": 1,
    "statsArea": 77183.49592827806,
    "statsPerimeter": 1843.6002851186217,
    "statsVertices": 367,
    "statsLineResolution": 5023.434019396789,
    "statsVertexDensity": 0.1990670119561119
}