{
    "boundaryCount": 1,
    "statsArea": 9377063.553076701,
    "statsPerimeter": 52458.075671115716,
    "statsVertices": 238558,
    "statsLineResolution": 219.8965269289469,
    "statsVertexDensity": 4.547593424807117
}