{
    "boundaryCount": 21,
    "statsArea": 57078.57271970195,
    "statsPerimeter": 12865.36315327354,
    "statsVertices": 206897,
    "statsLineResolution": 62.18245384550544,
    "statsVertexDensity": 16.08170694718057
}