{
    "boundaryCount": 21,
    "statsArea": 57078.57573797483,
    "statsPerimeter": 12838.809226334572,
    "statsVertices": 206321,
    "statsLineResolution": 62.22735071240723,
    "statsVertexDensity": 16.07010403868302
}