{"boundaryCount": 21, "boundaryYearSourceLag": null, "statsArea": 57078.57573797483, "statsVertices": 206321, "statsLineResolution": 62.171836790255064, "statsVertexDensity": 16.08445321269231, "statsPerimeter": 12827.355538402215}