{
    "boundaryCount": 11,
    "statsArea": 1064.0464716167885,
    "statsPerimeter": 945.897269199345,
    "statsVertices": 3067,
    "statsLineResolution": 308.41123873470656,
    "statsVertexDensity": 3.2424239924025393
}