{
    "boundaryCount": 11,
    "boundaryYearSourceLag": 1,
    "statsArea": 2853.6802036730255,
    "statsPerimeter": 945.8966962434131,
    "statsVertices": 1079,
    "statsLineResolution": 876.6419798363421,
    "statsVertexDensity": 1.140716533089925
}