{
    "boundaryCount": 1,
    "statsArea": 42.56975589157465,
    "statsPerimeter": 41.38021844344348,
    "statsVertices": 38,
    "statsLineResolution": 1088.953116932723,
    "statsVertexDensity": 0.9183131802925738
}