{
    "boundaryCount": 1,
    "statsArea": 819.8129560955239,
    "statsPerimeter": 239.35493284664255,
    "statsVertices": 89,
    "statsLineResolution": 2689.3812679398043,
    "statsVertexDensity": 0.37183273785722776
}