{
    "boundaryCount": 1,
    "statsArea": 2330054.790024744,
    "statsPerimeter": 11363.150325749699,
    "statsVertices": 76228,
    "statsLineResolution": 149.06793206892087,
    "statsVertexDensity": 6.708350925118185
}