{
    "boundaryCount": 1,
    "statsArea": 2330054.7900247443,
    "statsPerimeter": 11363.150325749742,
    "statsVertices": 76228,
    "statsLineResolution": 149.0679320689214,
    "statsVertexDensity": 6.708350925118159
}