{
    "boundaryCount": 3983,
    "statsArea": 147662.63548651998,
    "statsPerimeter": 108397.25314761563,
    "statsVertices": 182243,
    "statsLineResolution": 594.795153435883,
    "statsVertexDensity": 1.6812510899314124
}