{
    "boundaryCount": 3983,
    "statsArea": 147662.63809054004,
    "statsPerimeter": 108411.87800946602,
    "statsVertices": 189031,
    "statsLineResolution": 573.5137517627586,
    "statsVertexDensity": 1.743637352942956
}