{"boundaryCount": 28, "boundaryYearSourceLag": null, "statsArea": 118028.70997815504, "statsVertices": 82611, "statsLineResolution": 120.90517680736629, "statsVertexDensity": 8.270944440975118, "statsPerimeter": 9988.097561233337}