{
    "boundaryCount": 28,
    "statsArea": 118028.70947198189,
    "statsPerimeter": 9988.08145673459,
    "statsVertices": 84604,
    "statsLineResolution": 118.05684668259882,
    "statsVertexDensity": 8.470495596825023
}