{
    "boundaryCount": 232,
    "statsArea": 243783.08473772593,
    "statsPerimeter": 35696.832358405365,
    "statsVertices": 20249,
    "statsLineResolution": 1762.893592691262,
    "statsVertexDensity": 0.567249211265998
}