{"boundaryCount": 232, "boundaryYearSourceLag": null, "statsArea": 243783.08473772593, "statsVertices": 20251, "statsLineResolution": 1757.951702525069, "statsVertexDensity": 0.5688438417071584, "statsPerimeter": 35600.279927835174}