{
    "boundaryCount": 232,
    "statsArea": 243783.08473772593,
    "statsPerimeter": 35696.836965102775,
    "statsVertices": 20251,
    "statsLineResolution": 1762.7197158215781,
    "statsVertexDensity": 0.5673051654351722
}