{
    "boundaryCount": 1,
    "statsArea": 445.21750003626,
    "statsPerimeter": 370.03564965092255,
    "statsVertices": 213,
    "statsLineResolution": 1737.256571131092,
    "statsVertexDensity": 0.5756202144332202
}