{
    "boundaryCount": 1,
    "statsArea": 420.13499778744387,
    "statsPerimeter": 212.01831879030377,
    "statsVertices": 104,
    "statsLineResolution": 2038.637680675998,
    "statsVertexDensity": 0.49052365188717945
}