{
    "boundaryCount": 1,
    "statsArea": 245068.2795450927,
    "statsPerimeter": 3481.9458461622885,
    "statsVertices": 509,
    "statsLineResolution": 6840.758047470114,
    "statsVertexDensity": 0.14618262962389458
}