{
    "boundaryCount": 1,
    "statsArea": 245062.67761122427,
    "statsPerimeter": 3525.967895206874,
    "statsVertices": 928,
    "statsLineResolution": 3799.5343698349934,
    "statsVertexDensity": 0.2631901445448507
}