{
    "boundaryCount": 1,
    "statsArea": 244301.98009939014,
    "statsPerimeter": 4038.119104742191,
    "statsVertices": 1628,
    "statsLineResolution": 2480.4171405050315,
    "statsVertexDensity": 0.4031579945445759
}