{
    "boundaryCount": 326,
    "statsArea": 132574.80222709544,
    "statsPerimeter": 45840.206532586395,
    "statsVertices": 727054,
    "statsLineResolution": 63.04924604305374,
    "statsVertexDensity": 15.860617894100447
}