{
    "boundaryCount": 326,
    "statsArea": 132578.71416607162,
    "statsPerimeter": 45834.38589614342,
    "statsVertices": 789042,
    "statsLineResolution": 58.08865167651839,
    "statsVertexDensity": 17.21506647406377
}