{"boundaryCount": 326, "boundaryYearSourceLag": null, "statsArea": 132574.80222709544, "statsVertices": 727054, "statsLineResolution": 63.04544570808414, "statsVertexDensity": 15.86157396095263, "statsPerimeter": 45837.4434838454}