{
    "boundaryCount": 37,
    "boundaryYearSourceLag": 1,
    "statsArea": 10756.163884355512,
    "statsPerimeter": 3232.1198366543663,
    "statsVertices": 9299,
    "statsLineResolution": 347.5771412683478,
    "statsVertexDensity": 2.8770591654873745
}