{"boundaryCount": 18, "boundaryYearSourceLag": null, "statsArea": 437366.9669447552, "statsVertices": 4853, "statsLineResolution": 2730.796756541941, "statsVertexDensity": 0.36619349191930295, "statsPerimeter": 13252.55665949804}