{
    "boundaryCount": 18,
    "statsArea": 437366.96691803716,
    "statsPerimeter": 13252.55855835049,
    "statsVertices": 4853,
    "statsLineResolution": 2730.797147815885,
    "statsVertexDensity": 0.36619343945038485
}