{
    "boundaryCount": 1,
    "statsArea": 511.7081177565192,
    "statsPerimeter": 266.7484994299847,
    "statsVertices": 135,
    "statsLineResolution": 1975.9148105924794,
    "statsVertexDensity": 0.5060946932728083
}