{
    "boundaryCount": 1,
    "statsArea": 435.66745721838873,
    "statsPerimeter": 390.4441707342839,
    "statsVertices": 330,
    "statsLineResolution": 1183.164153740254,
    "statsVertexDensity": 0.8451912584054967
}