{
    "boundaryCount": 1,
    "boundaryYearSourceLag": null,
    "statsArea": 25311.332038771634,
    "statsPerimeter": 910.1480123640522,
    "statsVertices": 3115,
    "statsLineResolution": 292.18234746839556,
    "statsVertexDensity": 3.422520246909053
}