{
    "boundaryCount": 55,
    "boundaryYearSourceLag": 1,
    "statsArea": 17348.37888293127,
    "statsPerimeter": 5871.139044645734,
    "statsVertices": 150750,
    "statsLineResolution": 38.94619598438298,
    "statsVertexDensity": 25.676448616470516
}