{
    "boundaryCount": 18,
    "statsArea": 112289.74263953968,
    "statsPerimeter": 9876.93243943737,
    "statsVertices": 96515,
    "statsLineResolution": 102.33572438934229,
    "statsVertexDensity": 9.771758649945557
}