{
    "boundaryCount": 18,
    "statsArea": 112289.7410651887,
    "statsPerimeter": 9870.068354247815,
    "statsVertices": 94093,
    "statsLineResolution": 104.8969461516565,
    "statsVertexDensity": 9.53316599469191
}