{
    "boundaryCount": 18,
    "statsArea": 230405.11935016513,
    "statsPerimeter": 14198.478595801142,
    "statsVertices": 129714,
    "statsLineResolution": 109.45987785282345,
    "statsVertexDensity": 9.135767548951321
}