{
    "boundaryCount": 1,
    "statsArea": 8940.631350949683,
    "statsPerimeter": 935.3952934817069,
    "statsVertices": 412,
    "statsLineResolution": 2270.376925926473,
    "statsVertexDensity": 0.4404554981952743
}