{
    "boundaryCount": 1,
    "statsArea": 9258.511885706204,
    "statsPerimeter": 612.2648424382485,
    "statsVertices": 187,
    "statsLineResolution": 3274.1435424505266,
    "statsVertexDensity": 0.3054233838665338
}