{
    "boundaryCount": 1,
    "statsArea": 9128.399175627223,
    "statsPerimeter": 580.2173975069658,
    "statsVertices": 197,
    "statsLineResolution": 2945.2659771927197,
    "statsVertexDensity": 0.33952790944645006
}