{
    "boundaryCount": 1,
    "statsArea": 55077.442902622366,
    "statsPerimeter": 4451.849146713627,
    "statsVertices": 2333,
    "statsLineResolution": 1908.20794972723,
    "statsVertexDensity": 0.5240518991354929
}