{
    "boundaryCount": 1,
    "statsArea": 55022.59443774063,
    "statsPerimeter": 4451.877521166978,
    "statsVertices": 2341,
    "statsLineResolution": 1901.699069272524,
    "statsVertexDensity": 0.5258455536724537
}