{"boundaryCount": 30, "boundaryYearSourceLag": null, "statsArea": 941505.9869945846, "statsVertices": 5456, "statsLineResolution": 4931.162811895958, "statsVertexDensity": 0.20279192517991815, "statsPerimeter": 26904.42430170435}