{
    "boundaryCount": 30,
    "statsArea": 941505.9869945847,
    "statsPerimeter": 26904.42430170434,
    "statsVertices": 5456,
    "statsLineResolution": 4931.162811895957,
    "statsVertexDensity": 0.2027919251799182
}