{
    "boundaryCount": 1,
    "statsArea": 69570.72579279877,
    "statsPerimeter": 1711.018483021245,
    "statsVertices": 533,
    "statsLineResolution": 3210.1660094207223,
    "statsVertexDensity": 0.3115103695775693
}