{
    "boundaryCount": 1,
    "statsArea": 69570.72579279877,
    "statsPerimeter": 1711.018483021244,
    "statsVertices": 533,
    "statsLineResolution": 3210.1660094207205,
    "statsVertexDensity": 0.31151036957756945
}