{
    "boundaryCount": 1,
    "statsArea": 64902.16919307488,
    "statsPerimeter": 1889.4126406348657,
    "statsVertices": 56262,
    "statsLineResolution": 33.58239381171778,
    "statsVertexDensity": 29.777507988458932
}