{
    "boundaryCount": 1,
    "statsArea": 64902.16919307498,
    "statsPerimeter": 1889.4126406349574,
    "statsVertices": 56262,
    "statsLineResolution": 33.58239381171941,
    "statsVertexDensity": 29.777507988457486
}