{
    "boundaryCount": 3,
    "statsArea": 860.0749352165316,
    "statsPerimeter": 2784.2606786801293,
    "statsVertices": 155971,
    "statsLineResolution": 17.851143345109858,
    "statsVertexDensity": 56.01882079300764
}