{
    "boundaryCount": 1,
    "statsArea": 70251.35860354049,
    "statsPerimeter": 7258.608229538335,
    "statsVertices": 316339,
    "statsLineResolution": 22.945663448194292,
    "statsVertexDensity": 43.58121970444463
}