{
    "boundaryCount": 1,
    "boundaryYearSourceLag": 1,
    "statsArea": 70251.29121465195,
    "statsPerimeter": 7258.5925879215665,
    "statsVertices": 121658,
    "statsLineResolution": 59.66391513851589,
    "statsVertexDensity": 16.76054944899941
}