{
    "boundaryCount": 30,
    "statsArea": 8991.664468713141,
    "statsPerimeter": 3476.7027465813417,
    "statsVertices": 72800,
    "statsLineResolution": 47.75690585963381,
    "statsVertexDensity": 20.939380012163706
}