{
    "boundaryCount": 1,
    "boundaryYearSourceLag": 1,
    "statsArea": 1925153.8100260666,
    "statsPerimeter": 11162.013793787582,
    "statsVertices": 16316,
    "statsLineResolution": 684.1145987857062,
    "statsVertexDensity": 1.46174340055743
}