{
    "boundaryCount": 1,
    "statsArea": 1925153.9292000995,
    "statsPerimeter": 11162.025571095059,
    "statsVertices": 96931,
    "statsLineResolution": 115.15434248171441,
    "statsVertexDensity": 8.683997306995106
}