{
    "boundaryCount": 32,
    "statsArea": 12638.114170140421,
    "statsPerimeter": 4161.219653856711,
    "statsVertices": 1957,
    "statsLineResolution": 2126.3258323233067,
    "statsVertexDensity": 0.47029480844305077
}