{"boundaryCount": 1, "boundaryYearSourceLag": null, "statsArea": 2308857.817784084, "statsVertices": 1249, "statsLineResolution": 5889.3027436863695, "statsVertexDensity": 0.16979938772413264, "statsPerimeter": 7355.739126864275}