{
    "boundaryCount": 1,
    "statsArea": 2308857.817784084,
    "statsPerimeter": 7355.739126864274,
    "statsVertices": 1249,
    "statsLineResolution": 5889.302743686369,
    "statsVertexDensity": 0.16979938772413267
}