{
    "boundaryCount": 1,
    "statsArea": 2308857.817784084,
    "statsPerimeter": 7355.739126864275,
    "statsVertices": 1249,
    "statsLineResolution": 5889.3027436863695,
    "statsVertexDensity": 0.16979938772413264
}