{
    "boundaryCount": 20,
    "statsArea": 93010.39081578185,
    "statsPerimeter": 9277.074689035933,
    "statsVertices": 18243,
    "statsLineResolution": 508.5279114748634,
    "statsVertexDensity": 1.9664603995869951
}