{
    "boundaryCount": 1,
    "statsArea": 467824.5293091984,
    "statsPerimeter": 4555.613285797818,
    "statsVertices": 7253,
    "statsLineResolution": 628.1005495378214,
    "statsVertexDensity": 1.5921017753221764
}