{
    "boundaryCount": 87,
    "statsArea": 462893.595538896,
    "statsPerimeter": 39215.07624135544,
    "statsVertices": 79455,
    "statsLineResolution": 493.55076762136355,
    "statsVertexDensity": 2.0261340182276206
}