{
    "boundaryCount": 227,
    "statsArea": 99365.796993856,
    "statsPerimeter": 36059.01059352528,
    "statsVertices": 600325,
    "statsLineResolution": 60.06581533923339,
    "statsVertexDensity": 16.648404659993467
}