{
    "boundaryCount": 227,
    "statsArea": 99365.79699385147,
    "statsPerimeter": 36059.01059352516,
    "statsVertices": 600325,
    "statsLineResolution": 60.06581533923319,
    "statsVertexDensity": 16.64840465999352
}