{
    "boundaryCount": 1,
    "boundaryYearSourceLag": 1,
    "statsArea": 0.566205694922328,
    "statsPerimeter": 3.3883957252138583,
    "statsVertices": 41,
    "statsLineResolution": 82.64379817594777,
    "statsVertexDensity": 12.100121510279703
}