{"boundaryCount": 6, "boundaryYearSourceLag": 0, "statsArea": 9246.982142978111, "statsVertices": 8686, "statsLineResolution": 192.18264947351844, "statsVertexDensity": 5.203383358172475, "statsPerimeter": 1669.298493326981}