{
    "boundaryCount": 1,
    "statsArea": 91391.04225600342,
    "statsPerimeter": 3186.0391046362793,
    "statsVertices": 1255,
    "statsLineResolution": 2538.6765773994257,
    "statsVertexDensity": 0.39390602525051926
}