{
    "boundaryCount": 10,
    "statsArea": 410293.8201084513,
    "statsPerimeter": 12529.390214466766,
    "statsVertices": 54739,
    "statsLineResolution": 228.89329754775875,
    "statsVertexDensity": 4.368847889883492
}