{
    "boundaryCount": 1,
    "boundaryYearSourceLag": 1,
    "statsArea": 20680.696012429664,
    "statsPerimeter": 1335.0306462504448,
    "statsVertices": 2495,
    "statsLineResolution": 535.0824233468717,
    "statsVertexDensity": 1.8688709558896157
}