{
    "boundaryCount": 1,
    "statsArea": 20680.71059993345,
    "statsPerimeter": 1328.1299106444317,
    "statsVertices": 12885,
    "statsLineResolution": 103.07566244815146,
    "statsVertexDensity": 9.701611187830244
}