{
    "boundaryCount": 42,
    "statsArea": 238383.09216347264,
    "statsPerimeter": 21856.137765944484,
    "statsVertices": 33617,
    "statsLineResolution": 650.1513450321113,
    "statsVertexDensity": 1.5381034087541718
}