{"boundaryCount": 1, "boundaryYearSourceLag": null, "statsArea": 125.1562113807388, "statsVertices": 2636, "statsLineResolution": 43.598601062078046, "statsVertexDensity": 22.936515751414728, "statsPerimeter": 114.92591239963772}