{
    "boundaryCount": 1,
    "statsArea": 125.1562113807388,
    "statsPerimeter": 114.92591239963772,
    "statsVertices": 2636,
    "statsLineResolution": 43.598601062078046,
    "statsVertexDensity": 22.936515751414728
}