{
    "boundaryCount": 1,
    "statsArea": 51534.60810847367,
    "statsPerimeter": 1204.1407354224652,
    "statsVertices": 215,
    "statsLineResolution": 5600.654583360303,
    "statsVertexDensity": 0.17855055781712142
}