{
    "boundaryCount": 1,
    "statsArea": 51826.537864245554,
    "statsPerimeter": 1314.4687750699513,
    "statsVertices": 616,
    "statsLineResolution": 2133.877881607064,
    "statsVertexDensity": 0.4686303788138434
}