{
    "boundaryCount": 1,
    "statsArea": 51543.43336524265,
    "statsPerimeter": 1219.3908862409546,
    "statsVertices": 399,
    "statsLineResolution": 3056.1175093758256,
    "statsVertexDensity": 0.3272125489062878
}