{
    "boundaryCount": 1,
    "statsArea": 30.076759845331203,
    "statsPerimeter": 45.26480826256103,
    "statsVertices": 93,
    "statsLineResolution": 486.71836841463477,
    "statsVertexDensity": 2.05457624962307
}