{
    "boundaryCount": 15,
    "boundaryYearSourceLag": 2,
    "statsArea": 5159.132594945689,
    "statsPerimeter": 1704.3731933184943,
    "statsVertices": 21114,
    "statsLineResolution": 80.72242082592092,
    "statsVertexDensity": 12.388131943620902
}