{
    "boundaryCount": 17,
    "boundaryYearSourceLag": 1,
    "statsArea": 100448.95329668264,
    "statsPerimeter": 16966.61139699865,
    "statsVertices": 36472,
    "statsLineResolution": 465.19553073587,
    "statsVertexDensity": 2.1496337215840167
}