{
    "boundaryCount": 17,
    "statsArea": 79611.04266392332,
    "statsPerimeter": 16966.673712102245,
    "statsVertices": 263821,
    "statsLineResolution": 64.31130847090355,
    "statsVertexDensity": 15.549364859407756
}