{
    "boundaryCount": 106,
    "statsArea": 822182.2120529447,
    "statsPerimeter": 37853.428036715886,
    "statsVertices": 102600,
    "statsLineResolution": 368.94179373017437,
    "statsVertexDensity": 2.7104546489285792
}