{
    "boundaryCount": 1,
    "statsArea": 30559.144405471034,
    "statsPerimeter": 1095.0646212032575,
    "statsVertices": 14079,
    "statsLineResolution": 77.78000008546469,
    "statsVertexDensity": 12.856775506572378
}