{
    "boundaryCount": 1,
    "statsArea": 244.5361009535476,
    "statsPerimeter": 2215.8435214449987,
    "statsVertices": 46850,
    "statsLineResolution": 47.29655328591246,
    "statsVertexDensity": 21.143189736361943
}