{
    "boundaryCount": 1,
    "statsArea": 244.53610095588672,
    "statsPerimeter": 2215.8435214449632,
    "statsVertices": 46850,
    "statsLineResolution": 47.296553285911706,
    "statsVertexDensity": 21.14318973636228
}