{
    "boundaryCount": 12,
    "statsArea": 89274.98831651374,
    "statsPerimeter": 4458.062390700474,
    "statsVertices": 8443,
    "statsLineResolution": 528.0187600024249,
    "statsVertexDensity": 1.8938721040809374
}