{
    "boundaryCount": 12,
    "statsArea": 89274.98831651402,
    "statsPerimeter": 4458.062390700464,
    "statsVertices": 8443,
    "statsLineResolution": 528.0187600024238,
    "statsVertexDensity": 1.8938721040809416
}