{
    "boundaryCount": 1,
    "statsArea": 7690961.545920028,
    "statsPerimeter": 46160.15967177105,
    "statsVertices": 63041,
    "statsLineResolution": 732.2244201673681,
    "statsVertexDensity": 1.3657015150784308
}