{
    "boundaryCount": 14,
    "statsArea": 28.7669231556552,
    "statsPerimeter": 85.8517316235941,
    "statsVertices": 92,
    "statsLineResolution": 933.1709959086317,
    "statsVertexDensity": 1.0716149605853285
}