{"boundaryCount": 14, "boundaryYearSourceLag": null, "statsArea": 28.7669231556552, "statsVertices": 92, "statsLineResolution": 933.1709959086317, "statsVertexDensity": 1.0716149605853285, "statsPerimeter": 85.8517316235941}