{
    "boundaryCount": 1,
    "statsArea": 122091.73364418425,
    "statsPerimeter": 3151.2836777904517,
    "statsVertices": 27431,
    "statsLineResolution": 114.88037905254828,
    "statsVertexDensity": 8.704706654411217
}