{
    "boundaryCount": 14,
    "statsArea": 385004.4506173959,
    "statsPerimeter": 103863.2535298579,
    "statsVertices": 6283694,
    "statsLineResolution": 16.52901199992519,
    "statsVertexDensity": 60.49968382892614
}