{
    "boundaryCount": 14,
    "statsArea": 385004.45061739767,
    "statsPerimeter": 103863.25352985844,
    "statsVertices": 6283694,
    "statsLineResolution": 16.529011999925274,
    "statsVertexDensity": 60.499683828925825
}