{
    "boundaryCount": 58,
    "boundaryYearSourceLag": 0,
    "statsArea": 465297.38331494934,
    "statsPerimeter": 28144.984987565742,
    "statsVertices": 97689,
    "statsLineResolution": 288.10802636495146,
    "statsVertexDensity": 3.470920309360915
}