{
    "boundaryCount": 58,
    "statsArea": 465297.38331494934,
    "statsPerimeter": 28144.984987565753,
    "statsVertices": 97689,
    "statsLineResolution": 288.10802636495157,
    "statsVertexDensity": 3.470920309360914
}