{
    "boundaryCount": 30,
    "statsArea": 1439.6144516378517,
    "statsPerimeter": 1403.660676746407,
    "statsVertices": 8903,
    "statsLineResolution": 157.6615384416946,
    "statsVertexDensity": 6.342701015630478
}