{
    "boundaryCount": 1,
    "statsArea": 45265.3848406262,
    "statsPerimeter": 3070.7970943035166,
    "statsVertices": 14844,
    "statsLineResolution": 206.87126746857427,
    "statsVertexDensity": 4.833924073829681
}