{
    "boundaryCount": 581,
    "statsArea": 30707.465638038488,
    "statsPerimeter": 18403.71381117428,
    "statsVertices": 70968,
    "statsLineResolution": 259.3241152515821,
    "statsVertexDensity": 3.856178200125563
}