{
    "boundaryCount": 11,
    "statsArea": 319.2114901383503,
    "statsPerimeter": 364.2900189021741,
    "statsVertices": 15114,
    "statsLineResolution": 24.102819829441184,
    "statsVertexDensity": 41.4889215069565
}