{
    "boundaryCount": 11,
    "statsArea": 319.2114901385752,
    "statsPerimeter": 364.2900189020496,
    "statsVertices": 15114,
    "statsLineResolution": 24.102819829432953,
    "statsVertexDensity": 41.48892150697068
}