{
    "boundaryCount": 30,
    "statsArea": 577870.8230126402,
    "statsPerimeter": 18074.31629537137,
    "statsVertices": 49143,
    "statsLineResolution": 367.79025080624643,
    "statsVertexDensity": 2.718941020888573
}