{
    "boundaryCount": 30,
    "statsArea": 577870.8229672209,
    "statsPerimeter": 18074.31629643352,
    "statsVertices": 49147,
    "statsLineResolution": 367.76031693559156,
    "statsVertexDensity": 2.7191623292383036
}