{
    "boundaryCount": 21,
    "statsArea": 22693.526014619507,
    "statsPerimeter": 3117.2953954628865,
    "statsVertices": 5618,
    "statsLineResolution": 554.8763608869502,
    "statsVertexDensity": 1.8022032843524554
}