{
    "boundaryCount": 32,
    "boundaryYearSourceLag": 2,
    "statsArea": 13341.06115700188,
    "statsPerimeter": 7079.2274276520275,
    "statsVertices": 8256,
    "statsLineResolution": 857.4645624578521,
    "statsVertexDensity": 1.1662289542713948
}