{"boundaryCount": 1, "boundaryYearSourceLag": null, "statsArea": 11597.223908055772, "statsVertices": 1340, "statsLineResolution": 1782.6137945277696, "statsVertexDensity": 0.5609740051769929, "statsPerimeter": 2388.702484667211}