{
    "boundaryCount": 11,
    "statsArea": 1252466.5747710464,
    "statsPerimeter": 19683.236527979778,
    "statsVertices": 42204,
    "statsLineResolution": 466.38319893801,
    "statsVertexDensity": 2.1441595715220356
}