{
    "boundaryCount": 11,
    "statsArea": 1252466.5747710464,
    "statsPerimeter": 19683.236527979832,
    "statsVertices": 42204,
    "statsLineResolution": 466.3831989380114,
    "statsVertexDensity": 2.14415957152203
}