{
    "boundaryCount": 34,
    "statsArea": 641727.1691748456,
    "statsPerimeter": 27783.43088730526,
    "statsVertices": 72699,
    "statsLineResolution": 382.1707435770129,
    "statsVertexDensity": 2.6166314842425544
}