{
    "boundaryCount": 34,
    "statsArea": 641727.1691748472,
    "statsPerimeter": 27783.43088730507,
    "statsVertices": 72699,
    "statsLineResolution": 382.1707435770103,
    "statsVertexDensity": 2.6166314842425726
}