{
    "boundaryCount": 1,
    "statsArea": 308160.7361733498,
    "statsPerimeter": 4503.964265488047,
    "statsVertices": 31246,
    "statsLineResolution": 144.14530709492567,
    "statsVertexDensity": 6.937444028902436
}