{
    "boundaryCount": 10,
    "statsArea": 26891.57923945323,
    "statsPerimeter": 3390.2775527690396,
    "statsVertices": 1142,
    "statsLineResolution": 2968.719398221576,
    "statsVertexDensity": 0.33684557745641247
}