{
    "boundaryCount": 10,
    "statsArea": 26891.579239453265,
    "statsPerimeter": 3390.277552769043,
    "statsVertices": 1142,
    "statsLineResolution": 2968.719398221579,
    "statsVertexDensity": 0.33684557745641214
}