{
    "boundaryCount": 1,
    "boundaryYearSourceLag": 1,
    "statsArea": 229837.12373772715,
    "statsPerimeter": 5002.7291561795855,
    "statsVertices": 4917,
    "statsLineResolution": 1017.4352564937127,
    "statsVertexDensity": 0.9828635223888367
}