{
    "boundaryCount": 11,
    "statsArea": 788448.5346632896,
    "statsPerimeter": 15963.540400457445,
    "statsVertices": 5859,
    "statsLineResolution": 2724.6186039353893,
    "statsVertexDensity": 0.3670238464039034
}