{"boundaryCount": 11, "boundaryYearSourceLag": null, "statsArea": 788448.5346632896, "statsVertices": 5859, "statsLineResolution": 2712.0412077114775, "statsVertexDensity": 0.3687259607842897, "statsPerimeter": 15889.849435981547}