{
    "boundaryCount": 11,
    "statsArea": 788448.5346632896,
    "statsPerimeter": 15963.54040045744,
    "statsVertices": 5859,
    "statsLineResolution": 2724.6186039353884,
    "statsVertexDensity": 0.36702384640390356
}