{
    "boundaryCount": 2,
    "statsArea": 8990.06110625385,
    "statsPerimeter": 1259.4164824850309,
    "statsVertices": 25265,
    "statsLineResolution": 49.8482676621821,
    "statsVertexDensity": 20.060877677373334
}