{
    "boundaryCount": 2,
    "statsArea": 8990.061106253219,
    "statsPerimeter": 1259.416482485047,
    "statsVertices": 25265,
    "statsLineResolution": 49.84826766218275,
    "statsVertexDensity": 20.060877677373078
}