{
    "boundaryCount": 21,
    "statsArea": 13727.497135393547,
    "statsPerimeter": 2481.4909969849577,
    "statsVertices": 1035,
    "statsLineResolution": 2397.575842497544,
    "statsVertexDensity": 0.41708795287089007
}