{
    "boundaryCount": 16,
    "statsArea": 193612.71553618906,
    "statsPerimeter": 14994.482982522237,
    "statsVertices": 29939,
    "statsLineResolution": 500.83446282515234,
    "statsVertexDensity": 1.996667710043573
}