{
    "boundaryCount": 16,
    "boundaryYearSourceLag": 1,
    "statsArea": 311761.12530785357,
    "statsPerimeter": 14994.483926542116,
    "statsVertices": 15813,
    "statsLineResolution": 948.237774397149,
    "statsVertexDensity": 1.0545878122560128
}