{
    "boundaryCount": 1,
    "boundaryYearSourceLag": 1,
    "statsArea": 329819.88325685816,
    "statsPerimeter": 11894.165077532349,
    "statsVertices": 144040,
    "statsLineResolution": 82.57543097425958,
    "statsVertexDensity": 12.110139640829972
}