{
    "boundaryCount": 1,
    "statsArea": 311905.7993030017,
    "statsPerimeter": 4398.433067189306,
    "statsVertices": 95121,
    "statsLineResolution": 46.24039977701355,
    "statsVertexDensity": 21.626110605062447
}