{
    "boundaryCount": 1,
    "statsArea": 311905.79930300236,
    "statsPerimeter": 4398.433067189375,
    "statsVertices": 95121,
    "statsLineResolution": 46.240399777014275,
    "statsVertexDensity": 21.62611060506211
}