{
    "boundaryCount": 1,
    "boundaryYearSourceLag": 1,
    "statsArea": 25436.58505611191,
    "statsPerimeter": 826.2471570686862,
    "statsVertices": 2171,
    "statsLineResolution": 380.5836743752585,
    "statsVertexDensity": 2.627543080090167
}