{
    "boundaryCount": 41,
    "statsArea": 26942.343385356504,
    "statsPerimeter": 6142.65388580496,
    "statsVertices": 40937,
    "statsLineResolution": 150.05139325805408,
    "statsVertexDensity": 6.664383304193842
}