{
    "boundaryCount": 1,
    "statsArea": 709.3326133148032,
    "statsPerimeter": 1029.8789028492117,
    "statsVertices": 55464,
    "statsLineResolution": 18.56842100910882,
    "statsVertexDensity": 53.85487540967783
}