{
    "boundaryCount": 1,
    "statsArea": 709.3326133149641,
    "statsPerimeter": 1029.8789028491797,
    "statsVertices": 55464,
    "statsLineResolution": 18.568421009108246,
    "statsVertexDensity": 53.85487540967951
}