{
    "boundaryCount": 3730,
    "statsArea": 49723.25445475179,
    "statsPerimeter": 70149.97069768945,
    "statsVertices": 1347903,
    "statsLineResolution": 52.043782599852854,
    "statsVertexDensity": 19.214591062464923
}