{
    "boundaryCount": 3730,
    "statsArea": 49723.254454753514,
    "statsPerimeter": 70149.9706976885,
    "statsVertices": 1347903,
    "statsLineResolution": 52.04378259985214,
    "statsVertexDensity": 19.214591062465182
}