{
    "boundaryCount": 1,
    "boundaryYearSourceLag": 1,
    "statsArea": 21672.581062935013,
    "statsPerimeter": 981.026816204621,
    "statsVertices": 1277,
    "statsLineResolution": 768.2277339112146,
    "statsVertexDensity": 1.3016973429334324
}