{
    "boundaryCount": 1,
    "statsArea": 21672.591834217597,
    "statsPerimeter": 981.027604277402,
    "statsVertices": 6445,
    "statsLineResolution": 152.21529934482575,
    "statsVertexDensity": 6.569641844835966
}