{
    "boundaryCount": 1,
    "statsArea": 128096.818528344,
    "statsPerimeter": 1968.4037280632185,
    "statsVertices": 263,
    "statsLineResolution": 7484.42482153315,
    "statsVertexDensity": 0.1336108016106914
}