{
    "boundaryCount": 1,
    "statsArea": 128178.9868438289,
    "statsPerimeter": 2072.9533846616478,
    "statsVertices": 589,
    "statsLineResolution": 3519.4454748075514,
    "statsVertexDensity": 0.28413567056460265
}