{
    "boundaryCount": 1,
    "statsArea": 128691.43283223605,
    "statsPerimeter": 2423.885983674186,
    "statsVertices": 927,
    "statsLineResolution": 2614.7637364338575,
    "statsVertexDensity": 0.3824437313651324
}