{
    "boundaryCount": 337,
    "statsArea": 1564875.621831192,
    "statsPerimeter": 106378.03847933184,
    "statsVertices": 849955,
    "statsLineResolution": 125.15725947765686,
    "statsVertexDensity": 7.989948039558349
}