{
    "boundaryCount": 277,
    "statsArea": 1564875.9027760215,
    "statsPerimeter": 106088.64843196991,
    "statsVertices": 1023266,
    "statsLineResolution": 103.67651073325011,
    "statsVertexDensity": 9.645386336090205
}