{
    "boundaryCount": 337,
    "boundaryYearSourceLag": 0,
    "statsArea": 1564875.621831192,
    "statsPerimeter": 106210.28034462224,
    "statsVertices": 849955,
    "statsLineResolution": 124.95988651707707,
    "statsVertexDensity": 8.002568087026388
}