{
    "boundaryCount": 1,
    "statsArea": 68.27952917808815,
    "statsPerimeter": 41.67900462670826,
    "statsVertices": 22,
    "statsLineResolution": 1894.5002103049212,
    "statsVertexDensity": 0.5278436996526115
}