{
    "boundaryCount": 1,
    "statsArea": 1852763.7162440368,
    "statsPerimeter": 8493.150718649438,
    "statsVertices": 103737,
    "statsLineResolution": 81.87195232799712,
    "statsVertexDensity": 12.214195112799791
}