{
    "boundaryCount": 1,
    "statsArea": 1852763.716244036,
    "statsPerimeter": 8493.150718649404,
    "statsVertices": 103737,
    "statsLineResolution": 81.8719523279968,
    "statsVertexDensity": 12.21419511279984
}