{
    "boundaryCount": 10,
    "statsArea": 21672.192480163096,
    "statsPerimeter": 2105.5466559591973,
    "statsVertices": 512,
    "statsLineResolution": 4112.395812420307,
    "statsVertexDensity": 0.2431672547131256
}