{
    "boundaryCount": 1,
    "boundaryYearSourceLag": 1,
    "statsArea": 1129076.7202537102,
    "statsPerimeter": 5786.595993093392,
    "statsVertices": 4318,
    "statsLineResolution": 1340.11023462098,
    "statsVertexDensity": 0.7462072702420838
}