{
    "boundaryCount": 1,
    "boundaryYearSourceLag": 1,
    "statsArea": 85975.72185398646,
    "statsPerimeter": 3786.355082625141,
    "statsVertices": 9666,
    "statsLineResolution": 391.7189201970972,
    "statsVertexDensity": 2.5528509051767023
}