{
    "boundaryCount": 1,
    "statsArea": 85975.75909375875,
    "statsPerimeter": 3786.3556932566003,
    "statsVertices": 39263,
    "statsLineResolution": 96.43572048128264,
    "statsVertexDensity": 10.369601585483997
}