{
    "boundaryCount": 20,
    "boundaryYearSourceLag": 1,
    "statsArea": 300778.23512334534,
    "statsPerimeter": 20369.26768255551,
    "statsVertices": 180781,
    "statsLineResolution": 112.67371948686815,
    "statsVertexDensity": 8.875184067359626
}