{
    "boundaryCount": 20,
    "statsArea": 101238.22517131497,
    "statsPerimeter": 20369.27673983076,
    "statsVertices": 424120,
    "statsLineResolution": 48.02715443702433,
    "statsVertexDensity": 20.821554217026357
}