{
    "boundaryCount": 1297,
    "statsArea": 206268.15003213432,
    "statsPerimeter": 88806.29481428406,
    "statsVertices": 348379,
    "statsLineResolution": 254.91288170149193,
    "statsVertexDensity": 3.9229088515464663
}