{
    "boundaryCount": 1297,
    "statsArea": 206268.15003213458,
    "statsPerimeter": 88806.29481428437,
    "statsVertices": 348379,
    "statsLineResolution": 254.91288170149284,
    "statsVertexDensity": 3.922908851546453
}