{
    "boundaryCount": 1,
    "boundaryYearSourceLag": 1,
    "statsArea": 447215.30500476947,
    "statsPerimeter": 6789.765906946123,
    "statsVertices": 4607,
    "statsLineResolution": 1473.7933377352124,
    "statsVertexDensity": 0.6785211836665691
}