{
    "boundaryCount": 9,
    "statsArea": 191990.90595848835,
    "statsPerimeter": 9937.88213332935,
    "statsVertices": 31723,
    "statsLineResolution": 313.2705649947782,
    "statsVertexDensity": 3.1921288232639045
}