{
    "boundaryCount": 17,
    "statsArea": 329917.0035995104,
    "statsPerimeter": 16557.455383405962,
    "statsVertices": 60620,
    "statsLineResolution": 273.13519273187006,
    "statsVertexDensity": 3.6611905994174645
}