{
    "boundaryCount": 4,
    "statsArea": 579.3059125253658,
    "statsPerimeter": 315.54684930063837,
    "statsVertices": 183,
    "statsLineResolution": 1724.299722954308,
    "statsVertexDensity": 0.5799455783050653
}