{
    "boundaryCount": 25,
    "boundaryYearSourceLag": 19,
    "statsArea": 41293.871901540544,
    "statsPerimeter": 6902.164213888451,
    "statsVertices": 38331,
    "statsLineResolution": 180.0674183790783,
    "statsVertexDensity": 5.553475520456443
}