{
    "boundaryCount": 710,
    "statsArea": 329276.3064092496,
    "statsPerimeter": 87866.33185896726,
    "statsVertices": 208465,
    "statsLineResolution": 421.49200997274005,
    "statsVertexDensity": 2.3725242147880214
}