{"boundaryCount": 710, "boundaryYearSourceLag": null, "statsArea": 329276.3064092496, "statsVertices": 208465, "statsLineResolution": 421.4648014977539, "statsVertexDensity": 2.372677377674988, "statsPerimeter": 87860.65984422926}