{
    "boundaryCount": 710,
    "statsArea": 329276.2985576836,
    "statsPerimeter": 87956.78603377922,
    "statsVertices": 213131,
    "statsLineResolution": 412.6888441089246,
    "statsVertexDensity": 2.423133104455959
}