{
    "boundaryCount": 1,
    "statsArea": 71.94013475151225,
    "statsPerimeter": 179.0963172127548,
    "statsVertices": 777,
    "statsLineResolution": 230.49719075000618,
    "statsVertexDensity": 4.338447669345285
}