{
    "boundaryCount": 1,
    "statsArea": 262.13367493799285,
    "statsPerimeter": 134.17383536034183,
    "statsVertices": 3602,
    "statsLineResolution": 37.249815480383624,
    "statsVertexDensity": 26.845770565672108
}