{
    "boundaryCount": 1,
    "statsArea": 262.1336749384566,
    "statsPerimeter": 134.17383536031818,
    "statsVertices": 3602,
    "statsLineResolution": 37.249815480377066,
    "statsVertexDensity": 26.84577056567684
}