{
    "boundaryCount": 1,
    "statsArea": 28.766922360429824,
    "statsPerimeter": 19.8276391207184,
    "statsVertices": 9,
    "statsLineResolution": 2203.0710134131555,
    "statsVertexDensity": 0.45391183212506997
}