{
    "boundaryCount": 1,
    "statsArea": 28.91647388637279,
    "statsPerimeter": 19.746277397283073,
    "statsVertices": 19,
    "statsLineResolution": 1039.2777577517406,
    "statsVertexDensity": 0.9622066791492682
}