{
    "boundaryCount": 1,
    "statsArea": 639221.9611553998,
    "statsPerimeter": 5558.885030790013,
    "statsVertices": 920,
    "statsLineResolution": 6042.266337815232,
    "statsVertexDensity": 0.1655008144446643
}