{
    "boundaryCount": 1,
    "statsArea": 636287.1859361586,
    "statsPerimeter": 5418.980680160602,
    "statsVertices": 760,
    "statsLineResolution": 7130.237737053423,
    "statsVertexDensity": 0.1402477781075012
}