{
    "boundaryCount": 1,
    "statsArea": 636244.5680319438,
    "statsPerimeter": 5408.180323665136,
    "statsVertices": 626,
    "statsLineResolution": 8639.265692755807,
    "statsVertexDensity": 0.1157505782972411
}