{
    "boundaryCount": 10,
    "boundaryYearSourceLag": 9,
    "statsArea": 239092.76620804865,
    "statsPerimeter": 11234.538100471187,
    "statsVertices": 136917,
    "statsLineResolution": 82.0536390694449,
    "statsVertexDensity": 12.187149909995638
}