{
    "boundaryCount": 1,
    "statsArea": 320.9648787608581,
    "statsPerimeter": 158.93913621934465,
    "statsVertices": 443,
    "statsLineResolution": 358.77908853125206,
    "statsVertexDensity": 2.7872304489476774
}