{
    "boundaryCount": 1,
    "statsArea": 402.62984896749975,
    "statsPerimeter": 96.99882937449804,
    "statsVertices": 48,
    "statsLineResolution": 2020.8089453020427,
    "statsVertexDensity": 0.494851332841133
}