{
    "boundaryCount": 1,
    "statsArea": 394.8631324587646,
    "statsPerimeter": 110.6942272387125,
    "statsVertices": 54,
    "statsLineResolution": 2049.8930970131946,
    "statsVertexDensity": 0.48783031732584214
}