{
    "boundaryCount": 25,
    "statsArea": 289.0539039108334,
    "statsPerimeter": 2473.5244315590376,
    "statsVertices": 124689,
    "statsLineResolution": 19.83755128005708,
    "statsVertexDensity": 50.40944751106007
}