{
    "boundaryCount": 25,
    "boundaryYearSourceLag": 1,
    "statsArea": 309.57726855201685,
    "statsPerimeter": 2473.4769170941204,
    "statsVertices": 35988,
    "statsLineResolution": 68.7306023422841,
    "statsVertexDensity": 14.549559670958752
}