{
    "boundaryCount": 12,
    "boundaryYearSourceLag": 0,
    "statsArea": 2017.816264467967,
    "statsPerimeter": 1195.3498001802127,
    "statsVertices": 71682,
    "statsLineResolution": 16.675731706428568,
    "statsVertexDensity": 59.967383596996555
}