{
    "boundaryCount": 1,
    "boundaryYearSourceLag": 2,
    "statsArea": 1081701.7080708898,
    "statsPerimeter": 7620.262864204393,
    "statsVertices": 59160,
    "statsLineResolution": 128.8076887120418,
    "statsVertexDensity": 7.763511712686397
}