{"boundaryCount": 690, "boundaryYearSourceLag": null, "statsArea": 1129520.7788300307, "statsVertices": 83329, "statsLineResolution": 1505.7897352068926, "statsVertexDensity": 0.6641033449883372, "statsPerimeter": 125475.95284505516}