{
    "boundaryCount": 690,
    "statsArea": 1129022.523767407,
    "statsPerimeter": 125483.60667826582,
    "statsVertices": 85996,
    "statsLineResolution": 1459.1795743786433,
    "statsVertexDensity": 0.6853166104835493
}