{
    "boundaryCount": 690,
    "statsArea": 1129520.7788300307,
    "statsPerimeter": 125491.45567685187,
    "statsVertices": 83329,
    "statsLineResolution": 1505.9757788627232,
    "statsVertexDensity": 0.6640213036860234
}