{
    "boundaryCount": 7,
    "statsArea": 207600.94226527333,
    "statsPerimeter": 10201.53718683464,
    "statsVertices": 46096,
    "statsLineResolution": 221.3106817692346,
    "statsVertexDensity": 4.518534722344407
}