{"boundaryCount": 5, "boundaryYearSourceLag": null, "statsArea": 25277.68543910345, "statsVertices": 50786, "statsLineResolution": 43.83569840783104, "statsVertexDensity": 22.812457342332543, "statsPerimeter": 2226.239779340107}