{
    "boundaryCount": 5,
    "statsArea": 25279.224089913936,
    "statsPerimeter": 2225.3241651653393,
    "statsVertices": 53629,
    "statsLineResolution": 41.49479134731841,
    "statsVertexDensity": 24.09941025199599
}