{
    "boundaryCount": 5,
    "statsArea": 25277.68543910345,
    "statsPerimeter": 2236.7786481158796,
    "statsVertices": 50786,
    "statsLineResolution": 44.04321364383648,
    "statsVertexDensity": 22.704973530920864
}