{
    "boundaryCount": 1,
    "statsArea": 12218.1468866597,
    "statsPerimeter": 3223.8528236103134,
    "statsVertices": 58580,
    "statsLineResolution": 55.03333601246694,
    "statsVertexDensity": 18.170804687788973
}