{
    "boundaryCount": 1,
    "statsArea": 3082420.9227234456,
    "statsPerimeter": 21160.974689417577,
    "statsVertices": 7547,
    "statsLineResolution": 2803.8922339230926,
    "statsVertexDensity": 0.35664708789497257
}