{
    "boundaryCount": 1,
    "statsArea": 3153190.0097469254,
    "statsPerimeter": 19461.930511087055,
    "statsVertices": 5626,
    "statsLineResolution": 3459.283773744589,
    "statsVertexDensity": 0.2890771805394632
}