{
    "boundaryCount": 1,
    "statsArea": 3152040.777330223,
    "statsPerimeter": 18641.33160471724,
    "statsVertices": 2764,
    "statsLineResolution": 6744.331260751534,
    "statsVertexDensity": 0.14827266949645174
}