{
    "boundaryCount": 1,
    "statsArea": 71611.71499837378,
    "statsPerimeter": 1848.9175171142672,
    "statsVertices": 695,
    "statsLineResolution": 2660.3129742651327,
    "statsVertexDensity": 0.37589562193381904
}