{
    "boundaryCount": 1,
    "statsArea": 72497.64359808259,
    "statsPerimeter": 1537.7318250375854,
    "statsVertices": 367,
    "statsLineResolution": 4190.004972854456,
    "statsVertexDensity": 0.23866320123213275
}