{
    "boundaryCount": 1,
    "statsArea": 72479.3506365629,
    "statsPerimeter": 1523.3905551182586,
    "statsVertices": 259,
    "statsLineResolution": 5881.816815128412,
    "statsVertexDensity": 0.1700154954550668
}