{
    "boundaryCount": 18,
    "statsArea": 416821.525944033,
    "statsPerimeter": 13556.859615213496,
    "statsVertices": 31381,
    "statsLineResolution": 432.00852793771696,
    "statsVertexDensity": 2.3147691198914733
}