{
    "boundaryCount": 18,
    "statsArea": 416821.52594403364,
    "statsPerimeter": 13556.859615213505,
    "statsVertices": 31381,
    "statsLineResolution": 432.0085279377173,
    "statsVertexDensity": 2.3147691198914715
}