{"boundaryCount": 6, "boundaryYearSourceLag": null, "statsArea": 489593.0382203109, "statsVertices": 4847, "statsLineResolution": 1986.0091576985092, "statsVertexDensity": 0.5035223509033826, "statsPerimeter": 9626.186387364674}