{
    "boundaryCount": 6,
    "statsArea": 489593.0382203109,
    "statsPerimeter": 9673.396891763157,
    "statsVertices": 4847,
    "statsLineResolution": 1995.7493071514666,
    "statsVertexDensity": 0.5010649365712673
}