{
    "boundaryCount": 6,
    "statsArea": 489598.0275265793,
    "statsPerimeter": 9909.668727821343,
    "statsVertices": 7419,
    "statsLineResolution": 1335.7148844616986,
    "statsVertexDensity": 0.7486627660086352
}