{
    "boundaryCount": 54,
    "statsArea": 757580.3113135283,
    "statsPerimeter": 128641.90073199343,
    "statsVertices": 2077626,
    "statsLineResolution": 61.91773723085552,
    "statsVertexDensity": 16.15046099426368
}