{
    "boundaryCount": 55,
    "statsArea": 752648.9884123857,
    "statsPerimeter": 118701.83199831515,
    "statsVertices": 3550481,
    "statsLineResolution": 33.43260589151586,
    "statsVertexDensity": 29.91091999363915
}