{
    "boundaryCount": 224,
    "statsArea": 255723.63981375293,
    "statsPerimeter": 49067.31225287163,
    "statsVertices": 1130203,
    "statsLineResolution": 43.41460096360709,
    "statsVertexDensity": 23.033725470338062
}