{
    "boundaryCount": 26,
    "boundaryYearSourceLag": 12,
    "statsArea": 1291973.6919584586,
    "statsPerimeter": 39552.452611882225,
    "statsVertices": 223672,
    "statsLineResolution": 176.8323822914009,
    "statsVertexDensity": 5.655072826831607
}