{
    "boundaryCount": 74,
    "statsArea": 69745.30045884343,
    "statsPerimeter": 11865.470194467975,
    "statsVertices": 15897,
    "statsLineResolution": 746.3968166615069,
    "statsVertexDensity": 1.339769915516002
}