{
    "boundaryCount": 195,
    "statsArea": 1292816.4951711895,
    "statsPerimeter": 89787.95427924709,
    "statsVertices": 419440,
    "statsLineResolution": 214.06626520896216,
    "statsVertexDensity": 4.6714506791803165
}