{
    "boundaryCount": 195,
    "statsArea": 1292629.820311327,
    "statsPerimeter": 89858.9435670308,
    "statsVertices": 435216,
    "statsLineResolution": 206.46976114626025,
    "statsVertexDensity": 4.843324244907777
}