{
    "boundaryCount": 1,
    "statsArea": 1923014.6738898985,
    "statsPerimeter": 12678.832097295153,
    "statsVertices": 134515,
    "statsLineResolution": 94.25589783514964,
    "statsVertexDensity": 10.609415675494025
}