{"boundaryCount": 1, "boundaryYearSourceLag": null, "statsArea": 1916192.4072712734, "statsVertices": 187697, "statsLineResolution": 72.29461145560842, "statsVertexDensity": 13.832289569936167, "statsPerimeter": 13569.481686383333}