{
    "boundaryCount": 1,
    "statsArea": 1916192.4072712734,
    "statsPerimeter": 13569.481686383333,
    "statsVertices": 187697,
    "statsLineResolution": 72.29461145560842,
    "statsVertexDensity": 13.832289569936167
}