{
    "boundaryCount": 17,
    "boundaryYearSourceLag": 3,
    "statsArea": 120534.91236679126,
    "statsPerimeter": 9193.314180659001,
    "statsVertices": 67301,
    "statsLineResolution": 136.5999640519309,
    "statsVertexDensity": 7.320646143214447
}