{"boundaryCount": 2, "boundaryYearSourceLag": null, "statsArea": 242.74984976127493, "statsVertices": 82, "statsLineResolution": 1633.841820932242, "statsVertexDensity": 0.6120543538476799, "statsPerimeter": 133.97502931644382}