{
    "boundaryCount": 2,
    "statsArea": 242.74984976127493,
    "statsPerimeter": 133.97502931644382,
    "statsVertices": 82,
    "statsLineResolution": 1633.841820932242,
    "statsVertexDensity": 0.6120543538476799
}