{
    "boundaryCount": 69,
    "statsArea": 69844.61340118697,
    "statsPerimeter": 10965.672677495471,
    "statsVertices": 38351,
    "statsLineResolution": 285.92925028018755,
    "statsVertexDensity": 3.4973686638218404
}