{
    "boundaryCount": 1,
    "statsArea": 195196.5907429392,
    "statsPerimeter": 6704.810840787477,
    "statsVertices": 48120,
    "statsLineResolution": 139.33522113024682,
    "statsVertexDensity": 7.17693625408056
}