{
    "boundaryCount": 1,
    "boundaryYearSourceLag": 1,
    "statsArea": 195196.51735879897,
    "statsPerimeter": 6704.813871196533,
    "statsVertices": 10726,
    "statsLineResolution": 625.0991862014295,
    "statsVertexDensity": 1.5997461236139954
}