{
    "boundaryCount": 7,
    "boundaryYearSourceLag": 2,
    "statsArea": 11624.845308170794,
    "statsPerimeter": 2093.2572222553445,
    "statsVertices": 23283,
    "statsLineResolution": 89.90496165680301,
    "statsVertexDensity": 11.12285664296628
}