{"boundaryCount": 32, "boundaryYearSourceLag": null, "statsArea": 1650.2369640009329, "statsVertices": 13231, "statsLineResolution": 98.0464654118209, "statsVertexDensity": 10.19924579432555, "statsPerimeter": 1297.2527838638025}