{
    "boundaryCount": 1,
    "statsArea": 78231.64384094837,
    "statsPerimeter": 2143.2449291351677,
    "statsVertices": 12031,
    "statsLineResolution": 178.14353994972717,
    "statsVertexDensity": 5.613450817706912
}