{"boundaryCount": 1, "boundaryYearSourceLag": null, "statsArea": 78231.64384094837, "statsVertices": 12031, "statsLineResolution": 178.14353994972717, "statsVertexDensity": 5.613450817706912, "statsPerimeter": 2143.2449291351677}