{
    "boundaryCount": 1,
    "statsArea": 78231.64449922326,
    "statsPerimeter": 2143.2444976169877,
    "statsVertices": 13045,
    "statsLineResolution": 164.2962435888837,
    "statsVertexDensity": 6.086566425111257
}