{
    "boundaryCount": 1,
    "statsArea": 3155502.101936584,
    "statsPerimeter": 30989.072473744418,
    "statsVertices": 173854,
    "statsLineResolution": 178.2476818120056,
    "statsVertexDensity": 5.610171138464964
}