{
    "boundaryCount": 356,
    "statsArea": 323876.4909575775,
    "statsPerimeter": 131223.51933046948,
    "statsVertices": 6742320,
    "statsLineResolution": 19.46266557067441,
    "statsVertexDensity": 51.38042352773925
}