{
    "boundaryCount": 356,
    "statsArea": 323876.49095758,
    "statsPerimeter": 131223.5193304698,
    "statsVertices": 6742320,
    "statsLineResolution": 19.462665570674456,
    "statsVertexDensity": 51.38042352773912
}