{
    "boundaryCount": 1,
    "statsArea": 21622.423884650052,
    "statsPerimeter": 967.8850074805495,
    "statsVertices": 2448,
    "statsLineResolution": 395.3778625329042,
    "statsVertexDensity": 2.529226076527686
}