{
    "boundaryCount": 37,
    "statsArea": 910293.3283862873,
    "statsPerimeter": 35129.08364323514,
    "statsVertices": 117054,
    "statsLineResolution": 300.11006580924305,
    "statsVertexDensity": 3.332110828417275
}