{
    "boundaryCount": 1,
    "statsArea": 54.06981455139563,
    "statsPerimeter": 261.4198346489346,
    "statsVertices": 13848,
    "statsLineResolution": 18.877804350731846,
    "statsVertexDensity": 52.97226210320547
}