{
    "boundaryCount": 1,
    "statsArea": 54.06981455220363,
    "statsPerimeter": 261.4198346489254,
    "statsVertices": 13848,
    "statsLineResolution": 18.877804350731182,
    "statsVertexDensity": 52.972262103207335
}