{
    "boundaryCount": 1,
    "statsArea": 96018.2538295591,
    "statsPerimeter": 2366.8235718192373,
    "statsVertices": 25926,
    "statsLineResolution": 91.29150550872627,
    "statsVertexDensity": 10.953921664753498
}