{
    "boundaryCount": 1,
    "statsArea": 96018.25382955986,
    "statsPerimeter": 2366.8235718192523,
    "statsVertices": 25926,
    "statsLineResolution": 91.29150550872686,
    "statsVertexDensity": 10.953921664753429
}