{
    "boundaryCount": 17,
    "statsArea": 294955.2378064806,
    "statsPerimeter": 33616.074205803394,
    "statsVertices": 481590,
    "statsLineResolution": 69.80226791628438,
    "statsVertexDensity": 14.326182083357596
}