{
    "boundaryCount": 2,
    "statsArea": 949.8634513218543,
    "statsPerimeter": 1163.0031756915366,
    "statsVertices": 709,
    "statsLineResolution": 1640.3429840501221,
    "statsVertexDensity": 0.6096286018982016
}