{
    "boundaryCount": 26,
    "boundaryYearSourceLag": 1,
    "statsArea": 10251.859646474933,
    "statsPerimeter": 3504.9722033982703,
    "statsVertices": 72269,
    "statsLineResolution": 48.498971943686364,
    "statsVertexDensity": 20.61899376261275
}