{
    "boundaryCount": 43,
    "statsArea": 238397.9694760439,
    "statsPerimeter": 22671.982907294587,
    "statsVertices": 69787,
    "statsLineResolution": 324.8740153222604,
    "statsVertexDensity": 3.0781162938132955
}