{
    "boundaryCount": 1,
    "statsArea": 445.21758410161385,
    "statsPerimeter": 370.03586736858114,
    "statsVertices": 213,
    "statsLineResolution": 1737.2575932797236,
    "statsVertexDensity": 0.5756198757560909
}