{
    "boundaryCount": 1,
    "statsArea": 489355.98248577217,
    "statsPerimeter": 5495.373288452416,
    "statsVertices": 26567,
    "statsLineResolution": 206.84959869207722,
    "statsVertexDensity": 4.834430457313244
}