{
    "boundaryCount": 64,
    "statsArea": 139682.750092232,
    "statsPerimeter": 23313.830941702818,
    "statsVertices": 94539,
    "statsLineResolution": 246.60543206193017,
    "statsVertexDensity": 4.0550607163789865
}