{
    "boundaryCount": 15,
    "boundaryYearSourceLag": 8,
    "statsArea": 5180.181458532823,
    "statsPerimeter": 1601.823241798245,
    "statsVertices": 23406,
    "statsLineResolution": 68.43643688790246,
    "statsVertexDensity": 14.612099131314805
}