{
    "boundaryCount": 1,
    "statsArea": 434.6396410660249,
    "statsPerimeter": 136.02929840046124,
    "statsVertices": 2701,
    "statsLineResolution": 50.36256882653137,
    "statsVertexDensity": 19.856016547614875
}