{
    "boundaryCount": 70,
    "statsArea": 414240.3722319357,
    "statsPerimeter": 26780.397984147196,
    "statsVertices": 53670,
    "statsLineResolution": 498.9826343235922,
    "statsVertexDensity": 2.00407775985145
}