{
    "boundaryCount": 15,
    "statsArea": 45354.86001515236,
    "statsPerimeter": 8547.616989012176,
    "statsVertices": 554765,
    "statsLineResolution": 15.407635645745813,
    "statsVertexDensity": 64.90288471197779
}