{
    "boundaryCount": 15,
    "statsArea": 45354.860015151346,
    "statsPerimeter": 8547.616989012377,
    "statsVertices": 554765,
    "statsLineResolution": 15.407635645746176,
    "statsVertexDensity": 64.90288471197627
}