{"boundaryCount": 1, "boundaryYearSourceLag": null, "statsArea": 872939.2882955214, "statsVertices": 2141, "statsLineResolution": 3541.6379986316597, "statsVertexDensity": 0.2823552267019831, "statsPerimeter": 7582.646955070384}