{
    "boundaryCount": 1,
    "statsArea": 872939.2882955214,
    "statsPerimeter": 7582.646955070384,
    "statsVertices": 2141,
    "statsLineResolution": 3541.6379986316597,
    "statsVertexDensity": 0.2823552267019831
}