{
    "boundaryCount": 1,
    "statsArea": 872939.2910913092,
    "statsPerimeter": 7582.639510139547,
    "statsVertices": 2141,
    "statsLineResolution": 3541.63452131693,
    "statsVertexDensity": 0.2823555039293432
}