{
    "boundaryCount": 13,
    "statsArea": 273209.32434011565,
    "statsPerimeter": 13078.111516377525,
    "statsVertices": 265617,
    "statsLineResolution": 49.23672625011775,
    "statsVertexDensity": 20.31004244514751
}