{
    "boundaryCount": 1,
    "statsArea": 769.8733959728285,
    "statsPerimeter": 1290.3698513225982,
    "statsVertices": 28560,
    "statsLineResolution": 45.1810172031722,
    "statsVertexDensity": 22.133189155594952
}