{
    "boundaryCount": 1,
    "boundaryYearSourceLag": 1,
    "statsArea": 769.8591377270277,
    "statsPerimeter": 1290.3508714072175,
    "statsVertices": 4141,
    "statsLineResolution": 311.6036878549185,
    "statsVertexDensity": 3.209204637095297
}