{
    "boundaryCount": 1,
    "statsArea": 16809.64489922191,
    "statsPerimeter": 840.395450390064,
    "statsVertices": 203,
    "statsLineResolution": 4139.879065960906,
    "statsVertexDensity": 0.24155294975214217
}