{
    "boundaryCount": 1,
    "statsArea": 17474.02039812135,
    "statsPerimeter": 904.2579257704589,
    "statsVertices": 248,
    "statsLineResolution": 3646.20131359056,
    "statsVertexDensity": 0.27425803294861417
}