{
    "boundaryCount": 1,
    "statsArea": 16750.755030566568,
    "statsPerimeter": 777.7465154735501,
    "statsVertices": 136,
    "statsLineResolution": 5718.724378481986,
    "statsVertexDensity": 0.17486417141604685
}