{
    "boundaryCount": 1,
    "statsArea": 26984.68082351899,
    "statsPerimeter": 2245.9014895682726,
    "statsVertices": 24614,
    "statsLineResolution": 91.24488053824135,
    "statsVertexDensity": 10.959518979049934
}