{
    "boundaryCount": 1,
    "boundaryYearSourceLag": 1,
    "statsArea": 26984.656422073625,
    "statsPerimeter": 2245.9029485522315,
    "statsVertices": 5637,
    "statsLineResolution": 398.4216690708234,
    "statsVertexDensity": 2.50990364638586
}