{"boundaryCount": 1, "boundaryYearSourceLag": null, "statsArea": 5777.799299992868, "statsVertices": 3951, "statsLineResolution": 177.67018054824482, "statsVertexDensity": 5.628406505324953, "statsPerimeter": 701.9748833461152}