{
    "boundaryCount": 1,
    "statsArea": 5777.4911890622225,
    "statsPerimeter": 705.8535971594538,
    "statsVertices": 4057,
    "statsLineResolution": 173.98412550146753,
    "statsVertexDensity": 5.747650810772188
}