{
    "boundaryCount": 1,
    "statsArea": 5777.799299992868,
    "statsPerimeter": 701.9748833461152,
    "statsVertices": 3951,
    "statsLineResolution": 177.67018054824482,
    "statsVertexDensity": 5.628406505324953
}