{
    "boundaryCount": 4,
    "boundaryYearSourceLag": 5,
    "statsArea": 19048.339680964087,
    "statsPerimeter": 5206.46056690222,
    "statsVertices": 25173,
    "statsLineResolution": 206.82717860017559,
    "statsVertexDensity": 4.834954510176503
}