{
    "boundaryCount": 1,
    "statsArea": 2307409.509709604,
    "statsPerimeter": 8055.22025979203,
    "statsVertices": 30302,
    "statsLineResolution": 265.8313068375695,
    "statsVertexDensity": 3.7617841626570665
}