{
    "boundaryCount": 1,
    "statsArea": 238779.62184609042,
    "statsPerimeter": 2826.5976842445884,
    "statsVertices": 18807,
    "statsLineResolution": 150.29497975459077,
    "statsVertexDensity": 6.653582186396715
}