{
    "boundaryCount": 1,
    "statsArea": 12504.092788166447,
    "statsPerimeter": 3120.921106309257,
    "statsVertices": 9062,
    "statsLineResolution": 344.39650257219785,
    "statsVertexDensity": 2.903629951324387
}