{
    "boundaryCount": 1,
    "statsArea": 138032.70935530763,
    "statsPerimeter": 15910.495079143282,
    "statsVertices": 125541,
    "statsLineResolution": 126.7354496072461,
    "statsVertexDensity": 7.890452143413748
}