{
    "boundaryCount": 1,
    "boundaryYearSourceLag": 1,
    "statsArea": 138032.5404221255,
    "statsPerimeter": 15931.56800634913,
    "statsVertices": 25580,
    "statsLineResolution": 622.8134482544617,
    "statsVertexDensity": 1.6056172242308935
}