{
    "boundaryCount": 7,
    "statsArea": 207580.66070877283,
    "statsPerimeter": 7038.730520838344,
    "statsVertices": 6131,
    "statsLineResolution": 1148.0558670426267,
    "statsVertexDensity": 0.8710377506070186
}