{"boundaryCount": 4260, "boundaryYearSourceLag": null, "statsArea": 91878.03315611993, "statsVertices": 3952171, "statsLineResolution": 23.276161662045592, "statsVertexDensity": 42.962409976324096, "statsPerimeter": 91991.3711120484}