{
    "boundaryCount": 4260,
    "statsArea": 91878.03315611993,
    "statsPerimeter": 92015.04494680742,
    "statsVertices": 3952171,
    "statsLineResolution": 23.28215174566268,
    "statsVertexDensity": 42.95135651223877
}