{
    "boundaryCount": 4259,
    "statsArea": 91878.03270818591,
    "statsPerimeter": 92015.09929358348,
    "statsVertices": 4158134,
    "statsLineResolution": 22.128940359686215,
    "statsVertexDensity": 45.189692038836505
}