{
    "boundaryCount": 1,
    "boundaryYearSourceLag": 1,
    "statsArea": 38762.97688687743,
    "statsPerimeter": 1129.429318080929,
    "statsVertices": 4126,
    "statsLineResolution": 273.734686883405,
    "statsVertexDensity": 3.653172388875735
}