{
    "boundaryCount": 1,
    "boundaryYearSourceLag": 0,
    "statsArea": 751169.4691111378,
    "statsPerimeter": 5858.489513387489,
    "statsVertices": 14001,
    "statsLineResolution": 418.43364855278116,
    "statsVertexDensity": 2.389865163709128
}