{
    "boundaryCount": 1,
    "statsArea": 237.49012809338475,
    "statsPerimeter": 168.77533143593874,
    "statsVertices": 415,
    "statsLineResolution": 406.6875456287681,
    "statsVertexDensity": 2.458890149817419
}