{
    "boundaryCount": 1,
    "statsArea": 4090.838739520634,
    "statsPerimeter": 1097.011724848503,
    "statsVertices": 43083,
    "statsLineResolution": 25.462751545818605,
    "statsVertexDensity": 39.27305335405576
}