{
    "boundaryCount": 17,
    "statsArea": 618611.352478979,
    "statsPerimeter": 18455.300917580622,
    "statsVertices": 45742,
    "statsLineResolution": 403.46510685104766,
    "statsVertexDensity": 2.478529079762981
}