{
    "boundaryCount": 17,
    "statsArea": 618611.3524789793,
    "statsPerimeter": 18455.30091758065,
    "statsVertices": 45742,
    "statsLineResolution": 403.46510685104823,
    "statsVertexDensity": 2.478529079762977
}