{
    "boundaryCount": 15,
    "statsArea": 668904.9836690949,
    "statsPerimeter": 35524.4859182067,
    "statsVertices": 146721,
    "statsLineResolution": 242.1227085298403,
    "statsVertexDensity": 4.1301371774335465
}