{
    "boundaryCount": 1,
    "statsArea": 51163.13125925093,
    "statsPerimeter": 2413.5023813873904,
    "statsVertices": 63228,
    "statsLineResolution": 38.17141743195088,
    "statsVertexDensity": 26.197612435606416
}