{
    "boundaryCount": 192,
    "statsArea": 19980.913007748717,
    "statsPerimeter": 9828.95042589759,
    "statsVertices": 14082,
    "statsLineResolution": 697.9797206290009,
    "statsVertexDensity": 1.432706381639321
}