{"boundaryCount": 192, "boundaryYearSourceLag": null, "statsArea": 19980.91298744268, "statsVertices": 13656, "statsLineResolution": 719.7165475864643, "statsVertexDensity": 1.3894358874385382, "statsPerimeter": 9828.449173840758}