{
    "boundaryCount": 1,
    "statsArea": 23.358517076112033,
    "statsPerimeter": 24.18934486980158,
    "statsVertices": 9,
    "statsLineResolution": 2687.704985533509,
    "statsVertexDensity": 0.3720646445136166
}