{
    "boundaryCount": 1,
    "statsArea": 26935.29153547535,
    "statsPerimeter": 1150.25005716807,
    "statsVertices": 14058,
    "statsLineResolution": 81.82174257846565,
    "statsVertexDensity": 12.221690329328016
}