{
    "boundaryCount": 1,
    "statsArea": 26935.290927196154,
    "statsPerimeter": 1150.2461828985836,
    "statsVertices": 16662,
    "statsLineResolution": 69.0341005220612,
    "statsVertexDensity": 14.48559469070551
}