{
    "boundaryCount": 12,
    "statsArea": 54557.08941726972,
    "statsPerimeter": 5295.955646617445,
    "statsVertices": 8639,
    "statsLineResolution": 613.0287818749213,
    "statsVertexDensity": 1.631244779309618
}