{
    "boundaryCount": 12,
    "boundaryYearSourceLag": 1,
    "statsArea": 69571.13395555184,
    "statsPerimeter": 5295.955787056484,
    "statsVertices": 5565,
    "statsLineResolution": 951.6542294800511,
    "statsVertexDensity": 1.050801823837176
}