{
    "boundaryCount": 64,
    "boundaryYearSourceLag": 5,
    "statsArea": 139852.0195743866,
    "statsPerimeter": 29524.98961887076,
    "statsVertices": 1063772,
    "statsLineResolution": 27.754997893224076,
    "statsVertexDensity": 36.029546961130684
}