{
    "boundaryCount": 83,
    "statsArea": 16925822.849768568,
    "statsPerimeter": 297628.9012211929,
    "statsVertices": 1701723,
    "statsLineResolution": 174.89855941371945,
    "statsVertexDensity": 5.717599981109722
}