{"boundaryCount": 83, "boundaryYearSourceLag": null, "statsArea": 16925822.820289414, "statsVertices": 1687454, "statsLineResolution": 175.54967382195738, "statsVertexDensity": 5.696393381022176, "statsPerimeter": 296231.9992895573}