{
    "boundaryCount": 83,
    "statsArea": 16925822.820289414,
    "statsPerimeter": 297509.292875665,
    "statsVertices": 1687454,
    "statsLineResolution": 176.30660917314785,
    "statsVertexDensity": 5.671937113928136
}