{
    "boundaryCount": 1,
    "statsArea": 2.161911673684478,
    "statsPerimeter": 7.621177232105412,
    "statsVertices": 8,
    "statsLineResolution": 952.6471540131764,
    "statsVertexDensity": 1.0497065947106883
}