{
    "boundaryCount": 14,
    "boundaryYearSourceLag": 1,
    "statsArea": 22.101219304403898,
    "statsPerimeter": 80.09089801678743,
    "statsVertices": 237,
    "statsLineResolution": 337.93627855184576,
    "statsVertexDensity": 2.959137753085546
}