{
    "boundaryCount": 86,
    "boundaryYearSourceLag": 9,
    "statsArea": 296966.6195183013,
    "statsPerimeter": 51093.291988456054,
    "statsVertices": 194901,
    "statsLineResolution": 262.1499735170987,
    "statsVertexDensity": 3.8146103414913184
}