{
    "boundaryCount": 48,
    "boundaryYearSourceLag": 10,
    "statsArea": 1252394.384008639,
    "statsPerimeter": 35580.98326905102,
    "statsVertices": 50426,
    "statsLineResolution": 705.6078861906759,
    "statsVertexDensity": 1.4172177204518528
}