{
    "boundaryCount": 20,
    "statsArea": 74190.68292710488,
    "statsPerimeter": 7512.573252391419,
    "statsVertices": 34844,
    "statsLineResolution": 215.6059365282809,
    "statsVertexDensity": 4.6380912144728015
}