{
    "boundaryCount": 6695,
    "statsArea": 1890242.9065874622,
    "statsPerimeter": 551184.1566715348,
    "statsVertices": 5948264,
    "statsLineResolution": 92.66302851916707,
    "statsVertexDensity": 10.791790598481821
}