{"boundaryCount": 6696, "boundaryYearSourceLag": null, "statsArea": 1890244.7860326641, "statsVertices": 5678668, "statsLineResolution": 96.61982485908945, "statsVertexDensity": 10.34984281391942, "statsPerimeter": 548671.9075929158}