{
    "boundaryCount": 18,
    "boundaryYearSourceLag": 1,
    "statsArea": 437189.8112842902,
    "statsPerimeter": 14250.56669532931,
    "statsVertices": 7068,
    "statsLineResolution": 2016.2092098654937,
    "statsVertexDensity": 0.4959802758101241
}