{
    "boundaryCount": 18,
    "statsArea": 401618.2557346644,
    "statsPerimeter": 14250.566756182556,
    "statsVertices": 8023,
    "statsLineResolution": 1776.2142286155497,
    "statsVertexDensity": 0.5629951522117007
}