{
    "boundaryCount": 1,
    "statsArea": 220.5712375893822,
    "statsPerimeter": 62.85307232927412,
    "statsVertices": 36,
    "statsLineResolution": 1745.91867581317,
    "statsVertexDensity": 0.5727643640298682
}