{
    "boundaryCount": 78,
    "statsArea": 86249.82853389926,
    "statsPerimeter": 12896.406340802114,
    "statsVertices": 4504,
    "statsLineResolution": 2863.3228998228496,
    "statsVertexDensity": 0.34924457875912945
}