{"boundaryCount": 78, "boundaryYearSourceLag": null, "statsArea": 86249.82853389926, "statsVertices": 4504, "statsLineResolution": 2829.562982795221, "statsVertexDensity": 0.3534114653324086, "statsPerimeter": 12744.351674509677}