{
    "boundaryCount": 78,
    "statsArea": 86249.82333799408,
    "statsPerimeter": 12896.403357469602,
    "statsVertices": 4516,
    "statsLineResolution": 2855.71376383295,
    "statsVertexDensity": 0.35017515153822565
}