{"boundaryCount": 11302, "boundaryYearSourceLag": null, "statsArea": 357839.35114924796, "statsVertices": 1938287, "statsLineResolution": 178.3043875181205, "statsVertexDensity": 5.608386949526821, "statsPerimeter": 345605.07636933523}