{
    "boundaryCount": 11302,
    "statsArea": 357839.3472671654,
    "statsPerimeter": 346351.26523537625,
    "statsVertices": 2162184,
    "statsLineResolution": 160.18584229435433,
    "statsVertexDensity": 6.242748957566548
}