{
    "boundaryCount": 11302,
    "statsArea": 357839.35114924796,
    "statsPerimeter": 346455.2542380261,
    "statsVertices": 1938287,
    "statsLineResolution": 178.74301083277456,
    "statsVertexDensity": 5.594624345539102
}