{
    "boundaryCount": 1,
    "statsArea": 179.42198707060385,
    "statsPerimeter": 153.47745075708167,
    "statsVertices": 502,
    "statsLineResolution": 305.7319736196846,
    "statsVertexDensity": 3.2708387943877613
}