{
    "boundaryCount": 4,
    "statsArea": 17383.25797579797,
    "statsPerimeter": 1361.2581380732713,
    "statsVertices": 2589,
    "statsLineResolution": 525.7852985991778,
    "statsVertexDensity": 1.9019170042681823
}