{"boundaryCount": 4, "boundaryYearSourceLag": null, "statsArea": 17383.25797579797, "statsVertices": 2589, "statsLineResolution": 525.7852985991778, "statsVertexDensity": 1.9019170042681823, "statsPerimeter": 1361.2581380732713}