{
    "boundaryCount": 4,
    "statsArea": 17383.25798150522,
    "statsPerimeter": 1361.2581457404817,
    "statsVertices": 2589,
    "statsLineResolution": 525.7853015606341,
    "statsVertexDensity": 1.9019169935557412
}