{"boundaryCount": 1, "boundaryYearSourceLag": null, "statsArea": 5.001951555546552, "statsVertices": 7, "statsLineResolution": 1277.613461658641, "statsVertexDensity": 0.7827093483358936, "statsPerimeter": 8.943294231610487}