{
    "boundaryCount": 392,
    "statsArea": 1623074.0079253772,
    "statsPerimeter": 121213.09680721413,
    "statsVertices": 261914,
    "statsLineResolution": 462.79731823122904,
    "statsVertexDensity": 2.160773108672956
}