{
    "boundaryCount": 1,
    "statsArea": 63041.50512445779,
    "statsPerimeter": 5490.886419218196,
    "statsVertices": 3108,
    "statsLineResolution": 1766.6944720779268,
    "statsVertexDensity": 0.566028827171137
}