{
    "boundaryCount": 1,
    "statsArea": 139.61034456076422,
    "statsPerimeter": 75.3279749360234,
    "statsVertices": 886,
    "statsLineResolution": 85.0202877381754,
    "statsVertexDensity": 11.761898560959409
}