{
    "boundaryCount": 10,
    "statsArea": 211015.3792706591,
    "statsPerimeter": 8380.731553111333,
    "statsVertices": 24391,
    "statsLineResolution": 343.5993420979596,
    "statsVertexDensity": 2.910366457322557
}