{
    "boundaryCount": 15,
    "statsArea": 4259.883761291168,
    "statsPerimeter": 1408.4942497384902,
    "statsVertices": 6084,
    "statsLineResolution": 231.50793059475512,
    "statsVertexDensity": 4.319506452461267
}