{
    "boundaryCount": 15,
    "boundaryYearSourceLag": 1,
    "statsArea": 5157.170487325387,
    "statsPerimeter": 1408.4939665483046,
    "statsVertices": 2035,
    "statsLineResolution": 692.1346272964641,
    "statsVertexDensity": 1.444805620990361
}