{
    "boundaryCount": 4,
    "statsArea": 678.2351418123969,
    "statsPerimeter": 370.51372470106037,
    "statsVertices": 269,
    "statsLineResolution": 1377.3744412678825,
    "statsVertexDensity": 0.7260189894909719
}