{
    "boundaryCount": 1,
    "statsArea": 273368.85386034567,
    "statsPerimeter": 3456.0521368547984,
    "statsVertices": 3997,
    "statsLineResolution": 864.6615303614707,
    "statsVertexDensity": 1.1565219046832709
}