{
    "boundaryCount": 1,
    "statsArea": 273417.49077099044,
    "statsPerimeter": 3455.8590605571917,
    "statsVertices": 3987,
    "statsLineResolution": 866.7818060088266,
    "statsVertexDensity": 1.1536928821851815
}