{
    "boundaryCount": 65,
    "boundaryYearSourceLag": 14,
    "statsArea": 14892.330461207215,
    "statsPerimeter": 5393.319791175044,
    "statsVertices": 118591,
    "statsLineResolution": 45.478322901190175,
    "statsVertexDensity": 21.988497732703987
}