{
    "boundaryCount": 4,
    "statsArea": 64583.94352451279,
    "statsPerimeter": 3945.927998014659,
    "statsVertices": 68877,
    "statsLineResolution": 57.28948702781275,
    "statsVertexDensity": 17.455209531105115
}