{
    "boundaryCount": 4,
    "statsArea": 64583.943524512666,
    "statsPerimeter": 3945.9279980145725,
    "statsVertices": 68877,
    "statsLineResolution": 57.2894870278115,
    "statsVertexDensity": 17.4552095311055
}