{
    "boundaryCount": 14,
    "statsArea": 663159.2924101899,
    "statsPerimeter": 22871.005595566327,
    "statsVertices": 10260,
    "statsLineResolution": 2229.1428455717664,
    "statsVertexDensity": 0.4486029246562276
}