{"boundaryCount": 5, "boundaryYearSourceLag": null, "statsArea": 18930.08234951105, "statsVertices": 1716, "statsLineResolution": 1741.2612944854811, "statsVertexDensity": 0.5742963466580048, "statsPerimeter": 2988.0043813370858}