{
    "boundaryCount": 5,
    "statsArea": 18930.08234951105,
    "statsPerimeter": 2988.0043813370858,
    "statsVertices": 1716,
    "statsLineResolution": 1741.2612944854811,
    "statsVertexDensity": 0.5742963466580048
}