{
    "boundaryCount": 1,
    "statsArea": 142387.12743495434,
    "statsPerimeter": 3280.9197766001525,
    "statsVertices": 1070,
    "statsLineResolution": 3066.280165046872,
    "statsVertexDensity": 0.32612805946410117
}