{
    "boundaryCount": 1,
    "statsArea": 142238.25602839747,
    "statsPerimeter": 3531.3330589989796,
    "statsVertices": 1257,
    "statsLineResolution": 2809.3341758146216,
    "statsVertexDensity": 0.3559562292762947
}