{
    "boundaryCount": 1,
    "statsArea": 142404.81938092894,
    "statsPerimeter": 3246.8016305868523,
    "statsVertices": 543,
    "statsLineResolution": 5979.376851909488,
    "statsVertexDensity": 0.16724150773013316
}