{
    "boundaryCount": 354,
    "statsArea": 454656.1988947141,
    "statsPerimeter": 59308.00996328027,
    "statsVertices": 244865,
    "statsLineResolution": 242.20697103824665,
    "statsVertexDensity": 4.128700324822984
}