{
    "boundaryCount": 354,
    "statsArea": 454656.1988947132,
    "statsPerimeter": 59308.00996328048,
    "statsVertices": 244865,
    "statsLineResolution": 242.2069710382475,
    "statsVertexDensity": 4.128700324822969
}