{
    "boundaryCount": 1,
    "statsArea": 754774.3269253159,
    "statsPerimeter": 98600.84756037981,
    "statsVertices": 3292665,
    "statsLineResolution": 29.945605629597853,
    "statsVertexDensity": 33.39388130496225
}