{
    "boundaryCount": 9,
    "statsArea": 1254742.8084722622,
    "statsPerimeter": 18485.508771814657,
    "statsVertices": 164118,
    "statsLineResolution": 112.63547430394384,
    "statsVertexDensity": 8.878197620951338
}