{
    "boundaryCount": 9,
    "statsArea": 32829.62807925922,
    "statsPerimeter": 3836.9922654609036,
    "statsVertices": 2278,
    "statsLineResolution": 1684.368861045173,
    "statsVertexDensity": 0.5936941860700791
}