{"boundaryCount": 9, "boundaryYearSourceLag": null, "statsArea": 32829.62807925922, "statsVertices": 2278, "statsLineResolution": 1684.368861045173, "statsVertexDensity": 0.5936941860700791, "statsPerimeter": 3836.9922654609036}