{"boundaryCount": 1, "boundaryYearSourceLag": null, "statsArea": 245485.83994756851, "statsVertices": 416045, "statsLineResolution": 57.36368742892938, "statsVertexDensity": 17.432631074125908, "statsPerimeter": 23865.875336368925}