{
    "boundaryCount": 1,
    "statsArea": 245293.9678772734,
    "statsPerimeter": 25279.438039485736,
    "statsVertices": 2508396,
    "statsLineResolution": 10.077929497370327,
    "statsVertexDensity": 99.22673107218442
}