{
    "boundaryCount": 1,
    "statsArea": 245485.83994756851,
    "statsPerimeter": 23865.875336368925,
    "statsVertices": 416045,
    "statsLineResolution": 57.36368742892938,
    "statsVertexDensity": 17.432631074125908
}