{
    "boundaryCount": 1,
    "statsArea": 506884.11511478364,
    "statsPerimeter": 6711.915074193464,
    "statsVertices": 2978,
    "statsLineResolution": 2253.833134383299,
    "statsVertexDensity": 0.4436885698166929
}