{
    "boundaryCount": 1,
    "statsArea": 506184.40578438627,
    "statsPerimeter": 5900.246823878266,
    "statsVertices": 1655,
    "statsLineResolution": 3565.103821074481,
    "statsVertexDensity": 0.2804967401197903
}