{
    "boundaryCount": 1,
    "statsArea": 506123.8517538238,
    "statsPerimeter": 5769.836448585686,
    "statsVertices": 1279,
    "statsLineResolution": 4511.209107572859,
    "statsVertexDensity": 0.22167006143016602
}