{
    "boundaryCount": 1,
    "statsArea": 488135.2215324041,
    "statsPerimeter": 5655.833267619801,
    "statsVertices": 18006,
    "statsLineResolution": 314.1082565600245,
    "statsVertexDensity": 3.183615772955351
}