{
    "boundaryCount": 1,
    "statsArea": 488135.22153240483,
    "statsPerimeter": 5655.833267619819,
    "statsVertices": 18006,
    "statsLineResolution": 314.10825656002544,
    "statsVertexDensity": 3.1836157729553407
}