{
    "boundaryCount": 1,
    "statsArea": 230001.6320949357,
    "statsPerimeter": 5209.921844030979,
    "statsVertices": 44060,
    "statsLineResolution": 118.24606999616384,
    "statsVertexDensity": 8.45694068337698
}