{
    "boundaryCount": 1,
    "statsArea": 230001.63502085215,
    "statsPerimeter": 5209.917007795263,
    "statsVertices": 47179,
    "statsLineResolution": 110.42872904884086,
    "statsVertexDensity": 9.055614500079196
}