{"boundaryCount": 1, "boundaryYearSourceLag": null, "statsArea": 230001.6320949357, "statsVertices": 44060, "statsLineResolution": 118.24606999616384, "statsVertexDensity": 8.45694068337698, "statsPerimeter": 5209.921844030979}