{
    "boundaryCount": 34,
    "statsArea": 1894486.1238137616,
    "statsPerimeter": 113973.22527949099,
    "statsVertices": 398862,
    "statsLineResolution": 285.7460105988813,
    "statsVertexDensity": 3.499611413311242
}