{
    "boundaryCount": 23,
    "boundaryYearSourceLag": 1,
    "statsArea": 1270774.610954476,
    "statsPerimeter": 25770.74598165288,
    "statsVertices": 13252,
    "statsLineResolution": 1944.6684260227044,
    "statsVertexDensity": 0.5142264802669886
}