{
    "boundaryCount": 5,
    "statsArea": 142113.45078824603,
    "statsPerimeter": 5954.515317406793,
    "statsVertices": 7021,
    "statsLineResolution": 848.1007431144841,
    "statsVertexDensity": 1.1791052043271364
}