{
    "boundaryCount": 5,
    "statsArea": 142113.21727232652,
    "statsPerimeter": 5994.525561764881,
    "statsVertices": 8078,
    "statsLineResolution": 742.0804112113,
    "statsVertexDensity": 1.3475628582725923
}