{
    "boundaryCount": 58,
    "statsArea": 466040.0376799056,
    "statsPerimeter": 27603.743541275795,
    "statsVertices": 80790,
    "statsLineResolution": 341.67277560683,
    "statsVertexDensity": 2.9267769380336026
}