{"boundaryCount": 58, "boundaryYearSourceLag": null, "statsArea": 466040.0376799056, "statsVertices": 80790, "statsLineResolution": 341.6720060247304, "statsVertexDensity": 2.9267835303066048, "statsPerimeter": 27603.68136673797}