{
    "boundaryCount": 58,
    "statsArea": 466040.03556283005,
    "statsPerimeter": 27603.899148326054,
    "statsVertices": 84403,
    "statsLineResolution": 327.04879149231726,
    "statsVertexDensity": 3.057647745576492
}