{
    "boundaryCount": 170,
    "statsArea": 940193.6306950063,
    "statsPerimeter": 72866.34645503758,
    "statsVertices": 372497,
    "statsLineResolution": 195.61592832972502,
    "statsVertexDensity": 5.112058146483995
}