{
    "boundaryCount": 55,
    "boundaryYearSourceLag": 1,
    "statsArea": 1653.478508162924,
    "statsPerimeter": 1550.5361147583603,
    "statsVertices": 17497,
    "statsLineResolution": 88.61725522994573,
    "statsVertexDensity": 11.284484013922357
}