{
    "boundaryCount": 20,
    "boundaryYearSourceLag": 2,
    "statsArea": 350.6610800630076,
    "statsPerimeter": 649.2487525533874,
    "statsVertices": 45933,
    "statsLineResolution": 14.134690800805245,
    "statsVertexDensity": 70.7479218394385
}