{
    "boundaryCount": 1,
    "statsArea": 41.6532666085164,
    "statsPerimeter": 245.21090980264785,
    "statsVertices": 4444,
    "statsLineResolution": 55.17797250284605,
    "statsVertexDensity": 18.12317406096102
}