{
    "boundaryCount": 1,
    "boundaryYearSourceLag": 1,
    "statsArea": 41.65056026005303,
    "statsPerimeter": 245.20801699977653,
    "statsVertices": 646,
    "statsLineResolution": 379.5789736838646,
    "statsVertexDensity": 2.634497876146475
}