{
    "boundaryCount": 1,
    "statsArea": 186343.9802367118,
    "statsPerimeter": 2554.6749829549085,
    "statsVertices": 11004,
    "statsLineResolution": 232.15875890175468,
    "statsVertexDensity": 4.307397251478164
}