{
    "boundaryCount": 33,
    "statsArea": 321658.0721622209,
    "statsPerimeter": 19870.15959912359,
    "statsVertices": 35685,
    "statsLineResolution": 556.8210620463386,
    "statsVertexDensity": 1.795909077729499
}