{"boundaryCount": 33, "boundaryYearSourceLag": null, "statsArea": 321658.0720690463, "statsVertices": 35501, "statsLineResolution": 559.6873753680438, "statsVertexDensity": 1.7867117323173705, "statsPerimeter": 19869.461512940925}