{
    "boundaryCount": 33,
    "statsArea": 321658.0720690463,
    "statsPerimeter": 19869.461512940925,
    "statsVertices": 35501,
    "statsLineResolution": 559.6873753680438,
    "statsVertexDensity": 1.7867117323173705
}