{
    "boundaryCount": 1,
    "statsArea": 448.00684401061255,
    "statsPerimeter": 1173.5836008707452,
    "statsVertices": 522612,
    "statsLineResolution": 2.2456116600283678,
    "statsVertexDensity": 445.31297098242163
}