{
    "boundaryCount": 547,
    "statsArea": 2309870.4570054556,
    "statsPerimeter": 113430.16145355694,
    "statsVertices": 682296,
    "statsLineResolution": 166.2477303890935,
    "statsVertexDensity": 6.015119711165717
}