{
    "boundaryCount": 547,
    "statsArea": 2309870.4570054556,
    "statsPerimeter": 113430.1614535567,
    "statsVertices": 682296,
    "statsLineResolution": 166.24773038909316,
    "statsVertexDensity": 6.015119711165728
}