{
    "boundaryCount": 1,
    "statsArea": 582321.4782428326,
    "statsPerimeter": 4037.120769147426,
    "statsVertices": 846,
    "statsLineResolution": 4772.0103654224895,
    "statsVertexDensity": 0.20955528664520517
}