{
    "boundaryCount": 1,
    "statsArea": 581885.8913691421,
    "statsPerimeter": 3740.589976747017,
    "statsVertices": 480,
    "statsLineResolution": 7792.895784889619,
    "statsVertexDensity": 0.128322003476422
}