{
    "boundaryCount": 1,
    "statsArea": 581893.9890082696,
    "statsPerimeter": 3721.8963162910536,
    "statsVertices": 354,
    "statsLineResolution": 10513.83140195213,
    "statsVertexDensity": 0.09511280538646716
}