{
    "boundaryCount": 81,
    "statsArea": 51147.91147701951,
    "statsPerimeter": 12148.100546740212,
    "statsVertices": 171266,
    "statsLineResolution": 70.93118626429187,
    "statsVertexDensity": 14.098171096053123
}