{
    "boundaryCount": 581,
    "statsArea": 30666.82707821409,
    "statsPerimeter": 24318.460829264528,
    "statsVertices": 531617,
    "statsLineResolution": 45.74432501079636,
    "statsVertexDensity": 21.86063516652579
}