{
    "boundaryCount": 581,
    "statsArea": 30666.82707821405,
    "statsPerimeter": 24318.46082926453,
    "statsVertices": 531617,
    "statsLineResolution": 45.744325010796366,
    "statsVertexDensity": 21.860635166525785
}