{
    "boundaryCount": 1,
    "statsArea": 102490.75318100573,
    "statsPerimeter": 6521.318557093992,
    "statsVertices": 20624,
    "statsLineResolution": 316.20047309416174,
    "statsVertexDensity": 3.1625506129530954
}