{
    "boundaryCount": 362,
    "statsArea": 668904.9835284891,
    "statsPerimeter": 96376.00974105284,
    "statsVertices": 277246,
    "statsLineResolution": 347.6191171055771,
    "statsVertexDensity": 2.8767117537332823
}