{
    "boundaryCount": 18,
    "statsArea": 111528.27905108528,
    "statsPerimeter": 10543.785631823637,
    "statsVertices": 861051,
    "statsLineResolution": 12.245251015124117,
    "statsVertexDensity": 81.66431204757659
}