{
    "boundaryCount": 38,
    "statsArea": 10906.882167247653,
    "statsPerimeter": 4296.371505909761,
    "statsVertices": 145499,
    "statsLineResolution": 29.528529446317577,
    "statsVertexDensity": 33.86555371197827
}