{
    "boundaryCount": 38,
    "statsArea": 10906.882167247719,
    "statsPerimeter": 4296.3715059098595,
    "statsVertices": 145499,
    "statsLineResolution": 29.528529446318252,
    "statsVertexDensity": 33.8655537119775
}