{
    "boundaryCount": 8,
    "statsArea": 10756.16388435551,
    "statsPerimeter": 1902.875640522218,
    "statsVertices": 3530,
    "statsLineResolution": 539.0582551054442,
    "statsVertexDensity": 1.8550870718126593
}