{
    "boundaryCount": 43,
    "statsArea": 30707.465638038495,
    "statsPerimeter": 6533.590160244018,
    "statsVertices": 21445,
    "statsLineResolution": 304.6672958845427,
    "statsVertexDensity": 3.2822689323994982
}