{
    "boundaryCount": 6,
    "statsArea": 9913.351209248733,
    "statsPerimeter": 3043.8766442378965,
    "statsVertices": 27897,
    "statsLineResolution": 109.11125369171941,
    "statsVertexDensity": 9.16495747382189
}