{
    "boundaryCount": 6,
    "boundaryYearSourceLag": 1,
    "statsArea": 12336.4686205811,
    "statsPerimeter": 3043.869766206139,
    "statsVertices": 6208,
    "statsLineResolution": 490.31407316464873,
    "statsVertexDensity": 2.039509071289083
}