{
    "boundaryCount": 11,
    "boundaryYearSourceLag": 1,
    "statsArea": 578165.3894212226,
    "statsPerimeter": 10846.032580302981,
    "statsVertices": 5664,
    "statsLineResolution": 1914.9068821156395,
    "statsVertexDensity": 0.5222186046431531
}