{
    "boundaryCount": 20,
    "statsArea": 638327.1567734617,
    "statsPerimeter": 30772.618002072668,
    "statsVertices": 1163051,
    "statsLineResolution": 26.458528475597948,
    "statsVertexDensity": 37.79499683522746
}