{
    "boundaryCount": 20,
    "statsArea": 638327.1567734681,
    "statsPerimeter": 30772.618002073483,
    "statsVertices": 1163051,
    "statsLineResolution": 26.458528475598648,
    "statsVertexDensity": 37.794996835226456
}