{
    "boundaryCount": 8100,
    "statsArea": 300755.0620105713,
    "statsPerimeter": 230083.52920216208,
    "statsVertices": 1058380,
    "statsLineResolution": 217.39217407940635,
    "statsVertexDensity": 4.5999815965533895
}