{
    "boundaryCount": 8100,
    "statsArea": 300755.06329946686,
    "statsPerimeter": 230054.61449880418,
    "statsVertices": 966470,
    "statsLineResolution": 238.03596024584743,
    "statsVertexDensity": 4.201045921663196
}