{"boundaryCount": 8100, "boundaryYearSourceLag": null, "statsArea": 300755.06329946686, "statsVertices": 966470, "statsLineResolution": 237.64722197711566, "statsVertexDensity": 4.207917903186327, "statsPerimeter": 229678.91062422298}