{
    "boundaryCount": 4,
    "boundaryYearSourceLag": 1,
    "statsArea": 17367.390315114066,
    "statsPerimeter": 1461.5600295359452,
    "statsVertices": 1033,
    "statsLineResolution": 1414.8693412739065,
    "statsVertexDensity": 0.7067790437098804
}