{
    "boundaryCount": 8,
    "statsArea": 139906.01392044371,
    "statsPerimeter": 14092.657722012533,
    "statsVertices": 50690,
    "statsLineResolution": 278.0165263762583,
    "statsVertexDensity": 3.5969084753135623
}