{
    "boundaryCount": 4,
    "statsArea": 18946.65440051072,
    "statsPerimeter": 2194.161681925769,
    "statsVertices": 1135,
    "statsLineResolution": 1933.1820986130124,
    "statsVertexDensity": 0.5172818436077303
}