{
    "boundaryCount": 32,
    "boundaryYearSourceLag": 1,
    "statsArea": 48157.884731827486,
    "statsPerimeter": 7856.038345508213,
    "statsVertices": 14152,
    "statsLineResolution": 555.1185942275447,
    "statsVertexDensity": 1.801416869113372
}