{
    "boundaryCount": 32,
    "statsArea": 19451.64727663025,
    "statsPerimeter": 7856.036549006574,
    "statsVertices": 33095,
    "statsLineResolution": 237.37835168474314,
    "statsVertexDensity": 4.21268406702932
}