{
    "boundaryCount": 13,
    "statsArea": 867054.0183335965,
    "statsPerimeter": 17698.169332972993,
    "statsVertices": 16268,
    "statsLineResolution": 1087.9130398926109,
    "statsVertexDensity": 0.9191911148511568
}