{
    "boundaryCount": 13,
    "boundaryYearSourceLag": 1,
    "statsArea": 1037857.3180596827,
    "statsPerimeter": 17698.168560911632,
    "statsVertices": 6839,
    "statsLineResolution": 2587.829881694931,
    "statsVertexDensity": 0.3864241645378319
}