{
    "boundaryCount": 1,
    "statsArea": 663159.3053795905,
    "statsPerimeter": 11520.43309454526,
    "statsVertices": 4602,
    "statsLineResolution": 2503.3535624826727,
    "statsVertexDensity": 0.39946414880695524
}