{"boundaryCount": 51, "boundaryYearSourceLag": null, "statsArea": 620199.6669188822, "statsVertices": 20711, "statsLineResolution": 1369.3128080674437, "statsVertexDensity": 0.7302933223938313, "statsPerimeter": 28359.837567884824}