{
    "boundaryCount": 51,
    "statsArea": 620199.6669188822,
    "statsPerimeter": 28359.837567884824,
    "statsVertices": 20711,
    "statsLineResolution": 1369.3128080674437,
    "statsVertexDensity": 0.7302933223938313
}