{
    "boundaryCount": 51,
    "statsArea": 620199.6686389769,
    "statsPerimeter": 28359.834359093842,
    "statsVertices": 21859,
    "statsLineResolution": 1297.3985250511844,
    "statsVertexDensity": 0.7707731901117649
}