{
    "boundaryCount": 129,
    "statsArea": 8411987.77564439,
    "statsPerimeter": 246576.994818589,
    "statsVertices": 1616392,
    "statsLineResolution": 152.54776985940848,
    "statsVertexDensity": 6.55532362696369
}