{
    "boundaryCount": 129,
    "statsArea": 8411987.775644382,
    "statsPerimeter": 246576.99481858965,
    "statsVertices": 1616392,
    "statsLineResolution": 152.5477698594089,
    "statsVertexDensity": 6.555323626963673
}