{
    "boundaryCount": 39,
    "boundaryYearSourceLag": 0,
    "statsArea": 33973.11852492144,
    "statsPerimeter": 6800.846061425125,
    "statsVertices": 6758,
    "statsLineResolution": 1006.3400505216225,
    "statsVertexDensity": 0.9936998924783563
}