{
    "boundaryCount": 782,
    "statsArea": 714290.3026545665,
    "statsPerimeter": 156039.14682030253,
    "statsVertices": 1029634,
    "statsLineResolution": 151.5481683979963,
    "statsVertexDensity": 6.598562097918575
}