{
    "boundaryCount": 1,
    "statsArea": 0.012203831331480295,
    "statsPerimeter": 0.4271959414200032,
    "statsVertices": 7,
    "statsLineResolution": 61.02799163142903,
    "statsVertexDensity": 16.385923463439134
}