{"boundaryCount": 1, "boundaryYearSourceLag": null, "statsArea": 0.012203831331480295, "statsVertices": 7, "statsLineResolution": 61.02799163142903, "statsVertexDensity": 16.385923463439134, "statsPerimeter": 0.4271959414200032}