{
    "boundaryCount": 1,
    "statsArea": 198889.4801662504,
    "statsPerimeter": 4533.540135625415,
    "statsVertices": 27303,
    "statsLineResolution": 166.0454944740657,
    "statsVertexDensity": 6.022445855380846
}