{
    "boundaryCount": 1,
    "statsArea": 198889.4801662499,
    "statsPerimeter": 4533.540135625366,
    "statsVertices": 27303,
    "statsLineResolution": 166.04549447406387,
    "statsVertexDensity": 6.022445855380911
}