{
    "boundaryCount": 1,
    "statsArea": 72482.34859796964,
    "statsPerimeter": 2786.681485778042,
    "statsVertices": 15007,
    "statsLineResolution": 185.69210940081572,
    "statsVertexDensity": 5.385258443273449
}