{
    "boundaryCount": 1,
    "statsArea": 872806.4574326692,
    "statsPerimeter": 9695.733060727698,
    "statsVertices": 57114,
    "statsLineResolution": 169.7610578969727,
    "statsVertexDensity": 5.89063247124023
}