{
    "boundaryCount": 1,
    "boundaryYearSourceLag": 1,
    "statsArea": 759.982510565739,
    "statsPerimeter": 854.1094362744032,
    "statsVertices": 2317,
    "statsLineResolution": 368.6272923066047,
    "statsVertexDensity": 2.7127671251434435
}