{
    "boundaryCount": 1,
    "statsArea": 759.9917156882439,
    "statsPerimeter": 854.1183270193736,
    "statsVertices": 14733,
    "statsLineResolution": 57.97314376022356,
    "statsVertexDensity": 17.249366433119302
}