{
    "boundaryCount": 1,
    "statsArea": 350.6243131261575,
    "statsPerimeter": 453.96759096941236,
    "statsVertices": 17854,
    "statsLineResolution": 25.42666018647991,
    "statsVertexDensity": 39.32879869656373
}