{
    "boundaryCount": 40,
    "statsArea": 57242.11022305235,
    "statsPerimeter": 8050.101177813372,
    "statsVertices": 10794,
    "statsLineResolution": 745.7940687246037,
    "statsVertexDensity": 1.3408527124788197
}