{
    "boundaryCount": 1,
    "statsArea": 30664.798126524158,
    "statsPerimeter": 1323.7190148369918,
    "statsVertices": 2463,
    "statsLineResolution": 537.4417437421811,
    "statsVertexDensity": 1.8606667822954133
}