{
    "boundaryCount": 1,
    "boundaryYearSourceLag": 1,
    "statsArea": 1951695.803844783,
    "statsPerimeter": 30942.885021380243,
    "statsVertices": 57390,
    "statsLineResolution": 539.168583749438,
    "statsVertexDensity": 1.854707470242219
}