{
    "boundaryCount": 1,
    "statsArea": 1951696.1326005897,
    "statsPerimeter": 30942.887812627618,
    "statsVertices": 308128,
    "statsLineResolution": 100.42218757343578,
    "statsVertexDensity": 9.957958735650223
}