{
    "boundaryCount": 6,
    "statsArea": 17428.29184924479,
    "statsPerimeter": 1740.787118316637,
    "statsVertices": 21612,
    "statsLineResolution": 80.54724774739205,
    "statsVertexDensity": 12.415073487503214
}