{"boundaryCount": 6, "boundaryYearSourceLag": null, "statsArea": 17388.748595073026, "statsVertices": 21345, "statsLineResolution": 81.4460379304402, "statsVertexDensity": 12.278068097726988, "statsPerimeter": 1738.465679625246}