{
    "boundaryCount": 164,
    "statsArea": 76650.35270110136,
    "statsPerimeter": 20395.208094032507,
    "statsVertices": 22819,
    "statsLineResolution": 893.7818525804157,
    "statsVertexDensity": 1.1188412442173943
}