{
    "boundaryCount": 6,
    "statsArea": 12218.146886659699,
    "statsPerimeter": 3223.852823610313,
    "statsVertices": 58580,
    "statsLineResolution": 55.03333601246693,
    "statsVertexDensity": 18.170804687788976
}