{"boundaryCount": 17, "boundaryYearSourceLag": null, "statsArea": 98544.39874700225, "statsVertices": 4548, "statsLineResolution": 1945.9048098073542, "statsVertexDensity": 0.5138997524236556, "statsPerimeter": 8849.975075003847}