{
    "boundaryCount": 17,
    "statsArea": 98544.39874700225,
    "statsPerimeter": 9098.898894482065,
    "statsVertices": 4548,
    "statsLineResolution": 2000.6373998421427,
    "statsVertexDensity": 0.4998407008081042
}