{
    "boundaryCount": 17,
    "statsArea": 98544.39874700225,
    "statsPerimeter": 9098.898894482063,
    "statsVertices": 4548,
    "statsLineResolution": 2000.6373998421423,
    "statsVertexDensity": 0.49984070080810433
}