{"boundaryCount": 5341, "boundaryYearSourceLag": null, "statsArea": 241440.0682722045, "statsVertices": 1495702, "statsLineResolution": 101.39681975879782, "statsVertexDensity": 9.862242251569569, "statsPerimeter": 151659.42610687343}