{
    "boundaryCount": 5340,
    "statsArea": 241440.0018567217,
    "statsPerimeter": 153856.43315923883,
    "statsVertices": 1556436,
    "statsLineResolution": 98.8517569365132,
    "statsVertexDensity": 10.116158083484978
}