{
    "boundaryCount": 5341,
    "statsArea": 241440.0682722045,
    "statsPerimeter": 153892.76663918633,
    "statsVertices": 1495702,
    "statsLineResolution": 102.88999188286591,
    "statsVertexDensity": 9.719118270885277
}