{
    "boundaryCount": 69,
    "statsArea": 586009.9088856044,
    "statsPerimeter": 28027.230292166292,
    "statsVertices": 46711,
    "statsLineResolution": 600.0134934419365,
    "statsVertexDensity": 1.6666291857264215
}