{
    "boundaryCount": 1,
    "statsArea": 238294.5388410457,
    "statsPerimeter": 3385.309257232587,
    "statsVertices": 24037,
    "statsLineResolution": 140.83742801649902,
    "statsVertexDensity": 7.100385274593702
}