{"boundaryCount": 1, "boundaryYearSourceLag": null, "statsArea": 238324.27121258664, "statsVertices": 23199, "statsLineResolution": 145.74242074694516, "statsVertexDensity": 6.861420270604092, "statsPerimeter": 3381.078418908381}