{
    "boundaryCount": 1,
    "statsArea": 238324.27121258664,
    "statsPerimeter": 3381.078418908381,
    "statsVertices": 23199,
    "statsLineResolution": 145.74242074694516,
    "statsVertexDensity": 6.861420270604092
}