{
    "boundaryCount": 334,
    "statsArea": 1075404.190176627,
    "statsPerimeter": 95768.96625588911,
    "statsVertices": 498783,
    "statsLineResolution": 192.0052733471051,
    "statsVertexDensity": 5.208190288566766
}