{
    "boundaryCount": 334,
    "statsArea": 1075404.190176627,
    "statsPerimeter": 95768.966255889,
    "statsVertices": 498783,
    "statsLineResolution": 192.00527334710486,
    "statsVertexDensity": 5.208190288566772
}