{
    "boundaryCount": 1,
    "statsArea": 25440.07026684319,
    "statsPerimeter": 855.8150106804081,
    "statsVertices": 7143,
    "statsLineResolution": 119.81170526115191,
    "statsVertexDensity": 8.346429906997098
}