{
    "boundaryCount": 30,
    "statsArea": 875630.4257306014,
    "statsPerimeter": 32576.90374535337,
    "statsVertices": 74926,
    "statsLineResolution": 434.78770714242546,
    "statsVertexDensity": 2.2999730295328367
}