{
    "boundaryCount": 1,
    "statsArea": 111150.70946751395,
    "statsPerimeter": 14443.263414017454,
    "statsVertices": 54177,
    "statsLineResolution": 266.59400509473494,
    "statsVertexDensity": 3.7510220818530677
}