{
    "boundaryCount": 1,
    "statsArea": 56698.27238871394,
    "statsPerimeter": 1821.9160432492733,
    "statsVertices": 1786,
    "statsLineResolution": 1020.1097666569281,
    "statsVertexDensity": 0.9802866639314404
}