{
    "boundaryCount": 12,
    "statsArea": 343019.0208083055,
    "statsPerimeter": 12716.958384037305,
    "statsVertices": 50029,
    "statsLineResolution": 254.19173647359142,
    "statsVertexDensity": 3.9340381944473335
}