{
    "boundaryCount": 167,
    "statsArea": 111511.49868363637,
    "statsPerimeter": 29682.233725701084,
    "statsVertices": 56961,
    "statsLineResolution": 521.097482939223,
    "statsVertexDensity": 1.919026732502242
}