{
    "boundaryCount": 1,
    "statsArea": 119397.76652707315,
    "statsPerimeter": 2715.9609633613372,
    "statsVertices": 815,
    "statsLineResolution": 3332.467439707162,
    "statsVertexDensity": 0.3000779506754533
}