{
    "boundaryCount": 174,
    "statsArea": 2730536.3843891607,
    "statsPerimeter": 119539.43356704879,
    "statsVertices": 26899,
    "statsLineResolution": 4444.010318861251,
    "statsVertexDensity": 0.22502197975459326
}