{
    "boundaryCount": 1,
    "statsArea": 306.3893744732481,
    "statsPerimeter": 151.72627489659882,
    "statsVertices": 67,
    "statsLineResolution": 2264.571267113415,
    "statsVertexDensity": 0.4415846895711397
}