{
    "boundaryCount": 1,
    "statsArea": 309.1964668374184,
    "statsPerimeter": 181.74058201663993,
    "statsVertices": 81,
    "statsLineResolution": 2243.71088909432,
    "statsVertexDensity": 0.4456902200994588
}