{
    "boundaryCount": 42,
    "statsArea": 207353.10002240122,
    "statsPerimeter": 18914.023705068095,
    "statsVertices": 23591,
    "statsLineResolution": 801.747433558056,
    "statsVertexDensity": 1.247275585981141
}