{
    "boundaryCount": 42,
    "boundaryYearSourceLag": 1,
    "statsArea": 238301.61536078074,
    "statsPerimeter": 18914.023934613604,
    "statsVertices": 18457,
    "statsLineResolution": 1024.761550339362,
    "statsVertexDensity": 0.9758367687281378
}