{
    "boundaryCount": 18,
    "statsArea": 436961.09034472506,
    "statsPerimeter": 14892.085018087288,
    "statsVertices": 48249,
    "statsLineResolution": 308.65064598410925,
    "statsVertexDensity": 3.2399089812742026
}