{
    "boundaryCount": 1,
    "statsArea": 2782896.9236914827,
    "statsPerimeter": 14583.02263864004,
    "statsVertices": 4674,
    "statsLineResolution": 3120.0305174668465,
    "statsVertexDensity": 0.3205096855308647
}