{
    "boundaryCount": 1,
    "statsArea": 2784305.918947215,
    "statsPerimeter": 14598.643918147209,
    "statsVertices": 4696,
    "statsLineResolution": 3108.7401869989794,
    "statsVertexDensity": 0.3216737134168003
}