{
    "boundaryCount": 77,
    "statsArea": 323627.2891838041,
    "statsPerimeter": 43907.44086582936,
    "statsVertices": 175578,
    "statsLineResolution": 250.07370436973517,
    "statsVertexDensity": 3.998821077651152
}