{
    "boundaryCount": 77,
    "boundaryYearSourceLag": 1,
    "statsArea": 513789.08609570476,
    "statsPerimeter": 43907.43035722565,
    "statsVertices": 57243,
    "statsLineResolution": 767.0358010101785,
    "statsVertexDensity": 1.3037201114772088
}