{
    "boundaryCount": 77,
    "statsArea": 514054.55520661623,
    "statsPerimeter": 46652.70302652908,
    "statsVertices": 647416,
    "statsLineResolution": 72.05985491017998,
    "statsVertexDensity": 13.877352393318917
}