{"boundaryCount": 77, "boundaryYearSourceLag": null, "statsArea": 514054.5594529991, "statsVertices": 605879, "statsLineResolution": 76.93886560181006, "statsVertexDensity": 12.99733226085509, "statsPerimeter": 46615.64295195908}