{
    "boundaryCount": 1,
    "boundaryYearSourceLag": 2,
    "statsArea": 154863.57957980438,
    "statsPerimeter": 4132.2381353602605,
    "statsVertices": 60436,
    "statsLineResolution": 68.37378607717686,
    "statsVertexDensity": 14.625488178631073
}