{
    "boundaryCount": 25,
    "statsArea": 912455.1246529703,
    "statsPerimeter": 31697.214545536845,
    "statsVertices": 488860,
    "statsLineResolution": 64.83904296840987,
    "statsVertexDensity": 15.422806294152254
}