{
    "boundaryCount": 25,
    "statsArea": 912455.1246529698,
    "statsPerimeter": 31697.21454553707,
    "statsVertices": 488860,
    "statsLineResolution": 64.83904296841033,
    "statsVertexDensity": 15.422806294152144
}