{
    "boundaryCount": 32,
    "statsArea": 1623075.8096399868,
    "statsPerimeter": 42659.873542779744,
    "statsVertices": 135421,
    "statsLineResolution": 315.0166779360641,
    "statsVertexDensity": 3.1744351015058325
}