{"boundaryCount": 9, "boundaryYearSourceLag": null, "statsArea": 264549.83627175516, "statsVertices": 57296, "statsLineResolution": 177.39911450057497, "statsVertexDensity": 5.637006716833183, "statsPerimeter": 10164.259664424942}