{
    "boundaryCount": 9,
    "statsArea": 264549.83627175516,
    "statsPerimeter": 10164.302229582363,
    "statsVertices": 57296,
    "statsLineResolution": 177.39985739985974,
    "statsVertexDensity": 5.6369831106797195
}