{
    "boundaryCount": 9,
    "statsArea": 264549.83592282765,
    "statsPerimeter": 10169.895956500923,
    "statsVertices": 58683,
    "statsLineResolution": 173.30225033656976,
    "statsVertexDensity": 5.770265521987759
}