{
    "boundaryCount": 212,
    "statsArea": 20273.620899403704,
    "statsPerimeter": 12461.689049748476,
    "statsVertices": 187101,
    "statsLineResolution": 66.60407507040837,
    "statsVertexDensity": 15.01409634384806
}