{
    "boundaryCount": 212,
    "statsArea": 20273.620899404505,
    "statsPerimeter": 12461.689049748578,
    "statsVertices": 187101,
    "statsLineResolution": 66.60407507040892,
    "statsVertexDensity": 15.014096343847937
}