{
    "boundaryCount": 10,
    "boundaryYearSourceLag": 1,
    "statsArea": 64915.32216550675,
    "statsPerimeter": 5530.728048339294,
    "statsVertices": 5594,
    "statsLineResolution": 988.6893186162486,
    "statsVertexDensity": 1.0114400764434086
}