{
    "boundaryCount": 10,
    "statsArea": 54108.7849293421,
    "statsPerimeter": 5530.727959433676,
    "statsVertices": 8669,
    "statsLineResolution": 637.9891520860164,
    "statsVertexDensity": 1.567424770045582
}