{
    "boundaryCount": 10,
    "statsArea": 751181.374375103,
    "statsPerimeter": 17692.010844047905,
    "statsVertices": 17031,
    "statsLineResolution": 1038.8122156096474,
    "statsVertexDensity": 0.962637890634671
}