{
    "boundaryCount": 1,
    "statsArea": 23.358516924702407,
    "statsPerimeter": 24.18934486522824,
    "statsVertices": 9,
    "statsLineResolution": 2687.7049850253597,
    "statsVertexDensity": 0.3720646445839607
}