{"boundaryCount": 1, "boundaryYearSourceLag": null, "statsArea": 23.358516924702407, "statsVertices": 9, "statsLineResolution": 2687.7049850253597, "statsVertexDensity": 0.3720646445839607, "statsPerimeter": 24.18934486522824}