{
    "boundaryCount": 1,
    "statsArea": 579.3044080917239,
    "statsPerimeter": 315.54625798916163,
    "statsVertices": 183,
    "statsLineResolution": 1724.2964917440527,
    "statsVertexDensity": 0.5799466650822577
}