{
    "boundaryCount": 1,
    "statsArea": 613.9765544623341,
    "statsPerimeter": 330.7555758322029,
    "statsVertices": 243,
    "statsLineResolution": 1361.1340569226456,
    "statsVertexDensity": 0.7346814921822434
}