{
    "boundaryCount": 237,
    "statsArea": 1872128.4260524986,
    "statsPerimeter": 85704.72320207662,
    "statsVertices": 65580,
    "statsLineResolution": 1306.8728759084572,
    "statsVertexDensity": 0.7651853661013982
}