{
    "boundaryCount": 237,
    "statsArea": 1872128.4259263694,
    "statsPerimeter": 85703.21326917314,
    "statsVertices": 64530,
    "statsLineResolution": 1328.114261106046,
    "statsVertexDensity": 0.7529472646180351
}