{
    "boundaryCount": 14,
    "statsArea": 1925698.2110604278,
    "statsPerimeter": 31745.21674876811,
    "statsVertices": 54378,
    "statsLineResolution": 583.7878691523798,
    "statsVertexDensity": 1.7129509755862722
}