{
    "boundaryCount": 351,
    "statsArea": 273368.85386034596,
    "statsPerimeter": 46914.951013196456,
    "statsVertices": 115739,
    "statsLineResolution": 405.3512732371668,
    "statsVertexDensity": 2.4669960748215294
}