{"boundaryCount": 351, "boundaryYearSourceLag": null, "statsArea": 273417.4907242083, "statsVertices": 115697, "statsLineResolution": 405.5107981259416, "statsVertexDensity": 2.4660255771769233, "statsPerimeter": 46916.38281077707}