{
    "boundaryCount": 351,
    "statsArea": 273417.4907242083,
    "statsPerimeter": 46916.38281077707,
    "statsVertices": 115697,
    "statsLineResolution": 405.5107981259416,
    "statsVertexDensity": 2.4660255771769233
}