{
    "boundaryCount": 16,
    "statsArea": 5908.025347080928,
    "statsPerimeter": 1870.8718093174914,
    "statsVertices": 28624,
    "statsLineResolution": 65.36025046525613,
    "statsVertexDensity": 15.299818970730152
}