{
    "boundaryCount": 1,
    "statsArea": 0.49375269883482076,
    "statsPerimeter": 3.8189858685826312,
    "statsVertices": 237,
    "statsLineResolution": 16.11386442439929,
    "statsVertexDensity": 62.058360034717694
}