{
    "boundaryCount": 1,
    "statsArea": 0.49375269880680245,
    "statsPerimeter": 3.8189858685794857,
    "statsVertices": 237,
    "statsLineResolution": 16.113864424386016,
    "statsVertexDensity": 62.05836003476881
}