{
    "boundaryCount": 13,
    "statsArea": 9970825.401450539,
    "statsPerimeter": 381404.021701638,
    "statsVertices": 7032784,
    "statsLineResolution": 54.23229573119806,
    "statsVertexDensity": 18.43919728120108
}