{
    "boundaryCount": 13,
    "statsArea": 9970825.401450552,
    "statsPerimeter": 381404.021701637,
    "statsVertices": 7032784,
    "statsLineResolution": 54.23229573119792,
    "statsVertexDensity": 18.439197281201125
}