{
    "boundaryCount": 1,
    "boundaryYearSourceLag": 1,
    "statsArea": 2328972.50483387,
    "statsPerimeter": 11262.559478526911,
    "statsVertices": 13493,
    "statsLineResolution": 834.6964706534433,
    "statsVertexDensity": 1.1980402878871028
}