{
    "boundaryCount": 1,
    "statsArea": 2328972.6293265116,
    "statsPerimeter": 11262.557169849008,
    "statsVertices": 52581,
    "statsLineResolution": 214.19442707154693,
    "statsVertexDensity": 4.668655546607532
}