{
    "boundaryCount": 1,
    "statsArea": 51208.207863401905,
    "statsPerimeter": 1667.2393205621531,
    "statsVertices": 22082,
    "statsLineResolution": 75.50218823304742,
    "statsVertexDensity": 13.244649240011013
}