{
    "boundaryCount": 1,
    "statsArea": 51208.2078634019,
    "statsPerimeter": 1667.23932056211,
    "statsVertices": 22082,
    "statsLineResolution": 75.50218823304546,
    "statsVertexDensity": 13.244649240011357
}