{
    "boundaryCount": 27,
    "boundaryYearSourceLag": 1,
    "statsArea": 597584.1016389967,
    "statsPerimeter": 31905.094543756564,
    "statsVertices": 34435,
    "statsLineResolution": 926.5309871861932,
    "statsVertexDensity": 1.0792947174243215
}