{
    "boundaryCount": 27,
    "statsArea": 277459.7618805042,
    "statsPerimeter": 31905.08817629744,
    "statsVertices": 94091,
    "statsLineResolution": 339.0875660402954,
    "statsVertexDensity": 2.94909073687817
}