{
    "boundaryCount": 13,
    "boundaryYearSourceLag": 6,
    "statsArea": 1909504.2732772063,
    "statsPerimeter": 32288.046435436598,
    "statsVertices": 192397,
    "statsLineResolution": 167.81990589997037,
    "statsVertexDensity": 5.958768685021511
}