{
    "boundaryCount": 1,
    "boundaryYearSourceLag": 1,
    "statsArea": 132414.84788690804,
    "statsPerimeter": 16010.7301051419,
    "statsVertices": 261013,
    "statsLineResolution": 61.34073822047906,
    "statsVertexDensity": 16.3023796095454
}