{
    "boundaryCount": 1,
    "statsArea": 132415.00794229005,
    "statsPerimeter": 16007.563088238361,
    "statsVertices": 671983,
    "statsLineResolution": 23.821381029339076,
    "statsVertexDensity": 41.97909427536431
}