{
    "boundaryCount": 62,
    "statsArea": 1111790.1008548404,
    "statsPerimeter": 43621.3072544807,
    "statsVertices": 130352,
    "statsLineResolution": 334.6424086663856,
    "statsVertexDensity": 2.988264410315454
}