{
    "boundaryCount": 62,
    "statsArea": 1111790.10085484,
    "statsPerimeter": 43621.30725448103,
    "statsVertices": 130352,
    "statsLineResolution": 334.6424086663881,
    "statsVertexDensity": 2.9882644103154314
}