{
    "boundaryCount": 2479,
    "statsArea": 312400.0600622626,
    "statsPerimeter": 177020.53552923145,
    "statsVertices": 5033365,
    "statsLineResolution": 35.16942155580441,
    "statsVertexDensity": 28.433791508719274
}