{
    "boundaryCount": 2479,
    "statsArea": 312400.071749114,
    "statsPerimeter": 176996.17400613477,
    "statsVertices": 5446970,
    "statsLineResolution": 32.494427912423745,
    "statsVertexDensity": 30.774507023023027
}