{"boundaryCount": 2479, "boundaryYearSourceLag": null, "statsArea": 312400.0600622626, "statsVertices": 5033365, "statsLineResolution": 34.83680920297942, "statsVertexDensity": 28.705269594968385, "statsPerimeter": 175346.3761539545}