{
    "boundaryCount": 1,
    "statsArea": 325121.23193399626,
    "statsPerimeter": 46476.49419819302,
    "statsVertices": 531374,
    "statsLineResolution": 87.46475024783489,
    "statsVertexDensity": 11.433177333342401
}