{
    "boundaryCount": 15,
    "boundaryYearSourceLag": 1,
    "statsArea": 122120.16072019112,
    "statsPerimeter": 10481.961709161711,
    "statsVertices": 16657,
    "statsLineResolution": 629.2826865078773,
    "statsVertexDensity": 1.5891109376445274
}