{
    "boundaryCount": 15,
    "statsArea": 1375.9694564350434,
    "statsPerimeter": 10481.970858656108,
    "statsVertices": 63681,
    "statsLineResolution": 164.60122891688428,
    "statsVertexDensity": 6.075288784781503
}