{
    "boundaryCount": 1,
    "statsArea": 1461.4566385807343,
    "statsPerimeter": 802.7269472469493,
    "statsVertices": 635,
    "statsLineResolution": 1264.1369247983453,
    "statsVertexDensity": 0.7910535483800694
}