{
    "boundaryCount": 1,
    "statsArea": 2730536.3843891593,
    "statsPerimeter": 14801.497372120788,
    "statsVertices": 12545,
    "statsLineResolution": 1179.872249670848,
    "statsVertexDensity": 0.8475493853499585
}