{"boundaryCount": 1, "boundaryYearSourceLag": null, "statsArea": 2730536.2557314713, "statsVertices": 9511, "statsLineResolution": 1556.251306559623, "statsVertexDensity": 0.6425697416509691, "statsPerimeter": 14801.506176688572}