{
    "boundaryCount": 1,
    "statsArea": 940193.6292911827,
    "statsPerimeter": 7634.980715756057,
    "statsVertices": 38272,
    "statsLineResolution": 199.49259813325818,
    "statsVertexDensity": 5.012717310604248
}