{
    "boundaryCount": 1,
    "statsArea": 50.57217029229617,
    "statsPerimeter": 27.20833721548566,
    "statsVertices": 12,
    "statsLineResolution": 2267.361434623805,
    "statsVertexDensity": 0.4410412846974781
}