{
    "boundaryCount": 1,
    "statsArea": 41.14649747967198,
    "statsPerimeter": 31.266215182794372,
    "statsVertices": 26,
    "statsLineResolution": 1202.5467377997834,
    "statsVertexDensity": 0.831568510866888
}