{
    "boundaryCount": 24,
    "statsArea": 256054.92599524988,
    "statsPerimeter": 22206.251217667006,
    "statsVertices": 247741,
    "statsLineResolution": 89.63494624493728,
    "statsVertexDensity": 11.156363024610856
}