{
    "boundaryCount": 24,
    "statsArea": 256054.92599524878,
    "statsPerimeter": 22206.251217667083,
    "statsVertices": 247741,
    "statsLineResolution": 89.6349462449376,
    "statsVertexDensity": 11.156363024610819
}