{
    "boundaryCount": 1,
    "statsArea": 11089.216054980616,
    "statsPerimeter": 512.5079105114291,
    "statsVertices": 151,
    "statsLineResolution": 3394.0921225922457,
    "statsVertexDensity": 0.2946295986911067
}