{
    "boundaryCount": 1,
    "statsArea": 11110.313472156202,
    "statsPerimeter": 523.250233467526,
    "statsVertices": 196,
    "statsLineResolution": 2669.644048303704,
    "statsVertexDensity": 0.37458177266568615
}