{
    "boundaryCount": 1,
    "statsArea": 11150.106993924639,
    "statsPerimeter": 595.3743087347862,
    "statsVertices": 241,
    "statsLineResolution": 2470.4328163269133,
    "statsVertexDensity": 0.4047873689950488
}