{
    "boundaryCount": 12,
    "boundaryYearSourceLag": 32,
    "statsArea": 357773.35921543883,
    "statsPerimeter": 16761.156409511823,
    "statsVertices": 41388,
    "statsLineResolution": 404.9762348872094,
    "statsVertexDensity": 2.469280698109388
}