{
    "boundaryCount": 1,
    "statsArea": 578322.3797535098,
    "statsPerimeter": 3626.9415143003184,
    "statsVertices": 404,
    "statsLineResolution": 8977.578005693858,
    "statsVertexDensity": 0.1113886172156643
}