{
    "boundaryCount": 1,
    "statsArea": 579029.200543917,
    "statsPerimeter": 3751.2106334838745,
    "statsVertices": 956,
    "statsLineResolution": 3923.8604952760193,
    "statsVertexDensity": 0.25485105834009936
}