{
    "boundaryCount": 1,
    "statsArea": 578325.3014162582,
    "statsPerimeter": 3642.4832410490526,
    "statsVertices": 686,
    "statsLineResolution": 5309.742333890747,
    "statsVertexDensity": 0.18833305594082259
}