{
    "boundaryCount": 1,
    "statsArea": 90494.88905812462,
    "statsPerimeter": 2986.353270279251,
    "statsVertices": 289,
    "statsLineResolution": 10333.402319305367,
    "statsVertexDensity": 0.09677354748220257
}