{
    "boundaryCount": 52,
    "statsArea": 191959.94237684525,
    "statsPerimeter": 19288.052197785826,
    "statsVertices": 53780,
    "statsLineResolution": 358.64730750810384,
    "statsVertexDensity": 2.7882545862341495
}