{
    "boundaryCount": 5,
    "statsArea": 709.3326133148042,
    "statsPerimeter": 1029.8789028492115,
    "statsVertices": 55464,
    "statsLineResolution": 18.568421009108818,
    "statsVertexDensity": 53.854875409677845
}