{
    "boundaryCount": 5,
    "statsArea": 709.332613314963,
    "statsPerimeter": 1029.8789028491794,
    "statsVertices": 55464,
    "statsLineResolution": 18.568421009108242,
    "statsVertexDensity": 53.85487540967952
}