{
    "boundaryCount": 45,
    "boundaryYearSourceLag": 7,
    "statsArea": 196435.09005549055,
    "statsPerimeter": 16440.972605910963,
    "statsVertices": 55053,
    "statsLineResolution": 298.6389952574967,
    "statsVertexDensity": 3.348524525866979
}