{
    "boundaryCount": 11,
    "statsArea": 29690.163498748774,
    "statsPerimeter": 3056.0539583429386,
    "statsVertices": 2592,
    "statsLineResolution": 1179.0331629409486,
    "statsVertexDensity": 0.8481525638393639
}