{"boundaryCount": 11, "boundaryYearSourceLag": null, "statsArea": 29690.163498748774, "statsVertices": 2592, "statsLineResolution": 1168.6956031718141, "statsVertexDensity": 0.8556547977814086, "statsPerimeter": 3029.259003421342}