{
    "boundaryCount": 11,
    "statsArea": 29690.163729705844,
    "statsPerimeter": 3056.053329344306,
    "statsVertices": 2849,
    "statsLineResolution": 1072.6757912756425,
    "statsVertexDensity": 0.9322481295217677
}