{
    "boundaryCount": 39,
    "statsArea": 5777.491189062222,
    "statsPerimeter": 2064.4950792117575,
    "statsVertices": 10467,
    "statsLineResolution": 197.2384713109542,
    "statsVertexDensity": 5.070004818803634
}