{
    "boundaryCount": 32,
    "statsArea": 5777.799293363115,
    "statsPerimeter": 2026.751168039354,
    "statsVertices": 9202,
    "statsLineResolution": 220.25115931746947,
    "statsVertexDensity": 4.5402712208138825
}