{
    "boundaryCount": 92,
    "boundaryYearSourceLag": 1,
    "statsArea": 1126904.777458077,
    "statsPerimeter": 58366.335835456346,
    "statsVertices": 208257,
    "statsLineResolution": 280.26109967711216,
    "statsVertexDensity": 3.568101321061312
}