{
    "boundaryCount": 45,
    "statsArea": 196889.70521216173,
    "statsPerimeter": 16058.831356031124,
    "statsVertices": 60969,
    "statsLineResolution": 263.3933860819617,
    "statsVertexDensity": 3.796602545246994
}