{
    "boundaryCount": 45,
    "statsArea": 196889.7046838759,
    "statsPerimeter": 16061.12721126818,
    "statsVertices": 61923,
    "statsLineResolution": 259.37256288080647,
    "statsVertexDensity": 3.8554579131006452
}