{
    "boundaryCount": 1,
    "statsArea": 37878.02168299607,
    "statsPerimeter": 1201.764950994388,
    "statsVertices": 7651,
    "statsLineResolution": 157.07292523779742,
    "statsVertexDensity": 6.366469577656811
}