{
    "boundaryCount": 1,
    "statsArea": 37878.02168299644,
    "statsPerimeter": 1201.7649509943753,
    "statsVertices": 7651,
    "statsLineResolution": 157.07292523779577,
    "statsVertexDensity": 6.366469577656878
}