{
    "boundaryCount": 26,
    "boundaryYearSourceLag": 1,
    "statsArea": 2328972.504875525,
    "statsPerimeter": 52567.57393432528,
    "statsVertices": 54019,
    "statsLineResolution": 973.1311933639141,
    "statsVertexDensity": 1.0276106724553817
}