{
    "boundaryCount": 26,
    "statsArea": 2221199.5167305525,
    "statsPerimeter": 52567.574713254515,
    "statsVertices": 66656,
    "statsLineResolution": 788.6398030673084,
    "statsVertexDensity": 1.2680059973014732
}