{
    "boundaryCount": 33,
    "statsArea": 1879827.366756591,
    "statsPerimeter": 68558.94515663167,
    "statsVertices": 23904,
    "statsLineResolution": 2868.0950952406156,
    "statsVertexDensity": 0.3486634741154237
}