{
    "boundaryCount": 1,
    "statsArea": 209744.06690232025,
    "statsPerimeter": 4078.7458106471154,
    "statsVertices": 41002,
    "statsLineResolution": 99.4767526132168,
    "statsVertexDensity": 10.052599966629156
}