{
    "boundaryCount": 1,
    "statsArea": 272769.39665785385,
    "statsPerimeter": 3272.6456524578803,
    "statsVertices": 1110,
    "statsLineResolution": 2948.329416628721,
    "statsVertexDensity": 0.3391751255337858
}