{
    "boundaryCount": 1,
    "statsArea": 272333.8286470264,
    "statsPerimeter": 2981.0182748730062,
    "statsVertices": 501,
    "statsLineResolution": 5950.136277191629,
    "statsVertexDensity": 0.1680633776125854
}