{
    "boundaryCount": 1,
    "statsArea": 272338.9527783729,
    "statsPerimeter": 2955.202610739406,
    "statsVertices": 298,
    "statsLineResolution": 9916.787284360422,
    "statsVertexDensity": 0.10083910961537726
}