{
    "boundaryCount": 1,
    "statsArea": 110902.12488546551,
    "statsPerimeter": 2107.7563683662984,
    "statsVertices": 6539,
    "statsLineResolution": 322.33619335774557,
    "statsVertexDensity": 3.102350963393514
}