{
    "boundaryCount": 1,
    "statsArea": 980485.3295536373,
    "statsPerimeter": 8475.209282503245,
    "statsVertices": 21691,
    "statsLineResolution": 390.7246914620463,
    "statsVertexDensity": 2.5593468287302668
}