{
    "boundaryCount": 1892,
    "statsArea": 378255.1078506158,
    "statsPerimeter": 133678.7835162047,
    "statsVertices": 249976,
    "statsLineResolution": 534.7664716460969,
    "statsVertexDensity": 1.8699751256316421
}