{
    "boundaryCount": 1,
    "statsArea": 1269963.0034022613,
    "statsPerimeter": 6102.582776996975,
    "statsVertices": 7055,
    "statsLineResolution": 865.001102338338,
    "statsVertexDensity": 1.1560678908925348
}