{"boundaryCount": 1, "boundaryYearSourceLag": null, "statsArea": 1269963.0212779029, "statsVertices": 6623, "statsLineResolution": 921.4228481051414, "statsVertexDensity": 1.0852780588808368, "statsPerimeter": 6102.583523000351}