{
    "boundaryCount": 9,
    "statsArea": 17344.571477631467,
    "statsPerimeter": 2660.215385936365,
    "statsVertices": 15658,
    "statsLineResolution": 169.8949665306147,
    "statsVertexDensity": 5.885989564145223
}