{"boundaryCount": 13, "boundaryYearSourceLag": null, "statsArea": 273417.49077099044, "statsVertices": 28917, "statsLineResolution": 412.82920500181575, "statsVertexDensity": 2.4223092452860784, "statsPerimeter": 11937.782121037506}