{
    "boundaryCount": 13,
    "statsArea": 273417.49077099044,
    "statsPerimeter": 11937.782121037506,
    "statsVertices": 28917,
    "statsLineResolution": 412.82920500181575,
    "statsVertexDensity": 2.4223092452860784
}