{
    "boundaryCount": 13,
    "statsArea": 273368.8538603456,
    "statsPerimeter": 11936.857811110896,
    "statsVertices": 28931,
    "statsLineResolution": 412.5974840520859,
    "statsVertexDensity": 2.423669650573441
}