{
    "boundaryCount": 340,
    "statsArea": 642170.8612474054,
    "statsPerimeter": 121871.51977397008,
    "statsVertices": 3994911,
    "statsLineResolution": 30.506692082494475,
    "statsVertexDensity": 32.77969297018033
}