{
    "boundaryCount": 340,
    "statsArea": 642170.8612474154,
    "statsPerimeter": 121871.51977397122,
    "statsVertices": 3994911,
    "statsLineResolution": 30.50669208249476,
    "statsVertexDensity": 32.77969297018002
}