{"boundaryCount": 1, "boundaryYearSourceLag": null, "statsArea": 309.19646688270655, "statsVertices": 81, "statsLineResolution": 2243.7108880679957, "statsVertexDensity": 0.44569022030332767, "statsPerimeter": 181.74058193350766}