{
    "boundaryCount": 1,
    "boundaryYearSourceLag": 1,
    "statsArea": 1252293.735950676,
    "statsPerimeter": 7853.415072419445,
    "statsVertices": 8815,
    "statsLineResolution": 890.9149259693074,
    "statsVertexDensity": 1.1224416280959812
}