{
    "boundaryCount": 4,
    "statsArea": 5716.693017099338,
    "statsPerimeter": 737.6032790839478,
    "statsVertices": 217,
    "statsLineResolution": 3399.0934519997595,
    "statsVertexDensity": 0.29419608908124567
}