{
    "boundaryCount": 634,
    "boundaryYearSourceLag": 11,
    "statsArea": 7687040.577727088,
    "statsPerimeter": 288415.70433888526,
    "statsVertices": 1329692,
    "statsLineResolution": 216.90414346998045,
    "statsVertexDensity": 4.610331476394318
}