{"boundaryCount": 12, "boundaryYearSourceLag": null, "statsArea": 341732.1870766564, "statsVertices": 18159, "statsLineResolution": 615.6369300870613, "statsVertexDensity": 1.624334004554573, "statsPerimeter": 11179.351013450945}