{
    "boundaryCount": 12,
    "statsArea": 341732.66683248634,
    "statsPerimeter": 11179.274390696286,
    "statsVertices": 18727,
    "statsLineResolution": 596.9602387299773,
    "statsVertexDensity": 1.675153444268722
}