{
    "boundaryCount": 1,
    "statsArea": 244785.46498850643,
    "statsPerimeter": 4434.912896467731,
    "statsVertices": 6961,
    "statsLineResolution": 637.1085902122873,
    "statsVertexDensity": 1.5695911424876503
}