{
    "boundaryCount": 1,
    "statsArea": 28202.484406420586,
    "statsPerimeter": 4049.784375990798,
    "statsVertices": 1389,
    "statsLineResolution": 2915.611501793231,
    "statsVertexDensity": 0.3429812234534524
}