{
    "boundaryCount": 1,
    "statsArea": 26861.258238585084,
    "statsPerimeter": 3342.281278131146,
    "statsVertices": 552,
    "statsLineResolution": 6054.8573879187425,
    "statsVertexDensity": 0.16515665620718006
}