{
    "boundaryCount": 1,
    "statsArea": 27198.794743073995,
    "statsPerimeter": 4489.781786021151,
    "statsVertices": 2177,
    "statsLineResolution": 2062.371054672095,
    "statsVertexDensity": 0.4848787989603521
}