{
    "boundaryCount": 10,
    "statsArea": 578148.3860477769,
    "statsPerimeter": 11030.902013947318,
    "statsVertices": 41928,
    "statsLineResolution": 263.09153820710065,
    "statsVertexDensity": 3.800958429962194
}