{
    "boundaryCount": 10,
    "statsArea": 578148.3860477762,
    "statsPerimeter": 11030.902013947312,
    "statsVertices": 41928,
    "statsLineResolution": 263.09153820710054,
    "statsVertexDensity": 3.8009584299621957
}