{
    "boundaryCount": 1,
    "boundaryYearSourceLag": 0,
    "statsArea": 883885.9631025499,
    "statsPerimeter": 13017.067593019141,
    "statsVertices": 184583,
    "statsLineResolution": 70.52148677299178,
    "statsVertexDensity": 14.180075403387251
}