{
    "boundaryCount": 1,
    "statsArea": 238301.6884713319,
    "statsPerimeter": 3493.3587130023157,
    "statsVertices": 19506,
    "statsLineResolution": 179.0914955912189,
    "statsVertexDensity": 5.5837380591344585
}