{
    "boundaryCount": 1,
    "boundaryYearSourceLag": 1,
    "statsArea": 238301.65498538574,
    "statsPerimeter": 3493.9590524760238,
    "statsVertices": 4292,
    "statsLineResolution": 814.0631529534072,
    "statsVertexDensity": 1.2284059244937167
}