{
    "boundaryCount": 312,
    "statsArea": 338645.5205082286,
    "statsPerimeter": 90694.0361060593,
    "statsVertices": 2694941,
    "statsLineResolution": 33.653440318752544,
    "statsVertexDensity": 29.714644046147484
}