{
    "boundaryCount": 312,
    "statsArea": 338645.5205082271,
    "statsPerimeter": 90694.03610605889,
    "statsVertices": 2694941,
    "statsLineResolution": 33.653440318752395,
    "statsVertexDensity": 29.71464404614762
}