{
    "boundaryCount": 4,
    "statsArea": 5777.491189062221,
    "statsPerimeter": 874.2453744557602,
    "statsVertices": 4925,
    "statsLineResolution": 177.51175115852996,
    "statsVertexDensity": 5.633429862944299
}