{
    "boundaryCount": 4,
    "statsArea": 5777.7992999928665,
    "statsPerimeter": 870.366665313411,
    "statsVertices": 4819,
    "statsLineResolution": 180.61146821195496,
    "statsVertexDensity": 5.536746973489297
}