{"boundaryCount": 4, "boundaryYearSourceLag": null, "statsArea": 5777.7992999928665, "statsVertices": 4819, "statsLineResolution": 180.61146821195496, "statsVertexDensity": 5.536746973489297, "statsPerimeter": 870.366665313411}