{
    "boundaryCount": 6,
    "statsArea": 367.72667900735127,
    "statsPerimeter": 248.67707860234077,
    "statsVertices": 155,
    "statsLineResolution": 1604.3682490473598,
    "statsVertexDensity": 0.6232982986255051
}