{
    "boundaryCount": 2454,
    "statsArea": 1951076.8872552568,
    "statsPerimeter": 371722.08565133,
    "statsVertices": 3756243,
    "statsLineResolution": 98.96113900280946,
    "statsVertexDensity": 10.104976661309552
}