{
    "boundaryCount": 2454,
    "statsArea": 1951076.8872552584,
    "statsPerimeter": 371722.08565133036,
    "statsVertices": 3756243,
    "statsLineResolution": 98.96113900280955,
    "statsVertexDensity": 10.104976661309543
}