{
    "boundaryCount": 52,
    "statsArea": 89194.60976119344,
    "statsPerimeter": 6813.647710779861,
    "statsVertices": 7236,
    "statsLineResolution": 941.6318008264042,
    "statsVertexDensity": 1.0619862234074615
}