{
    "boundaryCount": 52,
    "statsArea": 89111.85176590284,
    "statsPerimeter": 6797.835018507658,
    "statsVertices": 6873,
    "statsLineResolution": 989.0637303226622,
    "statsVertexDensity": 1.0110571941342648
}