{"boundaryCount": 52, "boundaryYearSourceLag": null, "statsArea": 89111.85176590284, "statsVertices": 6873, "statsLineResolution": 989.0637303226622, "statsVertexDensity": 1.0110571941342648, "statsPerimeter": 6797.835018507658}