{
    "boundaryCount": 14,
    "statsArea": 72601.13917296306,
    "statsPerimeter": 6908.003064206409,
    "statsVertices": 49170,
    "statsLineResolution": 140.4922323409886,
    "statsVertexDensity": 7.117831237622452
}