{
    "boundaryCount": 14,
    "statsArea": 72601.13964415023,
    "statsPerimeter": 6919.3015393795185,
    "statsVertices": 49746,
    "statsLineResolution": 139.09262130381376,
    "statsVertexDensity": 7.189453981284493
}