{
    "boundaryCount": 1,
    "statsArea": 5029.542556599035,
    "statsPerimeter": 485.77788023316066,
    "statsVertices": 120,
    "statsLineResolution": 4048.1490019430057,
    "statsVertexDensity": 0.24702648037906366
}