{
    "boundaryCount": 1,
    "statsArea": 5122.92621645398,
    "statsPerimeter": 512.259078140437,
    "statsVertices": 196,
    "statsLineResolution": 2613.5667252063117,
    "statsVertexDensity": 0.382618890252768
}