{
    "boundaryCount": 1,
    "statsArea": 4996.397138753332,
    "statsPerimeter": 480.53045833768914,
    "statsVertices": 96,
    "statsLineResolution": 5005.5256076842625,
    "statsVertexDensity": 0.19977921968171417
}