{
    "boundaryCount": 1,
    "boundaryYearSourceLag": 13,
    "statsArea": 1183623.9276728828,
    "statsPerimeter": 5725.298693483284,
    "statsVertices": 2877,
    "statsLineResolution": 1990.0238767755595,
    "statsVertexDensity": 0.50250653354989
}