{
    "boundaryCount": 21,
    "boundaryYearSourceLag": 1,
    "statsArea": 453008.98970389896,
    "statsPerimeter": 15798.076329763653,
    "statsVertices": 10880,
    "statsLineResolution": 1452.0290744268063,
    "statsVertexDensity": 0.6886914440020794
}