{
    "boundaryCount": 21,
    "statsArea": 180341.1848547031,
    "statsPerimeter": 15798.08188493902,
    "statsVertices": 41989,
    "statsLineResolution": 376.2433467084003,
    "statsVertexDensity": 2.6578543082518067
}