{
    "boundaryCount": 1,
    "boundaryYearSourceLag": 1,
    "statsArea": 453008.9897038989,
    "statsPerimeter": 5069.712822047359,
    "statsVertices": 6445,
    "statsLineResolution": 786.6117644759283,
    "statsVertexDensity": 1.2712751641417912
}