{
    "boundaryCount": 1,
    "statsArea": 453009.0451327649,
    "statsPerimeter": 5069.718181755412,
    "statsVertices": 33941,
    "statsLineResolution": 149.3685566646655,
    "statsVertexDensity": 6.694849453791094
}