{
    "boundaryCount": 1,
    "boundaryYearSourceLag": 1,
    "statsArea": 597583.9704148218,
    "statsPerimeter": 11212.348134477481,
    "statsVertices": 15162,
    "statsLineResolution": 739.5032406329957,
    "statsVertexDensity": 1.352259118085846
}