{
    "boundaryCount": 1,
    "statsArea": 597584.0766448436,
    "statsPerimeter": 11212.340285096838,
    "statsVertices": 78475,
    "statsLineResolution": 142.87786282378894,
    "statsVertexDensity": 6.998984868868724
}