{
    "boundaryCount": 1,
    "statsArea": 2161184.568967624,
    "statsPerimeter": 40872.513166005076,
    "statsVertices": 21396,
    "statsLineResolution": 1910.287584875915,
    "statsVertexDensity": 0.523481389879292
}