{
    "boundaryCount": 1,
    "statsArea": 2154380.791301903,
    "statsPerimeter": 43886.381157817494,
    "statsVertices": 20133,
    "statsLineResolution": 2179.8232333888386,
    "statsVertexDensity": 0.45875279457654033
}