{"boundaryCount": 1, "boundaryYearSourceLag": null, "statsArea": 9945527.764985044, "statsVertices": 68156, "statsLineResolution": 2129.5517060310126, "statsVertexDensity": 0.46958239951063063, "statsPerimeter": 145141.7260762497}