{
    "boundaryCount": 1,
    "statsArea": 9945629.535224522,
    "statsPerimeter": 145209.93263624472,
    "statsVertices": 68193,
    "statsLineResolution": 2129.3964576458684,
    "statsVertexDensity": 0.4696166354599553
}