{
    "boundaryCount": 1,
    "statsArea": 315.55592697692174,
    "statsPerimeter": 215.1167148483052,
    "statsVertices": 1121,
    "statsLineResolution": 191.89715865147656,
    "statsVertexDensity": 5.2111245785363565
}