{
    "boundaryCount": 1,
    "statsArea": 125.37107882686969,
    "statsPerimeter": 152.27946226219717,
    "statsVertices": 1230,
    "statsLineResolution": 123.80444086357492,
    "statsVertexDensity": 8.077254685087912
}