{
    "boundaryCount": 1,
    "statsArea": 1088.3163169541697,
    "statsPerimeter": 969.995288290465,
    "statsVertices": 4199,
    "statsLineResolution": 231.0062606073982,
    "statsVertexDensity": 4.328887006657923
}