{
    "boundaryCount": 1,
    "statsArea": 407.2002029659565,
    "statsPerimeter": 262.78906084099674,
    "statsVertices": 1119,
    "statsLineResolution": 234.84277108221335,
    "statsVertexDensity": 4.258168115593908
}