{
    "boundaryCount": 1,
    "statsArea": 16.147661684930018,
    "statsPerimeter": 130.23216006834835,
    "statsVertices": 10241,
    "statsLineResolution": 12.716742512288679,
    "statsVertexDensity": 78.636490361715
}