{
    "boundaryCount": 1,
    "statsArea": 823871.5506170476,
    "statsPerimeter": 6273.99821439224,
    "statsVertices": 87010,
    "statsLineResolution": 72.10663388567107,
    "statsVertexDensity": 13.868349500068934
}