{
    "boundaryCount": 1,
    "statsArea": 823862.9359227802,
    "statsPerimeter": 6280.133366993344,
    "statsVertices": 70132,
    "statsLineResolution": 89.54733027709666,
    "statsVertexDensity": 11.167278766497942
}