{"boundaryCount": 1, "boundaryYearSourceLag": null, "statsArea": 823862.9359227802, "statsVertices": 70132, "statsLineResolution": 89.54733027709666, "statsVertexDensity": 11.167278766497942, "statsPerimeter": 6280.133366993344}