{
    "boundaryCount": 1,
    "statsArea": 450047.27450389805,
    "statsPerimeter": 26271.03000509498,
    "statsVertices": 407898,
    "statsLineResolution": 64.40588089447603,
    "statsVertexDensity": 15.526532454985306
}