{"boundaryCount": 1, "boundaryYearSourceLag": null, "statsArea": 450047.27450389805, "statsVertices": 407898, "statsLineResolution": 64.40588089447603, "statsVertexDensity": 15.526532454985306, "statsPerimeter": 26271.03000509498}