{
    "boundaryCount": 1,
    "statsArea": 450047.27808468,
    "statsPerimeter": 26290.787829648387,
    "statsVertices": 410207,
    "statsLineResolution": 64.09151435652825,
    "statsVertexDensity": 15.602689529805776
}