{
    "boundaryCount": 17,
    "statsArea": 228113.98295046014,
    "statsPerimeter": 11280.323662507877,
    "statsVertices": 3689,
    "statsLineResolution": 3057.8269619159328,
    "statsVertexDensity": 0.32702962347268766
}