{
    "boundaryCount": 1,
    "statsArea": 432.9181044051904,
    "statsPerimeter": 112.33601825686844,
    "statsVertices": 3600,
    "statsLineResolution": 31.20444951579679,
    "statsVertexDensity": 32.0467117836437
}