{
    "boundaryCount": 1,
    "statsArea": 432.9181044047699,
    "statsPerimeter": 112.33601825686627,
    "statsVertices": 3600,
    "statsLineResolution": 31.204449515796185,
    "statsVertexDensity": 32.04671178364432
}