{
    "boundaryCount": 1,
    "statsArea": 1036391.8235232616,
    "statsPerimeter": 5897.811088257114,
    "statsVertices": 1146,
    "statsLineResolution": 5146.4320141859625,
    "statsVertexDensity": 0.1943093773013098
}