{
    "boundaryCount": 1,
    "statsArea": 1036391.8409595734,
    "statsPerimeter": 5897.8111331689415,
    "statsVertices": 1146,
    "statsLineResolution": 5146.432053376039,
    "statsVertexDensity": 0.194309375821644
}