{
    "boundaryCount": 1,
    "statsArea": 97195.88866435163,
    "statsPerimeter": 2851.5197372170655,
    "statsVertices": 478,
    "statsLineResolution": 5965.522462797208,
    "statsVertexDensity": 0.16762991108260855
}