{
    "boundaryCount": 1,
    "statsArea": 97981.19761662303,
    "statsPerimeter": 3248.3183036509995,
    "statsVertices": 1178,
    "statsLineResolution": 2757.485826528862,
    "statsVertexDensity": 0.36264918948243713
}