{
    "boundaryCount": 1,
    "statsArea": 98544.42882660482,
    "statsPerimeter": 5063.4006425924945,
    "statsVertices": 3060,
    "statsLineResolution": 1654.7060923504885,
    "statsVertexDensity": 0.6043369300583846
}