{
    "boundaryCount": 1,
    "statsArea": 7686865.844311491,
    "statsPerimeter": 72515.16010012398,
    "statsVertices": 1346366,
    "statsLineResolution": 53.859916322993875,
    "statsVertexDensity": 18.56668313413402
}