{
    "boundaryCount": 1,
    "statsArea": 7686865.844311491,
    "statsPerimeter": 72515.16010012449,
    "statsVertices": 1346366,
    "statsLineResolution": 53.85991632299425,
    "statsVertexDensity": 18.56668313413389
}