{"boundaryCount": 42, "boundaryYearSourceLag": null, "statsArea": 236376.6560893458, "statsVertices": 7906, "statsLineResolution": 2043.6455388599275, "statsVertexDensity": 0.48932164653067095, "statsPerimeter": 16157.061630226586}