{
    "boundaryCount": 42,
    "statsArea": 236376.6560893458,
    "statsPerimeter": 16249.031003341383,
    "statsVertices": 7906,
    "statsLineResolution": 2055.278396577458,
    "statsVertexDensity": 0.4865520902984457
}