{
    "boundaryCount": 42,
    "statsArea": 236376.6560893458,
    "statsPerimeter": 16249.031003341379,
    "statsVertices": 7906,
    "statsLineResolution": 2055.2783965774574,
    "statsVertexDensity": 0.4865520902984458
}