{
    "boundaryCount": 5,
    "statsArea": 470850.4170157178,
    "statsPerimeter": 10032.52255266238,
    "statsVertices": 2471,
    "statsLineResolution": 4060.1062536067907,
    "statsVertexDensity": 0.24629897286841967
}