{"boundaryCount": 1, "boundaryYearSourceLag": null, "statsArea": 763.4180890256144, "statsVertices": 14119, "statsLineResolution": 64.63888035957343, "statsVertexDensity": 15.470564997988763, "statsPerimeter": 912.6363517968173}