{
    "boundaryCount": 1,
    "statsArea": 763.4179818733726,
    "statsPerimeter": 913.003665980879,
    "statsVertices": 14135,
    "statsLineResolution": 64.59169904357121,
    "statsVertexDensity": 15.481865546305517
}