{
    "boundaryCount": 1,
    "statsArea": 367.72526415574873,
    "statsPerimeter": 134.75580358498294,
    "statsVertices": 83,
    "statsLineResolution": 1623.5638986142521,
    "statsVertexDensity": 0.615928945484389
}