{
    "boundaryCount": 1,
    "statsArea": 390.72725782326336,
    "statsPerimeter": 120.69836540744271,
    "statsVertices": 63,
    "statsLineResolution": 1915.847069959408,
    "statsVertexDensity": 0.5219623297078652
}