{
    "boundaryCount": 178,
    "statsArea": 120342.879762756,
    "statsPerimeter": 27662.46695853414,
    "statsVertices": 216667,
    "statsLineResolution": 127.67272800442218,
    "statsVertexDensity": 7.832526300882074
}