{
    "boundaryCount": 178,
    "statsArea": 120342.87976275706,
    "statsPerimeter": 27662.466958534114,
    "statsVertices": 216667,
    "statsLineResolution": 127.67272800442205,
    "statsVertexDensity": 7.832526300882081
}