{
    "boundaryCount": 24,
    "statsArea": 181059.61152622174,
    "statsPerimeter": 10384.696873737557,
    "statsVertices": 4643,
    "statsLineResolution": 2236.635122493551,
    "statsVertexDensity": 0.44710019526346917
}