{"boundaryCount": 24, "boundaryYearSourceLag": null, "statsArea": 181059.61152622174, "statsVertices": 4643, "statsLineResolution": 2218.0532244250153, "statsVertexDensity": 0.45084580883275666, "statsPerimeter": 10298.421121005347}