{
    "boundaryCount": 24,
    "statsArea": 181059.61246773298,
    "statsPerimeter": 10384.692542221204,
    "statsVertices": 4643,
    "statsLineResolution": 2236.634189580272,
    "statsVertexDensity": 0.44710038175159095
}