{
    "boundaryCount": 14,
    "statsArea": 78873.98399942246,
    "statsPerimeter": 8951.938487671736,
    "statsVertices": 321405,
    "statsLineResolution": 27.852517812951685,
    "statsVertexDensity": 35.90339683886641
}