{
    "boundaryCount": 14,
    "statsArea": 78873.98399942361,
    "statsPerimeter": 8951.93848767178,
    "statsVertices": 321405,
    "statsLineResolution": 27.85251781295182,
    "statsVertexDensity": 35.90339683886624
}