{
    "boundaryCount": 3,
    "statsArea": 354.7484520805204,
    "statsPerimeter": 182.5351084796429,
    "statsVertices": 71,
    "statsLineResolution": 2570.9170208400405,
    "statsVertexDensity": 0.3889662684147046
}