{
    "boundaryCount": 1,
    "statsArea": 109152.81029637372,
    "statsPerimeter": 2308.116358432322,
    "statsVertices": 15579,
    "statsLineResolution": 148.15561707634137,
    "statsVertexDensity": 6.7496597141148
}