{
    "boundaryCount": 1,
    "statsArea": 109152.71292015878,
    "statsPerimeter": 2314.9843940979486,
    "statsVertices": 15830,
    "statsLineResolution": 146.24032811736882,
    "statsVertexDensity": 6.838059055758033
}