{
    "boundaryCount": 168,
    "statsArea": 93052.87265328984,
    "statsPerimeter": 21272.573872801066,
    "statsVertices": 86012,
    "statsLineResolution": 247.3210002418391,
    "statsVertexDensity": 4.043328302174765
}