{
    "boundaryCount": 1,
    "boundaryYearSourceLag": 1,
    "statsArea": 1416.009403727312,
    "statsPerimeter": 942.2243655887057,
    "statsVertices": 1639,
    "statsLineResolution": 574.877587302444,
    "statsVertexDensity": 1.739500759965962
}