{
    "boundaryCount": 1,
    "statsArea": 321676.7235013063,
    "statsPerimeter": 4134.8200112022205,
    "statsVertices": 32767,
    "statsLineResolution": 126.18854369341778,
    "statsVertexDensity": 7.924649660983145
}