{
    "boundaryCount": 1,
    "statsArea": 321676.72350130667,
    "statsPerimeter": 4134.82001120219,
    "statsVertices": 32767,
    "statsLineResolution": 126.18854369341685,
    "statsVertexDensity": 7.924649660983204
}