{
    "boundaryCount": 348,
    "statsArea": 1269963.0034022608,
    "statsPerimeter": 65650.54368337995,
    "statsVertices": 23940,
    "statsLineResolution": 2742.2950577852944,
    "statsVertexDensity": 0.3646580615608921
}