{
    "boundaryCount": 1,
    "boundaryYearSourceLag": 1,
    "statsArea": 10251.859646474935,
    "statsPerimeter": 793.9177417208836,
    "statsVertices": 15679,
    "statsLineResolution": 50.63573835837002,
    "statsVertexDensity": 19.748897368151074
}