{
    "boundaryCount": 1,
    "statsArea": 780782.939230826,
    "statsPerimeter": 10936.708315129978,
    "statsVertices": 43740,
    "statsLineResolution": 250.03905613008635,
    "statsVertexDensity": 3.999375199527772
}