{
    "boundaryCount": 34,
    "statsArea": 1137889.3415051177,
    "statsPerimeter": 43011.85986768533,
    "statsVertices": 399187,
    "statsLineResolution": 107.74864879789503,
    "statsVertexDensity": 9.280858842839947
}