{
    "boundaryCount": 22,
    "statsArea": 1564875.9179532216,
    "statsPerimeter": 31355.00718384199,
    "statsVertices": 438670,
    "statsLineResolution": 71.47743676075864,
    "statsVertexDensity": 13.990428942591903
}