{
    "boundaryCount": 1,
    "statsArea": 64.4476730814348,
    "statsPerimeter": 354.19623731403533,
    "statsVertices": 6644,
    "statsLineResolution": 53.31069194973439,
    "statsVertexDensity": 18.757963242024328
}