{"boundaryCount": 1, "boundaryYearSourceLag": null, "statsArea": 64.4476730814348, "statsVertices": 6644, "statsLineResolution": 53.31069194973439, "statsVertexDensity": 18.757963242024328, "statsPerimeter": 354.19623731403533}