{
    "boundaryCount": 26,
    "statsArea": 912684.3754915744,
    "statsPerimeter": 24917.544580785787,
    "statsVertices": 10659,
    "statsLineResolution": 2337.7000263426016,
    "statsVertexDensity": 0.42777088109312666
}