{
    "boundaryCount": 5,
    "statsArea": 18732.979243733993,
    "statsPerimeter": 5510.699697939285,
    "statsVertices": 181987,
    "statsLineResolution": 30.280732678374196,
    "statsVertexDensity": 33.02429999371108
}