{
    "boundaryCount": 5,
    "statsArea": 18732.979243736736,
    "statsPerimeter": 5510.699697939523,
    "statsVertices": 181987,
    "statsLineResolution": 30.280732678375504,
    "statsVertexDensity": 33.02429999370966
}