{
    "boundaryCount": 1,
    "statsArea": 1924868.4958065364,
    "statsPerimeter": 12471.959140072113,
    "statsVertices": 142312,
    "statsLineResolution": 87.6381411270456,
    "statsVertexDensity": 11.410556946322481
}