{
    "boundaryCount": 1,
    "statsArea": 1924868.495806534,
    "statsPerimeter": 12471.95914007207,
    "statsVertices": 142312,
    "statsLineResolution": 87.6381411270453,
    "statsVertexDensity": 11.41055694632252
}