{
    "boundaryCount": 3092,
    "statsArea": 92964.7427851306,
    "statsPerimeter": 81857.04467170552,
    "statsVertices": 3751396,
    "statsLineResolution": 21.82042222993934,
    "statsVertexDensity": 45.82862739603275
}