{
    "boundaryCount": 1,
    "boundaryYearSourceLag": 1,
    "statsArea": 2595.4707936927107,
    "statsPerimeter": 323.7634704769622,
    "statsVertices": 678,
    "statsLineResolution": 477.5272425913897,
    "statsVertexDensity": 2.094121362737999
}