{"boundaryCount": 4, "boundaryYearSourceLag": null, "statsArea": 1117.98246930872, "statsVertices": 9835, "statsLineResolution": 69.12244767335116, "statsVertexDensity": 14.467080285201343, "statsPerimeter": 679.8192728674087}