{
    "boundaryCount": 4,
    "statsArea": 1117.98246930872,
    "statsPerimeter": 679.8192728674087,
    "statsVertices": 9835,
    "statsLineResolution": 69.12244767335116,
    "statsVertexDensity": 14.467080285201343
}