{
    "boundaryCount": 1,
    "statsArea": 1290854.3480810022,
    "statsPerimeter": 7519.783558434817,
    "statsVertices": 962,
    "statsLineResolution": 7816.822825815818,
    "statsVertexDensity": 0.12792921398926974
}