{
    "boundaryCount": 1,
    "statsArea": 1289866.4011007873,
    "statsPerimeter": 8069.398217205091,
    "statsVertices": 2421,
    "statsLineResolution": 3333.084765470918,
    "statsVertexDensity": 0.3000223727759634
}