{
    "boundaryCount": 1,
    "statsArea": 1290869.1858347682,
    "statsPerimeter": 7574.004815933218,
    "statsVertices": 1696,
    "statsLineResolution": 4465.804726375718,
    "statsVertexDensity": 0.22392380797437217
}