{
    "boundaryCount": 1,
    "statsArea": 908410.1360184188,
    "statsPerimeter": 13721.211295802914,
    "statsVertices": 184206,
    "statsLineResolution": 74.48840589233203,
    "statsVertexDensity": 13.424908051401081
}