{
    "boundaryCount": 1,
    "statsArea": 908410.1352376102,
    "statsPerimeter": 13752.981212008643,
    "statsVertices": 184388,
    "statsLineResolution": 74.58718144352476,
    "statsVertexDensity": 13.407129491240676
}