{
    "boundaryCount": 1,
    "statsArea": 13391.382740451321,
    "statsPerimeter": 11202.483751634405,
    "statsVertices": 42198,
    "statsLineResolution": 265.47428199522267,
    "statsVertexDensity": 3.7668432229453983
}