{
    "boundaryCount": 11,
    "statsArea": 122568.30764740391,
    "statsPerimeter": 8727.50058672308,
    "statsVertices": 27304,
    "statsLineResolution": 319.6418322122429,
    "statsVertexDensity": 3.1285016516111
}