{
    "boundaryCount": 1,
    "statsArea": 1135117.8781150554,
    "statsPerimeter": 9070.65192060141,
    "statsVertices": 3286,
    "statsLineResolution": 2760.393159038774,
    "statsVertexDensity": 0.3622672360006213
}