{
    "boundaryCount": 1,
    "statsArea": 1135126.482593945,
    "statsPerimeter": 7800.784390407523,
    "statsVertices": 960,
    "statsLineResolution": 8125.817073341169,
    "statsVertexDensity": 0.12306454735250649
}