{
    "boundaryCount": 1,
    "statsArea": 1135677.9679941812,
    "statsPerimeter": 8164.240109549847,
    "statsVertices": 1953,
    "statsLineResolution": 4180.35847903218,
    "statsVertexDensity": 0.23921393464598664
}