{
    "boundaryCount": 15,
    "statsArea": 669297.409874428,
    "statsPerimeter": 36084.86480617355,
    "statsVertices": 316222,
    "statsLineResolution": 114.11244254407836,
    "statsVertexDensity": 8.763286261388442
}