{
    "boundaryCount": 15,
    "statsArea": 669297.4054793091,
    "statsPerimeter": 36042.795858824305,
    "statsVertices": 310999,
    "statsLineResolution": 115.89360692100072,
    "statsVertexDensity": 8.628603652673037
}