{"boundaryCount": 15, "boundaryYearSourceLag": null, "statsArea": 669297.4054793091, "statsVertices": 310999, "statsLineResolution": 115.74399351111101, "statsVertexDensity": 8.639757188816917, "statsPerimeter": 35996.266237962016}