{
    "boundaryCount": 1,
    "statsArea": 3.5034840813486836,
    "statsPerimeter": 9.359570442743353,
    "statsVertices": 53,
    "statsLineResolution": 176.59566873100664,
    "statsVertexDensity": 5.662653037788917
}