{
    "boundaryCount": 1,
    "statsArea": 390689.6314002815,
    "statsPerimeter": 3206.1004570054456,
    "statsVertices": 2872,
    "statsLineResolution": 1116.3302426899184,
    "statsVertexDensity": 0.8957922680571584
}