{
    "boundaryCount": 31,
    "boundaryYearSourceLag": null,
    "statsArea": 2327841.7394206095,
    "statsPerimeter": 46302.71771310278,
    "statsVertices": 19182,
    "statsLineResolution": 2413.8628773382743,
    "statsVertexDensity": 0.4142737391540165
}