{
    "boundaryCount": 31,
    "statsArea": 863477.6698463438,
    "statsPerimeter": 46302.717713102786,
    "statsVertices": 19182,
    "statsLineResolution": 2413.8628773382748,
    "statsVertexDensity": 0.41427373915401644
}