{"boundaryCount": 1, "boundaryYearSourceLag": null, "statsArea": 1219709.0771969433, "statsVertices": 209142, "statsLineResolution": 43.894066157687504, "statsVertexDensity": 22.782122677073115, "statsPerimeter": 9180.09278435108}