{
    "boundaryCount": 1,
    "statsArea": 1219709.0771969433,
    "statsPerimeter": 10271.104012462945,
    "statsVertices": 209142,
    "statsLineResolution": 49.110671278188725,
    "statsVertexDensity": 20.362173311284486
}