{
    "boundaryCount": 1,
    "statsArea": 1219709.0735048943,
    "statsPerimeter": 10290.999254639422,
    "statsVertices": 227877,
    "statsLineResolution": 45.16032444976642,
    "statsVertexDensity": 22.143330726340082
}