{
    "boundaryCount": 8,
    "statsArea": 28172.22898231318,
    "statsPerimeter": 2464.2460172808737,
    "statsVertices": 12584,
    "statsLineResolution": 195.8237458106225,
    "statsVertexDensity": 5.106632987028454
}