{
    "boundaryCount": 1,
    "statsArea": 266.3957532453815,
    "statsPerimeter": 68.46811258297119,
    "statsVertices": 167,
    "statsLineResolution": 409.98869810162387,
    "statsVertexDensity": 2.4390916252821437
}