{
    "boundaryCount": 1,
    "statsArea": 11597.223909569566,
    "statsPerimeter": 2388.70248377286,
    "statsVertices": 1340,
    "statsLineResolution": 1782.6137938603433,
    "statsVertexDensity": 0.5609740053870266
}