{
    "boundaryCount": 1,
    "statsArea": 11751.539258580231,
    "statsPerimeter": 1721.9145180903474,
    "statsVertices": 672,
    "statsLineResolution": 2562.3727947773027,
    "statsVertexDensity": 0.3902632755226823
}