{
    "boundaryCount": 1,
    "statsArea": 11583.407323863521,
    "statsPerimeter": 1222.39293119274,
    "statsVertices": 23214,
    "statsLineResolution": 52.65757435998707,
    "statsVertexDensity": 18.990620288804458
}