{"boundaryCount": 1, "boundaryYearSourceLag": null, "statsArea": 9382251.39900475, "statsVertices": 733191, "statsLineResolution": 75.79483838895557, "statsVertexDensity": 13.19351055105244, "statsPerimeter": 55572.09335323673}