{
    "boundaryCount": 1,
    "statsArea": 9384895.524313692,
    "statsPerimeter": 56802.469762527726,
    "statsVertices": 755897,
    "statsLineResolution": 75.1457801294723,
    "statsVertexDensity": 13.30746714289281
}