{
    "boundaryCount": 1,
    "statsArea": 9382251.39900475,
    "statsPerimeter": 55572.09335323673,
    "statsVertices": 733191,
    "statsLineResolution": 75.79483838895557,
    "statsVertexDensity": 13.19351055105244
}