{
    "boundaryCount": 1,
    "statsArea": 45819.03919607506,
    "statsPerimeter": 2030.264128758274,
    "statsVertices": 1044,
    "statsLineResolution": 1944.697441339343,
    "statsVertexDensity": 0.5142188078939851
}