{
    "boundaryCount": 13,
    "statsArea": 215491.21863342164,
    "statsPerimeter": 29782.066659687825,
    "statsVertices": 101158,
    "statsLineResolution": 294.41138278423676,
    "statsVertexDensity": 3.396607802806534
}