{
    "boundaryCount": 13,
    "boundaryYearSourceLag": 1,
    "statsArea": 1925153.8100260664,
    "statsPerimeter": 29782.05461895401,
    "statsVertices": 18688,
    "statsLineResolution": 1593.645902127248,
    "statsVertexDensity": 0.6274919658533736
}