{
    "boundaryCount": 1,
    "statsArea": 371.04966374309157,
    "statsPerimeter": 250.1221008110821,
    "statsVertices": 1048,
    "statsLineResolution": 238.6661267281318,
    "statsVertexDensity": 4.189953613061795
}