{
    "boundaryCount": 1,
    "statsArea": 620199.6686389769,
    "statsPerimeter": 5480.296185191192,
    "statsVertices": 8724,
    "statsLineResolution": 628.1861743685457,
    "statsVertexDensity": 1.591884764107078
}