{
    "boundaryCount": 106,
    "statsArea": 70266.24252494184,
    "statsPerimeter": 23195.0430461001,
    "statsVertices": 177424,
    "statsLineResolution": 130.73227436029006,
    "statsVertexDensity": 7.649220553174666
}