{
    "boundaryCount": 1,
    "statsArea": 334558.8570689473,
    "statsPerimeter": 15452.081514482845,
    "statsVertices": 181022,
    "statsLineResolution": 85.36024082422493,
    "statsVertexDensity": 11.71505598325589
}