{
    "boundaryCount": 1,
    "statsArea": 1623760.90035797,
    "statsPerimeter": 6071.430706059312,
    "statsVertices": 660,
    "statsLineResolution": 9199.137433423199,
    "statsVertexDensity": 0.10870584413346221
}