{
    "boundaryCount": 1,
    "statsArea": 364.0127323553132,
    "statsPerimeter": 145.01521062423822,
    "statsVertices": 1495,
    "statsLineResolution": 97.00014088577807,
    "statsVertexDensity": 10.309263377024822
}