{
    "boundaryCount": 1,
    "boundaryYearSourceLag": 1,
    "statsArea": 364.01138333750816,
    "statsPerimeter": 145.0148104101198,
    "statsVertices": 278,
    "statsLineResolution": 521.6360086694957,
    "statsVertexDensity": 1.917045570819847
}