{
    "boundaryCount": 1,
    "statsArea": 269094.02178428473,
    "statsPerimeter": 3034.1376966391163,
    "statsVertices": 338,
    "statsLineResolution": 8976.738747453008,
    "statsVertexDensity": 0.11139903122208303
}