{
    "boundaryCount": 20,
    "statsArea": 38762.98939289784,
    "statsPerimeter": 5225.459048396409,
    "statsVertices": 40030,
    "statsLineResolution": 130.53857228069973,
    "statsVertexDensity": 7.660570990846138
}