{
    "boundaryCount": 20,
    "statsArea": 38762.98939051403,
    "statsPerimeter": 5225.459052617976,
    "statsVertices": 40030,
    "statsLineResolution": 130.53857238615979,
    "statsVertexDensity": 7.660570984657282
}