{"boundaryCount": 20, "boundaryYearSourceLag": null, "statsArea": 38762.98939289784, "statsVertices": 40030, "statsLineResolution": 130.53857228069973, "statsVertexDensity": 7.660570990846138, "statsPerimeter": 5225.459048396409}