{
    "boundaryCount": 47,
    "statsArea": 452182.96007316944,
    "statsPerimeter": 26515.336098318694,
    "statsVertices": 49750,
    "statsLineResolution": 532.9715798657023,
    "statsVertexDensity": 1.8762726527594191
}