{
    "boundaryCount": 47,
    "boundaryYearSourceLag": 1,
    "statsArea": 583396.287094767,
    "statsPerimeter": 26515.336732945707,
    "statsVertices": 28903,
    "statsLineResolution": 917.390469257368,
    "statsVertexDensity": 1.0900483856230867
}