{
    "boundaryCount": 1,
    "statsArea": 60.317131287224385,
    "statsPerimeter": 29.309417795898092,
    "statsVertices": 19,
    "statsLineResolution": 1542.6009366262153,
    "statsVertexDensity": 0.648255797242724
}