{
    "boundaryCount": 1,
    "statsArea": 67.60999963594404,
    "statsPerimeter": 31.11654929381064,
    "statsVertices": 24,
    "statsLineResolution": 1296.52288724211,
    "statsVertexDensity": 0.7712937502608561
}