{
    "boundaryCount": 79,
    "statsArea": 652888.2151312004,
    "statsPerimeter": 35116.31987056716,
    "statsVertices": 71895,
    "statsLineResolution": 488.43897170272146,
    "statsVertexDensity": 2.0473386808467646
}