{"boundaryCount": 1, "boundaryYearSourceLag": null, "statsArea": 579.3044095768552, "statsVertices": 183, "statsLineResolution": 1724.2964937779452, "statsVertexDensity": 0.579946664398182, "statsPerimeter": 315.546258361364}