{
    "boundaryCount": 1433,
    "statsArea": 591446.3654322186,
    "statsPerimeter": 153486.4362124636,
    "statsVertices": 1679048,
    "statsLineResolution": 91.41277450821156,
    "statsVertexDensity": 10.939390094873126
}