{
    "boundaryCount": 1433,
    "statsArea": 591446.3655081051,
    "statsPerimeter": 153486.44461640788,
    "statsVertices": 1578168,
    "statsLineResolution": 97.25608719503111,
    "statsVertexDensity": 10.282132757352905
}