{
    "boundaryCount": 11,
    "statsArea": 100532.2188493537,
    "statsPerimeter": 9298.99341259622,
    "statsVertices": 32551,
    "statsLineResolution": 285.67458488514086,
    "statsVertexDensity": 3.500486402744097
}