{
    "boundaryCount": 11,
    "boundaryYearSourceLag": 1,
    "statsArea": 308160.6880511835,
    "statsPerimeter": 9298.992172734243,
    "statsVertices": 7145,
    "statsLineResolution": 1301.4684636437007,
    "statsVertexDensity": 0.7683628362383178
}