{"boundaryCount": 18, "boundaryYearSourceLag": null, "statsArea": 1247425.8112301, "statsVertices": 73962, "statsLineResolution": 340.58274034973033, "statsVertexDensity": 2.9361440893133377, "statsPerimeter": 25190.180641746756}