{
    "boundaryCount": 18,
    "statsArea": 1247390.652561255,
    "statsPerimeter": 24192.73640532879,
    "statsVertices": 16339,
    "statsLineResolution": 1480.6742398756833,
    "statsVertexDensity": 0.6753679999754433
}