{
    "boundaryCount": 18,
    "statsArea": 1247425.8112301,
    "statsPerimeter": 25190.180641746756,
    "statsVertices": 73962,
    "statsLineResolution": 340.58274034973033,
    "statsVertexDensity": 2.9361440893133377
}