{"boundaryCount": 16, "boundaryYearSourceLag": null, "statsArea": 327884.88856970816, "statsVertices": 6144, "statsLineResolution": 1902.153332012356, "statsVertexDensity": 0.5257199738688071, "statsPerimeter": 11686.830071883915}