{
    "boundaryCount": 16,
    "statsArea": 327884.88856970816,
    "statsPerimeter": 11785.283780388827,
    "statsVertices": 6144,
    "statsLineResolution": 1918.177698630994,
    "statsVertexDensity": 0.5213281338395819
}