{
    "boundaryCount": 16,
    "statsArea": 327884.8885697082,
    "statsPerimeter": 11785.283780388818,
    "statsVertices": 6144,
    "statsLineResolution": 1918.1776986309924,
    "statsVertexDensity": 0.5213281338395823
}