{
    "boundaryCount": 14816,
    "statsArea": 25279.22408991386,
    "statsPerimeter": 87972.08091764037,
    "statsVertices": 2897522,
    "statsLineResolution": 30.36114338998647,
    "statsVertexDensity": 32.93683597995898
}