{"boundaryCount": 14815, "boundaryYearSourceLag": null, "statsArea": 25277.685433405826, "statsVertices": 2860320, "statsLineResolution": 30.709810300108476, "statsVertexDensity": 32.56288431050542, "statsPerimeter": 87839.88459760627}