{
    "boundaryCount": 14815,
    "statsArea": 25277.685433405826,
    "statsPerimeter": 87958.85454265776,
    "statsVertices": 2860320,
    "statsLineResolution": 30.75140352920574,
    "statsVertexDensity": 32.518840938439226
}