{
    "boundaryCount": 335,
    "statsArea": 912315.9881581736,
    "statsPerimeter": 70067.18542749208,
    "statsVertices": 155025,
    "statsLineResolution": 451.97345865177925,
    "statsVertexDensity": 2.2125192992149683
}