{
    "boundaryCount": 143,
    "statsArea": 26926.595591411104,
    "statsPerimeter": 11376.474142091054,
    "statsVertices": 107617,
    "statsLineResolution": 105.71261178151272,
    "statsVertexDensity": 9.459609247634562
}