{
    "boundaryCount": 143,
    "statsArea": 26926.595591411264,
    "statsPerimeter": 11376.47414209101,
    "statsVertices": 107617,
    "statsLineResolution": 105.71261178151231,
    "statsVertexDensity": 9.459609247634598
}