{
    "boundaryCount": 2618,
    "statsArea": 16966152.221849233,
    "statsPerimeter": 1116220.2403960668,
    "statsVertices": 2081015,
    "statsLineResolution": 536.3826019495616,
    "statsVertexDensity": 1.8643408573755986
}