{"boundaryCount": 13, "boundaryYearSourceLag": null, "statsArea": 1036391.8862312573, "statsVertices": 1900, "statsLineResolution": 8938.35869596896, "statsVertexDensity": 0.11187736294930546, "statsPerimeter": 16982.881522341024}