{
    "boundaryCount": 13,
    "statsArea": 1036391.8643722894,
    "statsPerimeter": 16982.881383628224,
    "statsVertices": 1900,
    "statsLineResolution": 8938.358622962223,
    "statsVertexDensity": 0.11187736386309753
}