{
    "boundaryCount": 14,
    "statsArea": 2730536.3843891593,
    "statsPerimeter": 39034.65356126031,
    "statsVertices": 14940,
    "statsLineResolution": 2612.7612825475444,
    "statsVertexDensity": 0.3827368411648235
}