{
    "boundaryCount": 1000,
    "boundaryYearSourceLag": 2,
    "statsArea": 9054.768466426889,
    "statsPerimeter": 15806.632496909406,
    "statsVertices": 536733,
    "statsLineResolution": 29.449712421090943,
    "statsVertexDensity": 33.95618896719113
}