{
    "boundaryCount": 32,
    "statsArea": 48092.05425953224,
    "statsPerimeter": 8131.172967212541,
    "statsVertices": 74250,
    "statsLineResolution": 109.51074703316553,
    "statsVertexDensity": 9.131523864933074
}