{
    "boundaryCount": 8197,
    "statsArea": 505920.9501550095,
    "statsPerimeter": 315032.75281188235,
    "statsVertices": 4001462,
    "statsLineResolution": 78.72941260266433,
    "statsVertexDensity": 12.701733277839274
}