{
    "boundaryCount": 1,
    "statsArea": 18.839680312422512,
    "statsPerimeter": 16.615158071742915,
    "statsVertices": 12,
    "statsLineResolution": 1384.596505978576,
    "statsVertexDensity": 0.7222320695466734
}