{
    "boundaryCount": 98,
    "statsArea": 78835.78541295654,
    "statsPerimeter": 13280.751244300658,
    "statsVertices": 58955,
    "statsLineResolution": 225.2692942803945,
    "statsVertexDensity": 4.439131410228026
}