{
    "boundaryCount": 98,
    "statsArea": 78835.78596121266,
    "statsPerimeter": 13280.745559074105,
    "statsVertices": 61663,
    "statsLineResolution": 215.3762476537649,
    "statsVertexDensity": 4.643037525695882
}