{"boundaryCount": 98, "boundaryYearSourceLag": null, "statsArea": 78835.78541295654, "statsVertices": 58955, "statsLineResolution": 223.93649750820074, "statsVertexDensity": 4.465551668116891, "statsPerimeter": 13202.176210595975}