{
    "boundaryCount": 1,
    "statsArea": 55833.913324653244,
    "statsPerimeter": 3377.8523116244237,
    "statsVertices": 742,
    "statsLineResolution": 4552.361605962835,
    "statsVertexDensity": 0.219666205489952
}