{
    "boundaryCount": 1,
    "statsArea": 56203.44517075294,
    "statsPerimeter": 3832.5874437462,
    "statsVertices": 1365,
    "statsLineResolution": 2807.756369044835,
    "statsVertexDensity": 0.3561562573679382
}