{
    "boundaryCount": 1,
    "statsArea": 55077.44289887067,
    "statsPerimeter": 4451.849147922678,
    "statsVertices": 2333,
    "statsLineResolution": 1908.2079502454685,
    "statsVertexDensity": 0.5240518989931688
}