{
    "boundaryCount": 1,
    "statsArea": 51054.72498354993,
    "statsPerimeter": 1604.00560318469,
    "statsVertices": 292,
    "statsLineResolution": 5493.169873920171,
    "statsVertexDensity": 0.1820442518531391
}