{
    "boundaryCount": 1,
    "statsArea": 51144.335326754386,
    "statsPerimeter": 2023.850027670281,
    "statsVertices": 815,
    "statsLineResolution": 2483.2515676935964,
    "statsVertexDensity": 0.4026978228906481
}