{
    "boundaryCount": 1,
    "statsArea": 51065.09096461602,
    "statsPerimeter": 1653.7950975826507,
    "statsVertices": 393,
    "statsLineResolution": 4208.130019294276,
    "statsVertexDensity": 0.23763524306877398
}