{"boundaryCount": 221, "boundaryYearSourceLag": 0, "statsArea": 256509.30974075067, "statsVertices": 5823394, "statsLineResolution": 8.279062756282126, "statsVertexDensity": 120.78661914251144, "statsPerimeter": 48212.24438055679}