{
    "boundaryCount": 221,
    "statsArea": 256509.30974075067,
    "statsPerimeter": 48304.47911122049,
    "statsVertices": 5823394,
    "statsLineResolution": 8.294901411654525,
    "statsVertexDensity": 120.55598377516306
}