{
    "boundaryCount": 219,
    "statsArea": 256509.31479423612,
    "statsPerimeter": 48304.47871092142,
    "statsVertices": 5860906,
    "statsLineResolution": 8.241810858410188,
    "statsVertexDensity": 121.33255872762116
}