{"boundaryCount": 85, "boundaryYearSourceLag": null, "statsArea": 24825.11061944926, "statsVertices": 10116, "statsLineResolution": 676.9037576879105, "statsVertexDensity": 1.4773148895135173, "statsPerimeter": 6847.558412770902}