{
    "boundaryCount": 81,
    "statsArea": 24909.983723312977,
    "statsPerimeter": 6699.407875275265,
    "statsVertices": 10030,
    "statsLineResolution": 667.9369765977333,
    "statsVertexDensity": 1.497147238492012
}