{
    "boundaryCount": 1,
    "statsArea": 30545.274931521537,
    "statsPerimeter": 1090.8101456684847,
    "statsVertices": 21391,
    "statsLineResolution": 50.993882738931546,
    "statsVertexDensity": 19.610195307535285
}