{
    "boundaryCount": 1,
    "statsArea": 30545.275020659126,
    "statsPerimeter": 1090.8097195655535,
    "statsVertices": 22339,
    "statsLineResolution": 48.829836589173794,
    "statsVertexDensity": 20.47928213263185
}