{
    "boundaryCount": 1,
    "statsArea": 599094.6070018415,
    "statsPerimeter": 7296.276718390896,
    "statsVertices": 2992,
    "statsLineResolution": 2438.5951598900056,
    "statsVertexDensity": 0.4100721663226403
}