{
    "boundaryCount": 1,
    "statsArea": 597739.523256863,
    "statsPerimeter": 7185.539182931739,
    "statsVertices": 2782,
    "statsLineResolution": 2582.868146273091,
    "statsVertexDensity": 0.3871664921970308
}