{
    "boundaryCount": 1,
    "statsArea": 571666.6385633487,
    "statsPerimeter": 5588.837491078331,
    "statsVertices": 1201,
    "statsLineResolution": 4653.486670339993,
    "statsVertexDensity": 0.21489263230809644
}