{
    "boundaryCount": 1,
    "statsArea": 71196.78415106692,
    "statsPerimeter": 4922.32760103212,
    "statsVertices": 45077,
    "statsLineResolution": 109.19820753448808,
    "statsVertexDensity": 9.157659476087735
}