{
    "boundaryCount": 1,
    "statsArea": 71093.26067703191,
    "statsPerimeter": 4973.798416765194,
    "statsVertices": 45542,
    "statsLineResolution": 109.21343851313499,
    "statsVertexDensity": 9.156382342817006
}