{"boundaryCount": 1, "boundaryYearSourceLag": null, "statsArea": 71196.78415106692, "statsVertices": 45077, "statsLineResolution": 108.09796014710186, "statsVertexDensity": 9.250868366425973, "statsPerimeter": 4872.7317495509105}