{
    "boundaryCount": 481,
    "statsArea": 413288.66050772386,
    "statsPerimeter": 123967.72129634596,
    "statsVertices": 1916606,
    "statsLineResolution": 64.68085840091598,
    "statsVertexDensity": 15.460524562021561
}