{
    "boundaryCount": 1,
    "boundaryYearSourceLag": 1,
    "statsArea": 36.994689191481946,
    "statsPerimeter": 47.56110635192861,
    "statsVertices": 4887,
    "statsLineResolution": 9.732168273363742,
    "statsVertexDensity": 102.75202523336237
}