{
    "boundaryCount": 37,
    "boundaryYearSourceLag": 1,
    "statsArea": 907965.6965019687,
    "statsPerimeter": 44104.3334877099,
    "statsVertices": 46643,
    "statsLineResolution": 945.5724007398729,
    "statsVertexDensity": 1.0575604778835968
}