{
    "boundaryCount": 37,
    "statsArea": 716919.5128156827,
    "statsPerimeter": 44104.30934541851,
    "statsVertices": 131101,
    "statsLineResolution": 336.4147439410722,
    "statsVertexDensity": 2.9725213237834907
}