{
    "boundaryCount": 1,
    "statsArea": 1292333.5366059,
    "statsPerimeter": 10665.4911656283,
    "statsVertices": 106796,
    "statsLineResolution": 99.86788986130848,
    "statsVertexDensity": 10.013228490045698
}