{
    "boundaryCount": 1,
    "statsArea": 1292333.5366059064,
    "statsPerimeter": 10665.491165628335,
    "statsVertices": 106796,
    "statsLineResolution": 99.8678898613088,
    "statsVertexDensity": 10.013228490045666
}