{
    "boundaryCount": 1,
    "statsArea": 321794.4380337472,
    "statsPerimeter": 19081.25021876948,
    "statsVertices": 8396,
    "statsLineResolution": 2272.6596258658265,
    "statsVertexDensity": 0.44001309682219786
}