{
    "boundaryCount": 1,
    "statsArea": 320641.04804606515,
    "statsPerimeter": 18233.11617881221,
    "statsVertices": 4742,
    "statsLineResolution": 3845.026608775245,
    "statsVertexDensity": 0.26007622358653315
}