{
    "boundaryCount": 1,
    "statsArea": 33847.7904565054,
    "statsPerimeter": 1896.1224627658478,
    "statsVertices": 2366,
    "statsLineResolution": 801.4042530709415,
    "statsVertexDensity": 1.2478096992473515
}