{
    "boundaryCount": 1,
    "statsArea": 1889412.9788818907,
    "statsPerimeter": 106818.84095492412,
    "statsVertices": 2351688,
    "statsLineResolution": 45.42219926917351,
    "statsVertexDensity": 22.01566670239734
}