{
    "boundaryCount": 1,
    "statsArea": 1889412.9788818688,
    "statsPerimeter": 106818.84095492435,
    "statsVertices": 2351688,
    "statsLineResolution": 45.42219926917361,
    "statsVertexDensity": 22.01566670239729
}