{
    "boundaryCount": 36612,
    "statsArea": 549516.2188414384,
    "statsPerimeter": 607951.4982771361,
    "statsVertices": 729573,
    "statsLineResolution": 833.2976936881382,
    "statsVertexDensity": 1.2000513232840533
}