{
    "boundaryCount": 36611,
    "statsArea": 549516.5065021027,
    "statsPerimeter": 607981.8456382934,
    "statsVertices": 738414,
    "statsLineResolution": 823.3617532147189,
    "statsVertexDensity": 1.2145329754456262
}