{"boundaryCount": 36612, "boundaryYearSourceLag": null, "statsArea": 549516.2188414384, "statsVertices": 729573, "statsLineResolution": 833.2113955607199, "statsVertexDensity": 1.200175616089645, "statsPerimeter": 607888.5374934211}