{
    "boundaryCount": 774,
    "statsArea": 911886.9181293615,
    "statsPerimeter": 135077.91646425158,
    "statsVertices": 223675,
    "statsLineResolution": 603.9026107712153,
    "statsVertexDensity": 1.655896136502784
}