{
    "boundaryCount": 774,
    "statsArea": 912512.771534048,
    "statsPerimeter": 134023.63452466234,
    "statsVertices": 218587,
    "statsLineResolution": 613.1363462816286,
    "statsVertexDensity": 1.6309586049897546
}