{
    "boundaryCount": 1,
    "statsArea": 1954701.3974906541,
    "statsPerimeter": 7502.336167943125,
    "statsVertices": 1051,
    "statsLineResolution": 7138.283699279852,
    "statsVertexDensity": 0.14008969692545076
}