{
    "boundaryCount": 1,
    "statsArea": 1921725.381305574,
    "statsPerimeter": 8169.264474884402,
    "statsVertices": 2368,
    "statsLineResolution": 3449.8583086505078,
    "statsVertexDensity": 0.28986697728787975
}