{
    "boundaryCount": 1,
    "statsArea": 1924608.4059057394,
    "statsPerimeter": 7169.274951396232,
    "statsVertices": 886,
    "statsLineResolution": 8091.732450785815,
    "statsVertexDensity": 0.123582929376624
}