{
    "boundaryCount": 957,
    "statsArea": 780664.9788612755,
    "statsPerimeter": 128177.00993230853,
    "statsVertices": 211462,
    "statsLineResolution": 606.1467778244248,
    "statsVertexDensity": 1.6497654307248628
}