{
    "boundaryCount": 156,
    "statsArea": 132953.47720434307,
    "statsPerimeter": 32761.373798375127,
    "statsVertices": 266187,
    "statsLineResolution": 123.07653566242952,
    "statsVertexDensity": 8.125025575490431
}