{
    "boundaryCount": 6,
    "statsArea": 17474.015947432174,
    "statsPerimeter": 1185.9976564993294,
    "statsVertices": 307,
    "statsLineResolution": 3863.184548857751,
    "statsVertexDensity": 0.25885379985164714
}