{"boundaryCount": 6, "boundaryYearSourceLag": null, "statsArea": 17474.015947469605, "statsVertices": 307, "statsLineResolution": 3863.1844880557596, "statsVertexDensity": 0.25885380392570223, "statsPerimeter": 1185.9976378331182}