{
    "boundaryCount": 6,
    "statsArea": 17474.015947469605,
    "statsPerimeter": 1185.9976378331182,
    "statsVertices": 307,
    "statsLineResolution": 3863.1844880557596,
    "statsVertexDensity": 0.25885380392570223
}