{
    "boundaryCount": 1,
    "statsArea": 243783.2110528507,
    "statsPerimeter": 12225.411570955139,
    "statsVertices": 7113,
    "statsLineResolution": 1718.7419613320876,
    "statsVertexDensity": 0.5818209030196503
}