{"boundaryCount": 1, "boundaryYearSourceLag": null, "statsArea": 243783.2110528507, "statsVertices": 7113, "statsLineResolution": 1718.7419613320876, "statsVertexDensity": 0.5818209030196503, "statsPerimeter": 12225.411570955139}