{
    "boundaryCount": 3,
    "boundaryYearSourceLag": 2,
    "statsArea": 1616456.4757688842,
    "statsPerimeter": 10229.760708943728,
    "statsVertices": 7063,
    "statsLineResolution": 1448.3591546005562,
    "statsVertexDensity": 0.6904364824315904
}