{
    "boundaryCount": 31,
    "statsArea": 644547.2614164599,
    "statsPerimeter": 33014.76684599771,
    "statsVertices": 112758,
    "statsLineResolution": 292.793121960284,
    "statsVertexDensity": 3.41538077569884
}