{
    "boundaryCount": 31,
    "boundaryYearSourceLag": 1,
    "statsArea": 940838.5810701172,
    "statsPerimeter": 33014.766242987906,
    "statsVertices": 59624,
    "statsLineResolution": 553.7160580133487,
    "statsVertexDensity": 1.8059797716321466
}