{
    "boundaryCount": 240,
    "statsArea": 2330346.5291832294,
    "statsPerimeter": 114822.64201233092,
    "statsVertices": 149151,
    "statsLineResolution": 769.841583444502,
    "statsVertexDensity": 1.2989685430159543
}