{
    "boundaryCount": 240,
    "boundaryYearSourceLag": 3,
    "statsArea": 2330346.529183228,
    "statsPerimeter": 114822.64201233098,
    "statsVertices": 149151,
    "statsLineResolution": 769.8415834445024,
    "statsVertexDensity": 1.2989685430159537
}