{
    "boundaryCount": 242,
    "statsArea": 2329369.829688363,
    "statsPerimeter": 118279.18719208422,
    "statsVertices": 209896,
    "statsLineResolution": 563.5132979765418,
    "statsVertexDensity": 1.774581014486775
}