{
    "boundaryCount": 242,
    "statsArea": 2329369.8296883614,
    "statsPerimeter": 118279.18719208411,
    "statsVertices": 209896,
    "statsLineResolution": 563.5132979765413,
    "statsVertexDensity": 1.7745810144867769
}