{
    "boundaryCount": 5,
    "statsArea": 697.024658930109,
    "statsPerimeter": 642.6418540675637,
    "statsVertices": 11764,
    "statsLineResolution": 54.62783526585886,
    "statsVertexDensity": 18.305686013975677
}