{
    "boundaryCount": 1,
    "boundaryYearSourceLag": 1,
    "statsArea": 16884695.189328905,
    "statsPerimeter": 272144.00024267734,
    "statsVertices": 673717,
    "statsLineResolution": 403.94408964398605,
    "statsVertexDensity": 2.4755901265478215
}