{
    "boundaryCount": 1,
    "statsArea": 16884697.379062973,
    "statsPerimeter": 271714.29806680104,
    "statsVertices": 4472759,
    "statsLineResolution": 60.74870076093996,
    "statsVertexDensity": 16.461257400964488
}