{
    "boundaryCount": 24,
    "statsArea": 2780096.6097290665,
    "statsPerimeter": 49807.942885620585,
    "statsVertices": 295237,
    "statsLineResolution": 168.70494851804003,
    "statsVertexDensity": 5.9275084031875185
}