{"boundaryCount": 24, "boundaryYearSourceLag": null, "statsArea": 2780096.6097290665, "statsVertices": 295237, "statsLineResolution": 168.70494851804003, "statsVertexDensity": 5.9275084031875185, "statsPerimeter": 49807.942885620585}