{
    "boundaryCount": 24,
    "statsArea": 2779153.9799601957,
    "statsPerimeter": 50913.715042074,
    "statsVertices": 378232,
    "statsLineResolution": 134.60975021170606,
    "statsVertexDensity": 7.4288823686787975
}