{
    "boundaryCount": 1,
    "statsArea": 618.3862472583727,
    "statsPerimeter": 165.43895095227822,
    "statsVertices": 542,
    "statsLineResolution": 305.23791688612215,
    "statsVertexDensity": 3.2761329595008304
}