{
    "boundaryCount": 63,
    "boundaryYearSourceLag": 10,
    "statsArea": 328106.62771829654,
    "statsPerimeter": 37076.55806765063,
    "statsVertices": 311283,
    "statsLineResolution": 119.10884329581323,
    "statsVertexDensity": 8.395682237602175
}