{
    "boundaryCount": 7,
    "boundaryYearSourceLag": 1,
    "statsArea": 358.5962578732647,
    "statsPerimeter": 327.0512016203631,
    "statsVertices": 759,
    "statsLineResolution": 430.8974988410581,
    "statsVertexDensity": 2.3207375366290126
}