{
    "boundaryCount": 7,
    "statsArea": 36.00870266276248,
    "statsPerimeter": 327.05233699134146,
    "statsVertices": 3947,
    "statsLineResolution": 82.8609923970969,
    "statsVertexDensity": 12.068404819576308
}