{
    "boundaryCount": 433,
    "statsArea": 196889.70521197258,
    "statsPerimeter": 41073.61921798956,
    "statsVertices": 136911,
    "statsLineResolution": 300.0023315729894,
    "statsVertexDensity": 3.3333074271681244
}