{
    "boundaryCount": 433,
    "statsArea": 196889.70468387578,
    "statsPerimeter": 41073.51148607074,
    "statsVertices": 138925,
    "statsLineResolution": 295.6524130723105,
    "statsVertexDensity": 3.38235020512219
}