{"boundaryCount": 10, "boundaryYearSourceLag": null, "statsArea": 28532.827726016316, "statsVertices": 168563, "statsLineResolution": 63.290641284130324, "statsVertexDensity": 15.80012431080775, "statsPerimeter": 10668.460366776859}