{
    "boundaryCount": 10,
    "statsArea": 28532.825332825298,
    "statsPerimeter": 10728.36698843948,
    "statsVertices": 168757,
    "statsLineResolution": 63.572870982770965,
    "statsVertexDensity": 15.729980171432125
}