{
    "boundaryCount": 39,
    "statsArea": 34065.2487268525,
    "statsPerimeter": 7366.210629293115,
    "statsVertices": 27304,
    "statsLineResolution": 269.78503623253425,
    "statsVertexDensity": 3.7066548017810588
}