{
    "boundaryCount": 1,
    "boundaryYearSourceLag": 1,
    "statsArea": 30561.606435021327,
    "statsPerimeter": 1012.1696418303416,
    "statsVertices": 1917,
    "statsLineResolution": 527.9966832709136,
    "statsVertexDensity": 1.8939512911426806
}