{"boundaryCount": 527, "boundaryYearSourceLag": null, "statsArea": 1247425.811161901, "statsVertices": 122832, "statsLineResolution": 913.22545694012, "statsVertexDensity": 1.0950198468520898, "statsPerimeter": 112173.30932686882}