{
    "boundaryCount": 527,
    "statsArea": 1247390.6525612548,
    "statsPerimeter": 111047.24658078945,
    "statsVertices": 62286,
    "statsLineResolution": 1782.8604595059796,
    "statsVertexDensity": 0.5608963924619733
}