{
    "boundaryCount": 527,
    "statsArea": 1247425.811161901,
    "statsPerimeter": 112173.30932686882,
    "statsVertices": 122832,
    "statsLineResolution": 913.22545694012,
    "statsVertexDensity": 1.0950198468520898
}