{"boundaryCount": 24, "boundaryYearSourceLag": null, "statsArea": 255026.01336849012, "statsVertices": 6321, "statsLineResolution": 2283.034901738514, "statsVertexDensity": 0.43801345272405057, "statsPerimeter": 14431.063613889146}