{
    "boundaryCount": 15,
    "boundaryYearSourceLag": 2,
    "statsArea": 95844.78354444575,
    "statsPerimeter": 7644.38002252478,
    "statsVertices": 18055,
    "statsLineResolution": 423.39407491136967,
    "statsVertexDensity": 2.3618658343514443
}