{
    "boundaryCount": 17,
    "statsArea": 620303.4838547932,
    "statsPerimeter": 17929.155518572283,
    "statsVertices": 16294,
    "statsLineResolution": 1100.3532293219764,
    "statsVertexDensity": 0.9087990777435963
}