{
    "boundaryCount": 11,
    "boundaryYearSourceLag": 1,
    "statsArea": 434.13404800532913,
    "statsPerimeter": 332.5219627356298,
    "statsVertices": 575,
    "statsLineResolution": 578.2990656271822,
    "statsVertexDensity": 1.7292090882344253
}