{"boundaryCount": 1, "boundaryYearSourceLag": null, "statsArea": 122379.40036759216, "statsVertices": 1782, "statsLineResolution": 1899.3734017175923, "statsVertexDensity": 0.526489419666352, "statsPerimeter": 3384.683401860749}