{
    "boundaryCount": 72,
    "statsArea": 620092.5283371916,
    "statsPerimeter": 34595.76353251585,
    "statsVertices": 100268,
    "statsLineResolution": 345.0329470271258,
    "statsVertexDensity": 2.8982739434486007
}