{
    "boundaryCount": 58,
    "statsArea": 465390.48815018334,
    "statsPerimeter": 28764.918135279902,
    "statsVertices": 142095,
    "statsLineResolution": 202.43441454857597,
    "statsVertexDensity": 4.939871524463746
}