{
    "boundaryCount": 58,
    "statsArea": 465390.4881501839,
    "statsPerimeter": 28764.918135279797,
    "statsVertices": 142095,
    "statsLineResolution": 202.43441454857523,
    "statsVertexDensity": 4.939871524463765
}