{
    "boundaryCount": 14,
    "statsArea": 10832.005968313313,
    "statsPerimeter": 2260.769384157663,
    "statsVertices": 59179,
    "statsLineResolution": 38.20222349410539,
    "statsVertexDensity": 26.176486825545645
}