{
    "boundaryCount": 14,
    "statsArea": 10832.005968312566,
    "statsPerimeter": 2260.7693841576056,
    "statsVertices": 59179,
    "statsLineResolution": 38.20222349410442,
    "statsVertexDensity": 26.176486825546306
}