{
    "boundaryCount": 76,
    "boundaryYearSourceLag": 0,
    "statsArea": 74469.53174884895,
    "statsPerimeter": 21077.467856105755,
    "statsVertices": 239884,
    "statsLineResolution": 87.86525093839421,
    "statsVertexDensity": 11.38106349575146
}