{
    "boundaryCount": 145,
    "statsArea": 876822.3917650979,
    "statsPerimeter": 62748.921409954055,
    "statsVertices": 84921,
    "statsLineResolution": 738.909355871387,
    "statsVertexDensity": 1.3533459714022864
}