{
    "boundaryCount": 3,
    "statsArea": 2754.12476403771,
    "statsPerimeter": 402.0287759608306,
    "statsVertices": 3943,
    "statsLineResolution": 101.96012578260985,
    "statsVertexDensity": 9.807755652754976
}