{
    "boundaryCount": 24,
    "statsArea": 2779516.9060109253,
    "statsPerimeter": 49134.41998771069,
    "statsVertices": 182190,
    "statsLineResolution": 269.68779838471204,
    "statsVertexDensity": 3.7079912624504097
}