{
    "boundaryCount": 1,
    "statsArea": 1292087.6032470283,
    "statsPerimeter": 10204.724846580039,
    "statsVertices": 76307,
    "statsLineResolution": 133.7324864898376,
    "statsVertexDensity": 7.477614648823496
}