{
    "boundaryCount": 1,
    "boundaryYearSourceLag": 1,
    "statsArea": 1292087.4907969772,
    "statsPerimeter": 10204.734264045135,
    "statsVertices": 15704,
    "statsLineResolution": 649.8175155403169,
    "statsVertexDensity": 1.538893575634861
}