{
    "boundaryCount": 1,
    "statsArea": 108995.12169953166,
    "statsPerimeter": 1827.628470978061,
    "statsVertices": 301,
    "statsLineResolution": 6071.855385309173,
    "statsVertexDensity": 0.1646943045480786
}