{
    "boundaryCount": 1,
    "statsArea": 108811.24580738108,
    "statsPerimeter": 1927.4229467656594,
    "statsVertices": 459,
    "statsLineResolution": 4199.178533258517,
    "statsVertexDensity": 0.23814181561459136
}