{
    "boundaryCount": 1,
    "statsArea": 109030.92654072895,
    "statsPerimeter": 1818.1675795191159,
    "statsVertices": 188,
    "statsLineResolution": 9671.104146378277,
    "statsVertexDensity": 0.10340080975908932
}