{
    "boundaryCount": 1,
    "statsArea": 86249.80536478298,
    "statsPerimeter": 2652.440323657922,
    "statsVertices": 957,
    "statsLineResolution": 2771.6199829236384,
    "statsVertexDensity": 0.36079982326622995
}