{
    "boundaryCount": 1,
    "statsArea": 86249.80023308742,
    "statsPerimeter": 2652.441506024996,
    "statsVertices": 957,
    "statsLineResolution": 2771.621218416924,
    "statsVertexDensity": 0.36079966243409456
}