{
    "boundaryCount": 5,
    "statsArea": 25305.054919078655,
    "statsPerimeter": 1715.9523359166512,
    "statsVertices": 915,
    "statsLineResolution": 1875.3577441712034,
    "statsVertexDensity": 0.5332315944027738
}