{"boundaryCount": 1, "boundaryYearSourceLag": null, "statsArea": 36197.773719865836, "statsVertices": 561, "statsLineResolution": 2264.4489878566465, "statsVertexDensity": 0.4416085349515969, "statsPerimeter": 1270.3558821875786}