{
    "boundaryCount": 1,
    "statsArea": 36197.773719865836,
    "statsPerimeter": 1270.3558821875786,
    "statsVertices": 561,
    "statsLineResolution": 2264.4489878566465,
    "statsVertexDensity": 0.4416085349515969
}