{
    "boundaryCount": 50,
    "statsArea": 1251194.0728398764,
    "statsPerimeter": 35749.364108888614,
    "statsVertices": 39957,
    "statsLineResolution": 894.695900815592,
    "statsVertexDensity": 1.117698202359499
}