{"boundaryCount": 50, "boundaryYearSourceLag": null, "statsArea": 1251194.0728398764, "statsVertices": 39957, "statsLineResolution": 892.6858730201207, "statsVertexDensity": 1.120214882102722, "statsPerimeter": 35669.04942826496}