{
    "boundaryCount": 50,
    "statsArea": 1251195.7262816906,
    "statsPerimeter": 35748.55122209093,
    "statsVertices": 40072,
    "statsLineResolution": 892.1079861771543,
    "statsVertexDensity": 1.1209405312973182
}