{
    "boundaryCount": 4392,
    "statsArea": 1220812.7318709833,
    "statsPerimeter": 280180.6518490395,
    "statsVertices": 3605651,
    "statsLineResolution": 77.70598204014739,
    "statsVertexDensity": 12.869022097723986
}