{
    "boundaryCount": 10,
    "boundaryYearSourceLag": 1,
    "statsArea": 614.3532711456871,
    "statsPerimeter": 431.1221217559387,
    "statsVertices": 849,
    "statsLineResolution": 507.7999078397393,
    "statsVertexDensity": 1.969279601199924
}