{
    "boundaryCount": 10,
    "statsArea": 297.0650477918255,
    "statsPerimeter": 431.1219580450716,
    "statsVertices": 2201,
    "statsLineResolution": 195.8754920695464,
    "statsVertexDensity": 5.105283920077893
}