{
    "boundaryCount": 34,
    "statsArea": 244925.7657909233,
    "statsPerimeter": 17902.935324960006,
    "statsVertices": 49103,
    "statsLineResolution": 364.59962374926187,
    "statsVertexDensity": 2.7427345912120527
}