{
    "boundaryCount": 395,
    "statsArea": 456337.1039019695,
    "statsPerimeter": 53465.22664536532,
    "statsVertices": 102475,
    "statsLineResolution": 521.73922074033,
    "statsVertexDensity": 1.9166663349192616
}