{
    "boundaryCount": 395,
    "statsArea": 456337.1039019685,
    "statsPerimeter": 53465.226645365256,
    "statsVertices": 102475,
    "statsLineResolution": 521.7392207403294,
    "statsVertexDensity": 1.916666334919264
}