{
    "boundaryCount": 1,
    "statsArea": 29714.72737492542,
    "statsPerimeter": 1594.1597598077549,
    "statsVertices": 12127,
    "statsLineResolution": 131.45541022575696,
    "statsVertexDensity": 7.607142211055708
}