{
    "boundaryCount": 1,
    "statsArea": 92262.88287930383,
    "statsPerimeter": 3233.0271247941414,
    "statsVertices": 11193,
    "statsLineResolution": 288.84366343197905,
    "statsVertexDensity": 3.462080449050578
}