{
    "boundaryCount": 1,
    "statsArea": 20279.717348304817,
    "statsPerimeter": 1233.281818551534,
    "statsVertices": 5106,
    "statsLineResolution": 241.5358046516909,
    "statsVertexDensity": 4.140172929814939
}