{
    "boundaryCount": 72,
    "statsArea": 750497.4184979983,
    "statsPerimeter": 35939.91265533017,
    "statsVertices": 38982,
    "statsLineResolution": 921.9617427358824,
    "statsVertexDensity": 1.0846437044475863
}