{
    "boundaryCount": 9,
    "statsArea": 263132.88810432085,
    "statsPerimeter": 9070.985797693473,
    "statsVertices": 28785,
    "statsLineResolution": 315.1289142849912,
    "statsVertexDensity": 3.17330449434937
}