{
    "boundaryCount": 9,
    "statsArea": 263132.8881043213,
    "statsPerimeter": 9070.985797693455,
    "statsVertices": 28785,
    "statsLineResolution": 315.12891428499057,
    "statsVertexDensity": 3.173304494349376
}