{
    "boundaryCount": 1,
    "boundaryYearSourceLag": 1,
    "statsArea": 29732.930969110843,
    "statsPerimeter": 1537.0640924419895,
    "statsVertices": 4548,
    "statsLineResolution": 337.9648400268227,
    "statsVertexDensity": 2.9588876757731213
}