{
    "boundaryCount": 15,
    "boundaryYearSourceLag": 19,
    "statsArea": 329840.2478337132,
    "statsPerimeter": 17052.03671536963,
    "statsVertices": 70450,
    "statsLineResolution": 242.04452399389115,
    "statsVertexDensity": 4.131471282635745
}