{
    "boundaryCount": 10,
    "statsArea": 390664.10650676035,
    "statsPerimeter": 12678.82029363005,
    "statsVertices": 45960,
    "statsLineResolution": 275.86641195887836,
    "statsVertexDensity": 3.6249429312513173
}