{
    "boundaryCount": 10,
    "statsArea": 390664.10650675977,
    "statsPerimeter": 12678.820293630057,
    "statsVertices": 45960,
    "statsLineResolution": 275.86641195887853,
    "statsVertexDensity": 3.6249429312513155
}