{
    "boundaryCount": 1,
    "statsArea": 990.9531579579766,
    "statsPerimeter": 308.92615703379585,
    "statsVertices": 8974,
    "statsLineResolution": 34.424577338287925,
    "statsVertexDensity": 29.04901315630021
}