{
    "boundaryCount": 1,
    "statsArea": 61.20780428594421,
    "statsPerimeter": 40.10565741097078,
    "statsVertices": 949,
    "statsLineResolution": 42.26096671335172,
    "statsVertexDensity": 23.662497045626385
}