{
    "boundaryCount": 1,
    "statsArea": 61.20780428594896,
    "statsPerimeter": 40.10565741095741,
    "statsVertices": 949,
    "statsLineResolution": 42.26096671333763,
    "statsVertexDensity": 23.66249704563427
}