{
    "boundaryCount": 1,
    "statsArea": 8472669.7005507,
    "statsPerimeter": 30976.399701283288,
    "statsVertices": 11121,
    "statsLineResolution": 2785.396969812363,
    "statsVertexDensity": 0.35901525378171306
}