{"boundaryCount": 1, "boundaryYearSourceLag": null, "statsArea": 2714263.3685442773, "statsVertices": 4211, "statsLineResolution": 3284.2437766796124, "statsVertexDensity": 0.3044840967959465, "statsPerimeter": 13829.950543597848}