{
    "boundaryCount": 1,
    "statsArea": 2714263.357687077,
    "statsPerimeter": 14115.90850687559,
    "statsVertices": 4211,
    "statsLineResolution": 3352.1511533781973,
    "statsVertexDensity": 0.29831590350340553
}