{
    "boundaryCount": 1,
    "statsArea": 2714263.3685442773,
    "statsPerimeter": 14115.90775446059,
    "statsVertices": 4211,
    "statsLineResolution": 3352.1509746997363,
    "statsVertexDensity": 0.2983159194044276
}