{
    "boundaryCount": 22,
    "statsArea": 1565100.7303830967,
    "statsPerimeter": 29421.394847206993,
    "statsVertices": 25871,
    "statsLineResolution": 1137.2345424300179,
    "statsVertexDensity": 0.8793260868274559
}