{
    "boundaryCount": 22,
    "statsArea": 1565100.7303830967,
    "statsPerimeter": 29421.394847207044,
    "statsVertices": 25871,
    "statsLineResolution": 1137.23454243002,
    "statsVertexDensity": 0.8793260868274544
}