{
    "boundaryCount": 327,
    "statsArea": 1566250.2238449985,
    "statsPerimeter": 97572.98419109991,
    "statsVertices": 37416,
    "statsLineResolution": 2607.7876895205236,
    "statsVertexDensity": 0.3834667998543483
}