{
    "boundaryCount": 327,
    "statsArea": 1566250.2413394295,
    "statsPerimeter": 97568.99155387627,
    "statsVertices": 35626,
    "statsLineResolution": 2738.701834443279,
    "statsVertexDensity": 0.36513649913382373
}