{"boundaryCount": 327, "boundaryYearSourceLag": null, "statsArea": 1566250.2413394295, "statsVertices": 35626, "statsLineResolution": 2733.0092811324153, "statsVertexDensity": 0.3658970377098949, "statsPerimeter": 97366.18864962342}