{
    "boundaryCount": 5,
    "statsArea": 159.6658340326683,
    "statsPerimeter": 199.35967102279713,
    "statsVertices": 1000,
    "statsLineResolution": 199.35967102279713,
    "statsVertexDensity": 5.016059641699791
}