{
    "boundaryCount": 1,
    "statsArea": 1891077.033026046,
    "statsPerimeter": 100834.95401624382,
    "statsVertices": 2496231,
    "statsLineResolution": 40.39488092898607,
    "statsVertexDensity": 24.75561202316683
}