{
    "boundaryCount": 9,
    "statsArea": 1082613.8319075378,
    "statsPerimeter": 19768.185818814614,
    "statsVertices": 20005,
    "statsLineResolution": 988.1622503781362,
    "statsVertexDensity": 1.0119795606615551
}