{
    "boundaryCount": 9,
    "boundaryYearSourceLag": 1,
    "statsArea": 40.02609890232891,
    "statsPerimeter": 180.60531175507384,
    "statsVertices": 432,
    "statsLineResolution": 418.06785128489315,
    "statsVertexDensity": 2.3919562265469394
}