{
    "boundaryCount": 9,
    "statsArea": 7.795278391461155,
    "statsPerimeter": 180.60613759772636,
    "statsVertices": 1898,
    "statsLineResolution": 95.15602613157343,
    "statsVertexDensity": 10.509055922714632
}