{
    "boundaryCount": 45,
    "statsArea": 36344.98250059633,
    "statsPerimeter": 9860.061433962766,
    "statsVertices": 27073,
    "statsLineResolution": 364.20276415479503,
    "statsVertexDensity": 2.7457232575395163
}