{
    "boundaryCount": 701,
    "statsArea": 1254310.2662604912,
    "statsPerimeter": 103479.11686009227,
    "statsVertices": 49313,
    "statsLineResolution": 2098.4145531622953,
    "statsVertexDensity": 0.47655025957240305
}