{
    "boundaryCount": 11,
    "statsArea": 763.417981873373,
    "statsPerimeter": 983.6230268877904,
    "statsVertices": 14251,
    "statsLineResolution": 69.02133372309244,
    "statsVertexDensity": 14.488274074968075
}