{
    "boundaryCount": 10,
    "statsArea": 30564.45682239267,
    "statsPerimeter": 4568.49679020819,
    "statsVertices": 54305,
    "statsLineResolution": 84.1266327264191,
    "statsVertexDensity": 11.886842104473773
}