{
    "boundaryCount": 183,
    "statsArea": 245485.83994756851,
    "statsPerimeter": 46348.62207098648,
    "statsVertices": 429893,
    "statsLineResolution": 107.81432140320145,
    "statsVertexDensity": 9.275205621897147
}