{"boundaryCount": 183, "boundaryYearSourceLag": null, "statsArea": 245485.83994756851, "statsVertices": 429893, "statsLineResolution": 107.40485253420219, "statsVertexDensity": 9.310566295703989, "statsPerimeter": 46172.59427048578}