{
    "boundaryCount": 183,
    "statsArea": 245293.96787727333,
    "statsPerimeter": 55152.76753498866,
    "statsVertices": 3875857,
    "statsLineResolution": 14.229825180595844,
    "statsVertexDensity": 70.27493221516353
}