{
    "boundaryCount": 23,
    "statsArea": 88060.69291083766,
    "statsPerimeter": 16641.704576439675,
    "statsVertices": 60699,
    "statsLineResolution": 274.16768935962165,
    "statsVertexDensity": 3.6474028078790677
}