{
    "boundaryCount": 1,
    "statsArea": 2168040.351185953,
    "statsPerimeter": 74896.62597511664,
    "statsVertices": 1115329,
    "statsLineResolution": 67.1520474901277,
    "statsVertexDensity": 14.891578699026477
}