{
    "boundaryCount": 1,
    "boundaryYearSourceLag": 1,
    "statsArea": 2168039.742198425,
    "statsPerimeter": 75171.72491002615,
    "statsVertices": 174844,
    "statsLineResolution": 429.93597097999447,
    "statsVertexDensity": 2.325927736915345
}