{"boundaryCount": 27, "boundaryYearSourceLag": null, "statsArea": 1001078.5433084195, "statsVertices": 4697, "statsLineResolution": 4013.819016967959, "statsVertexDensity": 0.2491392849983058, "statsPerimeter": 18852.907922698505}