{
    "boundaryCount": 27,
    "statsArea": 1001078.5433084195,
    "statsPerimeter": 18867.804389525914,
    "statsVertices": 4697,
    "statsLineResolution": 4016.990502347437,
    "statsVertexDensity": 0.2489425851058455
}