{
    "boundaryCount": 27,
    "statsArea": 1001078.5575418028,
    "statsPerimeter": 18867.80447626105,
    "statsVertices": 4699,
    "statsLineResolution": 4015.280799374559,
    "statsVertexDensity": 0.2490485846359152
}