{
    "boundaryCount": 1,
    "boundaryYearSourceLag": 1,
    "statsArea": 35168.759755684616,
    "statsPerimeter": 4068.0007939005877,
    "statsVertices": 6444,
    "statsLineResolution": 631.2850394010843,
    "statsVertexDensity": 1.5840704873169884
}