{
    "boundaryCount": 1,
    "statsArea": 35168.79799033597,
    "statsPerimeter": 4067.9982334884967,
    "statsVertices": 30419,
    "statsLineResolution": 133.73214877177082,
    "statsVertexDensity": 7.477633532282609
}