{"boundaryCount": 1, "boundaryYearSourceLag": null, "statsArea": 28.766922060095112, "statsVertices": 9, "statsLineResolution": 2203.071003340518, "statsVertexDensity": 0.4539118342003954, "statsPerimeter": 19.827639030064663}