{
    "boundaryCount": 1,
    "statsArea": 245213.14343528618,
    "statsPerimeter": 20085.810603913633,
    "statsVertices": 881479,
    "statsLineResolution": 22.786487941191602,
    "statsVertexDensity": 43.885657262358514
}