{
    "boundaryCount": 1,
    "boundaryYearSourceLag": 1,
    "statsArea": 245212.9650373913,
    "statsPerimeter": 20085.76978927826,
    "statsVertices": 345295,
    "statsLineResolution": 58.16988311234817,
    "statsVertexDensity": 17.19102646413471
}