{
    "boundaryCount": 1,
    "statsArea": 583.3778419294202,
    "statsPerimeter": 151.70682574737853,
    "statsVertices": 479,
    "statsLineResolution": 316.7157113723977,
    "statsVertexDensity": 3.1574057241012246
}