{
    "boundaryCount": 16,
    "statsArea": 887320.3258979027,
    "statsPerimeter": 20030.400649635332,
    "statsVertices": 52157,
    "statsLineResolution": 384.04050558190335,
    "statsVertexDensity": 2.6038919995816237
}