{
    "boundaryCount": 167,
    "statsArea": 107432.87580332803,
    "statsPerimeter": 29125.565344071583,
    "statsVertices": 202328,
    "statsLineResolution": 143.9522228464255,
    "statsVertexDensity": 6.94674927713234
}