{
    "boundaryCount": 167,
    "statsArea": 107432.8758033267,
    "statsPerimeter": 29125.565344071678,
    "statsVertices": 202328,
    "statsLineResolution": 143.952222846426,
    "statsVertexDensity": 6.946749277132318
}