{
    "boundaryCount": 1,
    "statsArea": 70286.65900028407,
    "statsPerimeter": 7177.246297512248,
    "statsVertices": 67120,
    "statsLineResolution": 106.9315598556652,
    "statsVertexDensity": 9.351776045816472
}