{
    "boundaryCount": 148,
    "boundaryYearSourceLag": 3,
    "statsArea": 230405.11935017322,
    "statsPerimeter": 31664.62585408937,
    "statsVertices": 198930,
    "statsLineResolution": 159.17471399029492,
    "statsVertexDensity": 6.2824048803440675
}