{"boundaryCount": 14, "boundaryYearSourceLag": null, "statsArea": 447830.15392679826, "statsVertices": 3704, "statsLineResolution": 3229.1052567371576, "statsVertexDensity": 0.3096833086854678, "statsPerimeter": 11960.605870954432}