{
    "boundaryCount": 14,
    "statsArea": 447830.15867029084,
    "statsPerimeter": 12053.364092366926,
    "statsVertices": 3704,
    "statsLineResolution": 3254.147973101222,
    "statsVertexDensity": 0.30730010075325315
}