{
    "boundaryCount": 14,
    "statsArea": 447830.15392679826,
    "statsPerimeter": 12053.36064156661,
    "statsVertices": 3704,
    "statsLineResolution": 3254.147041459668,
    "statsVertexDensity": 0.30730018873131304
}