{
    "boundaryCount": 1513,
    "statsArea": 295127.9646056985,
    "statsPerimeter": 104286.459083083,
    "statsVertices": 231534,
    "statsLineResolution": 450.41531301270226,
    "statsVertexDensity": 2.2201731848575026
}