{
    "boundaryCount": 1,
    "boundaryYearSourceLag": 1,
    "statsArea": 309.57726855201633,
    "statsPerimeter": 2473.476917094123,
    "statsVertices": 35988,
    "statsLineResolution": 68.73060234228419,
    "statsVertexDensity": 14.549559670958736
}