{
    "boundaryCount": 1,
    "statsArea": 309.60455975885947,
    "statsPerimeter": 2473.524765158568,
    "statsVertices": 125530,
    "statsLineResolution": 19.70465040355746,
    "statsVertexDensity": 50.749441351137136
}