{
    "boundaryCount": 1,
    "statsArea": 736592.74990045,
    "statsPerimeter": 37353.54163804742,
    "statsVertices": 17196,
    "statsLineResolution": 2172.222705166749,
    "statsVertexDensity": 0.460357953915796
}