{
    "boundaryCount": 1,
    "statsArea": 736592.8254958546,
    "statsPerimeter": 37353.54624210174,
    "statsVertices": 17197,
    "statsLineResolution": 2172.0966588417596,
    "statsVertexDensity": 0.46038466839373354
}