{
    "boundaryCount": 18,
    "statsArea": 1124.274530867761,
    "statsPerimeter": 1697.7422829922991,
    "statsVertices": 89956,
    "statsLineResolution": 18.873029959005503,
    "statsVertexDensity": 52.98566272464573
}