{
    "boundaryCount": 18,
    "statsArea": 1124.2745308678025,
    "statsPerimeter": 1697.7422829922316,
    "statsVertices": 89956,
    "statsLineResolution": 18.873029959004754,
    "statsVertexDensity": 52.98566272464783
}