{
    "boundaryCount": 7,
    "statsArea": 71093.26067703182,
    "statsPerimeter": 6492.555305750056,
    "statsVertices": 52782,
    "statsLineResolution": 123.00699681236132,
    "statsVertexDensity": 8.129618850262892
}