{"boundaryCount": 7, "boundaryYearSourceLag": null, "statsArea": 71196.78415106694, "statsVertices": 50409, "statsLineResolution": 127.69651064419298, "statsVertexDensity": 7.831067544095616, "statsPerimeter": 6437.053405063124}