{
    "boundaryCount": 7,
    "statsArea": 71196.78415106694,
    "statsPerimeter": 6441.565529238797,
    "statsVertices": 50409,
    "statsLineResolution": 127.7860209335396,
    "statsVertexDensity": 7.825582115277628
}