{
    "boundaryCount": 84,
    "boundaryYearSourceLag": 0,
    "statsArea": 24952.882155897212,
    "statsPerimeter": 7635.135110248252,
    "statsVertices": 9333,
    "statsLineResolution": 818.0794075054379,
    "statsVertexDensity": 1.2223752252232958
}