{
    "boundaryCount": 10,
    "statsArea": 1973.4934435967295,
    "statsPerimeter": 964.0541964469343,
    "statsVertices": 32996,
    "statsLineResolution": 29.217305020212578,
    "statsVertexDensity": 34.22629155249597
}