{
    "boundaryCount": 10,
    "statsArea": 1973.4934435963432,
    "statsPerimeter": 964.0541964469236,
    "statsVertices": 32996,
    "statsLineResolution": 29.217305020212255,
    "statsVertexDensity": 34.226291552496356
}