{
    "boundaryCount": 1,
    "statsArea": 45489.88732795892,
    "statsPerimeter": 4791.297308030749,
    "statsVertices": 487455,
    "statsLineResolution": 9.829209481963975,
    "statsVertexDensity": 101.73758142350528
}