{
    "boundaryCount": 1,
    "statsArea": 45489.85618437121,
    "statsPerimeter": 4857.784563691926,
    "statsVertices": 491431,
    "statsLineResolution": 9.884977878261498,
    "statsVertexDensity": 101.16360525187874
}