{"boundaryCount": 1, "boundaryYearSourceLag": null, "statsArea": 45489.88732795892, "statsVertices": 487455, "statsLineResolution": 9.827740073992876, "statsVertexDensity": 101.75279285685399, "statsPerimeter": 4790.581037768197}