{
    "boundaryCount": 2,
    "statsArea": 6219.961442007122,
    "statsPerimeter": 525.1856599193899,
    "statsVertices": 2011,
    "statsLineResolution": 261.1564693781153,
    "statsVertexDensity": 3.829122067629695
}