{
    "boundaryCount": 2,
    "statsArea": 6219.961418114478,
    "statsPerimeter": 525.1856652211021,
    "statsVertices": 2011,
    "statsLineResolution": 261.15647201447143,
    "statsVertexDensity": 3.829122028974978
}