{
    "boundaryCount": 11,
    "statsArea": 27351.099355454015,
    "statsPerimeter": 4772.6655084264585,
    "statsVertices": 2436,
    "statsLineResolution": 1959.2222940995314,
    "statsVertexDensity": 0.5104066052186309
}