{
    "boundaryCount": 1,
    "statsArea": 20738.90432590985,
    "statsPerimeter": 1655.6893708992736,
    "statsVertices": 40390,
    "statsLineResolution": 40.992556843260054,
    "statsVertexDensity": 24.394672521248665
}