{
    "boundaryCount": 1,
    "statsArea": 20738.90432591,
    "statsPerimeter": 1655.6893708992043,
    "statsVertices": 40390,
    "statsLineResolution": 40.992556843258335,
    "statsVertexDensity": 24.39467252124969
}