{"boundaryCount": 1, "boundaryYearSourceLag": null, "statsArea": 1506.3120140299184, "statsVertices": 46492, "statsLineResolution": 67.62456114808037, "statsVertexDensity": 14.787526647459604, "statsPerimeter": 3144.001096896553}