{
    "boundaryCount": 1,
    "statsArea": 1506.3120140299184,
    "statsPerimeter": 3144.001096896553,
    "statsVertices": 46492,
    "statsLineResolution": 67.62456114808037,
    "statsVertexDensity": 14.787526647459604
}