{
    "boundaryCount": 1,
    "statsArea": 4096.700386118842,
    "statsPerimeter": 1447.4807278935996,
    "statsVertices": 15182,
    "statsLineResolution": 95.34190013790011,
    "statsVertexDensity": 10.488567970153996
}