{"boundaryCount": 1, "boundaryYearSourceLag": null, "statsArea": 4096.700386118842, "statsVertices": 15182, "statsLineResolution": 95.34190013790011, "statsVertexDensity": 10.488567970153996, "statsPerimeter": 1447.4807278935996}