{
    "boundaryCount": 37,
    "statsArea": 1181090.9802272765,
    "statsPerimeter": 25219.423879912058,
    "statsVertices": 30711,
    "statsLineResolution": 821.1853694087479,
    "statsVertexDensity": 1.2177518466019412
}