{
    "boundaryCount": 37,
    "statsArea": 1181090.9802272765,
    "statsPerimeter": 25219.423879912072,
    "statsVertices": 30711,
    "statsLineResolution": 821.1853694087483,
    "statsVertexDensity": 1.2177518466019404
}