{"boundaryCount": 1, "boundaryYearSourceLag": null, "statsArea": 34.12868251823232, "statsVertices": 801, "statsLineResolution": 105.20762656083257, "statsVertexDensity": 9.505014348192578, "statsPerimeter": 84.27130887522688}