{
    "boundaryCount": 1,
    "statsArea": 34.12868251823232,
    "statsPerimeter": 88.80975863312884,
    "statsVertices": 801,
    "statsLineResolution": 110.8736062835566,
    "statsVertexDensity": 9.019279100947829
}