{
    "boundaryCount": 1,
    "statsArea": 357647.94567968376,
    "statsPerimeter": 8060.72030479594,
    "statsVertices": 252346,
    "statsLineResolution": 31.94312691620212,
    "statsVertexDensity": 31.305639007206345
}