{
    "boundaryCount": 1,
    "statsArea": 357647.945679682,
    "statsPerimeter": 8060.720304795946,
    "statsVertices": 252346,
    "statsLineResolution": 31.943126916202143,
    "statsVertexDensity": 31.305639007206324
}