{
    "boundaryCount": 1,
    "statsArea": 110975.45139779756,
    "statsPerimeter": 2493.0948452025987,
    "statsVertices": 36451,
    "statsLineResolution": 68.39578736392963,
    "statsVertexDensity": 14.62078350935656
}