{
    "boundaryCount": 1,
    "statsArea": 110975.4513977973,
    "statsPerimeter": 2493.0948452027,
    "statsVertices": 36451,
    "statsLineResolution": 68.39578736393241,
    "statsVertexDensity": 14.620783509355965
}