{
    "boundaryCount": 12,
    "boundaryYearSourceLag": 1,
    "statsArea": 2025.7517586279178,
    "statsPerimeter": 967.4685623385867,
    "statsVertices": 1988,
    "statsLineResolution": 486.65420640773976,
    "statsVertexDensity": 2.0548471313574903
}