{
    "boundaryCount": 12,
    "statsArea": 168.33421017028246,
    "statsPerimeter": 967.4717776984863,
    "statsVertices": 11085,
    "statsLineResolution": 87.27756226418461,
    "statsVertexDensity": 11.457698566019207
}