{"boundaryCount": 1, "boundaryYearSourceLag": null, "statsArea": 1564648.9906362428, "statsVertices": 1494, "statsLineResolution": 4880.048737188646, "statsVertexDensity": 0.204915986264533, "statsPerimeter": 7290.792813359836}