{
    "boundaryCount": 1,
    "boundaryYearSourceLag": 0,
    "statsArea": 280.4076086168698,
    "statsPerimeter": 276.5404101025028,
    "statsVertices": 5225,
    "statsLineResolution": 52.926394277990966,
    "statsVertexDensity": 18.89416450226314
}