{
    "boundaryCount": 14,
    "statsArea": 196.02400827473062,
    "statsPerimeter": 377.2432193215155,
    "statsVertices": 20974,
    "statsLineResolution": 17.986231492396083,
    "statsVertexDensity": 55.59808347973077
}