{
    "boundaryCount": 14,
    "statsArea": 196.02400827426277,
    "statsPerimeter": 377.24321932150946,
    "statsVertices": 20974,
    "statsLineResolution": 17.9862314923958,
    "statsVertexDensity": 55.598083479731656
}