{
    "boundaryCount": 1,
    "statsArea": 669223.9252478398,
    "statsPerimeter": 22392.007191825476,
    "statsVertices": 428542,
    "statsLineResolution": 52.25160472445052,
    "statsVertexDensity": 19.138168201216253
}