{
    "boundaryCount": 1,
    "statsArea": 669223.9252478395,
    "statsPerimeter": 22392.00719182546,
    "statsVertices": 428542,
    "statsLineResolution": 52.25160472445049,
    "statsVertexDensity": 19.138168201216267
}