{
    "boundaryCount": 1,
    "statsArea": 7686692.762982098,
    "statsPerimeter": 26395.103203865358,
    "statsVertices": 4588,
    "statsLineResolution": 5753.0739328390055,
    "statsVertexDensity": 0.1738201197610064
}