{
    "boundaryCount": 1,
    "statsArea": 7690038.231407797,
    "statsPerimeter": 28547.542380759784,
    "statsVertices": 8340,
    "statsLineResolution": 3422.966712321317,
    "statsVertexDensity": 0.2921442374535511
}