{
    "boundaryCount": 1,
    "statsArea": 7691177.8066281285,
    "statsPerimeter": 33873.85367148131,
    "statsVertices": 13659,
    "statsLineResolution": 2479.9658592489427,
    "statsVertexDensity": 0.4032313575086271
}