{
    "boundaryCount": 12,
    "statsArea": 120.2324091427147,
    "statsPerimeter": 273.2989276276008,
    "statsVertices": 7966,
    "statsLineResolution": 34.308175700175845,
    "statsVertexDensity": 29.147571375964315
}