{
    "boundaryCount": 12,
    "statsArea": 120.23240914246938,
    "statsPerimeter": 273.2989276276015,
    "statsVertices": 7966,
    "statsLineResolution": 34.30817570017593,
    "statsVertexDensity": 29.147571375964244
}