{
    "boundaryCount": 9,
    "statsArea": 61.21548119414654,
    "statsPerimeter": 127.07050524851809,
    "statsVertices": 6051,
    "statsLineResolution": 20.999918236410196,
    "statsVertexDensity": 47.61923302473504
}