{
    "boundaryCount": 9,
    "statsArea": 61.21556073471724,
    "statsPerimeter": 127.07225914135819,
    "statsVertices": 5562,
    "statsLineResolution": 22.846504699992483,
    "statsVertexDensity": 43.77037157899821
}