{
    "boundaryCount": 1,
    "statsArea": 308618.29216414783,
    "statsPerimeter": 4470.050849934386,
    "statsVertices": 9825,
    "statsLineResolution": 454.96700762690955,
    "statsVertexDensity": 2.1979615735566447
}