{
    "boundaryCount": 442,
    "statsArea": 14892.330461210968,
    "statsPerimeter": 12915.3670814891,
    "statsVertices": 214276,
    "statsLineResolution": 60.27444548847794,
    "statsVertexDensity": 16.590778926222722
}