{
    "boundaryCount": 58,
    "statsArea": 121144.95603299835,
    "statsPerimeter": 13659.342147455132,
    "statsVertices": 51732,
    "statsLineResolution": 264.04048069773313,
    "statsVertexDensity": 3.7872980588335414
}