{
    "boundaryCount": 12,
    "statsArea": 37764.68343942222,
    "statsPerimeter": 5210.551870999324,
    "statsVertices": 168064,
    "statsLineResolution": 31.003378897320808,
    "statsVertexDensity": 32.254548877135974
}