{
    "boundaryCount": 12,
    "statsArea": 37764.68343942265,
    "statsPerimeter": 5210.551870999658,
    "statsVertices": 168064,
    "statsLineResolution": 31.00337889732279,
    "statsVertexDensity": 32.25454887713391
}