{
    "boundaryCount": 8,
    "boundaryYearSourceLag": 1,
    "statsArea": 244705.32286425034,
    "statsPerimeter": 12944.363611621628,
    "statsVertices": 78700,
    "statsLineResolution": 164.4773012912532,
    "statsVertexDensity": 6.079866292487493
}