{
    "boundaryCount": 8,
    "statsArea": 124549.84566098075,
    "statsPerimeter": 12944.363775373648,
    "statsVertices": 144549,
    "statsLineResolution": 89.55000570999209,
    "statsVertexDensity": 11.166945128272825
}