{
    "boundaryCount": 87,
    "statsArea": 463612.8176304966,
    "statsPerimeter": 43373.71504619793,
    "statsVertices": 332998,
    "statsLineResolution": 130.2521788304973,
    "statsVertexDensity": 7.677414757885492
}