{
    "boundaryCount": 87,
    "statsArea": 463631.2959823264,
    "statsPerimeter": 43545.71216051898,
    "statsVertices": 328877,
    "statsLineResolution": 132.40728953535512,
    "statsVertexDensity": 7.5524542758122255
}