{"boundaryCount": 87, "boundaryYearSourceLag": null, "statsArea": 463631.2959823264, "statsVertices": 328877, "statsLineResolution": 132.3977800266954, "statsVertexDensity": 7.55299673301448, "statsPerimeter": 43542.5847018395}