{
    "boundaryCount": 1,
    "statsArea": 261.00839907939195,
    "statsPerimeter": 438.4449889567002,
    "statsVertices": 7726,
    "statsLineResolution": 56.74928668867463,
    "statsVertexDensity": 17.621366863798283
}