{
    "boundaryCount": 2,
    "statsArea": 111.92862519739859,
    "statsPerimeter": 88.97107985183747,
    "statsVertices": 54,
    "statsLineResolution": 1647.6125898488422,
    "statsVertexDensity": 0.6069387950548154
}