{
    "boundaryCount": 1,
    "statsArea": 914162.1078021309,
    "statsPerimeter": 10332.693045954862,
    "statsVertices": 101255,
    "statsLineResolution": 102.04625002177535,
    "statsVertexDensity": 9.799478175695953
}