{
    "boundaryCount": 37,
    "statsArea": 264549.83592282765,
    "statsPerimeter": 17143.56123231533,
    "statsVertices": 61571,
    "statsLineResolution": 278.4356471766794,
    "statsVertexDensity": 3.5914941572314443
}