{
    "boundaryCount": 37,
    "statsArea": 264549.83628201496,
    "statsPerimeter": 17143.603386998915,
    "statsVertices": 59860,
    "statsLineResolution": 286.39497806546797,
    "statsVertexDensity": 3.491681337273332
}