{"boundaryCount": 37, "boundaryYearSourceLag": null, "statsArea": 264549.83628201496, "statsVertices": 59860, "statsLineResolution": 286.39426698865026, "statsVertexDensity": 3.491690006628623, "statsPerimeter": 17143.560821940606}