{
    "boundaryCount": 14,
    "boundaryYearSourceLag": 18,
    "statsArea": 10999.145671145343,
    "statsPerimeter": 2109.7910355268564,
    "statsVertices": 7660,
    "statsLineResolution": 275.4296391027228,
    "statsVertexDensity": 3.63069132014164
}