{
    "boundaryCount": 11,
    "statsArea": 308441.0696773463,
    "statsPerimeter": 9496.578753886723,
    "statsVertices": 19347,
    "statsLineResolution": 490.85536537379033,
    "statsVertexDensity": 2.0372599966152793
}