{
    "boundaryCount": 2,
    "statsArea": 242.74990483921337,
    "statsPerimeter": 133.97488028533192,
    "statsVertices": 82,
    "statsLineResolution": 1633.8400034796575,
    "statsVertexDensity": 0.6120550346853169
}