{
    "boundaryCount": 2,
    "statsArea": 1002.2340012131207,
    "statsPerimeter": 362.5829290557932,
    "statsVertices": 6848,
    "statsLineResolution": 52.94727351866139,
    "statsVertexDensity": 18.886713772854566
}