{
    "boundaryCount": 1,
    "statsArea": 122772.2040054065,
    "statsPerimeter": 5775.669700247805,
    "statsVertices": 123509,
    "statsLineResolution": 46.763148436533406,
    "statsVertexDensity": 21.384359980748354
}