{
    "boundaryCount": 1,
    "statsArea": 122772.20400540691,
    "statsPerimeter": 5775.669700247732,
    "statsVertices": 123509,
    "statsLineResolution": 46.763148436532816,
    "statsVertexDensity": 21.384359980748624
}