{
    "boundaryCount": 1,
    "statsArea": 186917.56319063512,
    "statsPerimeter": 2475.3329845948224,
    "statsVertices": 12476,
    "statsLineResolution": 198.40758132372736,
    "statsVertexDensity": 5.0401299855995525
}