{
    "boundaryCount": 1,
    "statsArea": 186917.56255039314,
    "statsPerimeter": 2482.577563764119,
    "statsVertices": 14058,
    "statsLineResolution": 176.5953594938198,
    "statsVertexDensity": 5.662662953694411
}