{
    "boundaryCount": 1,
    "statsArea": 132667.08688533798,
    "statsPerimeter": 14765.66937389055,
    "statsVertices": 70346,
    "statsLineResolution": 209.90062510861387,
    "statsVertexDensity": 4.764159227646637
}