{
    "boundaryCount": 26,
    "boundaryYearSourceLag": 1,
    "statsArea": 1292087.4413426474,
    "statsPerimeter": 34616.14223940135,
    "statsVertices": 35103,
    "statsLineResolution": 986.1305939492735,
    "statsVertexDensity": 1.0140644719227117
}