{
    "boundaryCount": 26,
    "statsArea": 799477.0309624291,
    "statsPerimeter": 34616.13950475519,
    "statsVertices": 79371,
    "statsLineResolution": 436.13082240056434,
    "statsVertexDensity": 2.2928899968495005
}