{"boundaryCount": 75, "boundaryYearSourceLag": null, "statsArea": 268709.439912883, "statsVertices": 1823781, "statsLineResolution": 20.97649830172504, "statsVertexDensity": 47.67239915909908, "statsPerimeter": 38256.539049218394}