{
    "boundaryCount": 75,
    "statsArea": 268709.439912883,
    "statsPerimeter": 38281.67397708261,
    "statsVertices": 1823781,
    "statsLineResolution": 20.99028007040462,
    "statsVertexDensity": 47.641098482052
}