{
    "boundaryCount": 75,
    "statsArea": 268709.4414389684,
    "statsPerimeter": 38281.81458697189,
    "statsVertices": 2013841,
    "statsLineResolution": 19.00935306559549,
    "statsVertexDensity": 52.60568292615243
}