{
    "boundaryCount": 1,
    "statsArea": 11032.896473872177,
    "statsPerimeter": 640.4766230783479,
    "statsVertices": 254,
    "statsLineResolution": 2521.561508182472,
    "statsVertexDensity": 0.3965796577854627
}