{"boundaryCount": 1, "boundaryYearSourceLag": null, "statsArea": 11032.896473872177, "statsVertices": 254, "statsLineResolution": 2521.561508182472, "statsVertexDensity": 0.3965796577854627, "statsPerimeter": 640.4766230783479}