{
    "boundaryCount": 110,
    "statsArea": 300755.06327918684,
    "statsPerimeter": 42432.22241526941,
    "statsVertices": 363699,
    "statsLineResolution": 116.66851549019769,
    "statsVertexDensity": 8.571292741648183
}