{
    "boundaryCount": 110,
    "statsArea": 300755.0620105718,
    "statsPerimeter": 42530.29162610393,
    "statsVertices": 377351,
    "statsLineResolution": 112.70751005324998,
    "statsVertexDensity": 8.872523219859426
}