{"boundaryCount": 110, "boundaryYearSourceLag": null, "statsArea": 300755.06327918684, "statsVertices": 363699, "statsLineResolution": 116.3201085012417, "statsVertexDensity": 8.596965846101536, "statsPerimeter": 42305.50714179311}