{
    "boundaryCount": 1,
    "statsArea": 311213.4541655811,
    "statsPerimeter": 3801.223867750823,
    "statsVertices": 1033,
    "statsLineResolution": 3679.7907722660434,
    "statsVertexDensity": 0.2717545811400011
}