{"boundaryCount": 1, "boundaryYearSourceLag": null, "statsArea": 311213.4541655811, "statsVertices": 1033, "statsLineResolution": 3669.6435652316477, "statsVertexDensity": 0.27250603014270536, "statsPerimeter": 3790.7418028842917}