{
    "boundaryCount": 1,
    "statsArea": 311213.4516394369,
    "statsPerimeter": 3801.2241705234323,
    "statsVertices": 1033,
    "statsLineResolution": 3679.7910653663434,
    "statsVertexDensity": 0.2717545594943839
}