{
    "boundaryCount": 18,
    "statsArea": 2732853.856379466,
    "statsPerimeter": 40291.21159460122,
    "statsVertices": 131349,
    "statsLineResolution": 306.7492831662306,
    "statsVertexDensity": 3.2599913182456883
}