{"boundaryCount": 7, "boundaryYearSourceLag": null, "statsArea": 11150.107007672848, "statsVertices": 353, "statsLineResolution": 3749.188438427762, "statsVertexDensity": 0.2667243902041249, "statsPerimeter": 1323.463518765}