{
    "boundaryCount": 7,
    "statsArea": 11150.107007672848,
    "statsPerimeter": 1323.463518765,
    "statsVertices": 353,
    "statsLineResolution": 3749.188438427762,
    "statsVertexDensity": 0.2667243902041249
}