{
    "boundaryCount": 13,
    "boundaryYearSourceLag": 1,
    "statsArea": 35492.045260395505,
    "statsPerimeter": 6253.062552823311,
    "statsVertices": 8639,
    "statsLineResolution": 723.8178669780428,
    "statsVertexDensity": 1.3815630224424058
}