{
    "boundaryCount": 13,
    "statsArea": 16053.801188171341,
    "statsPerimeter": 6253.06065011173,
    "statsVertices": 35741,
    "statsLineResolution": 174.95483198880083,
    "statsVertexDensity": 5.715760968888312
}