{
    "boundaryCount": 1,
    "statsArea": 787359.616918672,
    "statsPerimeter": 9562.928116118577,
    "statsVertices": 115705,
    "statsLineResolution": 82.64922100271014,
    "statsVertexDensity": 12.09932759036179
}