{
    "boundaryCount": 1,
    "statsArea": 787359.6169186715,
    "statsPerimeter": 9562.92811611868,
    "statsVertices": 115705,
    "statsLineResolution": 82.64922100271102,
    "statsVertexDensity": 12.09932759036166
}