{
    "boundaryCount": 20,
    "statsArea": 38659.11481061993,
    "statsPerimeter": 4917.085919650801,
    "statsVertices": 30205,
    "statsLineResolution": 162.7904624946466,
    "statsVertexDensity": 6.142866017306666
}