{
    "boundaryCount": 1,
    "boundaryYearSourceLag": 0,
    "statsArea": 25434.11138415554,
    "statsPerimeter": 802.3191996792968,
    "statsVertices": 1955,
    "statsLineResolution": 410.39345252137946,
    "statsVertexDensity": 2.4366860481233066
}