{
    "boundaryCount": 67,
    "statsArea": 409466.22790605016,
    "statsPerimeter": 28042.678719628722,
    "statsVertices": 78455,
    "statsLineResolution": 357.4364759368902,
    "statsVertexDensity": 2.7976999196258925
}