{
    "boundaryCount": 2,
    "statsArea": 125.78413582346823,
    "statsPerimeter": 104.02801621795878,
    "statsVertices": 186,
    "statsLineResolution": 559.2904097739719,
    "statsVertexDensity": 1.787979880441958
}