{
    "boundaryCount": 98,
    "statsArea": 43037.41855157049,
    "statsPerimeter": 15779.67670665117,
    "statsVertices": 386800,
    "statsLineResolution": 40.7954413305356,
    "statsVertexDensity": 24.512542759317935
}