{
    "boundaryCount": 98,
    "statsArea": 43037.41855157307,
    "statsPerimeter": 15779.676706651257,
    "statsVertices": 386800,
    "statsLineResolution": 40.79544133053582,
    "statsVertexDensity": 24.5125427593178
}