{
    "boundaryCount": 1,
    "statsArea": 1965090.4848217447,
    "statsPerimeter": 17453.730076348595,
    "statsVertices": 162441,
    "statsLineResolution": 107.44658107465847,
    "statsVertexDensity": 9.306950393378804
}