{
    "boundaryCount": 7,
    "statsArea": 36406.3353195209,
    "statsPerimeter": 4742.366069932756,
    "statsVertices": 63449,
    "statsLineResolution": 74.74296001407045,
    "statsVertexDensity": 13.379186478723199
}