{
    "boundaryCount": 7,
    "statsArea": 36406.335966214974,
    "statsPerimeter": 4733.702227874357,
    "statsVertices": 62442,
    "statsLineResolution": 75.80958694267251,
    "statsVertexDensity": 13.190943788629315
}