{
    "boundaryCount": 7,
    "statsArea": 940551.803471509,
    "statsPerimeter": 15962.546752067017,
    "statsVertices": 106864,
    "statsLineResolution": 149.37253660790367,
    "statsVertexDensity": 6.694671073471531
}