{
    "boundaryCount": 7,
    "statsArea": 940551.8034715118,
    "statsPerimeter": 15962.546752066972,
    "statsVertices": 106864,
    "statsLineResolution": 149.37253660790324,
    "statsVertexDensity": 6.69467107347155
}