{
    "boundaryCount": 1,
    "boundaryYearSourceLag": 1,
    "statsArea": 166.7977688243122,
    "statsPerimeter": 334.90427971615975,
    "statsVertices": 1042,
    "statsLineResolution": 321.40525884468303,
    "statsVertexDensity": 3.1113367702649923
}