{
    "boundaryCount": 37,
    "statsArea": 912096.4444114368,
    "statsPerimeter": 36131.01333222783,
    "statsVertices": 54429,
    "statsLineResolution": 663.8191650081359,
    "statsVertexDensity": 1.5064343615143196
}