{
    "boundaryCount": 37,
    "statsArea": 912096.444411437,
    "statsPerimeter": 36131.013332228016,
    "statsVertices": 54429,
    "statsLineResolution": 663.8191650081394,
    "statsVertexDensity": 1.5064343615143119
}