{"boundaryCount": 37, "boundaryYearSourceLag": 0, "statsArea": 912096.444411437, "statsVertices": 54429, "statsLineResolution": 663.8191650081394, "statsVertexDensity": 1.5064343615143119, "statsPerimeter": 36131.013332228016}