{
    "boundaryCount": 10,
    "statsArea": 628102.1110537174,
    "statsPerimeter": 13790.057657801497,
    "statsVertices": 8463,
    "statsLineResolution": 1629.4526359212452,
    "statsVertexDensity": 0.6137030177834099
}