{
    "boundaryCount": 38,
    "boundaryYearSourceLag": 2,
    "statsArea": 1183713.6435092927,
    "statsPerimeter": 24760.543488092193,
    "statsVertices": 13887,
    "statsLineResolution": 1783.0016193628712,
    "statsVertexDensity": 0.5608519864145356
}