{
    "boundaryCount": 64,
    "statsArea": 1182311.740647388,
    "statsPerimeter": 34328.49738003173,
    "statsVertices": 16606,
    "statsLineResolution": 2067.23457666095,
    "statsVertexDensity": 0.48373803887085987
}