{
    "boundaryCount": 74,
    "statsArea": 633580.3648130959,
    "statsPerimeter": 29528.258261587052,
    "statsVertices": 60977,
    "statsLineResolution": 484.25239453543224,
    "statsVertexDensity": 2.065038833642424
}