{
    "boundaryCount": 1,
    "statsArea": 1136363.4232792698,
    "statsPerimeter": 14605.067715582658,
    "statsVertices": 117330,
    "statsLineResolution": 124.4785452619335,
    "statsVertexDensity": 8.033512906949175
}