{
    "boundaryCount": 1,
    "boundaryYearSourceLag": 1,
    "statsArea": 1136363.2616721191,
    "statsPerimeter": 14605.073986875454,
    "statsVertices": 23152,
    "statsLineResolution": 630.83422541791,
    "statsVertexDensity": 1.5852025139211936
}