{
    "boundaryCount": 1,
    "statsArea": 2942.5038359341656,
    "statsPerimeter": 329.24314621171357,
    "statsVertices": 81,
    "statsLineResolution": 4064.730200144612,
    "statsVertexDensity": 0.24601878864295168
}