{
    "boundaryCount": 1,
    "statsArea": 2780.4124711104887,
    "statsPerimeter": 341.81653427256936,
    "statsVertices": 132,
    "statsLineResolution": 2589.519199034616,
    "statsVertexDensity": 0.38617207409499194
}