{
    "boundaryCount": 1,
    "statsArea": 51143.54352681357,
    "statsPerimeter": 2891.4505148805324,
    "statsVertices": 60697,
    "statsLineResolution": 47.6374534965572,
    "statsVertexDensity": 20.991886144213623
}