{
    "boundaryCount": 1,
    "statsArea": 51143.54352681353,
    "statsPerimeter": 2891.450514880544,
    "statsVertices": 60697,
    "statsLineResolution": 47.637453496557384,
    "statsVertexDensity": 20.99188614421354
}