{
    "boundaryCount": 775,
    "boundaryYearSourceLag": 1,
    "statsArea": 147652.49898436185,
    "statsPerimeter": 58476.37404839314,
    "statsVertices": 1069570,
    "statsLineResolution": 54.67278817505459,
    "statsVertexDensity": 18.29063476327822
}