{
    "boundaryCount": 169,
    "statsArea": 41245.711749221744,
    "statsPerimeter": 14714.872005140667,
    "statsVertices": 108152,
    "statsLineResolution": 136.0573267728814,
    "statsVertexDensity": 7.349843067762798
}