{
    "boundaryCount": 169,
    "statsArea": 41245.711150923715,
    "statsPerimeter": 14720.765473411926,
    "statsVertices": 116771,
    "statsLineResolution": 126.06525141869065,
    "statsVertexDensity": 7.932399997194931
}