{"boundaryCount": 169, "boundaryYearSourceLag": null, "statsArea": 41245.711749221744, "statsVertices": 108152, "statsLineResolution": 135.77061726421954, "statsVertexDensity": 7.365363877324995, "statsPerimeter": 14683.863798359873}