{
    "boundaryCount": 1,
    "statsArea": 13870.024359849001,
    "statsPerimeter": 1034.295855169024,
    "statsVertices": 25274,
    "statsLineResolution": 40.92331467789127,
    "statsVertexDensity": 24.435948257638273
}