{
    "boundaryCount": 1,
    "statsArea": 13870.024359849624,
    "statsPerimeter": 1034.2958551689705,
    "statsVertices": 25274,
    "statsLineResolution": 40.92331467788916,
    "statsVertexDensity": 24.435948257639538
}