{
    "boundaryCount": 1,
    "statsArea": 0.03586388094213605,
    "statsPerimeter": 0.7985683592584857,
    "statsVertices": 5,
    "statsLineResolution": 159.71367185169714,
    "statsVertexDensity": 6.261204744754441
}