{
    "boundaryCount": 2939,
    "statsArea": 49107.99157263946,
    "statsPerimeter": 62714.89483069001,
    "statsVertices": 1201577,
    "statsLineResolution": 52.19382097917155,
    "statsVertexDensity": 19.159356054791616
}