{
    "boundaryCount": 2939,
    "statsArea": 49107.991572638064,
    "statsPerimeter": 62714.89483069105,
    "statsVertices": 1201577,
    "statsLineResolution": 52.193820979172415,
    "statsVertexDensity": 19.159356054791296
}