{
    "boundaryCount": 31,
    "statsArea": 317808.291954548,
    "statsPerimeter": 19802.8561775349,
    "statsVertices": 57136,
    "statsLineResolution": 346.59157409575226,
    "statsVertexDensity": 2.8852403657214465
}