{
    "boundaryCount": 31,
    "statsArea": 317808.291954548,
    "statsPerimeter": 19802.85617753487,
    "statsVertices": 57136,
    "statsLineResolution": 346.59157409575175,
    "statsVertexDensity": 2.8852403657214505
}