{
    "boundaryCount": 10,
    "statsArea": 64902.16919431819,
    "statsPerimeter": 6469.272469617198,
    "statsVertices": 85128,
    "statsLineResolution": 75.99464887718727,
    "statsVertexDensity": 13.158821243007132
}