{
    "boundaryCount": 189,
    "boundaryYearSourceLag": 0,
    "statsArea": 1871541.114509613,
    "statsPerimeter": 80256.86810124062,
    "statsVertices": 34380,
    "statsLineResolution": 2334.4057039337004,
    "statsVertexDensity": 0.4283745530243106
}