{
    "boundaryCount": 8,
    "statsArea": 102224.09176276738,
    "statsPerimeter": 8755.597238641432,
    "statsVertices": 66605,
    "statsLineResolution": 131.45555496796683,
    "statsVertexDensity": 7.607133835034057
}