{
    "boundaryCount": 4713,
    "statsArea": 43485.530694444045,
    "statsPerimeter": 73124.44475901197,
    "statsVertices": 1377621,
    "statsLineResolution": 53.08023379362827,
    "statsVertexDensity": 18.839404586798178
}