{
    "boundaryCount": 4713,
    "statsArea": 43485.53069444296,
    "statsPerimeter": 73124.44475901288,
    "statsVertices": 1377621,
    "statsLineResolution": 53.08023379362893,
    "statsVertexDensity": 18.83940458679794
}