{
    "boundaryCount": 14,
    "boundaryYearSourceLag": 12,
    "statsArea": 20749.843440641816,
    "statsPerimeter": 3860.4242791449465,
    "statsVertices": 75836,
    "statsLineResolution": 50.90490372837368,
    "statsVertexDensity": 19.644472865246065
}