{"boundaryCount": 8, "boundaryYearSourceLag": null, "statsArea": 25.291295052472613, "statsVertices": 117, "statsLineResolution": 651.1654574563245, "statsVertexDensity": 1.5357079964074614, "statsPerimeter": 76.18635852238995}