{
    "boundaryCount": 1,
    "statsArea": 238387.77463109916,
    "statsPerimeter": 3169.3893548424976,
    "statsVertices": 15691,
    "statsLineResolution": 201.98772256978506,
    "statsVertexDensity": 4.95079595570225
}