{
    "boundaryCount": 1,
    "boundaryYearSourceLag": 1,
    "statsArea": 940815.9603508426,
    "statsPerimeter": 7937.59201019412,
    "statsVertices": 19162,
    "statsLineResolution": 414.23609279793965,
    "statsVertexDensity": 2.4140822525761663
}