{
    "boundaryCount": 1,
    "statsArea": 940816.0480469761,
    "statsPerimeter": 7937.59237446347,
    "statsVertices": 75872,
    "statsLineResolution": 104.61820400758475,
    "statsVertexDensity": 9.558565925367068
}