{"boundaryCount": 1, "boundaryYearSourceLag": null, "statsArea": 69844.6112329119, "statsVertices": 13989, "statsLineResolution": 142.58246347392964, "statsVertexDensity": 7.013485218558061, "statsPerimeter": 1994.5860815368014}