{
    "boundaryCount": 1,
    "statsArea": 69844.6112329119,
    "statsPerimeter": 1994.5860815368014,
    "statsVertices": 13989,
    "statsLineResolution": 142.58246347392964,
    "statsVertexDensity": 7.013485218558061
}