{
    "boundaryCount": 1,
    "statsArea": 69844.61340118697,
    "statsPerimeter": 1994.5863964607354,
    "statsVertices": 14019,
    "statsLineResolution": 142.27736617880987,
    "statsVertexDensity": 7.028524823429965
}