{
    "boundaryCount": 1,
    "boundaryYearSourceLag": 2,
    "statsArea": 435.8099478646835,
    "statsPerimeter": 425.04576877096764,
    "statsVertices": 7965,
    "statsLineResolution": 53.3641894251058,
    "statsVertexDensity": 18.739158427646586
}