{
    "boundaryCount": 1,
    "statsArea": 17333.20908326638,
    "statsPerimeter": 1168.8501073367174,
    "statsVertices": 2102,
    "statsLineResolution": 556.0657028243185,
    "statsVertexDensity": 1.7983486392361383
}