{
    "boundaryCount": 34,
    "statsArea": 244816.17399312096,
    "statsPerimeter": 18194.651096053152,
    "statsVertices": 60488,
    "statsLineResolution": 300.7976969986304,
    "statsVertexDensity": 3.3244935382751732
}