{
    "boundaryCount": 34,
    "statsArea": 244816.17401258333,
    "statsPerimeter": 18172.54508424432,
    "statsVertices": 59608,
    "statsLineResolution": 304.8675527486969,
    "statsVertexDensity": 3.2801129243960663
}