{
    "boundaryCount": 6,
    "statsArea": 4544.6105845907405,
    "statsPerimeter": 1649.49007492313,
    "statsVertices": 6419,
    "statsLineResolution": 256.96994468346,
    "statsVertexDensity": 3.8915056826268812
}