{
    "boundaryCount": 6,
    "boundaryYearSourceLag": 1,
    "statsArea": 21672.581062935013,
    "statsPerimeter": 1649.4890448418444,
    "statsVertices": 1422,
    "statsLineResolution": 1159.9782312530551,
    "statsVertexDensity": 0.8620851435459783
}