{
    "boundaryCount": 1,
    "statsArea": 1180011.3641889,
    "statsPerimeter": 5856.956657127133,
    "statsVertices": 12881,
    "statsLineResolution": 454.6973571250007,
    "statsVertexDensity": 2.19926503712906
}