{"boundaryCount": 1, "boundaryYearSourceLag": null, "statsArea": 155.74086198896458, "statsVertices": 2295, "statsLineResolution": 71.02293691577715, "statsVertexDensity": 14.079958439142755, "statsPerimeter": 162.99764022170856}