{
    "boundaryCount": 1,
    "statsArea": 179.96452089860136,
    "statsPerimeter": 129.16536753369064,
    "statsVertices": 11539,
    "statsLineResolution": 11.193809475144349,
    "statsVertexDensity": 89.33509206320528
}