{
    "boundaryCount": 1,
    "statsArea": 179.96452089806155,
    "statsPerimeter": 129.16536753362763,
    "statsVertices": 11539,
    "statsLineResolution": 11.193809475138888,
    "statsVertexDensity": 89.33509206324887
}