{
    "boundaryCount": 1,
    "statsArea": 226.65703469129508,
    "statsPerimeter": 199.60069891081665,
    "statsVertices": 2987,
    "statsLineResolution": 66.82313321420042,
    "statsVertexDensity": 14.96487745934506
}