{
    "boundaryCount": 411,
    "boundaryYearSourceLag": 0,
    "statsArea": 787085.2447169771,
    "statsPerimeter": 94723.18931190718,
    "statsVertices": 818129,
    "statsLineResolution": 115.7802611958593,
    "statsVertexDensity": 8.637050820850657
}