{
    "boundaryCount": 177,
    "boundaryYearSourceLag": 6,
    "statsArea": 181594.6243582899,
    "statsPerimeter": 29117.310714398085,
    "statsVertices": 151982,
    "statsLineResolution": 191.58394227209857,
    "statsVertexDensity": 5.219644131655576
}