{
    "boundaryCount": 52,
    "statsArea": 9482760.292728717,
    "statsPerimeter": 234536.3104379565,
    "statsVertices": 1162959,
    "statsLineResolution": 201.67203696601214,
    "statsVertexDensity": 4.958545641945047
}