{
    "boundaryCount": 81,
    "statsArea": 780042.6048557333,
    "statsPerimeter": 55252.11080840173,
    "statsVertices": 383369,
    "statsLineResolution": 144.12253157767512,
    "statsVertexDensity": 6.93854034517183
}