{
    "boundaryCount": 81,
    "statsArea": 780042.6048557357,
    "statsPerimeter": 55252.110808401456,
    "statsVertices": 383369,
    "statsLineResolution": 144.1225315776744,
    "statsVertexDensity": 6.938540345171866
}