{
    "boundaryCount": 396,
    "statsArea": 641276.9625721935,
    "statsPerimeter": 75534.53047543111,
    "statsVertices": 138430,
    "statsLineResolution": 545.651451819917,
    "statsVertexDensity": 1.8326717479898378
}