{
    "boundaryCount": 396,
    "statsArea": 641276.9625721915,
    "statsPerimeter": 75534.53047543159,
    "statsVertices": 138430,
    "statsLineResolution": 545.6514518199205,
    "statsVertexDensity": 1.8326717479898262
}