{
    "boundaryCount": 1,
    "statsArea": 38721.384020558966,
    "statsPerimeter": 3044.7139725062293,
    "statsVertices": 105378,
    "statsLineResolution": 28.89326019193977,
    "statsVertexDensity": 34.610147603868036
}