{
    "boundaryCount": 1,
    "statsArea": 38721.384020559366,
    "statsPerimeter": 3044.713972506213,
    "statsVertices": 105378,
    "statsLineResolution": 28.893260191939618,
    "statsVertexDensity": 34.61014760386822
}