{"boundaryCount": 119, "boundaryYearSourceLag": null, "statsArea": 102224.49421662983, "statsVertices": 77953, "statsLineResolution": 262.5793133480843, "statsVertexDensity": 3.8083731244828303, "statsPerimeter": 20468.845213423218}