{
    "boundaryCount": 119,
    "statsArea": 102224.49421662983,
    "statsPerimeter": 20484.742075179594,
    "statsVertices": 77953,
    "statsLineResolution": 262.7832421482123,
    "statsVertexDensity": 3.805417696445005
}