{
    "boundaryCount": 119,
    "statsArea": 102224.09176276738,
    "statsPerimeter": 20567.240330879613,
    "statsVertices": 87227,
    "statsLineResolution": 235.7898395093218,
    "statsVertexDensity": 4.2410648485999145
}