{
    "boundaryCount": 1,
    "statsArea": 2163114.855912216,
    "statsPerimeter": 89441.63608916977,
    "statsVertices": 903495,
    "statsLineResolution": 98.99516443275256,
    "statsVertexDensity": 10.101503499994692
}