{
    "boundaryCount": 1,
    "statsArea": 2163114.855912214,
    "statsPerimeter": 89441.63608916903,
    "statsVertices": 903495,
    "statsLineResolution": 98.99516443275174,
    "statsVertexDensity": 10.101503499994775
}