{"boundaryCount": 14, "boundaryYearSourceLag": null, "statsArea": 37665.81177594894, "statsVertices": 35644, "statsLineResolution": 187.8214535172306, "statsVertexDensity": 5.324205415694223, "statsPerimeter": 6694.707889168168}