{
    "boundaryCount": 14,
    "statsArea": 37665.81177594894,
    "statsPerimeter": 6850.166023960831,
    "statsVertices": 35644,
    "statsLineResolution": 192.18286454833438,
    "statsVertexDensity": 5.203377534985685
}