{
    "boundaryCount": 14,
    "statsArea": 37686.93537538025,
    "statsPerimeter": 6528.336191730146,
    "statsVertices": 36775,
    "statsLineResolution": 177.5210385242732,
    "statsVertexDensity": 5.633135138871249
}