{
    "boundaryCount": 250,
    "statsArea": 399604.2489688993,
    "statsPerimeter": 47992.234701827525,
    "statsVertices": 1037668,
    "statsLineResolution": 46.25008644559486,
    "statsVertexDensity": 21.621581208855147
}