{
    "boundaryCount": 23,
    "statsArea": 104687.38908183137,
    "statsPerimeter": 17882.658965385217,
    "statsVertices": 80800,
    "statsLineResolution": 221.3200367003121,
    "statsVertexDensity": 4.518343729330268
}