{
    "boundaryCount": 23,
    "boundaryYearSourceLag": 1,
    "statsArea": 255990.17091829042,
    "statsPerimeter": 17882.664127318098,
    "statsVertices": 22756,
    "statsLineResolution": 785.8439148935709,
    "statsVertexDensity": 1.272517329520116
}