{"boundaryCount": 3, "boundaryYearSourceLag": null, "statsArea": 15.66714157113535, "statsVertices": 2088, "statsLineResolution": 63.68243103741264, "statsVertexDensity": 15.702918115869547, "statsPerimeter": 132.96891600611758}