{
    "boundaryCount": 3,
    "statsArea": 15.66714157113535,
    "statsPerimeter": 132.96891600611758,
    "statsVertices": 2088,
    "statsLineResolution": 63.68243103741264,
    "statsVertexDensity": 15.702918115869547
}