{
    "boundaryCount": 3,
    "statsArea": 15.667052741285655,
    "statsPerimeter": 132.97103838526112,
    "statsVertices": 2088,
    "statsLineResolution": 63.68344750251969,
    "statsVertexDensity": 15.70266747823968
}