{
    "boundaryCount": 6,
    "statsArea": 9251.061073826366,
    "statsPerimeter": 1591.6630044516287,
    "statsVertices": 7043,
    "statsLineResolution": 225.99219145983653,
    "statsVertexDensity": 4.424931647152599
}