{
    "boundaryCount": 16,
    "statsArea": 238824.36132202973,
    "statsPerimeter": 13447.892856716642,
    "statsVertices": 106005,
    "statsLineResolution": 126.86092973649019,
    "statsVertexDensity": 7.882647573820837
}