{
    "boundaryCount": 16,
    "statsArea": 238824.3613220287,
    "statsPerimeter": 13447.892856716664,
    "statsVertices": 106005,
    "statsLineResolution": 126.86092973649039,
    "statsVertexDensity": 7.882647573820824
}