{
    "boundaryCount": 14,
    "boundaryYearSourceLag": 1,
    "statsArea": 78841.84408690716,
    "statsPerimeter": 7286.574425283772,
    "statsVertices": 10477,
    "statsLineResolution": 695.482907825119,
    "statsVertexDensity": 1.437849857629359
}