{
    "boundaryCount": 1,
    "statsArea": 1623115.9814872022,
    "statsPerimeter": 11916.827417206327,
    "statsVertices": 76348,
    "statsLineResolution": 156.085652763744,
    "statsVertexDensity": 6.406738750765457
}