{
    "boundaryCount": 1,
    "statsArea": 51224.661096629075,
    "statsPerimeter": 1592.1888580709312,
    "statsVertices": 3585,
    "statsLineResolution": 444.125204482826,
    "statsVertexDensity": 2.251617314006031
}