{"boundaryCount": 81, "boundaryYearSourceLag": null, "statsArea": 295856.8087167299, "statsVertices": 597969, "statsLineResolution": 84.0276658762639, "statsVertexDensity": 11.900842294876593, "statsPerimeter": 50245.93933636364}