{
    "boundaryCount": 81,
    "statsArea": 295856.8087167299,
    "statsPerimeter": 50289.0637748251,
    "statsVertices": 597969,
    "statsLineResolution": 84.0997840604197,
    "statsVertexDensity": 11.890636951951878
}