{
    "boundaryCount": 81,
    "statsArea": 295856.79415018536,
    "statsPerimeter": 51884.89295064623,
    "statsVertices": 604205,
    "statsLineResolution": 85.87299501104134,
    "statsVertexDensity": 11.645104492645476
}