{
    "boundaryCount": 3,
    "statsArea": 30707.46563803849,
    "statsPerimeter": 2004.779997484914,
    "statsVertices": 7434,
    "statsLineResolution": 269.6771586608709,
    "statsVertexDensity": 3.7081375559045306
}