{"boundaryCount": 3, "boundaryYearSourceLag": null, "statsArea": 30707.46593554965, "statsVertices": 7393, "statsLineResolution": 263.3410584261512, "statsVertexDensity": 3.7973569559432385, "statsPerimeter": 1946.8804449445358}