{
    "boundaryCount": 3,
    "statsArea": 30707.46593554965,
    "statsPerimeter": 2004.7596638765745,
    "statsVertices": 7393,
    "statsLineResolution": 271.1699802348944,
    "statsVertexDensity": 3.6877238370330456
}