{
    "boundaryCount": 1,
    "statsArea": 1566250.223844998,
    "statsPerimeter": 7691.437130522448,
    "statsVertices": 6462,
    "statsLineResolution": 1190.2564423587817,
    "statsVertexDensity": 0.8401550828981506
}