{
    "boundaryCount": 1,
    "statsArea": 1566250.2413014276,
    "statsPerimeter": 7691.361028347397,
    "statsVertices": 5706,
    "statsLineResolution": 1347.9426968712578,
    "statsVertexDensity": 0.7418712993668974
}