{
    "boundaryCount": 1,
    "statsArea": 0.020732325767993928,
    "statsPerimeter": 0.7413089539080713,
    "statsVertices": 4,
    "statsLineResolution": 185.32723847701783,
    "statsVertexDensity": 5.395860901062359
}