{
    "boundaryCount": 1,
    "statsArea": 448.366709184975,
    "statsPerimeter": 177.10770412053307,
    "statsVertices": 506,
    "statsLineResolution": 350.01522553465037,
    "statsVertexDensity": 2.857018572470652
}