{
    "boundaryCount": 1,
    "statsArea": 642095.9178325577,
    "statsPerimeter": 5876.268942588022,
    "statsVertices": 5966,
    "statsLineResolution": 984.9595948018809,
    "statsVertexDensity": 1.0152700732877722
}