{
    "boundaryCount": 58,
    "statsArea": 489598.02752657945,
    "statsPerimeter": 26079.728868045106,
    "statsVertices": 11798,
    "statsLineResolution": 2210.521178847695,
    "statsVertexDensity": 0.45238200365095893
}