{
    "boundaryCount": 1,
    "boundaryYearSourceLag": 1,
    "statsArea": 469870.40435801365,
    "statsPerimeter": 6594.688674273224,
    "statsVertices": 7650,
    "statsLineResolution": 862.050807094539,
    "statsVertexDensity": 1.1600244344882706
}