{
    "boundaryCount": 1,
    "statsArea": 469870.4696972617,
    "statsPerimeter": 6594.687188708464,
    "statsVertices": 36786,
    "statsLineResolution": 179.27165738891057,
    "statsVertexDensity": 5.5781265960553235
}