{
    "boundaryCount": 11,
    "boundaryYearSourceLag": 1,
    "statsArea": 30669.11353827135,
    "statsPerimeter": 3750.32778483798,
    "statsVertices": 2265,
    "statsLineResolution": 1655.7738564406093,
    "statsVertexDensity": 0.6039472094031513
}