{
    "boundaryCount": 1,
    "statsArea": 13727.499655971185,
    "statsPerimeter": 749.5442745444308,
    "statsVertices": 358,
    "statsLineResolution": 2093.699090906231,
    "statsVertexDensity": 0.477623553615416
}