{
    "boundaryCount": 1,
    "statsArea": 13786.830352794583,
    "statsPerimeter": 698.7415864823125,
    "statsVertices": 268,
    "statsLineResolution": 2607.2447256802707,
    "statsVertexDensity": 0.3835466575693559
}