{
    "boundaryCount": 1,
    "statsArea": 14009.511718824519,
    "statsPerimeter": 706.5422583250958,
    "statsVertices": 133,
    "statsLineResolution": 5312.347806955607,
    "statsVertexDensity": 0.18824068685613388
}