{
    "boundaryCount": 1,
    "statsArea": 578160.2183759253,
    "statsPerimeter": 4402.174632841249,
    "statsVertices": 33489,
    "statsLineResolution": 131.45136112876614,
    "statsVertexDensity": 7.607376533898553
}