{
    "boundaryCount": 1,
    "statsArea": 780230.1624665783,
    "statsPerimeter": 10951.847819404578,
    "statsVertices": 260656,
    "statsLineResolution": 42.01648079999915,
    "statsVertexDensity": 23.80018461708055
}