{
    "boundaryCount": 10,
    "statsArea": 26932.298747175522,
    "statsPerimeter": 4617.335117503798,
    "statsVertices": 79155,
    "statsLineResolution": 58.33282948018189,
    "statsVertexDensity": 17.143005215266335
}