{
    "boundaryCount": 10,
    "statsArea": 26932.298747175526,
    "statsPerimeter": 4617.335117503839,
    "statsVertices": 79155,
    "statsLineResolution": 58.33282948018241,
    "statsVertexDensity": 17.143005215266182
}