{
    "boundaryCount": 1,
    "statsArea": 12358174.364102012,
    "statsPerimeter": 67025.46809800364,
    "statsVertices": 23835,
    "statsLineResolution": 2812.0607551081866,
    "statsVertexDensity": 0.3556110934600087
}