{
    "boundaryCount": 14,
    "statsArea": 196690.83941508288,
    "statsPerimeter": 9122.122641192727,
    "statsVertices": 22598,
    "statsLineResolution": 403.6694681473018,
    "statsVertexDensity": 2.4772743021404158
}