{
    "boundaryCount": 1,
    "statsArea": 35.533457187647976,
    "statsPerimeter": 81.57953935586387,
    "statsVertices": 2367,
    "statsLineResolution": 34.4653736188694,
    "statsVertexDensity": 29.014628161538667
}