{
    "boundaryCount": 1,
    "statsArea": 35.53345718812655,
    "statsPerimeter": 81.5795393558323,
    "statsVertices": 2367,
    "statsLineResolution": 34.46537361885606,
    "statsVertexDensity": 29.014628161549897
}