{
    "boundaryCount": 2445,
    "statsArea": 16925822.82028936,
    "statsPerimeter": 841423.4803496457,
    "statsVertices": 1843846,
    "statsLineResolution": 456.34151678049346,
    "statsVertexDensity": 2.1913412723326986
}