{"boundaryCount": 2445, "boundaryYearSourceLag": null, "statsArea": 16925822.82028936, "statsVertices": 1843846, "statsLineResolution": 452.05260888754776, "statsVertexDensity": 2.212131907524859, "statsPerimeter": 833515.3946868693}