{
    "boundaryCount": 2445,
    "statsArea": 16925822.849768553,
    "statsPerimeter": 841494.4705700182,
    "statsVertices": 1875628,
    "statsLineResolution": 448.6467842077524,
    "statsVertexDensity": 2.2289249253527146
}