{
    "boundaryCount": 114,
    "statsArea": 252656.78073553834,
    "statsPerimeter": 27763.12120919757,
    "statsVertices": 83768,
    "statsLineResolution": 331.42872229488074,
    "statsVertexDensity": 3.0172400058624795
}