{
    "boundaryCount": 44,
    "statsArea": 198649.3464429216,
    "statsPerimeter": 17888.082467630065,
    "statsVertices": 22104,
    "statsLineResolution": 809.2690222416787,
    "statsVertexDensity": 1.2356830331031277
}