{"boundaryCount": 44, "boundaryYearSourceLag": null, "statsArea": 198649.34942659468, "statsVertices": 19614, "statsLineResolution": 904.9459301361242, "statsVertexDensity": 1.1050383969897268, "statsPerimeter": 17749.60947368994}