{
    "boundaryCount": 44,
    "statsArea": 198649.34942659468,
    "statsPerimeter": 17887.077930971016,
    "statsVertices": 19614,
    "statsLineResolution": 911.954620728613,
    "statsVertexDensity": 1.096545789965999
}