{
    "boundaryCount": 1,
    "statsArea": 357575.812079241,
    "statsPerimeter": 5111.6654678899195,
    "statsVertices": 2157,
    "statsLineResolution": 2369.8031840008903,
    "statsVertexDensity": 0.42197597114867597
}