{
    "boundaryCount": 1,
    "statsArea": 357673.81765412143,
    "statsPerimeter": 5672.840066583019,
    "statsVertices": 3027,
    "statsLineResolution": 1874.0799691387574,
    "statsVertexDensity": 0.5335951594742006
}