{
    "boundaryCount": 1,
    "statsArea": 356917.29223033314,
    "statsPerimeter": 4567.954597523441,
    "statsVertices": 1369,
    "statsLineResolution": 3336.7089828513085,
    "statsVertexDensity": 0.2996964988973875
}