{
    "boundaryCount": 1,
    "statsArea": 297.6094427208366,
    "statsPerimeter": 1965.2019683725082,
    "statsVertices": 105863,
    "statsLineResolution": 18.56363383214634,
    "statsVertexDensity": 53.86876346743687
}