{
    "boundaryCount": 1,
    "boundaryYearSourceLag": 1,
    "statsArea": 297.5876674187113,
    "statsPerimeter": 1965.1483070017753,
    "statsVertices": 32310,
    "statsLineResolution": 60.82167462091536,
    "statsVertexDensity": 16.441507180338636
}