{
    "boundaryCount": 1,
    "statsArea": 866848.7226736575,
    "statsPerimeter": 10533.709822734454,
    "statsVertices": 151957,
    "statsLineResolution": 69.3203328753164,
    "statsVertexDensity": 14.42578185247117
}