{
    "boundaryCount": 1,
    "statsArea": 866848.7226736608,
    "statsPerimeter": 10533.709822734221,
    "statsVertices": 151957,
    "statsLineResolution": 69.32033287531488,
    "statsVertexDensity": 14.42578185247149
}