{
    "boundaryCount": 18,
    "statsArea": 24080.818006338573,
    "statsPerimeter": 4280.245717604905,
    "statsVertices": 24083,
    "statsLineResolution": 177.72892569882924,
    "statsVertexDensity": 5.626546135177518
}