{
    "boundaryCount": 51,
    "statsArea": 9833517.583387421,
    "statsPerimeter": 122195.79898146134,
    "statsVertices": 864011,
    "statsLineResolution": 141.42852230059728,
    "statsVertexDensity": 7.070709526856005
}