{
    "boundaryCount": 1,
    "statsArea": 2309871.7984512225,
    "statsPerimeter": 8530.425602487465,
    "statsVertices": 84822,
    "statsLineResolution": 100.56855064119527,
    "statsVertexDensity": 9.94346635826306
}