{
    "boundaryCount": 1,
    "statsArea": 2309871.79845122,
    "statsPerimeter": 8530.42560248763,
    "statsVertices": 84822,
    "statsLineResolution": 100.56855064119722,
    "statsVertexDensity": 9.943466358262867
}