{
    "boundaryCount": 63,
    "statsArea": 12318.98510100508,
    "statsPerimeter": 5421.11668229241,
    "statsVertices": 86031,
    "statsLineResolution": 63.013526313682384,
    "statsVertexDensity": 15.869608614220116
}