{
    "boundaryCount": 7,
    "statsArea": 51163.16572589783,
    "statsPerimeter": 5543.4415145714165,
    "statsVertices": 151352,
    "statsLineResolution": 36.62615303776241,
    "statsVertexDensity": 27.302894709389133
}