{
    "boundaryCount": 1,
    "statsArea": 450085.43859303603,
    "statsPerimeter": 25165.496444346656,
    "statsVertices": 751655,
    "statsLineResolution": 33.48011580358895,
    "statsVertexDensity": 29.868474943948772
}