{
    "boundaryCount": 1,
    "boundaryYearSourceLag": 1,
    "statsArea": 450085.2320443663,
    "statsPerimeter": 25165.245681241955,
    "statsVertices": 96238,
    "statsLineResolution": 261.4896993000889,
    "statsVertexDensity": 3.8242424182544466
}