{
    "boundaryCount": 1,
    "statsArea": 9267.194567302455,
    "statsPerimeter": 721.8023869766738,
    "statsVertices": 7394,
    "statsLineResolution": 97.62001446803812,
    "statsVertexDensity": 10.24380098127737
}