{
    "boundaryCount": 1,
    "boundaryYearSourceLag": 1,
    "statsArea": 9267.18714545127,
    "statsPerimeter": 721.802862232512,
    "statsVertices": 1515,
    "statsLineResolution": 476.4375328267406,
    "statsVertexDensity": 2.0989110452044426
}