{
    "boundaryCount": 1742,
    "statsArea": 372156.84409321594,
    "statsPerimeter": 170317.38464819032,
    "statsVertices": 7885731,
    "statsLineResolution": 21.598173288968432,
    "statsVertexDensity": 46.30021190314108
}