{
    "boundaryCount": 1742,
    "statsArea": 372156.8440932234,
    "statsPerimeter": 170317.3846481911,
    "statsVertices": 7885731,
    "statsLineResolution": 21.59817328896853,
    "statsVertexDensity": 46.30021190314087
}