{
    "boundaryCount": 290,
    "statsArea": 450187.30242991913,
    "statsPerimeter": 91346.19702217077,
    "statsVertices": 3067559,
    "statsLineResolution": 29.77813858581718,
    "statsVertexDensity": 33.581682653471255
}