{
    "boundaryCount": 290,
    "statsArea": 450187.30242991954,
    "statsPerimeter": 91346.19702217064,
    "statsVertices": 3067559,
    "statsLineResolution": 29.778138585817143,
    "statsVertexDensity": 33.581682653471304
}