{
    "boundaryCount": 268,
    "boundaryYearSourceLag": 2,
    "statsArea": 154863.57957980435,
    "statsPerimeter": 26356.92643868506,
    "statsVertices": 103155,
    "statsLineResolution": 255.50798738485832,
    "statsVertexDensity": 3.913771973373781
}