{
    "boundaryCount": 488,
    "boundaryYearSourceLag": 14,
    "statsArea": 1136623.7354299421,
    "statsPerimeter": 126739.26150537995,
    "statsVertices": 3039080,
    "statsLineResolution": 41.70316724317226,
    "statsVertexDensity": 23.978994069418608
}