{
    "boundaryCount": 1,
    "statsArea": 620252.6548918142,
    "statsPerimeter": 5838.334759581742,
    "statsVertices": 7056,
    "statsLineResolution": 827.428395632333,
    "statsVertexDensity": 1.2085637926841817
}