{
    "boundaryCount": 1,
    "statsArea": 1690.571690056442,
    "statsPerimeter": 466.7274776358678,
    "statsVertices": 1455,
    "statsLineResolution": 320.7748987188095,
    "statsVertexDensity": 3.1174509102615215
}