{
    "boundaryCount": 1,
    "statsArea": 28.737167379502118,
    "statsPerimeter": 32.76183704292475,
    "statsVertices": 17,
    "statsLineResolution": 1927.1668848779266,
    "statsVertexDensity": 0.5188964213980584
}