{
    "boundaryCount": 15,
    "statsArea": 579029.2098123569,
    "statsPerimeter": 10175.518259176353,
    "statsVertices": 1566,
    "statsLineResolution": 6497.77666614071,
    "statsVertexDensity": 0.15389879513879012
}