{
    "boundaryCount": 1,
    "statsArea": 5719.819600629438,
    "statsPerimeter": 612.5717900924997,
    "statsVertices": 9475,
    "statsLineResolution": 64.65137626306065,
    "statsVertexDensity": 15.46757482673052
}