{
    "boundaryCount": 43,
    "boundaryYearSourceLag": 15,
    "statsArea": 89117.32248389725,
    "statsPerimeter": 6744.570332842756,
    "statsVertices": 12163,
    "statsLineResolution": 554.5153607533302,
    "statsVertexDensity": 1.8033765532508637
}