{
    "boundaryCount": 2,
    "statsArea": 83590.11459047998,
    "statsPerimeter": 2935.703299117176,
    "statsVertices": 26291,
    "statsLineResolution": 111.66191088650777,
    "statsVertexDensity": 8.955605291551848
}