{
    "boundaryCount": 2,
    "statsArea": 83590.11459048004,
    "statsPerimeter": 2935.7032991171636,
    "statsVertices": 26291,
    "statsLineResolution": 111.66191088650731,
    "statsVertexDensity": 8.955605291551887
}