{
    "boundaryCount": 1,
    "statsArea": 9369070.156038472,
    "statsPerimeter": 30053.86392234463,
    "statsVertices": 9019,
    "statsLineResolution": 3332.283393097309,
    "statsVertexDensity": 0.3000945243947318
}