{
    "boundaryCount": 1,
    "statsArea": 9369265.568253199,
    "statsPerimeter": 29475.23454896112,
    "statsVertices": 4649,
    "statsLineResolution": 6340.123585493896,
    "statsVertexDensity": 0.15772563208199672
}