{
    "boundaryCount": 1,
    "statsArea": 9380794.277023088,
    "statsPerimeter": 37044.992879024605,
    "statsVertices": 14824,
    "statsLineResolution": 2498.987646993025,
    "statsVertexDensity": 0.4001620420986383
}