{
    "boundaryCount": 26,
    "statsArea": 79882.25846418233,
    "statsPerimeter": 9728.316890554093,
    "statsVertices": 12811,
    "statsLineResolution": 759.3721716145573,
    "statsVertexDensity": 1.3168773328548848
}