{
    "boundaryCount": 22,
    "statsArea": 452913.01762212126,
    "statsPerimeter": 15655.454209163323,
    "statsVertices": 19000,
    "statsLineResolution": 823.9712741664907,
    "statsVertexDensity": 1.2136345420677144
}