{
    "boundaryCount": 22,
    "statsArea": 452913.0176221213,
    "statsPerimeter": 15655.454209163365,
    "statsVertices": 19000,
    "statsLineResolution": 823.9712741664929,
    "statsVertexDensity": 1.213634542067711
}