{
    "boundaryCount": 1,
    "statsArea": 272548.523609543,
    "statsPerimeter": 3831.372533178933,
    "statsVertices": 30153,
    "statsLineResolution": 127.06438938675863,
    "statsVertexDensity": 7.87002562107468
}