{
    "boundaryCount": 1,
    "statsArea": 272548.5236095424,
    "statsPerimeter": 3831.372533178939,
    "statsVertices": 30153,
    "statsLineResolution": 127.06438938675883,
    "statsVertexDensity": 7.870025621074666
}