{"boundaryCount": 22, "boundaryYearSourceLag": null, "statsArea": 1623760.376907462, "statsVertices": 1925, "statsLineResolution": 11839.919563657992, "statsVertexDensity": 0.08446003324798314, "statsPerimeter": 22791.845160041634}