{
    "boundaryCount": 214,
    "statsArea": 2716761.4620702807,
    "statsPerimeter": 132464.9642532217,
    "statsVertices": 187656,
    "statsLineResolution": 705.8925067848706,
    "statsVertexDensity": 1.416646288759603
}