{
    "boundaryCount": 214,
    "statsArea": 2716761.462070283,
    "statsPerimeter": 132464.96425322132,
    "statsVertices": 187656,
    "statsLineResolution": 705.8925067848687,
    "statsVertexDensity": 1.4166462887596072
}