{
    "boundaryCount": 1,
    "statsArea": 147105.49530721706,
    "statsPerimeter": 2595.6855294497814,
    "statsVertices": 1021,
    "statsLineResolution": 2542.297286434654,
    "statsVertexDensity": 0.39334502905535934
}