{
    "boundaryCount": 1,
    "statsArea": 66197.22121110132,
    "statsPerimeter": 2792.3427622332983,
    "statsVertices": 8195,
    "statsLineResolution": 340.7373718405489,
    "statsVertexDensity": 2.934811625147942
}