{
    "boundaryCount": 488,
    "statsArea": 51139.28704707851,
    "statsPerimeter": 25921.10988546385,
    "statsVertices": 351409,
    "statsLineResolution": 73.76336373133259,
    "statsVertexDensity": 13.556865487348002
}