{
    "boundaryCount": 488,
    "statsArea": 51139.28704707927,
    "statsPerimeter": 25921.109885463717,
    "statsVertices": 351409,
    "statsLineResolution": 73.7633637313322,
    "statsVertexDensity": 13.556865487348071
}