{
    "boundaryCount": 1,
    "statsArea": 329276.29855768336,
    "statsPerimeter": 11150.03573784317,
    "statsVertices": 45736,
    "statsLineResolution": 243.7912309306273,
    "statsVertexDensity": 4.101870260807526
}