{
    "boundaryCount": 1,
    "statsArea": 329276.30640924984,
    "statsPerimeter": 11021.897782267783,
    "statsVertices": 43100,
    "statsLineResolution": 255.72848682755875,
    "statsVertexDensity": 3.9103973609100255
}