{"boundaryCount": 1, "boundaryYearSourceLag": null, "statsArea": 329276.30640924984, "statsVertices": 43100, "statsLineResolution": 255.7219972095323, "statsVertexDensity": 3.910496597524321, "statsPerimeter": 11021.618079730843}