{"boundaryCount": 7, "boundaryYearSourceLag": null, "statsArea": 51144.33533132024, "statsVertices": 2598, "statsLineResolution": 1726.6914085908363, "statsVertexDensity": 0.5791422804472667, "statsPerimeter": 4485.9442795189925}