{
    "boundaryCount": 7,
    "statsArea": 51144.33533132024,
    "statsPerimeter": 4485.9442795189925,
    "statsVertices": 2598,
    "statsLineResolution": 1726.6914085908363,
    "statsVertexDensity": 0.5791422804472667
}