{
    "boundaryCount": 7,
    "statsArea": 51151.20094565622,
    "statsPerimeter": 4493.976964569861,
    "statsVertices": 2610,
    "statsLineResolution": 1721.830254624468,
    "statsVertexDensity": 0.5807773427805755
}