{
    "boundaryCount": 36629,
    "statsArea": 569884.2826180669,
    "statsPerimeter": 736921.1291308661,
    "statsVertices": 7921093,
    "statsLineResolution": 93.03275812199985,
    "statsVertexDensity": 10.748902001686714
}