{
    "boundaryCount": 1,
    "statsArea": 238364.04668691012,
    "statsPerimeter": 3380.952877468644,
    "statsVertices": 22782,
    "statsLineResolution": 148.40456840789415,
    "statsVertexDensity": 6.738337038597571
}