{
    "boundaryCount": 1,
    "statsArea": 238364.04668691137,
    "statsPerimeter": 3380.952877468628,
    "statsVertices": 22782,
    "statsLineResolution": 148.4045684078934,
    "statsVertexDensity": 6.738337038597604
}