{
    "boundaryCount": 15,
    "statsArea": 22071.698363773972,
    "statsPerimeter": 3178.7754201293023,
    "statsVertices": 34102,
    "statsLineResolution": 93.21375344933735,
    "statsVertexDensity": 10.728030607023141
}