{
    "boundaryCount": 15,
    "statsArea": 22071.69836377256,
    "statsPerimeter": 3178.775420129235,
    "statsVertices": 34102,
    "statsLineResolution": 93.21375344933537,
    "statsVertexDensity": 10.728030607023369
}