{
    "boundaryCount": 1,
    "statsArea": 37.30905587855023,
    "statsPerimeter": 46.87044986956167,
    "statsVertices": 568,
    "statsLineResolution": 82.518397657679,
    "statsVertexDensity": 12.118509670393994
}