{
    "boundaryCount": 1,
    "statsArea": 41281.17422806718,
    "statsPerimeter": 1941.6001074089022,
    "statsVertices": 30766,
    "statsLineResolution": 63.1086298969285,
    "statsVertexDensity": 15.845693396184316
}