{
    "boundaryCount": 1,
    "statsArea": 41281.17422806627,
    "statsPerimeter": 1941.6001074088447,
    "statsVertices": 30766,
    "statsLineResolution": 63.10862989692663,
    "statsVertexDensity": 15.845693396184785
}