{
    "boundaryCount": 10,
    "statsArea": 238294.53884104575,
    "statsPerimeter": 9695.617190033054,
    "statsVertices": 32966,
    "statsLineResolution": 294.1096035319133,
    "statsVertexDensity": 3.4000929857140547
}