{"boundaryCount": 9002, "boundaryYearSourceLag": 0, "statsArea": 911886.9181293638, "statsVertices": 694347, "statsLineResolution": 536.7570126269857, "statsVertexDensity": 1.8630404009177628, "statsPerimeter": 372695.6214465096}