{
    "boundaryCount": 9308,
    "statsArea": 912512.7627653572,
    "statsPerimeter": 377178.6218090335,
    "statsVertices": 689579,
    "statsLineResolution": 546.9694143949185,
    "statsVertexDensity": 1.8282557921565756
}