{
    "boundaryCount": 9002,
    "statsArea": 911886.9181293638,
    "statsPerimeter": 372833.2905345448,
    "statsVertices": 694347,
    "statsLineResolution": 536.9552839351862,
    "statsVertexDensity": 1.8623524712733919
}