{"boundaryCount": 8, "boundaryYearSourceLag": null, "statsArea": 34.128682829159914, "statsVertices": 978, "statsLineResolution": 119.80188213985494, "statsVertexDensity": 8.347114270146566, "statsPerimeter": 117.16624073277812}