{
    "boundaryCount": 8,
    "statsArea": 34.128682829159914,
    "statsPerimeter": 121.70468965187045,
    "statsVertices": 978,
    "statsLineResolution": 124.44242295692275,
    "statsVertexDensity": 8.035844820750253
}