{
    "boundaryCount": 62,
    "statsArea": 146425.55008592998,
    "statsPerimeter": 10909.140388104102,
    "statsVertices": 32505,
    "statsLineResolution": 335.6142251377973,
    "statsVertexDensity": 2.979611485745032
}