{
    "boundaryCount": 32,
    "statsArea": 26959.41254332273,
    "statsPerimeter": 4541.680127780592,
    "statsVertices": 464416,
    "statsLineResolution": 9.779336043074727,
    "statsVertexDensity": 102.25643086558559
}