{
    "boundaryCount": 10,
    "statsArea": 27198.794740244542,
    "statsPerimeter": 4525.234044285171,
    "statsVertices": 2194,
    "statsLineResolution": 2062.5497011327125,
    "statsVertexDensity": 0.4848368014845021
}