{"boundaryCount": 1, "boundaryYearSourceLag": null, "statsArea": 24.42326117141223, "statsVertices": 11, "statsLineResolution": 1909.3375724961295, "statsVertexDensity": 0.5237418539313992, "statsPerimeter": 21.002713297457422}