{
    "boundaryCount": 13,
    "statsArea": 89117.32248389922,
    "statsPerimeter": 4742.103853925166,
    "statsVertices": 9487,
    "statsLineResolution": 499.85283587279076,
    "statsVertexDensity": 2.0005888298180894
}