{
    "boundaryCount": 10,
    "statsArea": 466040.0376799057,
    "statsPerimeter": 13640.095178842877,
    "statsVertices": 36733,
    "statsLineResolution": 371.3308245676334,
    "statsVertexDensity": 2.693016398960066
}