{
    "boundaryCount": 10,
    "statsArea": 466040.03556283016,
    "statsPerimeter": 13640.045294710395,
    "statsVertices": 39463,
    "statsLineResolution": 345.64136772952884,
    "statsVertexDensity": 2.8931722107479905
}