{"boundaryCount": 10, "boundaryYearSourceLag": null, "statsArea": 466040.0376799057, "statsVertices": 36733, "statsLineResolution": 371.3308245676334, "statsVertexDensity": 2.693016398960066, "statsPerimeter": 13640.095178842877}