{
    "boundaryCount": 1,
    "statsArea": 167406.95774309646,
    "statsPerimeter": 1970.185134809961,
    "statsVertices": 319,
    "statsLineResolution": 6176.128949247527,
    "statsVertexDensity": 0.16191371783483177
}