{
    "boundaryCount": 429,
    "boundaryYearSourceLag": 0,
    "statsArea": 1616765.7125985513,
    "statsPerimeter": 127254.24452402929,
    "statsVertices": 358992,
    "statsLineResolution": 354.47654689806257,
    "statsVertexDensity": 2.8210611075704586
}