{
    "boundaryCount": 1579,
    "statsArea": 592192.581801061,
    "statsPerimeter": 149341.57610577377,
    "statsVertices": 1468386,
    "statsLineResolution": 101.70457638916047,
    "statsVertexDensity": 9.832399243998806
}