{
    "boundaryCount": 7,
    "statsArea": 70715.50073516287,
    "statsPerimeter": 6349.649897598584,
    "statsVertices": 74440,
    "statsLineResolution": 85.29889706607447,
    "statsVertexDensity": 11.723481010843283
}