{
    "boundaryCount": 7,
    "boundaryYearSourceLag": 1,
    "statsArea": 71266.20854971636,
    "statsPerimeter": 6349.631192129254,
    "statsVertices": 11711,
    "statsLineResolution": 542.1937658721931,
    "statsVertexDensity": 1.8443590888422752
}