{
    "boundaryCount": 1,
    "statsArea": 6.607603800584311,
    "statsPerimeter": 18.84084474450507,
    "statsVertices": 43,
    "statsLineResolution": 438.15918010476906,
    "statsVertexDensity": 2.282275587061506
}