{
    "boundaryCount": 152,
    "statsArea": 48345.078947063404,
    "statsPerimeter": 13533.422941775249,
    "statsVertices": 41030,
    "statsLineResolution": 329.84213847855835,
    "statsVertexDensity": 3.031753324825736
}