{
    "boundaryCount": 9,
    "statsArea": 33882.27911143502,
    "statsPerimeter": 6967.357512242455,
    "statsVertices": 94396,
    "statsLineResolution": 73.80988084497706,
    "statsVertexDensity": 13.54832156009438
}