{
    "boundaryCount": 9,
    "statsArea": 33882.278667934894,
    "statsPerimeter": 6983.033887863097,
    "statsVertices": 94842,
    "statsLineResolution": 73.62807498643109,
    "statsVertexDensity": 13.58177570423089
}