{
    "boundaryCount": 1,
    "statsArea": 34569.003384245654,
    "statsPerimeter": 3504.4895956405126,
    "statsVertices": 73723,
    "statsLineResolution": 47.53590596747979,
    "statsVertexDensity": 21.036729597288392
}