{
    "boundaryCount": 1,
    "statsArea": 34569.00338424958,
    "statsPerimeter": 3504.4895956404785,
    "statsVertices": 73723,
    "statsLineResolution": 47.53590596747933,
    "statsVertexDensity": 21.0367295972886
}