{
    "boundaryCount": 15,
    "statsArea": 88.45128553333676,
    "statsPerimeter": 281.0758998850579,
    "statsVertices": 4909,
    "statsLineResolution": 57.257262148107124,
    "statsVertexDensity": 17.465033473191646
}