{
    "boundaryCount": 1,
    "statsArea": 23.01850004178294,
    "statsPerimeter": 77.46787971719337,
    "statsVertices": 69,
    "statsLineResolution": 1122.7228944520778,
    "statsVertexDensity": 0.890691732520543
}