{
    "boundaryCount": 1,
    "statsArea": 52.80670181099563,
    "statsPerimeter": 83.56137408360027,
    "statsVertices": 96,
    "statsLineResolution": 870.4309800375028,
    "statsVertexDensity": 1.1488561677307425
}