{
    "boundaryCount": 14,
    "statsArea": 11000.03394447926,
    "statsPerimeter": 2314.1371825651904,
    "statsVertices": 23641,
    "statsLineResolution": 97.88660304408403,
    "statsVertexDensity": 10.215902574018653
}