{
    "boundaryCount": 19,
    "boundaryYearSourceLag": 8,
    "statsArea": 177726.83976519242,
    "statsPerimeter": 9189.93015721929,
    "statsVertices": 20532,
    "statsLineResolution": 447.59059795535217,
    "statsVertexDensity": 2.2341845529555817
}