{"boundaryCount": 11, "boundaryYearSourceLag": null, "statsArea": 444.2243497974987, "statsVertices": 378, "statsLineResolution": 785.4418332348235, "statsVertexDensity": 1.2731687537974947, "statsPerimeter": 296.8970129627633}