{
    "boundaryCount": 10,
    "statsArea": 652888.2120107714,
    "statsPerimeter": 15208.752406724412,
    "statsVertices": 40093,
    "statsLineResolution": 379.33685198724,
    "statsVertexDensity": 2.6361794135246255
}