{"boundaryCount": 1, "boundaryYearSourceLag": null, "statsArea": 83300.94906469906, "statsVertices": 11932, "statsLineResolution": 133.75091041534688, "statsVertexDensity": 7.476584622075648, "statsPerimeter": 1595.9158630759189}