{
    "boundaryCount": 18,
    "boundaryYearSourceLag": 1,
    "statsArea": 229837.25712129803,
    "statsPerimeter": 12755.23700153588,
    "statsVertices": 12041,
    "statsLineResolution": 1059.3170834262835,
    "statsVertexDensity": 0.9440044115644518
}