{
    "boundaryCount": 18,
    "statsArea": 189786.14532417816,
    "statsPerimeter": 12755.235905044541,
    "statsVertices": 16197,
    "statsLineResolution": 787.50607551056,
    "statsVertexDensity": 1.2698314731752067
}