{
    "boundaryCount": 1,
    "statsArea": 22.101219304403898,
    "statsPerimeter": 17.646047412711912,
    "statsVertices": 42,
    "statsLineResolution": 420.1439860169503,
    "statsVertexDensity": 2.3801364134238874
}