{"boundaryCount": 48, "boundaryYearSourceLag": 0, "statsArea": 2308647.171729424, "statsVertices": 62641, "statsLineResolution": 668.5301886240381, "statsVertexDensity": 1.4958187633354143, "statsPerimeter": 41877.399545598375}