{
    "boundaryCount": 1,
    "statsArea": 323.367758310682,
    "statsPerimeter": 250.64866528079997,
    "statsVertices": 5417,
    "statsLineResolution": 46.2707523132361,
    "statsVertexDensity": 21.611924380013644
}