{"boundaryCount": 1, "boundaryYearSourceLag": null, "statsArea": 323.3677697098581, "statsVertices": 5399, "statsLineResolution": 45.642627021590165, "statsVertexDensity": 21.909343638940275, "statsPerimeter": 246.4245432895653}