{
    "boundaryCount": 13,
    "statsArea": 72482.34836784839,
    "statsPerimeter": 6832.852654215612,
    "statsVertices": 26458,
    "statsLineResolution": 258.25280271432507,
    "statsVertexDensity": 3.8721748205233744
}