{
    "boundaryCount": 1,
    "statsArea": 33681.8049416922,
    "statsPerimeter": 1148.4682236542837,
    "statsVertices": 192,
    "statsLineResolution": 5981.605331532727,
    "statsVertexDensity": 0.16717920099615796
}