{
    "boundaryCount": 1,
    "statsArea": 33693.6032958115,
    "statsPerimeter": 1166.9867087949358,
    "statsVertices": 425,
    "statsLineResolution": 2745.851079517496,
    "statsVertexDensity": 0.36418581016990953
}