{
    "boundaryCount": 1,
    "statsArea": 33206.4776229109,
    "statsPerimeter": 1324.446538886959,
    "statsVertices": 721,
    "statsLineResolution": 1836.9577515769195,
    "statsVertexDensity": 0.5443783337649215
}