{
    "boundaryCount": 1,
    "boundaryYearSourceLag": 1,
    "statsArea": 33741.36416278114,
    "statsPerimeter": 5715.834909769913,
    "statsVertices": 81903,
    "statsLineResolution": 69.78785770692055,
    "statsVertexDensity": 14.329140238113867
}