{
    "boundaryCount": 1,
    "statsArea": 33741.42697787334,
    "statsPerimeter": 5715.840338131634,
    "statsVertices": 185610,
    "statsLineResolution": 30.794894338298764,
    "statsVertexDensity": 32.47291544547784
}