{
    "boundaryCount": 1,
    "statsArea": 323.6942010086612,
    "statsPerimeter": 200.1002637392822,
    "statsVertices": 3603,
    "statsLineResolution": 55.53712565619823,
    "statsVertexDensity": 18.005973268953195
}