{"boundaryCount": 1, "boundaryYearSourceLag": null, "statsArea": 323.6942010086612, "statsVertices": 3603, "statsLineResolution": 55.53712565619823, "statsVertexDensity": 18.005973268953195, "statsPerimeter": 200.1002637392822}