{
    "boundaryCount": 1,
    "statsArea": 112760.69381973843,
    "statsPerimeter": 1966.5990823551363,
    "statsVertices": 879,
    "statsLineResolution": 2237.3140868659116,
    "statsVertexDensity": 0.44696451243500923
}