{
    "boundaryCount": 58,
    "statsArea": 465994.3086425601,
    "statsPerimeter": 27599.9390083912,
    "statsVertices": 74193,
    "statsLineResolution": 372.00192751865,
    "statsVertexDensity": 2.688158114314786
}