{
    "boundaryCount": 1,
    "boundaryYearSourceLag": 4,
    "statsArea": 1564876.6235260835,
    "statsPerimeter": 8229.310442688198,
    "statsVertices": 36358,
    "statsLineResolution": 226.3411200475328,
    "statsVertexDensity": 4.418110150687577
}