{
    "boundaryCount": 1,
    "statsArea": 3789.65046371613,
    "statsPerimeter": 10073.083788724269,
    "statsVertices": 845933,
    "statsLineResolution": 11.9076614681355,
    "statsVertexDensity": 83.97954566276226
}