{
    "boundaryCount": 1,
    "statsArea": 3789.650463721192,
    "statsPerimeter": 10073.08378872387,
    "statsVertices": 845933,
    "statsLineResolution": 11.90766146813503,
    "statsVertexDensity": 83.97954566276559
}