{
    "boundaryCount": 6,
    "statsArea": 22075.12871461289,
    "statsPerimeter": 2000.6719206689313,
    "statsVertices": 20446,
    "statsLineResolution": 97.85150741802461,
    "statsVertexDensity": 10.219566630976564
}