{
    "boundaryCount": 7,
    "statsArea": 71000.97010910831,
    "statsPerimeter": 8030.816829627799,
    "statsVertices": 150136,
    "statsLineResolution": 53.49028100940347,
    "statsVertexDensity": 18.694984979125504
}