{
    "boundaryCount": 7,
    "statsArea": 71000.97010910916,
    "statsPerimeter": 8030.816829627892,
    "statsVertices": 150136,
    "statsLineResolution": 53.490281009404086,
    "statsVertexDensity": 18.694984979125287
}