{
    "boundaryCount": 26,
    "statsArea": 41281.18144291509,
    "statsPerimeter": 7826.10413640009,
    "statsVertices": 108786,
    "statsLineResolution": 71.94036122662926,
    "statsVertexDensity": 13.900402819076236
}