{
    "boundaryCount": 26,
    "statsArea": 41281.18144291591,
    "statsPerimeter": 7826.104136400092,
    "statsVertices": 108786,
    "statsLineResolution": 71.94036122662928,
    "statsVertexDensity": 13.900402819076232
}