{
    "boundaryCount": 49,
    "boundaryYearSourceLag": 0,
    "statsArea": 309205.52845511015,
    "statsPerimeter": 14691.978184126598,
    "statsVertices": 79376,
    "statsLineResolution": 185.0934562604137,
    "statsVertexDensity": 5.402676141035851
}