{"boundaryCount": 6, "boundaryYearSourceLag": null, "statsArea": 21847.614096766356, "statsVertices": 312, "statsLineResolution": 4812.2520835365185, "statsVertexDensity": 0.20780291278197158, "statsPerimeter": 1501.4226500633936}