{
    "boundaryCount": 83,
    "statsArea": 16948116.200348224,
    "statsPerimeter": 283711.8256343163,
    "statsVertices": 590118,
    "statsLineResolution": 480.77134680575125,
    "statsVertexDensity": 2.0799908452198914
}