{
    "boundaryCount": 1,
    "statsArea": 1859618.1430500126,
    "statsPerimeter": 7121.932776270616,
    "statsVertices": 609,
    "statsLineResolution": 11694.470896996085,
    "statsVertexDensity": 0.08551049541342363
}