{
    "boundaryCount": 1,
    "statsArea": 1846760.9516380061,
    "statsPerimeter": 7360.338043034843,
    "statsVertices": 1170,
    "statsLineResolution": 6290.887216269097,
    "statsVertexDensity": 0.15896009030552366
}