{
    "boundaryCount": 1,
    "statsArea": 2486958.219630949,
    "statsPerimeter": 8017.732697070765,
    "statsVertices": 1398,
    "statsLineResolution": 5735.144990751621,
    "statsVertexDensity": 0.1743635080913525
}