{
    "boundaryCount": 40,
    "statsArea": 75430.36747909532,
    "statsPerimeter": 16145.916659615934,
    "statsVertices": 170792,
    "statsLineResolution": 94.53555587858878,
    "statsVertexDensity": 10.578030569622838
}