{
    "boundaryCount": 1,
    "boundaryYearSourceLag": 1,
    "statsArea": 18945.702792913646,
    "statsPerimeter": 4623.596691205477,
    "statsVertices": 11561,
    "statsLineResolution": 399.9305156306096,
    "statsVertexDensity": 2.500434352760509
}