{
    "boundaryCount": 1,
    "statsArea": 18945.75293782884,
    "statsPerimeter": 4623.616492466679,
    "statsVertices": 66425,
    "statsLineResolution": 69.60657120762784,
    "statsVertexDensity": 14.36645969842593
}