{
    "boundaryCount": 522,
    "statsArea": 1891077.0330260445,
    "statsPerimeter": 225706.38572289035,
    "statsVertices": 3861648,
    "statsLineResolution": 58.44820287164712,
    "statsVertexDensity": 17.10916590876217
}