{
    "boundaryCount": 4,
    "boundaryYearSourceLag": 0,
    "statsArea": 241512.37312492024,
    "statsPerimeter": 6076.979975622408,
    "statsVertices": 66580,
    "statsLineResolution": 91.2733549958307,
    "statsVertexDensity": 10.956099948836977
}