{
    "boundaryCount": 1,
    "statsArea": 268500.74150186306,
    "statsPerimeter": 10022.55874898013,
    "statsVertices": 4532,
    "statsLineResolution": 2211.5089913901434,
    "statsVertexDensity": 0.4521799386270662
}