{
    "boundaryCount": 36,
    "statsArea": 95432.40598321804,
    "statsPerimeter": 10686.12347516473,
    "statsVertices": 30856,
    "statsLineResolution": 346.32238382047996,
    "statsVertexDensity": 2.8874830121242208
}