{"boundaryCount": 2, "boundaryYearSourceLag": null, "statsArea": 226.657035669138, "statsVertices": 2987, "statsLineResolution": 66.82313559978097, "statsVertexDensity": 14.964876925100139, "statsPerimeter": 199.60070603654577}