{
    "boundaryCount": 1,
    "statsArea": 762.0952063854479,
    "statsPerimeter": 904.7839911230059,
    "statsVertices": 3267,
    "statsLineResolution": 276.9464313201732,
    "statsVertexDensity": 3.610806592571386
}