{
    "boundaryCount": 1,
    "boundaryYearSourceLag": 1,
    "statsArea": 108239.52191934783,
    "statsPerimeter": 2381.7336939405254,
    "statsVertices": 10390,
    "statsLineResolution": 229.2332717940833,
    "statsVertexDensity": 4.362368482435152
}