{
    "boundaryCount": 1,
    "statsArea": 102.72155939858389,
    "statsPerimeter": 47.93501732178903,
    "statsVertices": 1128,
    "statsLineResolution": 42.495582732082475,
    "statsVertexDensity": 23.53185756516382
}