{
    "boundaryCount": 1,
    "statsArea": 102.72155939850808,
    "statsPerimeter": 47.935017321799286,
    "statsVertices": 1128,
    "statsLineResolution": 42.49558273209156,
    "statsVertexDensity": 23.531857565158788
}