{
    "boundaryCount": 1,
    "statsArea": 642181.6163919441,
    "statsPerimeter": 5224.870567892816,
    "statsVertices": 1530,
    "statsLineResolution": 3414.948083590076,
    "statsVertexDensity": 0.29283022040812906
}