{
    "boundaryCount": 1,
    "statsArea": 641916.1841613606,
    "statsPerimeter": 5064.947928359327,
    "statsVertices": 1298,
    "statsLineResolution": 3902.117048042625,
    "statsVertexDensity": 0.2562711440195313
}