{
    "boundaryCount": 1,
    "statsArea": 641908.3433004082,
    "statsPerimeter": 5024.137309047032,
    "statsVertices": 696,
    "statsLineResolution": 7218.588087711253,
    "statsVertexDensity": 0.13853124570196426
}