{
    "boundaryCount": 22,
    "statsArea": 1616054.2478304838,
    "statsPerimeter": 23528.66636638504,
    "statsVertices": 194799,
    "statsLineResolution": 120.78432828908281,
    "statsVertexDensity": 8.27921978095221
}