{
    "boundaryCount": 22,
    "statsArea": 1616058.3253881685,
    "statsPerimeter": 23526.552810208625,
    "statsVertices": 248027,
    "statsLineResolution": 94.8548053647733,
    "statsVertexDensity": 10.542428463738908
}