{"boundaryCount": 22, "boundaryYearSourceLag": null, "statsArea": 1616054.2478304838, "statsVertices": 194799, "statsLineResolution": 120.78297861894883, "statsVertexDensity": 8.27931229577341, "statsPerimeter": 23528.403451992614}