{
    "boundaryCount": 6,
    "statsArea": 10670.505235354003,
    "statsPerimeter": 1672.9525086072515,
    "statsVertices": 7827,
    "statsLineResolution": 213.74121740222967,
    "statsVertexDensity": 4.678554806386017
}