{
    "boundaryCount": 6,
    "statsArea": 10670.505114091513,
    "statsPerimeter": 1673.6747048035904,
    "statsVertices": 7909,
    "statsLineResolution": 211.61647550936786,
    "statsVertexDensity": 4.7255299833955124
}