{"boundaryCount": 6, "boundaryYearSourceLag": null, "statsArea": 10670.505235354003, "statsVertices": 7827, "statsLineResolution": 213.74121740222967, "statsVertexDensity": 4.678554806386017, "statsPerimeter": 1672.9525086072515}