{
    "boundaryCount": 27,
    "statsArea": 8508303.265259769,
    "statsPerimeter": 111853.51215703545,
    "statsVertices": 957004,
    "statsLineResolution": 116.87883452632951,
    "statsVertexDensity": 8.555869024983545
}