{
    "boundaryCount": 27,
    "statsArea": 8508303.26525976,
    "statsPerimeter": 111853.51215703544,
    "statsVertices": 957004,
    "statsLineResolution": 116.8788345263295,
    "statsVertexDensity": 8.555869024983545
}