{
    "boundaryCount": 1,
    "statsArea": 34.58722883713108,
    "statsPerimeter": 36.31145880005881,
    "statsVertices": 11386,
    "statsLineResolution": 3.18913216230975,
    "statsVertexDensity": 313.5649289854904
}