{
    "boundaryCount": 79,
    "statsArea": 49099.27051630851,
    "statsPerimeter": 10804.137334992065,
    "statsVertices": 59709,
    "statsLineResolution": 180.94654633291572,
    "statsVertexDensity": 5.526493985467638
}