{
    "boundaryCount": 79,
    "statsArea": 49099.27054263128,
    "statsPerimeter": 10804.195453576189,
    "statsVertices": 62019,
    "statsLineResolution": 174.20783072245905,
    "statsVertexDensity": 5.7402700891968506
}