{
    "boundaryCount": 22,
    "statsArea": 1564910.7460774228,
    "statsPerimeter": 30772.413675976797,
    "statsVertices": 65045,
    "statsLineResolution": 473.09422209204087,
    "statsVertexDensity": 2.1137438448898433
}