{
    "boundaryCount": 99,
    "statsArea": 43144.8481832404,
    "statsPerimeter": 15505.15775075294,
    "statsVertices": 202797,
    "statsLineResolution": 76.45654398611883,
    "statsVertexDensity": 13.079325167791476
}