{
    "boundaryCount": 99,
    "statsArea": 43144.84686318137,
    "statsPerimeter": 15506.369171126038,
    "statsVertices": 197759,
    "statsLineResolution": 78.41043477730994,
    "statsVertexDensity": 12.753404605395396
}