{
    "boundaryCount": 11,
    "statsArea": 30574.83836949807,
    "statsPerimeter": 4541.310895711247,
    "statsVertices": 88416,
    "statsLineResolution": 51.3629987299951,
    "statsVertexDensity": 19.469268242237913
}