{
    "boundaryCount": 5,
    "statsArea": 8508303.265205642,
    "statsPerimeter": 65065.06786986319,
    "statsVertices": 689521,
    "statsLineResolution": 94.36270667588542,
    "statsVertexDensity": 10.597406912402102
}