{
    "boundaryCount": 5,
    "statsArea": 8508303.265205653,
    "statsPerimeter": 65065.06786986266,
    "statsVertices": 689521,
    "statsLineResolution": 94.36270667588465,
    "statsVertexDensity": 10.597406912402187
}