{
    "boundaryCount": 82,
    "statsArea": 51163.104662796024,
    "statsPerimeter": 12432.631036640505,
    "statsVertices": 98031,
    "statsLineResolution": 126.8234643800482,
    "statsVertexDensity": 7.884976213891532
}