{
    "boundaryCount": 82,
    "statsArea": 51163.10466279603,
    "statsPerimeter": 12432.63103664051,
    "statsVertices": 98037,
    "statsLineResolution": 126.81570260861216,
    "statsVertexDensity": 7.885458814877781
}