{
    "boundaryCount": 1,
    "boundaryYearSourceLag": 0,
    "statsArea": 1871541.1162048576,
    "statsPerimeter": 8118.377946116397,
    "statsVertices": 6077,
    "statsLineResolution": 1335.9187010229384,
    "statsVertexDensity": 0.748548545083081
}