{
    "boundaryCount": 6,
    "statsArea": 12318.985664500415,
    "statsPerimeter": 3237.118690576139,
    "statsVertices": 49524,
    "statsLineResolution": 65.36464523415191,
    "statsVertexDensity": 15.298790292791448
}