{
    "boundaryCount": 6,
    "statsArea": 12318.985101005084,
    "statsPerimeter": 3259.861241258152,
    "statsVertices": 49650,
    "statsLineResolution": 65.65682258324576,
    "statsVertexDensity": 15.23070963009378
}