{
    "boundaryCount": 1,
    "statsArea": 465390.48810972786,
    "statsPerimeter": 6119.482480377194,
    "statsVertices": 48120,
    "statsLineResolution": 127.1712901159018,
    "statsVertexDensity": 7.863410043954234
}