{
    "boundaryCount": 1,
    "statsArea": 465390.48810972844,
    "statsPerimeter": 6119.482480377119,
    "statsVertices": 48120,
    "statsLineResolution": 127.17129011590023,
    "statsVertexDensity": 7.863410043954331
}