{
    "boundaryCount": 27,
    "statsArea": 26931.777481931837,
    "statsPerimeter": 3990.0075771786055,
    "statsVertices": 13264,
    "statsLineResolution": 300.8148052758297,
    "statsVertexDensity": 3.3243044639477035
}