{
    "boundaryCount": 1,
    "statsArea": 10714.779776289668,
    "statsPerimeter": 1182.786686085296,
    "statsVertices": 310,
    "statsLineResolution": 3815.440922855793,
    "statsVertexDensity": 0.2620929062247193
}