{
    "boundaryCount": 1,
    "statsArea": 10722.098480069119,
    "statsPerimeter": 1174.093667594694,
    "statsVertices": 204,
    "statsLineResolution": 5755.361115660264,
    "statsVertexDensity": 0.17375104357553042
}