{
    "boundaryCount": 1,
    "statsArea": 10500.897044666748,
    "statsPerimeter": 1227.7012992015095,
    "statsVertices": 406,
    "statsLineResolution": 3023.8948256194813,
    "statsVertexDensity": 0.33069933237348553
}