{
    "boundaryCount": 309,
    "statsArea": 91874.71043558855,
    "statsPerimeter": 31667.155586685505,
    "statsVertices": 830814,
    "statsLineResolution": 38.11581844634961,
    "statsVertexDensity": 26.23582650881713
}