{
    "boundaryCount": 309,
    "statsArea": 91874.71043558925,
    "statsPerimeter": 31667.1555866858,
    "statsVertices": 830814,
    "statsLineResolution": 38.11581844634996,
    "statsVertexDensity": 26.235826508816885
}