{
    "boundaryCount": 1,
    "statsArea": 1182311.5630448274,
    "statsPerimeter": 5815.819889923191,
    "statsVertices": 16701,
    "statsLineResolution": 348.2318358136154,
    "statsVertexDensity": 2.8716501398086742
}