{
    "boundaryCount": 1,
    "boundaryYearSourceLag": 1,
    "statsArea": 83989.03008994403,
    "statsPerimeter": 2340.1077859977954,
    "statsVertices": 2676,
    "statsLineResolution": 874.4797406568742,
    "statsVertexDensity": 1.1435370695367282
}