{
    "boundaryCount": 10,
    "boundaryYearSourceLag": 9,
    "statsArea": 751092.6632019386,
    "statsPerimeter": 16061.608332655627,
    "statsVertices": 26929,
    "statsLineResolution": 596.4428063669511,
    "statsVertexDensity": 1.6766066910777147
}