{
    "boundaryCount": 15,
    "statsArea": 72619.14747325308,
    "statsPerimeter": 7032.717678489203,
    "statsVertices": 35063,
    "statsLineResolution": 200.57375804948813,
    "statsVertexDensity": 4.985697080837799
}