{
    "boundaryCount": 15,
    "statsArea": 72619.14747325436,
    "statsPerimeter": 7032.717678489162,
    "statsVertices": 35063,
    "statsLineResolution": 200.57375804948697,
    "statsVertexDensity": 4.985697080837828
}