{
    "boundaryCount": 1,
    "boundaryYearSourceLag": 1,
    "statsArea": 1181112.9749562836,
    "statsPerimeter": 5837.533136471158,
    "statsVertices": 2310,
    "statsLineResolution": 2527.0706218489863,
    "statsVertexDensity": 0.39571509848360636
}