{"boundaryCount": 3, "boundaryYearSourceLag": null, "statsArea": 100.64547283305407, "statsVertices": 1272, "statsLineResolution": 74.51317071218863, "statsVertexDensity": 13.420446216985681, "statsPerimeter": 94.78075314590393}