{
    "boundaryCount": 18,
    "statsArea": 128178.85162317345,
    "statsPerimeter": 9873.981307280375,
    "statsVertices": 77853,
    "statsLineResolution": 126.82852693255718,
    "statsVertexDensity": 7.884661473138166
}