{"boundaryCount": 18, "boundaryYearSourceLag": null, "statsArea": 128219.77230844706, "statsVertices": 69217, "statsLineResolution": 139.86298621022257, "statsVertexDensity": 7.149854490429221, "statsPerimeter": 9680.896316512975}