{
    "boundaryCount": 18,
    "statsArea": 128219.77230844706,
    "statsPerimeter": 9946.3805734859,
    "statsVertices": 69217,
    "statsLineResolution": 143.69852165632577,
    "statsVertexDensity": 6.959013833083362
}