{
    "boundaryCount": 101,
    "statsArea": 436269.2618935326,
    "statsPerimeter": 28782.942396256658,
    "statsVertices": 20875,
    "statsLineResolution": 1378.8235878446303,
    "statsVertexDensity": 0.7252559419607802
}