{
    "boundaryCount": 1,
    "statsArea": 1181300.8923378135,
    "statsPerimeter": 5586.128456004679,
    "statsVertices": 1042,
    "statsLineResolution": 5360.9678080659105,
    "statsVertexDensity": 0.18653348346830914
}