{"boundaryCount": 1, "boundaryYearSourceLag": null, "statsArea": 1181300.8923378135, "statsVertices": 1042, "statsLineResolution": 5360.9678080659105, "statsVertexDensity": 0.18653348346830914, "statsPerimeter": 5586.128456004679}