{
    "boundaryCount": 174,
    "statsArea": 92486.7060653388,
    "statsPerimeter": 24937.95100729403,
    "statsVertices": 135413,
    "statsLineResolution": 184.16216321397525,
    "statsVertexDensity": 5.429997033853882
}