{
    "boundaryCount": 174,
    "statsArea": 92486.70606533966,
    "statsPerimeter": 24937.951007293716,
    "statsVertices": 135413,
    "statsLineResolution": 184.16216321397292,
    "statsVertexDensity": 5.42999703385395
}