{
    "boundaryCount": 62,
    "statsArea": 187550.35176010674,
    "statsPerimeter": 15350.986647037998,
    "statsVertices": 47352,
    "statsLineResolution": 324.188770211142,
    "statsVertexDensity": 3.0846225776071963
}