{
    "boundaryCount": 58,
    "statsArea": 546147.3395615551,
    "statsPerimeter": 29722.033584282362,
    "statsVertices": 32500,
    "statsLineResolution": 914.5241102856111,
    "statsVertexDensity": 1.0934648838155774
}