{
    "boundaryCount": 52,
    "statsArea": 1219709.0735048945,
    "statsPerimeter": 54973.66057802914,
    "statsVertices": 644061,
    "statsLineResolution": 85.35474214092942,
    "statsVertexDensity": 11.715810685115745
}