{
    "boundaryCount": 52,
    "statsArea": 1219709.0771969438,
    "statsPerimeter": 54955.28436489966,
    "statsVertices": 604541,
    "statsLineResolution": 90.90414771686231,
    "statsVertexDensity": 11.000598158784612
}