{
    "boundaryCount": 1,
    "boundaryYearSourceLag": 2,
    "statsArea": 1616456.4757688842,
    "statsPerimeter": 6193.060288866173,
    "statsVertices": 6859,
    "statsLineResolution": 902.9100873110036,
    "statsVertexDensity": 1.107529990032722
}