{
    "boundaryCount": 1,
    "statsArea": 112052.07159092736,
    "statsPerimeter": 4427.900757240603,
    "statsVertices": 81047,
    "statsLineResolution": 54.633740388177266,
    "statsVertexDensity": 18.30370743234706
}