{
    "boundaryCount": 1,
    "statsArea": 112052.07159092433,
    "statsPerimeter": 4427.9007572406845,
    "statsVertices": 81047,
    "statsLineResolution": 54.633740388178275,
    "statsVertexDensity": 18.303707432346723
}