{
    "boundaryCount": 1508,
    "statsArea": 411306.7825363913,
    "statsPerimeter": 109310.01649056304,
    "statsVertices": 206718,
    "statsLineResolution": 528.7880904931502,
    "statsVertexDensity": 1.8911167213834095
}