{
    "boundaryCount": 62,
    "statsArea": 14915.47731361062,
    "statsPerimeter": 5380.586977653482,
    "statsVertices": 80046,
    "statsLineResolution": 67.21868647594485,
    "statsVertexDensity": 14.87681554678793
}