{"boundaryCount": 62, "boundaryYearSourceLag": null, "statsArea": 14915.47731361062, "statsVertices": 80046, "statsLineResolution": 67.19621900349844, "statsVertexDensity": 14.881789702303593, "statsPerimeter": 5378.788546354036}