{
    "boundaryCount": 62,
    "statsArea": 14915.478182024004,
    "statsPerimeter": 5381.923269483024,
    "statsVertices": 84335,
    "statsLineResolution": 63.81601078417056,
    "statsVertexDensity": 15.670048749710443
}