{
    "boundaryCount": 1,
    "statsArea": 86235.48860160522,
    "statsPerimeter": 2949.132667853015,
    "statsVertices": 3770,
    "statsLineResolution": 782.2633071228156,
    "statsVertexDensity": 1.2783419481581277
}