{"boundaryCount": 1, "boundaryYearSourceLag": null, "statsArea": 86235.47865765342, "statsVertices": 2965, "statsLineResolution": 989.0347966015058, "statsVertexDensity": 1.01108677210971, "statsPerimeter": 2932.4881719234645}