{
    "boundaryCount": 1,
    "statsArea": 86235.47865765342,
    "statsPerimeter": 2949.213318224661,
    "statsVertices": 2965,
    "statsLineResolution": 994.6756553877441,
    "statsVertexDensity": 1.0053528450037117
}