{"boundaryCount": 13, "boundaryYearSourceLag": null, "statsArea": 822713.0498536587, "statsVertices": 3731, "statsLineResolution": 4439.986860257412, "statsVertexDensity": 0.22522589175906346, "statsPerimeter": 16565.590975620406}