{
    "boundaryCount": 96,
    "statsArea": 926733.6605246356,
    "statsPerimeter": 48439.153554315366,
    "statsVertices": 146592,
    "statsLineResolution": 330.43517759710875,
    "statsVertexDensity": 3.0263121719421613
}