{
    "boundaryCount": 96,
    "boundaryYearSourceLag": null,
    "statsArea": 942851.3258473559,
    "statsPerimeter": 48439.153554315366,
    "statsVertices": 146592,
    "statsLineResolution": 330.43517759710875,
    "statsVertexDensity": 3.0263121719421613
}