{
    "boundaryCount": 13,
    "statsArea": 471815.00608089735,
    "statsPerimeter": 11182.332520483393,
    "statsVertices": 913,
    "statsLineResolution": 12247.899803377211,
    "statsVertexDensity": 0.08164665094045447
}