{
    "boundaryCount": 24,
    "statsArea": 268500.7922910126,
    "statsPerimeter": 16516.027981677165,
    "statsVertices": 6496,
    "statsLineResolution": 2542.491992253258,
    "statsVertexDensity": 0.3933149064173689
}