{
    "boundaryCount": 23,
    "statsArea": 268496.5513872875,
    "statsPerimeter": 16256.433074452543,
    "statsVertices": 6391,
    "statsLineResolution": 2543.644668197863,
    "statsVertexDensity": 0.39313667215495396
}