{"boundaryCount": 24, "boundaryYearSourceLag": null, "statsArea": 268500.7922910126, "statsVertices": 6496, "statsLineResolution": 2542.491992253258, "statsVertexDensity": 0.3933149064173689, "statsPerimeter": 16516.027981677165}