{
    "boundaryCount": 1,
    "statsArea": 270103.28946606716,
    "statsPerimeter": 15802.667070396294,
    "statsVertices": 77904,
    "statsLineResolution": 202.84795479559833,
    "statsVertexDensity": 4.929800751541515
}