{
    "boundaryCount": 8,
    "statsArea": 48996.22907708647,
    "statsPerimeter": 4550.042948984059,
    "statsVertices": 12726,
    "statsLineResolution": 357.5391284758808,
    "statsVertexDensity": 2.7968966760723615
}