{
    "boundaryCount": 18,
    "statsArea": 399604.24896862847,
    "statsPerimeter": 15998.253633006527,
    "statsVertices": 270281,
    "statsLineResolution": 59.19118855193864,
    "statsVertexDensity": 16.89440648961674
}