{
    "boundaryCount": 6,
    "statsArea": 488135.2269013251,
    "statsPerimeter": 10457.894051491125,
    "statsVertices": 18904,
    "statsLineResolution": 553.2106459739274,
    "statsVertexDensity": 1.8076297108120538
}