{
    "boundaryCount": 6,
    "statsArea": 488135.2269013255,
    "statsPerimeter": 10457.89405149113,
    "statsVertices": 18904,
    "statsLineResolution": 553.2106459739277,
    "statsVertexDensity": 1.807629710812053
}