{
    "boundaryCount": 24,
    "statsArea": 155236.24717038492,
    "statsPerimeter": 11398.179049145017,
    "statsVertices": 123976,
    "statsLineResolution": 91.93859334988237,
    "statsVertexDensity": 10.87682510210256
}