{
    "boundaryCount": 24,
    "statsArea": 155236.24717038413,
    "statsPerimeter": 11398.179049145001,
    "statsVertices": 123976,
    "statsLineResolution": 91.93859334988225,
    "statsVertexDensity": 10.876825102102574
}