{
    "boundaryCount": 12,
    "statsArea": 786922.5769480612,
    "statsPerimeter": 20152.798514654973,
    "statsVertices": 382026,
    "statsLineResolution": 52.752426574774944,
    "statsVertexDensity": 18.95647394689097
}