{
    "boundaryCount": 1,
    "statsArea": 641727.1691826861,
    "statsPerimeter": 6109.763075461312,
    "statsVertices": 46215,
    "statsLineResolution": 132.20303095231662,
    "statsVertexDensity": 7.564123097606462
}