{
    "boundaryCount": 1,
    "statsArea": 641727.1691826847,
    "statsPerimeter": 6109.763075461337,
    "statsVertices": 46215,
    "statsLineResolution": 132.20303095231716,
    "statsVertexDensity": 7.56412309760643
}