{
    "boundaryCount": 1,
    "statsArea": 752648.9884123872,
    "statsPerimeter": 96747.56782541919,
    "statsVertices": 3189661,
    "statsLineResolution": 30.331614496154664,
    "statsVertexDensity": 32.96890114856156
}