{"boundaryCount": 1, "boundaryYearSourceLag": null, "statsArea": 757580.3113135286, "statsVertices": 2065075, "statsLineResolution": 53.34683860771571, "statsVertexDensity": 18.745253253964464, "statsPerimeter": 110165.22273782852}