{
    "boundaryCount": 1,
    "statsArea": 757580.3113135286,
    "statsPerimeter": 110165.22273782852,
    "statsVertices": 2065075,
    "statsLineResolution": 53.34683860771571,
    "statsVertexDensity": 18.745253253964464
}