{
    "boundaryCount": 26,
    "statsArea": 912374.5692590976,
    "statsPerimeter": 27269.280931336194,
    "statsVertices": 76470,
    "statsLineResolution": 356.60103218695167,
    "statsVertexDensity": 2.8042543619888907
}