{
    "boundaryCount": 2,
    "statsArea": 223.66831582062824,
    "statsPerimeter": 463.8356959232242,
    "statsVertices": 911,
    "statsLineResolution": 509.1500504096863,
    "statsVertexDensity": 1.9640575488411571
}