{
    "boundaryCount": 4,
    "statsArea": 244875.24811252294,
    "statsPerimeter": 26044.612997135257,
    "statsVertices": 2525956,
    "statsLineResolution": 10.310794407002836,
    "statsVertexDensity": 96.98573752191439
}