{
    "boundaryCount": 4,
    "statsArea": 245485.83994756846,
    "statsPerimeter": 24826.736213631895,
    "statsVertices": 416447,
    "statsLineResolution": 59.615596255062215,
    "statsVertexDensity": 16.774133998787033
}