{
    "boundaryCount": 1,
    "statsArea": 166.80140364964439,
    "statsPerimeter": 334.9060857701324,
    "statsVertices": 6609,
    "statsLineResolution": 50.67424508550951,
    "statsVertexDensity": 19.73389042722915
}