{
    "boundaryCount": 1,
    "statsArea": 118838.98059877892,
    "statsPerimeter": 2873.5014534920156,
    "statsVertices": 8778,
    "statsLineResolution": 327.3526376728202,
    "statsVertexDensity": 3.054809660643309
}