{
    "boundaryCount": 1,
    "statsArea": 421.52228465922855,
    "statsPerimeter": 219.20710028762755,
    "statsVertices": 3094,
    "statsLineResolution": 70.84909511558745,
    "statsVertexDensity": 14.114506309057868
}