{
    "boundaryCount": 1,
    "statsArea": 1893657.8290198138,
    "statsPerimeter": 77473.59517658706,
    "statsVertices": 62757,
    "statsLineResolution": 1234.5012536703007,
    "statsVertexDensity": 0.8100437298276498
}