{
    "boundaryCount": 1,
    "boundaryYearSourceLag": 0,
    "statsArea": 1265060.873549871,
    "statsPerimeter": 6093.553225675843,
    "statsVertices": 6253,
    "statsLineResolution": 974.5007557453772,
    "statsVertexDensity": 1.0261664694504202
}