{
    "boundaryCount": 1,
    "statsArea": 1621745.2895846618,
    "statsPerimeter": 11918.070529145101,
    "statsVertices": 125578,
    "statsLineResolution": 94.90572018303446,
    "statsVertexDensity": 10.536772684211316
}