{
    "boundaryCount": 290,
    "boundaryYearSourceLag": 2,
    "statsArea": 591575.2337406856,
    "statsPerimeter": 58513.31777162152,
    "statsVertices": 249671,
    "statsLineResolution": 234.36169107193675,
    "statsVertexDensity": 4.266908962066895
}