{
    "boundaryCount": 1,
    "statsArea": 181421.8107863894,
    "statsPerimeter": 3219.725384019014,
    "statsVertices": 30193,
    "statsLineResolution": 106.63814076173333,
    "statsVertexDensity": 9.377507830283234
}