{
    "boundaryCount": 1,
    "statsArea": 603.1089580202103,
    "statsPerimeter": 216.88486129130666,
    "statsVertices": 5861,
    "statsLineResolution": 37.0047536753637,
    "statsVertexDensity": 27.023555102482963
}