{
    "boundaryCount": 1,
    "statsArea": 603.1089580203517,
    "statsPerimeter": 216.88486129130686,
    "statsVertices": 5861,
    "statsLineResolution": 37.00475367536374,
    "statsVertexDensity": 27.023555102482938
}