{
    "boundaryCount": 510,
    "boundaryYearSourceLag": 7,
    "statsArea": 321608.07781764644,
    "statsPerimeter": 63721.75325531837,
    "statsVertices": 179837,
    "statsLineResolution": 354.33060635641374,
    "statsVertexDensity": 2.822223037075496
}