{
    "boundaryCount": 1,
    "boundaryYearSourceLag": 1,
    "statsArea": 490.9369949159865,
    "statsPerimeter": 362.4086171076741,
    "statsVertices": 754,
    "statsLineResolution": 480.64803329930254,
    "statsVertexDensity": 2.0805244809506873
}