{
    "boundaryCount": 1,
    "statsArea": 490.9409308028729,
    "statsPerimeter": 362.40956634400214,
    "statsVertices": 3917,
    "statsLineResolution": 92.52222781312284,
    "statsVertexDensity": 10.808213589709581
}