{
    "boundaryCount": 7,
    "statsArea": 131669.866893361,
    "statsPerimeter": 21136.252643061714,
    "statsVertices": 1012468,
    "statsLineResolution": 20.87597103618259,
    "statsVertexDensity": 47.901963375345886
}