{
    "boundaryCount": 7,
    "statsArea": 131669.8668933684,
    "statsPerimeter": 21136.252643061984,
    "statsVertices": 1012468,
    "statsLineResolution": 20.875971036182857,
    "statsVertexDensity": 47.90196337534528
}