{
    "boundaryCount": 1,
    "statsArea": 789.2846853570295,
    "statsPerimeter": 840.4965649400934,
    "statsVertices": 22987,
    "statsLineResolution": 36.5639955166004,
    "statsVertexDensity": 27.349308681158504
}