{
    "boundaryCount": 1,
    "statsArea": 789.2846853569848,
    "statsPerimeter": 840.4965649401453,
    "statsVertices": 22987,
    "statsLineResolution": 36.56399551660265,
    "statsVertexDensity": 27.349308681156817
}