{
    "boundaryCount": 45,
    "statsArea": 628102.1110537172,
    "statsPerimeter": 26105.852159136834,
    "statsVertices": 12336,
    "statsLineResolution": 2116.2331516810013,
    "statsVertexDensity": 0.4725377254418604
}