{
    "boundaryCount": 45,
    "statsArea": 628102.1111501805,
    "statsPerimeter": 26105.852128186427,
    "statsVertices": 12336,
    "statsLineResolution": 2116.2331491720515,
    "statsVertexDensity": 0.4725377260020886
}