{
    "boundaryCount": 9,
    "statsArea": 72589.19485662995,
    "statsPerimeter": 3969.9716866197646,
    "statsVertices": 5800,
    "statsLineResolution": 684.4778770034077,
    "statsVertexDensity": 1.4609675982194257
}