{
    "boundaryCount": 1,
    "statsArea": 16980199.63287601,
    "statsPerimeter": 95573.93730196415,
    "statsVertices": 36756,
    "statsLineResolution": 2600.2268283263725,
    "statsVertexDensity": 0.38458183305632865
}