{"boundaryCount": 1, "boundaryYearSourceLag": null, "statsArea": 16980199.620540634, "statsVertices": 36756, "statsLineResolution": 2600.226866224657, "statsVertexDensity": 0.3845818274510518, "statsPerimeter": 95573.93869495348}