{
    "boundaryCount": 1,
    "statsArea": 16980199.620540634,
    "statsPerimeter": 95573.93869495348,
    "statsVertices": 36756,
    "statsLineResolution": 2600.226866224657,
    "statsVertexDensity": 0.3845818274510518
}