{
    "boundaryCount": 1,
    "statsArea": 28671.44674822175,
    "statsPerimeter": 1383.9913898826712,
    "statsVertices": 7905,
    "statsLineResolution": 175.0779746847149,
    "statsVertexDensity": 5.711740736096741
}