{
    "boundaryCount": 4,
    "boundaryYearSourceLag": 1,
    "statsArea": 5841.053427777315,
    "statsPerimeter": 1123.2033504077008,
    "statsVertices": 1842,
    "statsLineResolution": 609.7738058673729,
    "statsVertexDensity": 1.6399523731222758
}