{
    "boundaryCount": 4,
    "statsArea": 197.07311431876755,
    "statsPerimeter": 1123.2031711796103,
    "statsVertices": 8506,
    "statsLineResolution": 132.0483389583365,
    "statsVertexDensity": 7.572984316868363
}