{
    "boundaryCount": 16,
    "statsArea": 6252.589592435811,
    "statsPerimeter": 1617.7012642833847,
    "statsVertices": 2133,
    "statsLineResolution": 758.4159701281691,
    "statsVertexDensity": 1.3185376355286984
}