{
    "boundaryCount": 25,
    "statsArea": 181555.7985311277,
    "statsPerimeter": 12164.937837197172,
    "statsVertices": 41160,
    "statsLineResolution": 295.5524255878808,
    "statsVertexDensity": 3.3834944782162037
}