{
    "boundaryCount": 77,
    "statsArea": 515142.1662675873,
    "statsPerimeter": 42213.61623631503,
    "statsVertices": 236926,
    "statsLineResolution": 178.1721560162879,
    "statsVertexDensity": 5.61254924651966
}