{
    "boundaryCount": 77,
    "statsArea": 515142.16626758693,
    "statsPerimeter": 42213.61623631521,
    "statsVertices": 236926,
    "statsLineResolution": 178.17215601628868,
    "statsVertexDensity": 5.612549246519635
}