{
    "boundaryCount": 1,
    "statsArea": 242081.00577107244,
    "statsPerimeter": 2355.4305856907354,
    "statsVertices": 263,
    "statsLineResolution": 8956.009831523708,
    "statsVertexDensity": 0.11165686715529961
}