{
    "boundaryCount": 1,
    "statsArea": 242066.45894315705,
    "statsPerimeter": 2369.6592117190876,
    "statsVertices": 466,
    "statsLineResolution": 5085.105604547399,
    "statsVertexDensity": 0.1966527497690002
}