{
    "boundaryCount": 1,
    "statsArea": 241853.63018705873,
    "statsPerimeter": 2434.672090913355,
    "statsVertices": 611,
    "statsLineResolution": 3984.7333730169476,
    "statsVertexDensity": 0.2509578198560556
}