{
    "boundaryCount": 334,
    "statsArea": 1622947.7219766518,
    "statsPerimeter": 109008.46353645906,
    "statsVertices": 246748,
    "statsLineResolution": 441.78053534966466,
    "statsVertexDensity": 2.2635673597717707
}