{
    "boundaryCount": 357,
    "statsArea": 27929.62747847458,
    "statsPerimeter": 16151.30861835917,
    "statsVertices": 123267,
    "statsLineResolution": 131.02702765832842,
    "statsVertexDensity": 7.632013164548325
}