{
    "boundaryCount": 357,
    "statsArea": 27929.62747847452,
    "statsPerimeter": 16151.308618359066,
    "statsVertices": 123267,
    "statsLineResolution": 131.0270276583276,
    "statsVertexDensity": 7.632013164548374
}