{
    "boundaryCount": 1,
    "statsArea": 93012.87350503309,
    "statsPerimeter": 2213.33426101195,
    "statsVertices": 32704,
    "statsLineResolution": 67.67778439982723,
    "statsVertexDensity": 14.775897421407796
}