{
    "boundaryCount": 1,
    "statsArea": 93012.87350503221,
    "statsPerimeter": 2213.3342610119334,
    "statsVertices": 32704,
    "statsLineResolution": 67.67778439982673,
    "statsVertexDensity": 14.775897421407906
}