{
    "boundaryCount": 49,
    "statsArea": 628102.1110407972,
    "statsPerimeter": 27196.231227637352,
    "statsVertices": 12534,
    "statsLineResolution": 2169.796651319399,
    "statsVertexDensity": 0.4608726810376101
}