{"boundaryCount": 49, "boundaryYearSourceLag": null, "statsArea": 628102.1110407972, "statsVertices": 12534, "statsLineResolution": 2169.796651319399, "statsVertexDensity": 0.4608726810376101, "statsPerimeter": 27196.231227637352}