{
    "boundaryCount": 49,
    "statsArea": 628102.1110537172,
    "statsPerimeter": 27196.23123351124,
    "statsVertices": 12534,
    "statsLineResolution": 2169.796651788036,
    "statsVertexDensity": 0.46087268093807
}