{"boundaryCount": 15, "boundaryYearSourceLag": null, "statsArea": 413473.6042447392, "statsVertices": 74931, "statsLineResolution": 197.23919636363965, "statsVertexDensity": 5.069986181429943, "statsPerimeter": 14779.330222723882}