{
    "boundaryCount": 15,
    "statsArea": 413477.2726594867,
    "statsPerimeter": 14770.706482142163,
    "statsVertices": 74205,
    "statsLineResolution": 199.0527118407407,
    "statsVertexDensity": 5.023794907150454
}