{
    "boundaryCount": 15,
    "statsArea": 413473.6042447392,
    "statsPerimeter": 14779.330222723882,
    "statsVertices": 74931,
    "statsLineResolution": 197.23919636363965,
    "statsVertexDensity": 5.069986181429943
}