{
    "boundaryCount": 15,
    "statsArea": 18963.48357883861,
    "statsPerimeter": 7049.527528862486,
    "statsVertices": 163469,
    "statsLineResolution": 43.124552844040686,
    "statsVertexDensity": 23.18864623632123
}