{
    "boundaryCount": 1,
    "statsArea": 89194.60976119341,
    "statsPerimeter": 1686.5290200733255,
    "statsVertices": 1597,
    "statsLineResolution": 1056.0607514548062,
    "statsVertexDensity": 0.9469152211389562
}