{
    "boundaryCount": 12,
    "statsArea": 89194.60976119341,
    "statsPerimeter": 4246.668462730568,
    "statsVertices": 4312,
    "statsLineResolution": 984.8489013753637,
    "statsVertexDensity": 1.0153841859431205
}