{"boundaryCount": 12, "boundaryYearSourceLag": null, "statsArea": 89111.85175674986, "statsVertices": 3951, "statsLineResolution": 1072.988967037205, "statsVertexDensity": 0.9319760321126639, "statsPerimeter": 4239.379408763996}