{
    "boundaryCount": 3,
    "statsArea": 46973.41001162658,
    "statsPerimeter": 2809.6256272612836,
    "statsVertices": 73533,
    "statsLineResolution": 38.2090439294097,
    "statsVertexDensity": 26.171814239777266
}