{
    "boundaryCount": 3,
    "statsArea": 46973.41001162505,
    "statsPerimeter": 2809.62562726121,
    "statsVertices": 73533,
    "statsLineResolution": 38.2090439294087,
    "statsVertexDensity": 26.171814239777955
}