{
    "boundaryCount": 1,
    "statsArea": 451.4801885326364,
    "statsPerimeter": 178.07779516525386,
    "statsVertices": 108,
    "statsLineResolution": 1648.8684737523506,
    "statsVertexDensity": 0.6064765115705606
}