{
    "boundaryCount": 1,
    "statsArea": 543.4439409646616,
    "statsPerimeter": 127.27823187073841,
    "statsVertices": 48,
    "statsLineResolution": 2651.6298306403837,
    "statsVertexDensity": 0.37712654626399883
}