{
    "boundaryCount": 17,
    "statsArea": 267904.72247519804,
    "statsPerimeter": 26479.508350024487,
    "statsVertices": 1999289,
    "statsLineResolution": 13.244462581459953,
    "statsVertexDensity": 75.50325231012648
}