{
    "boundaryCount": 1,
    "statsArea": 75452.34601399454,
    "statsPerimeter": 8422.559483123285,
    "statsVertices": 158025,
    "statsLineResolution": 53.29890512971545,
    "statsVertexDensity": 18.76211148364613
}