{"boundaryCount": 1, "boundaryYearSourceLag": null, "statsArea": 75103.88083609003, "statsVertices": 154461, "statsLineResolution": 54.18261672423193, "statsVertexDensity": 18.456103829196813, "statsPerimeter": 8369.101161841587}