{
    "boundaryCount": 1,
    "statsArea": 207594.68802047084,
    "statsPerimeter": 3336.1434304528348,
    "statsVertices": 4417,
    "statsLineResolution": 755.2962260477326,
    "statsVertexDensity": 1.323983843044918
}