{"boundaryCount": 11, "boundaryYearSourceLag": null, "statsArea": 1127375.979709322, "statsVertices": 4804, "statsLineResolution": 4149.582408772884, "statsVertexDensity": 0.2409881047032201, "statsPerimeter": 19934.593891744935}