{
    "boundaryCount": 11,
    "statsArea": 1127375.979709322,
    "statsPerimeter": 20303.996700431366,
    "statsVertices": 4804,
    "statsLineResolution": 4226.477248216354,
    "statsVertexDensity": 0.23660366335155764
}