{
    "boundaryCount": 112,
    "boundaryYearSourceLag": 1,
    "statsArea": 1081268.7182477855,
    "statsPerimeter": 50695.53683721075,
    "statsVertices": 11276,
    "statsLineResolution": 4495.8794641016975,
    "statsVertexDensity": 0.2224258919716847
}