{"boundaryCount": 45, "boundaryYearSourceLag": null, "statsArea": 272769.39352372027, "statsVertices": 5642, "statsLineResolution": 3152.8360529997008, "statsVertexDensity": 0.31717475415461915, "statsPerimeter": 17788.301011024312}