{
    "boundaryCount": 14,
    "statsArea": 262.1321547442775,
    "statsPerimeter": 311.3424826460965,
    "statsVertices": 4566,
    "statsLineResolution": 68.1871403079493,
    "statsVertexDensity": 14.665521907558562
}