{
    "boundaryCount": 14,
    "statsArea": 262.1321547447515,
    "statsPerimeter": 311.34248264605685,
    "statsVertices": 4566,
    "statsLineResolution": 68.18714030794062,
    "statsVertexDensity": 14.66552190756043
}