{
    "boundaryCount": 1,
    "statsArea": 141346.5782885876,
    "statsPerimeter": 4163.406458517043,
    "statsVertices": 19040,
    "statsLineResolution": 218.6663055943825,
    "statsVertexDensity": 4.5731782831460155
}