{
    "boundaryCount": 4,
    "statsArea": 769.8733959728286,
    "statsPerimeter": 1290.369851322599,
    "statsVertices": 28560,
    "statsLineResolution": 45.18101720317223,
    "statsVertexDensity": 22.133189155594938
}