{
    "boundaryCount": 4,
    "boundaryYearSourceLag": 1,
    "statsArea": 769.8591377270274,
    "statsPerimeter": 1290.350871407218,
    "statsVertices": 4141,
    "statsLineResolution": 311.60368785491863,
    "statsVertexDensity": 3.2092046370952962
}