{
    "boundaryCount": 183,
    "statsArea": 28532.82772190297,
    "statsPerimeter": 16298.36400251353,
    "statsVertices": 178973,
    "statsLineResolution": 91.06604908289815,
    "statsVertexDensity": 10.98104079479381
}