{
    "boundaryCount": 183,
    "statsArea": 28532.825332825305,
    "statsPerimeter": 16304.08901312557,
    "statsVertices": 182552,
    "statsLineResolution": 89.31202623430896,
    "statsVertexDensity": 11.196700401539573
}