{"boundaryCount": 183, "boundaryYearSourceLag": null, "statsArea": 28532.82772190297, "statsVertices": 178973, "statsLineResolution": 91.06074186792023, "statsVertexDensity": 10.981680793359423, "statsPerimeter": 16297.414154327289}