{
    "boundaryCount": 16,
    "statsArea": 736592.8267692568,
    "statsPerimeter": 43423.56019207464,
    "statsVertices": 18893,
    "statsLineResolution": 2298.3941243886434,
    "statsVertexDensity": 0.435086388965597
}