{
    "boundaryCount": 37,
    "statsArea": 908410.1352376101,
    "statsPerimeter": 41034.27970203071,
    "statsVertices": 201039,
    "statsLineResolution": 204.1110416487881,
    "statsVertexDensity": 4.899293991751266
}