{
    "boundaryCount": 14,
    "statsArea": 183023.87231369645,
    "statsPerimeter": 7358.234044774901,
    "statsVertices": 5032,
    "statsLineResolution": 1462.2881647008944,
    "statsVertexDensity": 0.6838597371842547
}