{
    "boundaryCount": 14,
    "boundaryYearSourceLag": 1,
    "statsArea": 187613.3141148043,
    "statsPerimeter": 7358.234443408564,
    "statsVertices": 3827,
    "statsLineResolution": 1922.7160813714568,
    "statsVertexDensity": 0.5200975899087029
}