{
    "boundaryCount": 12,
    "statsArea": 115268.08154630219,
    "statsPerimeter": 5023.562021652004,
    "statsVertices": 8162,
    "statsLineResolution": 615.4817473232056,
    "statsVertexDensity": 1.6247435514523452
}