{"boundaryCount": 12, "boundaryYearSourceLag": null, "statsArea": 115423.19027000638, "statsVertices": 8006, "statsLineResolution": 632.8012593908089, "statsVertexDensity": 1.580274983906779, "statsPerimeter": 5066.206882682816}