{
    "boundaryCount": 1,
    "statsArea": 2581.6065050316593,
    "statsPerimeter": 239.3077810167727,
    "statsVertices": 48,
    "statsLineResolution": 4985.578771182764,
    "statsVertexDensity": 0.20057851774003016
}