{
    "boundaryCount": 1,
    "statsArea": 2583.139227518668,
    "statsPerimeter": 241.32591765316607,
    "statsVertices": 84,
    "statsLineResolution": 2872.92759110912,
    "statsVertexDensity": 0.3480769940372708
}