{
    "boundaryCount": 1,
    "statsArea": 2608.4689305211473,
    "statsPerimeter": 263.25884444145964,
    "statsVertices": 197,
    "statsLineResolution": 1336.339311885582,
    "statsVertexDensity": 0.7483129405128363
}