{
    "boundaryCount": 1,
    "statsArea": 9833548.047188377,
    "statsPerimeter": 39835.781051525395,
    "statsVertices": 75410,
    "statsLineResolution": 528.2559481703407,
    "statsVertexDensity": 1.8930217510348626
}