{
    "boundaryCount": 16,
    "statsArea": 5131.656534286048,
    "statsPerimeter": 1220.6689226934952,
    "statsVertices": 629,
    "statsLineResolution": 1940.6501155699445,
    "statsVertexDensity": 0.5152912377027389
}