{
    "boundaryCount": 1,
    "statsArea": 489593.0382220417,
    "statsPerimeter": 5124.10290394526,
    "statsVertices": 4619,
    "statsLineResolution": 1109.3533024345659,
    "statsVertexDensity": 0.9014260811280039
}