{
    "boundaryCount": 1,
    "statsArea": 489598.02752657933,
    "statsPerimeter": 5105.860391019689,
    "statsVertices": 6641,
    "statsLineResolution": 768.8390891461661,
    "statsVertexDensity": 1.300662276563682
}