{
    "boundaryCount": 239,
    "statsArea": 9975265.145696541,
    "statsPerimeter": 393019.55429062655,
    "statsVertices": 929782,
    "statsLineResolution": 422.7007559735793,
    "statsVertexDensity": 2.3657397955127015
}