{
    "boundaryCount": 296,
    "statsArea": 9975264.13030021,
    "statsPerimeter": 393022.8214818779,
    "statsVertices": 455078,
    "statsLineResolution": 863.638368547541,
    "statsVertexDensity": 1.1578920488233875
}