{
    "boundaryCount": 1,
    "statsArea": 69699.15948030134,
    "statsPerimeter": 2153.897099886101,
    "statsVertices": 17644,
    "statsLineResolution": 122.07532871719002,
    "statsVertexDensity": 8.191663381195426
}