{
    "boundaryCount": 1,
    "statsArea": 1247686.1569808945,
    "statsPerimeter": 8056.179103281289,
    "statsVertices": 63625,
    "statsLineResolution": 126.61971085707331,
    "statsVertexDensity": 7.897664536043579
}