{
    "boundaryCount": 5,
    "statsArea": 57242.110223052354,
    "statsPerimeter": 2936.561769844751,
    "statsVertices": 3428,
    "statsLineResolution": 856.6399561974185,
    "statsVertexDensity": 1.16735157257776
}