{
    "boundaryCount": 12,
    "statsArea": 63696.145125953524,
    "statsPerimeter": 11798.53244793025,
    "statsVertices": 147615,
    "statsLineResolution": 79.92773395610372,
    "statsVertexDensity": 12.511301778544098
}