{
    "boundaryCount": 12,
    "boundaryYearSourceLag": 1,
    "statsArea": 74932.49009701745,
    "statsPerimeter": 11798.527885376561,
    "statsVertices": 24712,
    "statsLineResolution": 477.44123848237945,
    "statsVertexDensity": 2.094498588305137
}