{
    "boundaryCount": 2,
    "statsArea": 3785.655812649248,
    "statsPerimeter": 2344.958421385952,
    "statsVertices": 223545,
    "statsLineResolution": 10.489871933552315,
    "statsVertexDensity": 95.33004848242773
}