{
    "boundaryCount": 2,
    "statsArea": 3785.655812648989,
    "statsPerimeter": 2344.95842138579,
    "statsVertices": 223545,
    "statsLineResolution": 10.48987193355159,
    "statsVertexDensity": 95.33004848243431
}