{
    "boundaryCount": 1,
    "statsArea": 329779.96584802784,
    "statsPerimeter": 11662.736452983303,
    "statsVertices": 248448,
    "statsLineResolution": 46.94236400769297,
    "statsVertexDensity": 21.30271922044912
}