{
    "boundaryCount": 1,
    "statsArea": 329779.96584803297,
    "statsPerimeter": 11662.736452983212,
    "statsVertices": 248448,
    "statsLineResolution": 46.9423640076926,
    "statsVertexDensity": 21.302719220449287
}