{
    "boundaryCount": 211,
    "statsArea": 244925.76579010944,
    "statsPerimeter": 36414.55722254331,
    "statsVertices": 58471,
    "statsLineResolution": 622.7797920771548,
    "statsVertexDensity": 1.6057039947694904
}