{
    "boundaryCount": 10,
    "statsArea": 145831.65122774863,
    "statsPerimeter": 5265.3001562997515,
    "statsVertices": 16912,
    "statsLineResolution": 311.3351558833817,
    "statsVertexDensity": 3.211972631753077
}