{
    "boundaryCount": 1,
    "statsArea": 89119.62195403076,
    "statsPerimeter": 1792.203127382467,
    "statsVertices": 10459,
    "statsLineResolution": 171.35511304928454,
    "statsVertexDensity": 5.835834030306312
}