{
    "boundaryCount": 367,
    "statsArea": 9648850.658428838,
    "statsPerimeter": 341689.96136030694,
    "statsVertices": 687698,
    "statsLineResolution": 496.86048434095625,
    "statsVertexDensity": 2.0126374133503817
}