{
    "boundaryCount": 22,
    "boundaryYearSourceLag": 1,
    "statsArea": 108973.71714992175,
    "statsPerimeter": 8112.159825674573,
    "statsVertices": 7183,
    "statsLineResolution": 1129.35539825624,
    "statsVertexDensity": 0.8854608580647253
}