{
    "boundaryCount": 22,
    "statsArea": 99494.08543482321,
    "statsPerimeter": 8112.159549273444,
    "statsVertices": 8824,
    "statsLineResolution": 919.3290513682507,
    "statsVertexDensity": 1.0877498089630537
}