{
    "boundaryCount": 1,
    "statsArea": 17474.02039661228,
    "statsPerimeter": 904.2579259277319,
    "statsVertices": 248,
    "statsLineResolution": 3646.2013142247256,
    "statsVertexDensity": 0.27425803290091383
}