{
    "boundaryCount": 1,
    "statsArea": 53.64003985785979,
    "statsPerimeter": 43.69570187024665,
    "statsVertices": 51,
    "statsLineResolution": 856.778468044052,
    "statsVertexDensity": 1.1671628516562862
}