{
    "boundaryCount": 1,
    "statsArea": 42.56975581369138,
    "statsPerimeter": 41.380218374948164,
    "statsVertices": 38,
    "statsLineResolution": 1088.9531151302149,
    "statsVertexDensity": 0.9183131818126274
}