{
    "boundaryCount": 75,
    "statsArea": 147662.6380905403,
    "statsPerimeter": 19502.314377570303,
    "statsVertices": 33050,
    "statsLineResolution": 590.0851551458487,
    "statsVertexDensity": 1.6946706611401439
}