{
    "boundaryCount": 37,
    "statsArea": 33882.27866793489,
    "statsPerimeter": 9398.35464974851,
    "statsVertices": 97834,
    "statsLineResolution": 96.06429921855909,
    "statsVertexDensity": 10.409694424823385
}