{"boundaryCount": 37, "boundaryYearSourceLag": null, "statsArea": 33882.27911466625, "statsVertices": 97071, "statsLineResolution": 96.81925187111058, "statsVertexDensity": 10.3285243448404, "statsPerimeter": 9398.341598380575}