{
    "boundaryCount": 14,
    "statsArea": 20539.25232514008,
    "statsPerimeter": 2924.799019776531,
    "statsVertices": 2287,
    "statsLineResolution": 1278.8802010391478,
    "statsVertexDensity": 0.7819340694988123
}