{
    "boundaryCount": 14,
    "statsArea": 20539.252325140063,
    "statsPerimeter": 2924.7990197765316,
    "statsVertices": 2287,
    "statsLineResolution": 1278.880201039148,
    "statsVertexDensity": 0.7819340694988121
}