{
    "boundaryCount": 1,
    "statsArea": 751.2231735042926,
    "statsPerimeter": 178.7686400072747,
    "statsVertices": 5334,
    "statsLineResolution": 33.51493063503463,
    "statsVertexDensity": 29.837447998613968
}