{
    "boundaryCount": 1,
    "boundaryYearSourceLag": 1,
    "statsArea": 83.28286730940151,
    "statsPerimeter": 107.19149822074222,
    "statsVertices": 314,
    "statsLineResolution": 341.37419815523,
    "statsVertexDensity": 2.929336796406854
}