{
    "boundaryCount": 159,
    "boundaryYearSourceLag": 0,
    "statsArea": 787085.2447169728,
    "statsPerimeter": 62628.52045046792,
    "statsVertices": 554860,
    "statsLineResolution": 112.87265337286509,
    "statsVertexDensity": 8.85954188298016
}