{
    "boundaryCount": 12,
    "statsArea": 115247.32120034435,
    "statsPerimeter": 5354.13014660914,
    "statsVertices": 9890,
    "statsLineResolution": 541.3680633578504,
    "statsVertexDensity": 1.8471721323889563
}