{
    "boundaryCount": 1,
    "statsArea": 65023.614343471,
    "statsPerimeter": 1355.1380833038747,
    "statsVertices": 347,
    "statsLineResolution": 3905.297070039985,
    "statsVertexDensity": 0.256062466456556
}