{
    "boundaryCount": 1,
    "statsArea": 64939.29751798186,
    "statsPerimeter": 1417.3155503353305,
    "statsVertices": 562,
    "statsLineResolution": 2521.9137906322603,
    "statsVertexDensity": 0.3965242601529584
}