{
    "boundaryCount": 1,
    "statsArea": 65047.42932696735,
    "statsPerimeter": 1383.0079325392066,
    "statsVertices": 565,
    "statsLineResolution": 2447.8016505118703,
    "statsVertexDensity": 0.40852983320396313
}