{
    "boundaryCount": 1,
    "statsArea": 2505.1078218819666,
    "statsPerimeter": 252.45452888097202,
    "statsVertices": 11459,
    "statsLineResolution": 22.031113437557554,
    "statsVertexDensity": 45.39035227766788
}