{
    "boundaryCount": 1,
    "statsArea": 2505.1078218813323,
    "statsPerimeter": 252.45452888100647,
    "statsVertices": 11459,
    "statsLineResolution": 22.03111343756056,
    "statsVertexDensity": 45.390352277661684
}