{
    "boundaryCount": 10,
    "statsArea": 239092.77585038223,
    "statsPerimeter": 9367.21416595579,
    "statsVertices": 38432,
    "statsLineResolution": 243.73475660792542,
    "statsVertexDensity": 4.1028206806328065
}