{
    "boundaryCount": 78,
    "statsArea": 115244.38803999373,
    "statsPerimeter": 12807.231918250423,
    "statsVertices": 46963,
    "statsLineResolution": 272.7089819272709,
    "statsVertexDensity": 3.6669125928044837
}