{
    "boundaryCount": 78,
    "statsArea": 115244.38803999359,
    "statsPerimeter": 12807.231918250467,
    "statsVertices": 46963,
    "statsLineResolution": 272.70898192727185,
    "statsVertexDensity": 3.6669125928044712
}