{
    "boundaryCount": 1,
    "statsArea": 1965208.04206718,
    "statsPerimeter": 18251.490614205228,
    "statsVertices": 90562,
    "statsLineResolution": 201.53586067230435,
    "statsVertexDensity": 4.9618960946409025
}