{
    "boundaryCount": 5,
    "statsArea": 8502802.750406139,
    "statsPerimeter": 54782.8789858845,
    "statsVertices": 242653,
    "statsLineResolution": 225.76633705696815,
    "statsVertexDensity": 4.429358304855111
}