{
    "boundaryCount": 1,
    "boundaryYearSourceLag": 0,
    "statsArea": 110988.46414613466,
    "statsPerimeter": 2475.731581931589,
    "statsVertices": 30536,
    "statsLineResolution": 81.07583121337402,
    "statsVertexDensity": 12.334131948252454
}