{
    "boundaryCount": 18,
    "statsArea": 633580.3657750407,
    "statsPerimeter": 15769.669276673709,
    "statsVertices": 31379,
    "statsLineResolution": 502.554870348759,
    "statsVertexDensity": 1.9898324720363927
}