{
    "boundaryCount": 14,
    "statsArea": 10985.940562779324,
    "statsPerimeter": 2207.461842079075,
    "statsVertices": 42237,
    "statsLineResolution": 52.26369870206394,
    "statsVertexDensity": 19.133739571334797
}