{
    "boundaryCount": 3,
    "boundaryYearSourceLag": 1,
    "statsArea": 2595.4707936927107,
    "statsPerimeter": 511.64915499886814,
    "statsVertices": 884,
    "statsLineResolution": 578.7886368765477,
    "statsVertexDensity": 1.7277464281201746
}