{
    "boundaryCount": 1,
    "statsArea": 69701.54602867457,
    "statsPerimeter": 2828.9399519503595,
    "statsVertices": 1028,
    "statsLineResolution": 2751.8871127921784,
    "statsVertexDensity": 0.3633869991801221
}