{
    "boundaryCount": 1,
    "statsArea": 69445.01466644119,
    "statsPerimeter": 3830.500078006042,
    "statsVertices": 2394,
    "statsLineResolution": 1600.04180367838,
    "statsVertexDensity": 0.624983670864769
}