{
    "boundaryCount": 1,
    "statsArea": 69579.42262201957,
    "statsPerimeter": 2752.848336536622,
    "statsVertices": 659,
    "statsLineResolution": 4177.311588067711,
    "statsVertexDensity": 0.23938841499313857
}