{"boundaryCount": 1, "boundaryYearSourceLag": null, "statsArea": 3883.1427075113484, "statsVertices": 409, "statsLineResolution": 1968.9711660814257, "statsVertexDensity": 0.5078794536083346, "statsPerimeter": 805.3092069273031}