{
    "boundaryCount": 1,
    "statsArea": 3883.1427075113484,
    "statsPerimeter": 805.3092069273031,
    "statsVertices": 409,
    "statsLineResolution": 1968.9711660814257,
    "statsVertexDensity": 0.5078794536083346
}