{
    "boundaryCount": 1,
    "statsArea": 3926.709997898128,
    "statsPerimeter": 845.5839996098542,
    "statsVertices": 433,
    "statsLineResolution": 1952.8498836255294,
    "statsVertexDensity": 0.5120721302671086
}