{
    "boundaryCount": 1,
    "statsArea": 1137241.2263398818,
    "statsPerimeter": 12392.23991584962,
    "statsVertices": 163111,
    "statsLineResolution": 75.97427467092727,
    "statsVertexDensity": 13.16235007614578
}