{
    "boundaryCount": 5,
    "statsArea": 1137600.0597251821,
    "statsPerimeter": 22819.99574509296,
    "statsVertices": 153944,
    "statsLineResolution": 148.2356944414395,
    "statsVertexDensity": 6.746013527767767
}