{
    "boundaryCount": 5,
    "statsArea": 1137600.0597251812,
    "statsPerimeter": 22819.995745092856,
    "statsVertices": 153944,
    "statsLineResolution": 148.23569444143882,
    "statsVertexDensity": 6.746013527767798
}