{
    "boundaryCount": 1,
    "boundaryYearSourceLag": 1,
    "statsArea": 311761.1253078535,
    "statsPerimeter": 4656.230174918833,
    "statsVertices": 5919,
    "statsLineResolution": 786.6582488458918,
    "statsVertexDensity": 1.2712000433061021
}