{
    "boundaryCount": 1,
    "statsArea": 311761.16768907226,
    "statsPerimeter": 4656.227502164005,
    "statsVertices": 28120,
    "statsLineResolution": 165.58419282233305,
    "statsVertexDensity": 6.039223810892206
}