{
    "boundaryCount": 1,
    "statsArea": 108973.79506825084,
    "statsPerimeter": 2173.72499053808,
    "statsVertices": 8885,
    "statsLineResolution": 244.65109629016092,
    "statsVertexDensity": 4.087453582525462
}