{
    "boundaryCount": 1,
    "boundaryYearSourceLag": 1,
    "statsArea": 108973.77135515773,
    "statsPerimeter": 2173.7268216329326,
    "statsVertices": 1943,
    "statsLineResolution": 1118.7477208610048,
    "statsVertexDensity": 0.8938565695851296
}