{
    "boundaryCount": 1,
    "statsArea": 5159.13226010428,
    "statsPerimeter": 927.2603269968068,
    "statsVertices": 19283,
    "statsLineResolution": 48.0869328940936,
    "statsVertexDensity": 20.7956702541706
}