{
    "boundaryCount": 1,
    "statsArea": 453075.7571718491,
    "statsPerimeter": 4048.5641756268597,
    "statsVertices": 1029,
    "statsLineResolution": 3934.4646993458305,
    "statsVertexDensity": 0.25416418151273956
}