{
    "boundaryCount": 1,
    "statsArea": 453630.6528538825,
    "statsPerimeter": 3689.5924407034963,
    "statsVertices": 558,
    "statsLineResolution": 6612.172832801964,
    "statsVertexDensity": 0.15123621618587388
}