{
    "boundaryCount": 1,
    "statsArea": 423985.3059153016,
    "statsPerimeter": 4001.329634160826,
    "statsVertices": 667,
    "statsLineResolution": 5998.994953764357,
    "statsVertexDensity": 0.16669458929491215
}