{
    "boundaryCount": 1,
    "statsArea": 36283.81321361057,
    "statsPerimeter": 2307.6943180060985,
    "statsVertices": 7393,
    "statsLineResolution": 312.145856621953,
    "statsVertexDensity": 3.203630542535514
}