{
    "boundaryCount": 1,
    "statsArea": 112227.08402418277,
    "statsPerimeter": 2273.1264678416883,
    "statsVertices": 336,
    "statsLineResolution": 6765.257344766929,
    "statsVertexDensity": 0.14781403707776486
}