{
    "boundaryCount": 1,
    "statsArea": 112410.7202430122,
    "statsPerimeter": 2436.394208773944,
    "statsVertices": 770,
    "statsLineResolution": 3164.1483230830436,
    "statsVertexDensity": 0.3160408103200524
}