{
    "boundaryCount": 1,
    "statsArea": 112236.73140563889,
    "statsPerimeter": 2813.1716493646013,
    "statsVertices": 1184,
    "statsLineResolution": 2375.9895687201024,
    "statsVertexDensity": 0.42087726863997965
}