{
    "boundaryCount": 9,
    "statsArea": 1252292.2086637393,
    "statsPerimeter": 18360.378023537964,
    "statsVertices": 19544,
    "statsLineResolution": 939.4380896202397,
    "statsVertexDensity": 1.0644661005859812
}