{
    "boundaryCount": 16,
    "statsArea": 2014.4366658949068,
    "statsPerimeter": 794.1761706225977,
    "statsVertices": 351,
    "statsLineResolution": 2262.6101727139535,
    "statsVertexDensity": 0.44196742861830274
}