{
    "boundaryCount": 1,
    "statsArea": 30.07668430657232,
    "statsPerimeter": 45.26466190223705,
    "statsVertices": 92,
    "statsLineResolution": 492.0071945895332,
    "statsVertexDensity": 2.0324906037893817
}