{
    "boundaryCount": 1,
    "statsArea": 6.8068675121599735,
    "statsPerimeter": 9.915908973923862,
    "statsVertices": 11,
    "statsLineResolution": 901.4462703567148,
    "statsVertexDensity": 1.1093284568189363
}