{
    "boundaryCount": 1,
    "statsArea": 3726.467384702738,
    "statsPerimeter": 5801.375774656974,
    "statsVertices": 22520,
    "statsLineResolution": 257.6099367076809,
    "statsVertexDensity": 3.881837838944603
}