{
    "boundaryCount": 1,
    "statsArea": 941505.9871254185,
    "statsPerimeter": 5654.691089358822,
    "statsVertices": 1762,
    "statsLineResolution": 3209.2457941877533,
    "statsVertexDensity": 0.3115996916817946
}