{
    "boundaryCount": 1,
    "statsArea": 941389.0866257608,
    "statsPerimeter": 5048.9376715579965,
    "statsVertices": 1037,
    "statsLineResolution": 4868.7923544435835,
    "statsVertexDensity": 0.20538974086404269
}