{
    "boundaryCount": 1,
    "statsArea": 941360.3135719132,
    "statsPerimeter": 5009.626102776585,
    "statsVertices": 686,
    "statsLineResolution": 7302.66195740027,
    "statsVertexDensity": 0.13693636729092107
}