{
    "boundaryCount": 1,
    "statsArea": 115.13002797916818,
    "statsPerimeter": 41.687211060485545,
    "statsVertices": 19,
    "statsLineResolution": 2194.063740025555,
    "statsVertexDensity": 0.4557752729591861
}