{
    "boundaryCount": 1,
    "statsArea": 99.59714353648693,
    "statsPerimeter": 42.06308847339344,
    "statsVertices": 23,
    "statsLineResolution": 1828.829933625802,
    "statsVertexDensity": 0.5467976992357184
}