{"boundaryCount": 1, "boundaryYearSourceLag": null, "statsArea": 122755.12842104942, "statsVertices": 109586, "statsLineResolution": 57.778648765562096, "statsVertexDensity": 17.307431401823155, "statsPerimeter": 6331.731003622887}