{
    "boundaryCount": 1,
    "statsArea": 122674.72922826496,
    "statsPerimeter": 6177.409325698535,
    "statsVertices": 106178,
    "statsLineResolution": 58.17974840078486,
    "statsVertexDensity": 17.188111456090617
}