{
    "boundaryCount": 1,
    "statsArea": 122755.12842104942,
    "statsPerimeter": 6331.731003622887,
    "statsVertices": 109586,
    "statsLineResolution": 57.778648765562096,
    "statsVertexDensity": 17.307431401823155
}