{
    "boundaryCount": 1,
    "statsArea": 15.667141985535695,
    "statsPerimeter": 132.96889939053315,
    "statsVertices": 2088,
    "statsLineResolution": 63.68242307975726,
    "statsVertexDensity": 15.702920078081485
}