{
    "boundaryCount": 1,
    "statsArea": 15.667052741285655,
    "statsPerimeter": 132.97103838526115,
    "statsVertices": 2088,
    "statsLineResolution": 63.683447502519705,
    "statsVertexDensity": 15.702667478239677
}