{
    "boundaryCount": 374,
    "statsArea": 28396.632623201116,
    "statsPerimeter": 16708.67565126994,
    "statsVertices": 59445,
    "statsLineResolution": 281.0778980783908,
    "statsVertexDensity": 3.557732595969202
}