{
    "boundaryCount": 7,
    "statsArea": 207594.68802047084,
    "statsPerimeter": 9074.350014527703,
    "statsVertices": 10056,
    "statsLineResolution": 902.3816641336219,
    "statsVertexDensity": 1.1081785454496147
}