{
    "boundaryCount": 1,
    "statsArea": 208.65036761571523,
    "statsPerimeter": 196.31474374035596,
    "statsVertices": 655,
    "statsLineResolution": 299.7171660158107,
    "statsVertexDensity": 3.336478898733642
}