{
    "boundaryCount": 1,
    "boundaryYearSourceLag": 1,
    "statsArea": 40.41544014634573,
    "statsPerimeter": 41.23211860241495,
    "statsVertices": 120,
    "statsLineResolution": 343.6009883534579,
    "statsVertexDensity": 2.910352513221856
}