{
    "boundaryCount": 1,
    "statsArea": 1129937.456507911,
    "statsPerimeter": 5248.24045149784,
    "statsVertices": 2097,
    "statsLineResolution": 2502.737458988002,
    "statsVertexDensity": 0.39956248563297425
}