{
    "boundaryCount": 19,
    "statsArea": 88740.96355144102,
    "statsPerimeter": 9792.45262312602,
    "statsVertices": 206983,
    "statsLineResolution": 47.31041980803264,
    "statsVertexDensity": 21.1369927398153
}