{
    "boundaryCount": 19,
    "statsArea": 88740.96355144113,
    "statsPerimeter": 9792.452623126032,
    "statsVertices": 206983,
    "statsLineResolution": 47.3104198080327,
    "statsVertexDensity": 21.136992739815277
}