{
    "boundaryCount": 1,
    "boundaryYearSourceLag": 2,
    "statsArea": 340599.2511499377,
    "statsPerimeter": 4712.122666815495,
    "statsVertices": 6473,
    "statsLineResolution": 727.9658067071675,
    "statsVertexDensity": 1.3736908942513852
}