{
    "boundaryCount": 1,
    "statsArea": 118547.38299959854,
    "statsPerimeter": 3171.362373899137,
    "statsVertices": 41689,
    "statsLineResolution": 76.07192242316047,
    "statsVertexDensity": 13.145454566500414
}