{
    "boundaryCount": 1,
    "statsArea": 118547.38299959736,
    "statsPerimeter": 3171.36237389908,
    "statsVertices": 41689,
    "statsLineResolution": 76.07192242315911,
    "statsVertexDensity": 13.145454566500648
}