{
    "boundaryCount": 48,
    "boundaryYearSourceLag": 1,
    "statsArea": 2328257.0090515506,
    "statsPerimeter": 56250.04971431925,
    "statsVertices": 45122,
    "statsLineResolution": 1246.6213756996422,
    "statsVertexDensity": 0.8021681799245336
}