{
    "boundaryCount": 3,
    "statsArea": 421.52228465922855,
    "statsPerimeter": 219.20710028762753,
    "statsVertices": 3094,
    "statsLineResolution": 70.84909511558743,
    "statsVertexDensity": 14.11450630905787
}