{
    "boundaryCount": 3,
    "boundaryYearSourceLag": 1,
    "statsArea": 421.5199920058194,
    "statsPerimeter": 219.20638106486075,
    "statsVertices": 532,
    "statsLineResolution": 412.0420696707909,
    "statsVertexDensity": 2.4269366494517652
}