{
    "boundaryCount": 1,
    "statsArea": 786431.3411607124,
    "statsPerimeter": 11716.770262030153,
    "statsVertices": 40403,
    "statsLineResolution": 289.9975314216804,
    "statsVertexDensity": 3.448305215212047
}