{
    "boundaryCount": 9,
    "statsArea": 1084898.9298410004,
    "statsPerimeter": 21806.585438723418,
    "statsVertices": 181101,
    "statsLineResolution": 120.41118181966648,
    "statsVertexDensity": 8.304876547907716
}