{
    "boundaryCount": 1,
    "statsArea": 390.694769390361,
    "statsPerimeter": 295.18677634747877,
    "statsVertices": 10848,
    "statsLineResolution": 27.2111703860139,
    "statsVertexDensity": 36.74961369959977
}