{
    "boundaryCount": 1,
    "statsArea": 390.69476938910367,
    "statsPerimeter": 295.1867763474905,
    "statsVertices": 10848,
    "statsLineResolution": 27.211170386014977,
    "statsVertexDensity": 36.749613699598314
}