{
    "boundaryCount": 27,
    "statsArea": 601362.6436983688,
    "statsPerimeter": 30777.384934738166,
    "statsVertices": 140997,
    "statsLineResolution": 218.28397011807462,
    "statsVertexDensity": 4.581188437515948
}