{
    "boundaryCount": 28,
    "statsArea": 601362.6455015223,
    "statsPerimeter": 30857.10462709182,
    "statsVertices": 144530,
    "statsLineResolution": 213.4996514709183,
    "statsVertexDensity": 4.683848395584919
}