{"boundaryCount": 27, "boundaryYearSourceLag": null, "statsArea": 601362.6436983688, "statsVertices": 140997, "statsLineResolution": 216.79257885854474, "statsVertexDensity": 4.61270401996782, "statsPerimeter": 30567.103241318233}