{
    "boundaryCount": 76,
    "statsArea": 75221.48024976921,
    "statsPerimeter": 14647.69879113676,
    "statsVertices": 31745,
    "statsLineResolution": 461.41750798981764,
    "statsVertexDensity": 2.1672346252237737
}