{
    "boundaryCount": 7,
    "statsArea": 465.53302256817454,
    "statsPerimeter": 282.8176950612599,
    "statsVertices": 2014,
    "statsLineResolution": 140.42586646537234,
    "statsVertexDensity": 7.121195155641717
}