{
    "boundaryCount": 7,
    "statsArea": 465.53302256813697,
    "statsPerimeter": 282.8176950612567,
    "statsVertices": 2014,
    "statsLineResolution": 140.42586646537075,
    "statsVertexDensity": 7.1211951556417965
}