{
    "boundaryCount": 2,
    "statsArea": 77601.26987479869,
    "statsPerimeter": 3068.3681372461374,
    "statsVertices": 43901,
    "statsLineResolution": 69.89289850450189,
    "statsVertexDensity": 14.307605227383563
}