{
    "boundaryCount": 2,
    "statsArea": 77601.26987480023,
    "statsPerimeter": 3068.368137246157,
    "statsVertices": 43901,
    "statsLineResolution": 69.89289850450234,
    "statsVertexDensity": 14.30760522738347
}