{
    "boundaryCount": 1,
    "statsArea": 120.25180170581916,
    "statsPerimeter": 111.96321808955436,
    "statsVertices": 4116,
    "statsLineResolution": 27.201948029532158,
    "statsVertexDensity": 36.76207302926749
}