{
    "boundaryCount": 1,
    "statsArea": 120.25180170614684,
    "statsPerimeter": 111.96321808954565,
    "statsVertices": 4116,
    "statsLineResolution": 27.201948029530044,
    "statsVertexDensity": 36.76207302927035
}