{
    "boundaryCount": 1,
    "statsArea": 196691.18985344516,
    "statsPerimeter": 3308.1925281728504,
    "statsVertices": 10004,
    "statsLineResolution": 330.68697802607466,
    "statsVertexDensity": 3.0240077972503356
}