{
    "boundaryCount": 1,
    "statsArea": 66182.0186799658,
    "statsPerimeter": 2411.9858634167854,
    "statsVertices": 81478,
    "statsLineResolution": 29.60290953897721,
    "statsVertexDensity": 33.780463325178616
}