{
    "boundaryCount": 12,
    "statsArea": 108418.78447122891,
    "statsPerimeter": 5831.464944662984,
    "statsVertices": 12885,
    "statsLineResolution": 452.5777993529673,
    "statsVertexDensity": 2.2095648558759637
}