{
    "boundaryCount": 12,
    "boundaryYearSourceLag": 1,
    "statsArea": 115214.60064882207,
    "statsPerimeter": 5831.4638324523,
    "statsVertices": 6708,
    "statsLineResolution": 869.3297305385063,
    "statsVertexDensity": 1.1503115157243615
}