{
    "boundaryCount": 1,
    "boundaryYearSourceLag": 1,
    "statsArea": 121176.31337238582,
    "statsPerimeter": 4999.2183482002765,
    "statsVertices": 8966,
    "statsLineResolution": 557.5751001784828,
    "statsVertexDensity": 1.7934803754326452
}