{
    "boundaryCount": 1,
    "statsArea": 121176.36783936668,
    "statsPerimeter": 4999.232580771744,
    "statsVertices": 51014,
    "statsLineResolution": 97.9972670398664,
    "statsVertexDensity": 10.204366205367633
}