{
    "boundaryCount": 16,
    "statsArea": 357839.3511343846,
    "statsPerimeter": 21822.073911288186,
    "statsVertices": 206114,
    "statsLineResolution": 105.87380726825052,
    "statsVertexDensity": 9.445206758894752
}