{
    "boundaryCount": 16,
    "statsArea": 357839.34726716497,
    "statsPerimeter": 21859.56899136044,
    "statsVertices": 222271,
    "statsLineResolution": 98.34647341020845,
    "statsVertexDensity": 10.168132779189206
}