{"boundaryCount": 16, "boundaryYearSourceLag": null, "statsArea": 357839.3511343846, "statsVertices": 206114, "statsLineResolution": 103.99870835125076, "statsVertexDensity": 9.615504037055413, "statsPerimeter": 21435.589773109696}