{
    "boundaryCount": 1,
    "statsArea": 372816.6160162002,
    "statsPerimeter": 12752.699478208453,
    "statsVertices": 4450,
    "statsLineResolution": 2865.775163642349,
    "statsVertexDensity": 0.34894572773427834
}