{
    "boundaryCount": 1,
    "statsArea": 373508.0341800982,
    "statsPerimeter": 15474.331586941047,
    "statsVertices": 6952,
    "statsLineResolution": 2225.8819889155707,
    "statsVertexDensity": 0.4492601157562674
}