{
    "boundaryCount": 1,
    "statsArea": 370951.0483266367,
    "statsPerimeter": 11729.941132126381,
    "statsVertices": 2464,
    "statsLineResolution": 4760.528056869473,
    "statsVertexDensity": 0.21006073024966074
}