{
    "boundaryCount": 1,
    "boundaryYearSourceLag": 14,
    "statsArea": 14892.33046120721,
    "statsPerimeter": 1042.6131617611904,
    "statsVertices": 60488,
    "statsLineResolution": 17.236694249457585,
    "statsVertexDensity": 58.01576482865725
}