{
    "boundaryCount": 96,
    "boundaryYearSourceLag": 12,
    "statsArea": 1128902.3620544751,
    "statsPerimeter": 50148.888227850526,
    "statsVertices": 134676,
    "statsLineResolution": 372.36692675644156,
    "statsVertexDensity": 2.6855231443636822
}