{
    "boundaryCount": 1,
    "statsArea": 255723.6398137531,
    "statsPerimeter": 9150.512464490806,
    "statsVertices": 235596,
    "statsLineResolution": 38.83984645108918,
    "statsVertexDensity": 25.746754721579418
}