{"boundaryCount": 1, "boundaryYearSourceLag": null, "statsArea": 181.93840225748082, "statsVertices": 2161, "statsLineResolution": 48.913964626602734, "statsVertexDensity": 20.4440594344326, "statsPerimeter": 105.70307755808851}