{
    "boundaryCount": 1,
    "statsArea": 635483.9410304162,
    "statsPerimeter": 6054.643448685937,
    "statsVertices": 81005,
    "statsLineResolution": 74.7440707201523,
    "statsVertexDensity": 13.378987662366944
}