{
    "boundaryCount": 1,
    "statsArea": 635483.9410304185,
    "statsPerimeter": 6054.643448685968,
    "statsVertices": 81005,
    "statsLineResolution": 74.74407072015269,
    "statsVertexDensity": 13.378987662366876
}