{
    "boundaryCount": 7,
    "statsArea": 207575.35768216473,
    "statsPerimeter": 9939.499998590361,
    "statsVertices": 80408,
    "statsLineResolution": 123.61332203997564,
    "statsVertexDensity": 8.08974294596344
}