{
    "boundaryCount": 7,
    "statsArea": 207575.35768216493,
    "statsPerimeter": 9939.499998590152,
    "statsVertices": 80408,
    "statsLineResolution": 123.61332203997304,
    "statsVertexDensity": 8.08974294596361
}