{
    "boundaryCount": 7,
    "statsArea": 10479.292231770225,
    "statsPerimeter": 1870.7384271720086,
    "statsVertices": 12612,
    "statsLineResolution": 148.33003704186558,
    "statsVertexDensity": 6.741722849551732
}