{
    "boundaryCount": 7,
    "boundaryYearSourceLag": 1,
    "statsArea": 11613.219111993609,
    "statsPerimeter": 1870.739992926224,
    "statsVertices": 2191,
    "statsLineResolution": 853.8292984601661,
    "statsVertexDensity": 1.1711942911814395
}