{
    "boundaryCount": 638,
    "statsArea": 2569760.761423366,
    "statsPerimeter": 266872.0447991856,
    "statsVertices": 469990,
    "statsLineResolution": 567.8249426566216,
    "statsVertexDensity": 1.7611061524021951
}