{
    "boundaryCount": 1,
    "statsArea": 28727.645413063663,
    "statsPerimeter": 1115.4100737244805,
    "statsVertices": 2975,
    "statsLineResolution": 374.92775587377497,
    "statsVertexDensity": 2.667180501666206
}