{
    "boundaryCount": 22,
    "boundaryYearSourceLag": 1,
    "statsArea": 4090.8267918525107,
    "statsPerimeter": 1610.1076469648067,
    "statsVertices": 17937,
    "statsLineResolution": 89.76460093464942,
    "statsVertexDensity": 11.14024893541299
}