{
    "boundaryCount": 22,
    "statsArea": 1399.9673096415559,
    "statsPerimeter": 1610.108396687884,
    "statsVertices": 29178,
    "statsLineResolution": 55.18227420275152,
    "statsVertexDensity": 18.12176128018547
}