{
    "boundaryCount": 202,
    "boundaryYearSourceLag": 0,
    "statsArea": 102.0080672358674,
    "statsPerimeter": 536.3169796584832,
    "statsVertices": 4761,
    "statsLineResolution": 112.64796884236152,
    "statsVertexDensity": 8.877212880770095
}