{
    "boundaryCount": 380,
    "statsArea": 312400.0717491145,
    "statsPerimeter": 77346.3238763658,
    "statsVertices": 2273328,
    "statsLineResolution": 34.023389443303294,
    "statsVertexDensity": 29.391545532710776
}