{"boundaryCount": 380, "boundaryYearSourceLag": null, "statsArea": 312400.0600652097, "statsVertices": 2141214, "statsLineResolution": 35.35639791010604, "statsVertexDensity": 28.283424192207274, "statsPerimeter": 75705.6141946898}