{
    "boundaryCount": 380,
    "statsArea": 312400.0600652097,
    "statsPerimeter": 77357.73916047584,
    "statsVertices": 2141214,
    "statsLineResolution": 36.12798121088123,
    "statsVertexDensity": 27.679376662729616
}