{
    "boundaryCount": 1,
    "statsArea": 514054.5552066156,
    "statsPerimeter": 13750.777541890138,
    "statsVertices": 201868,
    "statsLineResolution": 68.11766868394267,
    "statsVertexDensity": 14.680478931830052
}