{
    "boundaryCount": 1,
    "statsArea": 25277.685439103447,
    "statsPerimeter": 1053.607605863074,
    "statsVertices": 18951,
    "statsLineResolution": 55.59641210823039,
    "statsVertexDensity": 17.98677220489129
}