{
    "boundaryCount": 1,
    "statsArea": 25279.22408991394,
    "statsPerimeter": 1038.424676223306,
    "statsVertices": 21515,
    "statsLineResolution": 48.265148790300074,
    "statsVertexDensity": 20.718883605741038
}