{"boundaryCount": 1, "boundaryYearSourceLag": null, "statsArea": 25277.685439103447, "statsVertices": 18951, "statsLineResolution": 54.83162328087395, "statsVertexDensity": 18.237650832942133, "statsPerimeter": 1039.1140927958422}