{
    "boundaryCount": 116,
    "statsArea": 751084.0480177011,
    "statsPerimeter": 58287.4205883371,
    "statsVertices": 813173,
    "statsLineResolution": 71.67899154096004,
    "statsVertexDensity": 13.951089133676815
}