{"boundaryCount": 116, "boundaryYearSourceLag": 0, "statsArea": 751084.0480177011, "statsVertices": 813173, "statsLineResolution": 71.67847801215845, "statsVertexDensity": 13.95118908398662, "statsPerimeter": 58287.00300058093}