{
    "boundaryCount": 116,
    "statsArea": 751084.0480176999,
    "statsPerimeter": 58287.420588336965,
    "statsVertices": 813173,
    "statsLineResolution": 71.67899154095988,
    "statsVertexDensity": 13.951089133676847
}