{
    "boundaryCount": 1,
    "boundaryYearSourceLag": 1,
    "statsArea": 55.476248797961034,
    "statsPerimeter": 65.57114836821003,
    "statsVertices": 180,
    "statsLineResolution": 364.2841576011669,
    "statsVertexDensity": 2.7451097697606737
}