{
    "boundaryCount": 1,
    "statsArea": 55.47696122981862,
    "statsPerimeter": 65.57139157559682,
    "statsVertices": 1099,
    "statsLineResolution": 59.664596520106294,
    "statsVertexDensity": 16.76035804018236
}