{
    "boundaryCount": 47,
    "statsArea": 373509.6061639186,
    "statsPerimeter": 28113.491683200416,
    "statsVertices": 12669,
    "statsLineResolution": 2219.077408098541,
    "statsVertexDensity": 0.4506377273503357
}