{
    "boundaryCount": 189,
    "boundaryYearSourceLag": 0,
    "statsArea": 2330346.529183231,
    "statsPerimeter": 112346.66922519368,
    "statsVertices": 146981,
    "statsLineResolution": 764.3618510228783,
    "statsVertexDensity": 1.3082808864175886
}