{
    "boundaryCount": 113,
    "statsArea": 321658.072162221,
    "statsPerimeter": 31928.189467779433,
    "statsVertices": 50436,
    "statsLineResolution": 633.0436487385882,
    "statsVertexDensity": 1.5796699042674456
}