{
    "boundaryCount": 113,
    "statsArea": 321658.07206904626,
    "statsPerimeter": 31927.491468341537,
    "statsVertices": 50232,
    "statsLineResolution": 635.6006423861589,
    "statsVertexDensity": 1.5733149611772266
}