{"boundaryCount": 113, "boundaryYearSourceLag": null, "statsArea": 321658.07206904626, "statsVertices": 50232, "statsLineResolution": 635.6006423861589, "statsVertexDensity": 1.5733149611772266, "statsPerimeter": 31927.491468341537}