{
    "boundaryCount": 1,
    "statsArea": 1649.750233672466,
    "statsPerimeter": 468.07043939726424,
    "statsVertices": 7126,
    "statsLineResolution": 65.6848778272894,
    "statsVertexDensity": 15.224204308172446
}