{
    "boundaryCount": 1,
    "boundaryYearSourceLag": 1,
    "statsArea": 1649.7451391754882,
    "statsPerimeter": 468.073302765513,
    "statsVertices": 1200,
    "statsLineResolution": 390.06108563792753,
    "statsVertexDensity": 2.5637010120210904
}