{
    "boundaryCount": 36,
    "statsArea": 1183670.7321840334,
    "statsPerimeter": 24737.488676921366,
    "statsVertices": 13433,
    "statsLineResolution": 1841.5460937185564,
    "statsVertexDensity": 0.543021976702599
}