{"boundaryCount": 36, "boundaryYearSourceLag": null, "statsArea": 1183670.7321840334, "statsVertices": 13433, "statsLineResolution": 1841.5460937185564, "statsVertexDensity": 0.543021976702599, "statsPerimeter": 24737.488676921366}