{
    "boundaryCount": 36,
    "statsArea": 1183670.9877770976,
    "statsPerimeter": 24737.488730476285,
    "statsVertices": 13569,
    "statsLineResolution": 1823.0885644097787,
    "statsVertexDensity": 0.5485197041558691
}