{
    "boundaryCount": 115,
    "statsArea": 750912.8020870216,
    "statsPerimeter": 58066.97981826158,
    "statsVertices": 799038,
    "statsLineResolution": 72.67111178474813,
    "statsVertexDensity": 13.760626133834315
}