{"boundaryCount": 115, "boundaryYearSourceLag": 0, "statsArea": 750912.8020870216, "statsVertices": 799038, "statsLineResolution": 72.66964219056827, "statsVertexDensity": 13.760904414220292, "statsPerimeter": 58065.805556667285}