{
    "boundaryCount": 116,
    "statsArea": 750912.9572894089,
    "statsPerimeter": 58219.435837053454,
    "statsVertices": 838419,
    "statsLineResolution": 69.43954733498818,
    "statsVertexDensity": 14.401015536230817
}