{
    "boundaryCount": 31,
    "statsArea": 1622510.1347698097,
    "statsPerimeter": 36606.420772813835,
    "statsVertices": 6096,
    "statsLineResolution": 6004.990284254238,
    "statsVertexDensity": 0.16652816285516944
}