{
    "boundaryCount": 31,
    "statsArea": 1622510.186288933,
    "statsPerimeter": 36606.41765436202,
    "statsVertices": 6096,
    "statsLineResolution": 6004.989772697182,
    "statsVertexDensity": 0.16652817704148115
}