{"boundaryCount": 31, "boundaryYearSourceLag": null, "statsArea": 1622510.186288933, "statsVertices": 6096, "statsLineResolution": 6004.989772697182, "statsVertexDensity": 0.16652817704148115, "statsPerimeter": 36606.41765436202}