{
    "boundaryCount": 1,
    "statsArea": 24.42326117141223,
    "statsPerimeter": 21.002713297457422,
    "statsVertices": 11,
    "statsLineResolution": 1909.3375724961295,
    "statsVertexDensity": 0.5237418539313992
}