{
    "boundaryCount": 1,
    "statsArea": 1247425.8112301002,
    "statsPerimeter": 8085.832329930837,
    "statsVertices": 64341,
    "statsLineResolution": 125.67153649975656,
    "statsVertexDensity": 7.957251322394209
}