{
    "boundaryCount": 1,
    "statsArea": 1247390.652561255,
    "statsPerimeter": 7069.624459297806,
    "statsVertices": 7083,
    "statsLineResolution": 998.1115995055493,
    "statsVertexDensity": 1.0018919732977616
}