{
    "boundaryCount": 1,
    "boundaryYearSourceLag": 1,
    "statsArea": 756.5600009215411,
    "statsPerimeter": 554.4224565356091,
    "statsVertices": 1794,
    "statsLineResolution": 309.04261791282556,
    "statsVertexDensity": 3.235799666575692
}