{
    "boundaryCount": 1,
    "statsArea": 756.5658222341469,
    "statsPerimeter": 554.4234063645996,
    "statsVertices": 12283,
    "statsLineResolution": 45.137458793828834,
    "statsVertexDensity": 22.154548056584865
}