{
    "boundaryCount": 1,
    "statsArea": 64630.92303251943,
    "statsPerimeter": 1509.6744486368225,
    "statsVertices": 535,
    "statsLineResolution": 2821.8213993211634,
    "statsVertexDensity": 0.3543810392254332
}