{
    "boundaryCount": 1,
    "statsArea": 64643.61611342828,
    "statsPerimeter": 1498.188943383864,
    "statsVertices": 397,
    "statsLineResolution": 3773.775676029884,
    "statsVertexDensity": 0.26498660382803346
}