{
    "boundaryCount": 1,
    "statsArea": 64576.403599306745,
    "statsPerimeter": 1564.005195593364,
    "statsVertices": 543,
    "statsLineResolution": 2880.3042276120887,
    "statsVertexDensity": 0.34718554742012386
}