{
    "boundaryCount": 8,
    "statsArea": 1182311.639055358,
    "statsPerimeter": 12903.901350885493,
    "statsVertices": 20947,
    "statsLineResolution": 616.0262257547856,
    "statsVertexDensity": 1.6233075122325367
}