{
    "boundaryCount": 37,
    "statsArea": 33860.84153536324,
    "statsPerimeter": 9020.126152499537,
    "statsVertices": 36831,
    "statsLineResolution": 244.90581717845126,
    "statsVertexDensity": 4.083202316388212
}