{
    "boundaryCount": 37,
    "statsArea": 33860.841535362306,
    "statsPerimeter": 9020.126152499579,
    "statsVertices": 36831,
    "statsLineResolution": 244.90581717845237,
    "statsVertexDensity": 4.083202316388193
}