{
    "boundaryCount": 1,
    "statsArea": 10162.886728710288,
    "statsPerimeter": 841.1981446622445,
    "statsVertices": 13932,
    "statsLineResolution": 60.37885046384184,
    "statsVertexDensity": 16.56209073736597
}