{
    "boundaryCount": 1,
    "statsArea": 10162.8867287101,
    "statsPerimeter": 841.1981446622166,
    "statsVertices": 13932,
    "statsLineResolution": 60.37885046383983,
    "statsVertexDensity": 16.56209073736652
}