{
    "boundaryCount": 333,
    "statsArea": 107913.64956853495,
    "statsPerimeter": 26933.901883794617,
    "statsVertices": 136854,
    "statsLineResolution": 196.80756049362546,
    "statsVertexDensity": 5.081105611450276
}