{
    "boundaryCount": 333,
    "statsArea": 107913.64956853491,
    "statsPerimeter": 26933.901883794664,
    "statsVertices": 136854,
    "statsLineResolution": 196.8075604936258,
    "statsVertexDensity": 5.081105611450267
}