{
    "boundaryCount": 119,
    "boundaryYearSourceLag": 2,
    "statsArea": 207580.66070877292,
    "statsPerimeter": 26910.294979182,
    "statsVertices": 11993,
    "statsLineResolution": 2243.8334844644373,
    "statsVertexDensity": 0.4456658691135817
}