{
    "boundaryCount": 19,
    "boundaryYearSourceLag": 24,
    "statsArea": 28172.22898230685,
    "statsPerimeter": 3310.2108284999495,
    "statsVertices": 14321,
    "statsLineResolution": 231.14383272815792,
    "statsVertexDensity": 4.3263105409179285
}