{
    "boundaryCount": 3,
    "statsArea": 1590.6974170556643,
    "statsPerimeter": 7809.568527951365,
    "statsVertices": 494850,
    "statsLineResolution": 15.781688446905859,
    "statsVertexDensity": 63.36457618994873
}