{
    "boundaryCount": 3,
    "statsArea": 1590.6974170560109,
    "statsPerimeter": 7809.568527951703,
    "statsVertices": 494850,
    "statsLineResolution": 15.781688446906543,
    "statsVertexDensity": 63.364576189945986
}