{
    "boundaryCount": 21,
    "statsArea": 450187.7420163901,
    "statsPerimeter": 52134.27349818632,
    "statsVertices": 2837035,
    "statsLineResolution": 18.376323696459973,
    "statsVertexDensity": 54.417848559809634
}