{
    "boundaryCount": 21,
    "statsArea": 450187.7420163901,
    "statsPerimeter": 52134.273498186485,
    "statsVertices": 2837035,
    "statsLineResolution": 18.37632369646003,
    "statsVertexDensity": 54.417848559809464
}