{
    "boundaryCount": 1,
    "boundaryYearSourceLag": 1,
    "statsArea": 396.89351412367256,
    "statsPerimeter": 247.59707101576288,
    "statsVertices": 837,
    "statsLineResolution": 295.81489966040965,
    "statsVertexDensity": 3.380492332022432
}