{
    "boundaryCount": 1,
    "statsArea": 396.89622577600016,
    "statsPerimeter": 247.59878066068646,
    "statsVertices": 5693,
    "statsLineResolution": 43.49179354658114,
    "statsVertexDensity": 22.9928434413487
}