{
    "boundaryCount": 1,
    "statsArea": 95777.68503953729,
    "statsPerimeter": 3498.6448896668353,
    "statsVertices": 51452,
    "statsLineResolution": 67.99822921687856,
    "statsVertexDensity": 14.706265317741238
}