{
    "boundaryCount": 1,
    "statsArea": 91878.03270818568,
    "statsPerimeter": 4809.787323654127,
    "statsVertices": 305166,
    "statsLineResolution": 15.761216268044695,
    "statsVertexDensity": 63.44688017684678
}