{"boundaryCount": 1, "boundaryYearSourceLag": null, "statsArea": 91878.0331621839, "statsVertices": 303693, "statsLineResolution": 15.80363082016614, "statsVertexDensity": 63.27659835763534, "statsPerimeter": 4799.452054668715}