{
    "boundaryCount": 5,
    "statsArea": 753.6943909595174,
    "statsPerimeter": 715.4004065800899,
    "statsVertices": 11529,
    "statsLineResolution": 62.05225141643594,
    "statsVertexDensity": 16.11545072376097
}