{
    "boundaryCount": 5,
    "statsArea": 753.694390958456,
    "statsPerimeter": 715.4004065800791,
    "statsVertices": 11529,
    "statsLineResolution": 62.052251416435,
    "statsVertexDensity": 16.11545072376121
}