{
    "boundaryCount": 1,
    "statsArea": 28780.80242734178,
    "statsPerimeter": 1301.523530389417,
    "statsVertices": 22293,
    "statsLineResolution": 58.3826102538652,
    "statsVertexDensity": 17.128387984910205
}