{
    "boundaryCount": 1,
    "statsArea": 28780.8024273418,
    "statsPerimeter": 1301.5235303893205,
    "statsVertices": 22293,
    "statsLineResolution": 58.38261025386088,
    "statsVertexDensity": 17.128387984911473
}