{
    "boundaryCount": 17,
    "statsArea": 268097.1862720442,
    "statsPerimeter": 27366.60493420911,
    "statsVertices": 666561,
    "statsLineResolution": 41.056414843066285,
    "statsVertexDensity": 24.356729729626707
}