{
    "boundaryCount": 17,
    "statsArea": 268097.1862720473,
    "statsPerimeter": 27366.604934208943,
    "statsVertices": 666561,
    "statsLineResolution": 41.056414843066044,
    "statsVertexDensity": 24.356729729626856
}