{
    "boundaryCount": 34,
    "statsArea": 1091.4412233535575,
    "statsPerimeter": 1376.1106412616089,
    "statsVertices": 71197,
    "statsLineResolution": 19.328211037847225,
    "statsVertexDensity": 51.73784568276216
}