{
    "boundaryCount": 34,
    "statsArea": 1091.4412233571682,
    "statsPerimeter": 1376.1106412614572,
    "statsVertices": 71197,
    "statsLineResolution": 19.328211037845094,
    "statsVertexDensity": 51.73784568276786
}