{
    "boundaryCount": 1,
    "statsArea": 85861.31153243111,
    "statsPerimeter": 3703.99787164074,
    "statsVertices": 17944,
    "statsLineResolution": 206.41985463891774,
    "statsVertexDensity": 4.844495224305149
}