{
    "boundaryCount": 1,
    "statsArea": 85861.3115324313,
    "statsPerimeter": 3703.997871640655,
    "statsVertices": 17944,
    "statsLineResolution": 206.419854638913,
    "statsVertexDensity": 4.84449522430526
}