{
    "boundaryCount": 1,
    "statsArea": 343019.2893213681,
    "statsPerimeter": 5608.814528256522,
    "statsVertices": 40225,
    "statsLineResolution": 139.43603550668792,
    "statsVertexDensity": 7.1717472199074095
}