{
    "boundaryCount": 17,
    "statsArea": 620092.5285689967,
    "statsPerimeter": 18354.448049694052,
    "statsVertices": 58567,
    "statsLineResolution": 313.39232075561415,
    "statsVertexDensity": 3.1908886522455924
}