{"boundaryCount": 1, "boundaryYearSourceLag": null, "statsArea": 642181.6163942369, "statsVertices": 1530, "statsLineResolution": 3414.948083739522, "statsVertexDensity": 0.29283022039531414, "statsPerimeter": 5224.870568121469}