{
    "boundaryCount": 1,
    "statsArea": 642181.6135274373,
    "statsPerimeter": 5224.868821767706,
    "statsVertices": 1530,
    "statsLineResolution": 3414.946942331834,
    "statsVertexDensity": 0.29283031827052874
}