{
    "boundaryCount": 1,
    "statsArea": 642181.6163942369,
    "statsPerimeter": 5224.870568121469,
    "statsVertices": 1530,
    "statsLineResolution": 3414.948083739522,
    "statsVertexDensity": 0.29283022039531414
}