{
    "boundaryCount": 17,
    "statsArea": 620199.6686389769,
    "statsPerimeter": 17875.137631065376,
    "statsVertices": 19949,
    "statsLineResolution": 896.0417881129569,
    "statsVertexDensity": 1.1160193790804966
}