{"boundaryCount": 23, "boundaryYearSourceLag": null, "statsArea": 156611.6950006154, "statsVertices": 3607, "statsLineResolution": 2474.981628874617, "statsVertexDensity": 0.40404340312404813, "statsPerimeter": 8927.258735350742}