{
    "boundaryCount": 23,
    "statsArea": 156611.6950006154,
    "statsPerimeter": 8927.258735350742,
    "statsVertices": 3607,
    "statsLineResolution": 2474.981628874617,
    "statsVertexDensity": 0.40404340312404813
}