{
    "boundaryCount": 9,
    "statsArea": 1253078.0708899007,
    "statsPerimeter": 18056.793240343268,
    "statsVertices": 12137,
    "statsLineResolution": 1487.7476510128754,
    "statsVertexDensity": 0.672157001437165
}