{
    "boundaryCount": 28,
    "boundaryYearSourceLag": 0,
    "statsArea": 578160.2569919755,
    "statsPerimeter": 17215.469504440625,
    "statsVertices": 50370,
    "statsLineResolution": 341.7802164868101,
    "statsVertexDensity": 2.9258568862735554
}