{
    "boundaryCount": 1,
    "statsArea": 618576.5654988129,
    "statsPerimeter": 4695.598117347367,
    "statsVertices": 1100,
    "statsLineResolution": 4268.725561224879,
    "statsVertexDensity": 0.23426195609376615
}