{
    "boundaryCount": 1,
    "statsArea": 617984.2399540971,
    "statsPerimeter": 4935.056003272389,
    "statsVertices": 1792,
    "statsLineResolution": 2753.93750182611,
    "statsVertexDensity": 0.363116446664788
}