{
    "boundaryCount": 1,
    "statsArea": 618631.2934553928,
    "statsPerimeter": 4664.162457798811,
    "statsVertices": 614,
    "statsLineResolution": 7596.3557944606055,
    "statsVertexDensity": 0.1316420698368575
}