{
    "boundaryCount": 57,
    "boundaryYearSourceLag": 0,
    "statsArea": 1035371.5107698861,
    "statsPerimeter": 30568.866233621993,
    "statsVertices": 4596,
    "statsLineResolution": 6651.1893458707555,
    "statsVertexDensity": 0.1503490500718985
}