{
    "boundaryCount": 232,
    "boundaryYearSourceLag": 11,
    "statsArea": 118838.97997509362,
    "statsPerimeter": 25078.982565481492,
    "statsVertices": 291885,
    "statsLineResolution": 85.92076525166244,
    "statsVertexDensity": 11.638630045612302
}