{
    "boundaryCount": 10,
    "statsArea": 26952.60670701915,
    "statsPerimeter": 4418.302837951404,
    "statsVertices": 79577,
    "statsLineResolution": 55.52235995264215,
    "statsVertexDensity": 18.010761805747286
}