{
    "boundaryCount": 1,
    "statsArea": 196224.29707315643,
    "statsPerimeter": 3743.847364322666,
    "statsVertices": 1378,
    "statsLineResolution": 2716.8703659816156,
    "statsVertexDensity": 0.36807056108424085
}