{"boundaryCount": 1, "boundaryYearSourceLag": null, "statsArea": 196224.29707315643, "statsVertices": 1378, "statsLineResolution": 2716.8703659816156, "statsVertexDensity": 0.36807056108424085, "statsPerimeter": 3743.847364322666}