{
    "boundaryCount": 17,
    "statsArea": 369.3553638370138,
    "statsPerimeter": 511.7652287264332,
    "statsVertices": 25362,
    "statsLineResolution": 20.178425547134815,
    "statsVertexDensity": 49.55788040370635
}