{
    "boundaryCount": 17,
    "statsArea": 369.35536383679295,
    "statsPerimeter": 511.7652287264304,
    "statsVertices": 25362,
    "statsLineResolution": 20.178425547134704,
    "statsVertexDensity": 49.55788040370662
}