{
    "boundaryCount": 24,
    "statsArea": 255977.3668242687,
    "statsPerimeter": 18660.159692794503,
    "statsVertices": 48062,
    "statsLineResolution": 388.25183497970335,
    "statsVertexDensity": 2.5756478396355216
}