{
    "boundaryCount": 1,
    "statsArea": 451.8493184018039,
    "statsPerimeter": 180.59032395999577,
    "statsVertices": 118,
    "statsLineResolution": 1530.4264742372523,
    "statsVertexDensity": 0.6534126381330335
}