{
    "boundaryCount": 1,
    "statsArea": 451.48018879083344,
    "statsPerimeter": 178.07779532213755,
    "statsVertices": 108,
    "statsLineResolution": 1648.8684752049771,
    "statsVertexDensity": 0.6064765110362644
}