{
    "boundaryCount": 60,
    "statsArea": 186917.56318505848,
    "statsPerimeter": 14062.654902710054,
    "statsVertices": 18446,
    "statsLineResolution": 762.3688009709451,
    "statsVertexDensity": 1.3117011067693356
}