{
    "boundaryCount": 60,
    "statsArea": 186917.56255039317,
    "statsPerimeter": 14062.6497529024,
    "statsVertices": 20454,
    "statsLineResolution": 687.5256552704801,
    "statsVertexDensity": 1.4544911776515292
}