{"boundaryCount": 60, "boundaryYearSourceLag": null, "statsArea": 186917.56318505848, "statsVertices": 18446, "statsLineResolution": 762.3688009709451, "statsVertexDensity": 1.3117011067693356, "statsPerimeter": 14062.654902710054}