{
    "boundaryCount": 37,
    "statsArea": 95921.95307367152,
    "statsPerimeter": 10801.20031620031,
    "statsVertices": 39332,
    "statsLineResolution": 274.61609672023565,
    "statsVertexDensity": 3.6414471400004897
}