{
    "boundaryCount": 1,
    "statsArea": 41398.27130605015,
    "statsPerimeter": 1451.7418405078433,
    "statsVertices": 1965,
    "statsLineResolution": 738.7999188335081,
    "statsVertexDensity": 1.3535464399872985
}