{
    "boundaryCount": 1,
    "statsArea": 272914.75812036236,
    "statsPerimeter": 3601.7138029907783,
    "statsVertices": 8301,
    "statsLineResolution": 433.8891462463292,
    "statsVertexDensity": 2.3047361489708162
}