{
    "boundaryCount": 1,
    "statsArea": 328106.62388896826,
    "statsPerimeter": 16072.0298787933,
    "statsVertices": 68359,
    "statsLineResolution": 235.11212684201496,
    "statsVertexDensity": 4.25328975341181
}