{
    "boundaryCount": 1,
    "statsArea": 10836.643717373729,
    "statsPerimeter": 634.1575761795277,
    "statsVertices": 1211,
    "statsLineResolution": 523.664389908776,
    "statsVertexDensity": 1.9096200147850482
}