{"boundaryCount": 1, "boundaryYearSourceLag": null, "statsArea": 10919.801348555084, "statsVertices": 1247, "statsLineResolution": 524.6368862363556, "statsVertexDensity": 1.9060802361301894, "statsPerimeter": 654.2221971367354}