{
    "boundaryCount": 1,
    "statsArea": 10919.801348555084,
    "statsPerimeter": 654.2221971367354,
    "statsVertices": 1247,
    "statsLineResolution": 524.6368862363556,
    "statsVertexDensity": 1.9060802361301894
}