{
    "boundaryCount": 1,
    "statsArea": 128474.16738402806,
    "statsPerimeter": 3164.6649394556825,
    "statsVertices": 43833,
    "statsLineResolution": 72.19822826308221,
    "statsVertexDensity": 13.850755400203349
}