{
    "boundaryCount": 1,
    "statsArea": 128474.16738402618,
    "statsPerimeter": 3164.6649394556475,
    "statsVertices": 43833,
    "statsLineResolution": 72.1982282630814,
    "statsVertexDensity": 13.850755400203502
}