{
    "boundaryCount": 1,
    "statsArea": 244585.50808962245,
    "statsPerimeter": 29520.04021862529,
    "statsVertices": 1822218,
    "statsLineResolution": 16.200059607920288,
    "statsVertexDensity": 61.72816793285718
}