{
    "boundaryCount": 1,
    "statsArea": 244585.50808961992,
    "statsPerimeter": 29520.040218625327,
    "statsVertices": 1822218,
    "statsLineResolution": 16.200059607920306,
    "statsVertexDensity": 61.728167932857104
}