{
    "boundaryCount": 1,
    "statsArea": 784.7813220522286,
    "statsPerimeter": 472.03142449063324,
    "statsVertices": 23697,
    "statsLineResolution": 19.91945919275154,
    "statsVertexDensity": 50.20216614936456
}