{
    "boundaryCount": 1,
    "statsArea": 1036391.8235258072,
    "statsPerimeter": 5897.811088179737,
    "statsVertices": 1146,
    "statsLineResolution": 5146.432014118444,
    "statsVertexDensity": 0.19430937730385903
}