{
    "boundaryCount": 1,
    "statsArea": 1038491.3324772535,
    "statsPerimeter": 5618.09991085635,
    "statsVertices": 476,
    "statsLineResolution": 11802.7309051604,
    "statsVertexDensity": 0.08472615431423411
}