{
    "boundaryCount": 1,
    "statsArea": 1038476.16193974,
    "statsPerimeter": 5641.861882158658,
    "statsVertices": 623,
    "statsLineResolution": 9055.958077301217,
    "statsVertexDensity": 0.1104245394539207
}