{
    "boundaryCount": 5,
    "statsArea": 3313.9648456466166,
    "statsPerimeter": 1003.0105235373273,
    "statsVertices": 14476,
    "statsLineResolution": 69.28782284728705,
    "statsVertexDensity": 14.432550467115085
}