{
    "boundaryCount": 24,
    "statsArea": 572.9363154677319,
    "statsPerimeter": 658.6658450336846,
    "statsVertices": 13461,
    "statsLineResolution": 48.931420030732085,
    "statsVertexDensity": 20.436766383888624
}