{
    "boundaryCount": 24,
    "statsArea": 572.9363154673297,
    "statsPerimeter": 658.6658450337367,
    "statsVertices": 13461,
    "statsLineResolution": 48.93142003073595,
    "statsVertexDensity": 20.436766383887008
}