{
    "boundaryCount": 102,
    "statsArea": 2593.019555560303,
    "statsPerimeter": 3180.0364700362134,
    "statsVertices": 25544,
    "statsLineResolution": 124.4925019588245,
    "statsVertexDensity": 8.0326122799809
}