{
    "boundaryCount": 17,
    "statsArea": 100955.7828999354,
    "statsPerimeter": 19820.346387658337,
    "statsVertices": 506767,
    "statsLineResolution": 39.11135963402972,
    "statsVertexDensity": 25.56801935184906
}