{
    "boundaryCount": 17,
    "statsArea": 100955.78289993198,
    "statsPerimeter": 19820.34638765812,
    "statsVertices": 506767,
    "statsLineResolution": 39.111359634029284,
    "statsVertexDensity": 25.568019351849344
}