{
    "boundaryCount": 1,
    "statsArea": 450968.4873355608,
    "statsPerimeter": 6436.615775486542,
    "statsVertices": 3191,
    "statsLineResolution": 2017.1155673727803,
    "statsVertexDensity": 0.49575741527911743
}