{
    "boundaryCount": 1,
    "statsArea": 77505.73094147697,
    "statsPerimeter": 2322.3633718390624,
    "statsVertices": 8673,
    "statsLineResolution": 267.76932685795714,
    "statsVertexDensity": 3.7345576946177528
}