{
    "boundaryCount": 77,
    "statsArea": 199.5802058345612,
    "statsPerimeter": 620.1918659983878,
    "statsVertices": 23778,
    "statsLineResolution": 26.082591723374033,
    "statsVertexDensity": 38.339748235365946
}