{
    "boundaryCount": 77,
    "statsArea": 199.58020583522054,
    "statsPerimeter": 620.1918659983725,
    "statsVertices": 23778,
    "statsLineResolution": 26.08259172337339,
    "statsVertexDensity": 38.33974823536689
}