{"boundaryCount": 1, "boundaryYearSourceLag": null, "statsArea": 20539.229033651904, "statsVertices": 380, "statsLineResolution": 2455.491614721343, "statsVertexDensity": 0.40725042350164287, "statsPerimeter": 933.0868135941105}