{
    "boundaryCount": 1,
    "statsArea": 20539.229033651904,
    "statsPerimeter": 933.0868135941105,
    "statsVertices": 380,
    "statsLineResolution": 2455.491614721343,
    "statsVertexDensity": 0.40725042350164287
}