{
    "boundaryCount": 5,
    "statsArea": 763.417981873373,
    "statsPerimeter": 913.0036659808784,
    "statsVertices": 14135,
    "statsLineResolution": 64.59169904357117,
    "statsVertexDensity": 15.481865546305526
}