{"boundaryCount": 5, "boundaryYearSourceLag": null, "statsArea": 763.4180878572164, "statsVertices": 14119, "statsLineResolution": 64.6388814626125, "statsVertexDensity": 15.47056473398918, "statsPerimeter": 912.636367370626}