{
    "boundaryCount": 5,
    "statsArea": 763.4180878572164,
    "statsPerimeter": 912.636367370626,
    "statsVertices": 14119,
    "statsLineResolution": 64.6388814626125,
    "statsVertexDensity": 15.47056473398918
}