{
    "boundaryCount": 1,
    "boundaryYearSourceLag": 11,
    "statsArea": 993900.012428315,
    "statsPerimeter": 13302.822483096803,
    "statsVertices": 122054,
    "statsLineResolution": 108.99128650512726,
    "statsVertexDensity": 9.175045382668799
}