{
    "boundaryCount": 10,
    "boundaryYearSourceLag": 0,
    "statsArea": 146425.54983921777,
    "statsPerimeter": 5296.33295939284,
    "statsVertices": 20954,
    "statsLineResolution": 252.75999615313734,
    "statsVertexDensity": 3.9563222630931647
}