{
    "boundaryCount": 1576,
    "statsArea": 181359.61967470153,
    "statsPerimeter": 72228.31882055673,
    "statsVertices": 378919,
    "statsLineResolution": 190.61677778247258,
    "statsVertexDensity": 5.246127920288195
}