{
    "boundaryCount": 1576,
    "statsArea": 181359.61995164532,
    "statsPerimeter": 72229.07623327665,
    "statsVertices": 395853,
    "statsLineResolution": 182.46439014805156,
    "statsVertexDensity": 5.480521427707622
}