{"boundaryCount": 1576, "boundaryYearSourceLag": null, "statsArea": 181359.61967470153, "statsVertices": 378919, "statsLineResolution": 190.43821314947604, "statsVertexDensity": 5.251046958811225, "statsPerimeter": 72160.65728838631}