{
    "boundaryCount": 1,
    "statsArea": 128178.85162317347,
    "statsPerimeter": 3596.9143444572887,
    "statsVertices": 58247,
    "statsLineResolution": 61.752782880788516,
    "statsVertexDensity": 16.19360218843033
}