{"boundaryCount": 1, "boundaryYearSourceLag": null, "statsArea": 128219.77230844703, "statsVertices": 55710, "statsLineResolution": 64.00588409605481, "statsVertexDensity": 15.623563585174162, "statsPerimeter": 3565.7678029912136}