{
    "boundaryCount": 1,
    "statsArea": 128219.77230844703,
    "statsPerimeter": 3567.224655895606,
    "statsVertices": 55710,
    "statsLineResolution": 64.03203474951725,
    "statsVertexDensity": 15.617182929011001
}