{
    "boundaryCount": 10,
    "statsArea": 13127.46918576944,
    "statsPerimeter": 8594.782827037627,
    "statsVertices": 23202,
    "statsLineResolution": 370.4328431616941,
    "statsVertexDensity": 2.699544650158084
}