{
    "boundaryCount": 10,
    "boundaryYearSourceLag": 1,
    "statsArea": 210606.43351907263,
    "statsPerimeter": 8594.781180835664,
    "statsVertices": 7636,
    "statsLineResolution": 1125.5606575216952,
    "statsVertexDensity": 0.8884461208886248
}