{
    "boundaryCount": 3,
    "statsArea": 102.71368966770173,
    "statsPerimeter": 80.88229751748278,
    "statsVertices": 1142,
    "statsLineResolution": 70.82512917467845,
    "statsVertexDensity": 14.119282402347135
}