{
    "boundaryCount": 3,
    "statsArea": 102.7136896676194,
    "statsPerimeter": 80.88229751749196,
    "statsVertices": 1142,
    "statsLineResolution": 70.8251291746865,
    "statsVertexDensity": 14.119282402345533
}