{
    "boundaryCount": 1,
    "statsArea": 262868.83184896334,
    "statsPerimeter": 5242.006974682332,
    "statsVertices": 42551,
    "statsLineResolution": 123.19350837071589,
    "statsVertexDensity": 8.11731083257069
}