{
    "boundaryCount": 20,
    "boundaryYearSourceLag": 1,
    "statsArea": 88376.18138015483,
    "statsPerimeter": 7513.532768726186,
    "statsVertices": 9839,
    "statsLineResolution": 763.6480098308961,
    "statsVertexDensity": 1.309503838321326
}