{"boundaryCount": 1, "boundaryYearSourceLag": null, "statsArea": 49.06066588631712, "statsVertices": 102, "statsLineResolution": 1270.3937048130558, "statsVertexDensity": 0.7871575529785504, "statsPerimeter": 129.5801578909317}