{
    "boundaryCount": 1,
    "statsArea": 68.06274212119929,
    "statsPerimeter": 175.56898670597477,
    "statsVertices": 3036,
    "statsLineResolution": 57.82904700460302,
    "statsVertexDensity": 17.29234790814386
}