{
    "boundaryCount": 13,
    "statsArea": 1923014.6738899013,
    "statsPerimeter": 34205.984885874575,
    "statsVertices": 171721,
    "statsLineResolution": 199.19511816187057,
    "statsVertexDensity": 5.020203352510762
}