{
    "boundaryCount": 7,
    "statsArea": 145831.67415348795,
    "statsPerimeter": 4992.49192207147,
    "statsVertices": 19697,
    "statsLineResolution": 253.46458455965222,
    "statsVertexDensity": 3.945324360550468
}