{"boundaryCount": 22, "boundaryYearSourceLag": null, "statsArea": 1566250.241301427, "statsVertices": 10620, "statsLineResolution": 2651.304569156393, "statsVertexDensity": 0.37717281206896025, "statsPerimeter": 28156.854524440896}