{
    "boundaryCount": 22,
    "statsArea": 1566250.241301427,
    "statsPerimeter": 28741.68174425504,
    "statsVertices": 10620,
    "statsLineResolution": 2706.373045598403,
    "statsVertexDensity": 0.36949821149984563
}