{
    "boundaryCount": 22,
    "statsArea": 1566250.223844998,
    "statsPerimeter": 28749.6013867775,
    "statsVertices": 11594,
    "statsLineResolution": 2479.6965142985596,
    "statsVertexDensity": 0.4032751565499028
}