{
    "boundaryCount": 1,
    "statsArea": 33973.11852493763,
    "statsPerimeter": 3031.352763340403,
    "statsVertices": 2867,
    "statsLineResolution": 1057.3256935264747,
    "statsVertexDensity": 0.9457823697301089
}