{
    "boundaryCount": 1,
    "statsArea": 1622510.1866877247,
    "statsPerimeter": 8405.3684563604,
    "statsVertices": 2728,
    "statsLineResolution": 3081.146794853519,
    "statsVertexDensity": 0.32455448136074316
}