{
    "boundaryCount": 1,
    "statsArea": 1623443.5865492371,
    "statsPerimeter": 8035.207771363518,
    "statsVertices": 2193,
    "statsLineResolution": 3664.025431538312,
    "statsVertexDensity": 0.27292386984883943
}