{
    "boundaryCount": 1,
    "statsArea": 1621542.460391619,
    "statsPerimeter": 7512.826905038268,
    "statsVertices": 1197,
    "statsLineResolution": 6276.380037625954,
    "statsVertexDensity": 0.15932750948877383
}