{"boundaryCount": 1, "boundaryYearSourceLag": null, "statsArea": 13335.329735672613, "statsVertices": 9835, "statsLineResolution": 95.69053966145593, "statsVertexDensity": 10.450353854601566, "statsPerimeter": 941.116457570419}