{
    "boundaryCount": 1,
    "statsArea": 13336.640600958388,
    "statsPerimeter": 945.6233290123012,
    "statsVertices": 9875,
    "statsLineResolution": 95.7593244569419,
    "statsVertexDensity": 10.442847270185675
}