{
    "boundaryCount": 1,
    "boundaryYearSourceLag": 1,
    "statsArea": 1247039.7016477122,
    "statsPerimeter": 8067.8709825575,
    "statsVertices": 9875,
    "statsLineResolution": 816.9995931703797,
    "statsVertexDensity": 1.2239908175712602
}