{
    "boundaryCount": 1,
    "statsArea": 1247039.790308438,
    "statsPerimeter": 8067.869511516842,
    "statsVertices": 44495,
    "statsLineResolution": 181.32081158594994,
    "statsVertexDensity": 5.515086719794317
}