{
    "boundaryCount": 33,
    "statsArea": 321683.71664337534,
    "statsPerimeter": 20988.262307244302,
    "statsVertices": 77848,
    "statsLineResolution": 269.6056714012473,
    "statsVertexDensity": 3.709120786675608
}