{
    "boundaryCount": 108,
    "boundaryYearSourceLag": 0,
    "statsArea": 321693.0910840802,
    "statsPerimeter": 33244.38948377426,
    "statsVertices": 131357,
    "statsLineResolution": 253.0842626108564,
    "statsVertexDensity": 3.951253190079246
}