{"boundaryCount": 1, "boundaryYearSourceLag": null, "statsArea": 191.13189231247156, "statsVertices": 131, "statsLineResolution": 1455.6501224992494, "statsVertexDensity": 0.6869782680216245, "statsPerimeter": 190.69016604740168}