{
    "boundaryCount": 1,
    "statsArea": 191.13189231247156,
    "statsPerimeter": 190.69016604740168,
    "statsVertices": 131,
    "statsLineResolution": 1455.6501224992494,
    "statsVertexDensity": 0.6869782680216245
}