{
    "boundaryCount": 1,
    "statsArea": 6.200889857369748,
    "statsPerimeter": 18.450817712578594,
    "statsVertices": 44,
    "statsLineResolution": 419.33676619496805,
    "statsVertexDensity": 2.3847181564209805
}