{
    "boundaryCount": 57,
    "statsArea": 136586.05384189804,
    "statsPerimeter": 15083.88122105818,
    "statsVertices": 32187,
    "statsLineResolution": 468.632715725547,
    "statsVertexDensity": 2.1338672406850194
}