{
    "boundaryCount": 57,
    "statsArea": 136586.0538418975,
    "statsPerimeter": 15083.881221058225,
    "statsVertices": 32187,
    "statsLineResolution": 468.6327157255484,
    "statsVertexDensity": 2.1338672406850128
}