{
    "boundaryCount": 1,
    "statsArea": 390772.6295812988,
    "statsPerimeter": 3226.4672384020687,
    "statsVertices": 39750,
    "statsLineResolution": 81.16898712961179,
    "statsVertexDensity": 12.319976327943897
}