{
    "boundaryCount": 27,
    "boundaryYearSourceLag": 0,
    "statsArea": 210436.81310541986,
    "statsPerimeter": 11704.561145418713,
    "statsVertices": 8752,
    "statsLineResolution": 1337.3584489738018,
    "statsVertexDensity": 0.7477426869118988
}