{
    "boundaryCount": 360,
    "boundaryYearSourceLag": 1,
    "statsArea": 466544.3935484811,
    "statsPerimeter": 60138.71032976178,
    "statsVertices": 188775,
    "statsLineResolution": 318.5734887022211,
    "statsVertexDensity": 3.1389931537420743
}