{"boundaryCount": 20, "boundaryYearSourceLag": null, "statsArea": 91878.03316218388, "statsVertices": 555244, "statsLineResolution": 20.44025339661046, "statsVertexDensity": 48.92307255671433, "statsPerimeter": 11349.328056947577}