{
    "boundaryCount": 20,
    "statsArea": 91878.03316218388,
    "statsPerimeter": 11363.827813367267,
    "statsVertices": 555244,
    "statsLineResolution": 20.46636760301285,
    "statsVertexDensity": 48.86064881649005
}