{
    "boundaryCount": 20,
    "statsArea": 91878.03270818568,
    "statsPerimeter": 11373.959930190711,
    "statsVertices": 565223,
    "statsLineResolution": 20.122960194809323,
    "statsVertexDensity": 49.69447786603225
}