{
    "boundaryCount": 34,
    "statsArea": 9343821.602219418,
    "statsPerimeter": 122580.13710656743,
    "statsVertices": 68218,
    "statsLineResolution": 1796.8884620857755,
    "statsVertexDensity": 0.5565175697323078
}