{
    "boundaryCount": 24,
    "statsArea": 256509.52809561975,
    "statsPerimeter": 19687.44749780905,
    "statsVertices": 3020222,
    "statsLineResolution": 6.518543172590973,
    "statsVertexDensity": 153.4085106937357
}