{
    "boundaryCount": 1,
    "statsArea": 755975.3951438678,
    "statsPerimeter": 85079.70376691157,
    "statsVertices": 1382937,
    "statsLineResolution": 61.52102645811889,
    "statsVertexDensity": 16.25460525566427
}