{
    "boundaryCount": 1,
    "boundaryYearSourceLag": 1,
    "statsArea": 755974.597304544,
    "statsPerimeter": 85079.56973581505,
    "statsVertices": 221606,
    "statsLineResolution": 383.92268140670853,
    "statsVertexDensity": 2.6046911225352947
}