{
    "boundaryCount": 1,
    "statsArea": 30669.830511634584,
    "statsPerimeter": 1145.3178109988974,
    "statsVertices": 648,
    "statsLineResolution": 1767.4657577143478,
    "statsVertexDensity": 0.5657818238545003
}