{
    "boundaryCount": 1,
    "statsArea": 181594.62372717902,
    "statsPerimeter": 3726.2268554064285,
    "statsVertices": 21260,
    "statsLineResolution": 175.26937231450745,
    "statsVertexDensity": 5.705503401961049
}