{"boundaryCount": 15, "boundaryYearSourceLag": null, "statsArea": 579029.200545206, "statsVertices": 1566, "statsLineResolution": 6414.572150489337, "statsVertexDensity": 0.15589504280869532, "statsPerimeter": 10045.219987666302}