{
    "boundaryCount": 15,
    "statsArea": 579029.200545206,
    "statsPerimeter": 10175.517583124567,
    "statsVertices": 1566,
    "statsLineResolution": 6497.776234434589,
    "statsVertexDensity": 0.15389880536368086
}