{
    "boundaryCount": 1,
    "statsArea": 202.7824528714254,
    "statsPerimeter": 2300.245533709264,
    "statsVertices": 53369,
    "statsLineResolution": 43.1007801103499,
    "statsVertexDensity": 23.201436202308262
}