{
    "boundaryCount": 1,
    "statsArea": 202.78245286988343,
    "statsPerimeter": 2300.2455337092947,
    "statsVertices": 53369,
    "statsLineResolution": 43.10078011035048,
    "statsVertexDensity": 23.20143620230795
}