{
    "boundaryCount": 8,
    "statsArea": 874186.2570868828,
    "statsPerimeter": 19493.452293879265,
    "statsVertices": 108123,
    "statsLineResolution": 180.28959882614492,
    "statsVertexDensity": 5.546631677650524
}