{
    "boundaryCount": 79,
    "statsArea": 43484.88611504831,
    "statsPerimeter": 14683.73268317191,
    "statsVertices": 715665,
    "statsLineResolution": 20.517606258755016,
    "statsVertexDensity": 48.73862902858332
}