{
    "boundaryCount": 79,
    "statsArea": 43484.886115046735,
    "statsPerimeter": 14683.732683172171,
    "statsVertices": 715665,
    "statsLineResolution": 20.517606258755386,
    "statsVertexDensity": 48.738629028582444
}