{
    "boundaryCount": 345,
    "statsArea": 743721.9033078355,
    "statsPerimeter": 156389.10925104882,
    "statsVertices": 7558348,
    "statsLineResolution": 20.69091145989161,
    "statsVertexDensity": 48.33039868439119
}