{
    "boundaryCount": 345,
    "statsArea": 743721.9033078479,
    "statsPerimeter": 156389.1092510489,
    "statsVertices": 7558348,
    "statsLineResolution": 20.690911459891623,
    "statsVertexDensity": 48.33039868439116
}