{
    "boundaryCount": 146,
    "statsArea": 786431.2850136021,
    "statsPerimeter": 60429.784276259066,
    "statsVertices": 485303,
    "statsLineResolution": 124.51970063292225,
    "statsVertexDensity": 8.030857727067215
}