{
    "boundaryCount": 1,
    "statsArea": 10215.111441038718,
    "statsPerimeter": 573.723758618423,
    "statsVertices": 172,
    "statsLineResolution": 3335.6032477815284,
    "statsVertexDensity": 0.29979584672280446
}