{
    "boundaryCount": 1,
    "statsArea": 10000.011415615103,
    "statsPerimeter": 616.3195096269385,
    "statsVertices": 311,
    "statsLineResolution": 1981.734757642889,
    "statsVertexDensity": 0.5046083973363913
}