{
    "boundaryCount": 1,
    "statsArea": 10209.285167116754,
    "statsPerimeter": 566.108124647939,
    "statsVertices": 118,
    "statsLineResolution": 4797.526480067279,
    "statsVertexDensity": 0.20844074632100335
}