{
    "boundaryCount": 5,
    "statsArea": 688.1113102896755,
    "statsPerimeter": 331.960828866624,
    "statsVertices": 177,
    "statsLineResolution": 1875.4849088509832,
    "statsVertexDensity": 0.5331954393664786
}