{"boundaryCount": 5, "boundaryYearSourceLag": null, "statsArea": 688.110540189623, "statsVertices": 177, "statsLineResolution": 1875.4849857868005, "statsVertexDensity": 0.5331954174938284, "statsPerimeter": 331.9608424842637}