{
    "boundaryCount": 5,
    "statsArea": 688.110540189623,
    "statsPerimeter": 331.9608424842637,
    "statsVertices": 177,
    "statsLineResolution": 1875.4849857868005,
    "statsVertexDensity": 0.5331954174938284
}