{
    "boundaryCount": 32,
    "statsArea": 9375239.37690438,
    "statsPerimeter": 116544.69577286055,
    "statsVertices": 53266,
    "statsLineResolution": 2187.975364638992,
    "statsVertexDensity": 0.4570435372177951
}