{"boundaryCount": 5582, "boundaryYearSourceLag": null, "statsArea": 9955193.761082575, "statsVertices": 7744722, "statsLineResolution": 93.27589140026825, "statsVertexDensity": 10.720883874577735, "statsPerimeter": 722395.8481972683}