{
    "boundaryCount": 5581,
    "statsArea": 9955196.159801168,
    "statsPerimeter": 751909.9568365917,
    "statsVertices": 8182131,
    "statsLineResolution": 91.89659232253696,
    "statsVertexDensity": 10.881796318303278
}