{
    "boundaryCount": 5582,
    "statsArea": 9955193.761082575,
    "statsPerimeter": 752029.9274382591,
    "statsVertices": 7744722,
    "statsLineResolution": 97.10224943364773,
    "statsVertexDensity": 10.29842259919348
}