{
    "boundaryCount": 1,
    "statsArea": 1129022.5237674082,
    "statsPerimeter": 5344.255579833669,
    "statsVertices": 3264,
    "statsLineResolution": 1637.3332046059033,
    "statsVertexDensity": 0.6107492336849628
}