{
    "boundaryCount": 1,
    "statsArea": 1129520.778781842,
    "statsPerimeter": 5325.8517913208225,
    "statsVertices": 3021,
    "statsLineResolution": 1762.9433271502226,
    "statsVertexDensity": 0.5672332085776622
}