{
    "boundaryCount": 6,
    "statsArea": 4357.349780351948,
    "statsPerimeter": 1564.6664302497247,
    "statsVertices": 5763,
    "statsLineResolution": 271.50207014570964,
    "statsVertexDensity": 3.683213168368552
}