{
    "boundaryCount": 6,
    "boundaryYearSourceLag": 1,
    "statsArea": 10206.246547850695,
    "statsPerimeter": 1564.666467656011,
    "statsVertices": 2338,
    "statsLineResolution": 669.2328775260954,
    "statsVertexDensity": 1.4942481661938478
}