{
    "boundaryCount": 9,
    "statsArea": 83989.03008994405,
    "statsPerimeter": 5798.316378296026,
    "statsVertices": 6208,
    "statsLineResolution": 934.0071485657259,
    "statsVertexDensity": 1.0706556170748946
}