{
    "boundaryCount": 24,
    "boundaryYearSourceLag": 1,
    "statsArea": 2779950.985608726,
    "statsPerimeter": 50827.928242853515,
    "statsVertices": 52934,
    "statsLineResolution": 960.2132512724055,
    "statsVertexDensity": 1.0414353256163378
}