{
    "boundaryCount": 24,
    "statsArea": 628857.9452625596,
    "statsPerimeter": 50827.9267550035,
    "statsVertices": 183675,
    "statsLineResolution": 276.7275173812631,
    "statsVertexDensity": 3.613663033814753
}