{
    "boundaryCount": 1,
    "boundaryYearSourceLag": 1,
    "statsArea": 550.0578049633073,
    "statsPerimeter": 186.75662759573777,
    "statsVertices": 398,
    "statsLineResolution": 469.2377577782356,
    "statsVertexDensity": 2.1311158009424416
}