{
    "boundaryCount": 1,
    "statsArea": 550.0598498174835,
    "statsPerimeter": 186.75655477742617,
    "statsVertices": 1893,
    "statsLineResolution": 98.65639449415012,
    "statsVertexDensity": 10.136190412465313
}