{
    "boundaryCount": 1,
    "statsArea": 372468.1042761763,
    "statsPerimeter": 30724.933064622855,
    "statsVertices": 562995,
    "statsLineResolution": 54.574078037323346,
    "statsVertexDensity": 18.323717705612868
}