{
    "boundaryCount": 1,
    "statsArea": 372467.76370110124,
    "statsPerimeter": 30922.795321206097,
    "statsVertices": 563789,
    "statsLineResolution": 54.848170718488824,
    "statsVertexDensity": 18.23214861863951
}