{"boundaryCount": 1, "boundaryYearSourceLag": null, "statsArea": 372468.1042761763, "statsVertices": 562995, "statsLineResolution": 54.574078037323346, "statsVertexDensity": 18.323717705612868, "statsPerimeter": 30724.933064622855}