{"boundaryCount": 25, "boundaryYearSourceLag": null, "statsArea": 181359.6196747014, "statsVertices": 116774, "statsLineResolution": 114.09449119527581, "statsVertexDensity": 8.764665055462432, "statsPerimeter": 13323.270114837138}