{
    "boundaryCount": 25,
    "statsArea": 181359.6196747014,
    "statsPerimeter": 13442.90077692948,
    "statsVertices": 116774,
    "statsLineResolution": 115.1189543642376,
    "statsVertexDensity": 8.686666809324809
}