{
    "boundaryCount": 25,
    "statsArea": 181359.61995164494,
    "statsPerimeter": 13447.394901824584,
    "statsVertices": 119768,
    "statsLineResolution": 112.27869632810588,
    "statsVertexDensity": 8.906409075838884
}