{
    "boundaryCount": 1,
    "statsArea": 207600.94233063993,
    "statsPerimeter": 3670.5662758618287,
    "statsVertices": 34258,
    "statsLineResolution": 107.14479175263672,
    "statsVertexDensity": 9.333164810368778
}