{
    "boundaryCount": 1,
    "statsArea": 399596.2324254071,
    "statsPerimeter": 4606.338251472021,
    "statsVertices": 32020,
    "statsLineResolution": 143.85815900911993,
    "statsVertexDensity": 6.951291514418759
}