{
    "boundaryCount": 1,
    "statsArea": 399596.23242540716,
    "statsPerimeter": 4606.338251471877,
    "statsVertices": 32020,
    "statsLineResolution": 143.85815900911547,
    "statsVertexDensity": 6.951291514418976
}