{
    "boundaryCount": 49,
    "boundaryYearSourceLag": 11,
    "statsArea": 1250847.3731355288,
    "statsPerimeter": 50826.46383709138,
    "statsVertices": 48497,
    "statsLineResolution": 1048.033153330956,
    "statsVertexDensity": 0.9541682883043415
}