{"boundaryCount": 26, "boundaryYearSourceLag": null, "statsArea": 491.2000408371986, "statsVertices": 26217, "statsLineResolution": 45.32103616999387, "statsVertexDensity": 22.064808850554915, "statsPerimeter": 1188.181605268729}