{
    "boundaryCount": 26,
    "statsArea": 491.1996000573017,
    "statsPerimeter": 1188.1876305469625,
    "statsVertices": 26590,
    "statsLineResolution": 44.68550697807306,
    "statsVertexDensity": 22.378620443775983
}