{"boundaryCount": 74, "boundaryYearSourceLag": 0, "statsArea": 102684.32397029911, "statsVertices": 26264, "statsLineResolution": 607.732178830063, "statsVertexDensity": 1.6454616603074834, "statsPerimeter": 15961.477944792776}