{
    "boundaryCount": 74,
    "statsArea": 102684.32397029911,
    "statsPerimeter": 15978.794985830747,
    "statsVertices": 26264,
    "statsLineResolution": 608.3915239807625,
    "statsVertexDensity": 1.6436783889704882
}