{
    "boundaryCount": 1,
    "statsArea": 102684.36662981442,
    "statsPerimeter": 5112.8160812486685,
    "statsVertices": 35042,
    "statsLineResolution": 145.90537301662772,
    "statsVertexDensity": 6.8537571943018
}