{
    "boundaryCount": 1,
    "statsArea": 9959734.739245005,
    "statsPerimeter": 128263.10447439546,
    "statsVertices": 55563,
    "statsLineResolution": 2308.426551381233,
    "statsVertexDensity": 0.4331955025390156
}