{
    "boundaryCount": 1,
    "statsArea": 9951975.374430098,
    "statsPerimeter": 121715.66584809686,
    "statsVertices": 32200,
    "statsLineResolution": 3779.989622611704,
    "statsVertexDensity": 0.2645509908328984
}