{
    "boundaryCount": 1,
    "statsArea": 9945527.765014375,
    "statsPerimeter": 145141.7260747186,
    "statsVertices": 68156,
    "statsLineResolution": 2129.551706008548,
    "statsVertexDensity": 0.4695823995155842
}