{
    "boundaryCount": 9,
    "statsArea": 1251195.7262816904,
    "statsPerimeter": 17706.11672302944,
    "statsVertices": 18623,
    "statsLineResolution": 950.7660808156281,
    "statsVertexDensity": 1.0517834198945506
}