{
    "boundaryCount": 9,
    "statsArea": 1251194.0728398764,
    "statsPerimeter": 17705.52069758811,
    "statsVertices": 18588,
    "statsLineResolution": 952.5242466961539,
    "statsVertexDensity": 1.0498420417837304
}