{"boundaryCount": 9, "boundaryYearSourceLag": null, "statsArea": 1251194.0728398764, "statsVertices": 18588, "statsLineResolution": 948.2369546317701, "statsVertexDensity": 1.054588723963338, "statsPerimeter": 17625.82851269534}