{
    "boundaryCount": 1,
    "statsArea": 2779516.9226041213,
    "statsPerimeter": 18991.154060171888,
    "statsVertices": 87686,
    "statsLineResolution": 216.58137057422948,
    "statsVertexDensity": 4.617202289138102
}