{
    "boundaryCount": 18,
    "boundaryYearSourceLag": 0,
    "statsArea": 6224.414147130367,
    "statsPerimeter": 1834.0618859378994,
    "statsVertices": 11541,
    "statsLineResolution": 158.91706835957885,
    "statsVertexDensity": 6.292590281978508
}