{
    "boundaryCount": 13,
    "statsArea": 75161.16280132275,
    "statsPerimeter": 13401.695977395104,
    "statsVertices": 246379,
    "statsLineResolution": 54.394635814720836,
    "statsVertexDensity": 18.3841657366032
}