{
    "boundaryCount": 13,
    "statsArea": 75161.16280132205,
    "statsPerimeter": 13401.69597739524,
    "statsVertices": 246379,
    "statsLineResolution": 54.39463581472138,
    "statsVertexDensity": 18.384165736603013
}