{
    "boundaryCount": 1,
    "statsArea": 2853.6851246669225,
    "statsPerimeter": 448.7692516726312,
    "statsVertices": 4342,
    "statsLineResolution": 103.35542415307029,
    "statsVertexDensity": 9.675350937740735
}