{
    "boundaryCount": 1,
    "boundaryYearSourceLag": 1,
    "statsArea": 2853.680203673026,
    "statsPerimeter": 448.7689019535703,
    "statsVertices": 951,
    "statsLineResolution": 471.8915898565408,
    "statsVertexDensity": 2.11913079507098
}