{
    "boundaryCount": 1,
    "statsArea": 912455.1895629327,
    "statsPerimeter": 12727.034045101089,
    "statsVertices": 269241,
    "statsLineResolution": 47.27004447725677,
    "statsVertexDensity": 21.155046733267497
}