{
    "boundaryCount": 1,
    "statsArea": 912455.1895629339,
    "statsPerimeter": 12727.034045101136,
    "statsVertices": 269241,
    "statsLineResolution": 47.27004447725694,
    "statsVertexDensity": 21.15504673326742
}