{"boundaryCount": 1, "boundaryYearSourceLag": null, "statsArea": 504.1319398341437, "statsVertices": 4605, "statsLineResolution": 87.77875266212293, "statsVertexDensity": 11.392278537486055, "statsPerimeter": 404.2211560090761}