{"boundaryCount": 301, "boundaryYearSourceLag": null, "statsArea": 585983.7595047954, "statsVertices": 817436, "statsLineResolution": 75.84898575247183, "statsVertexDensity": 13.184091917371633, "statsPerimeter": 62001.69151755756}