{
    "boundaryCount": 301,
    "statsArea": 585983.7595047954,
    "statsPerimeter": 62011.786929369555,
    "statsVertices": 817436,
    "statsLineResolution": 75.86133584692814,
    "statsVertexDensity": 13.181945569977636
}