{
    "boundaryCount": 300,
    "statsArea": 585983.7646013811,
    "statsPerimeter": 62485.00077010373,
    "statsVertices": 840194,
    "statsLineResolution": 74.36972981252393,
    "statsVertexDensity": 13.446330953747784
}