{
    "boundaryCount": 12,
    "statsArea": 69844.61340118697,
    "statsPerimeter": 5012.925371483402,
    "statsVertices": 22058,
    "statsLineResolution": 227.26110125502777,
    "statsVertexDensity": 4.400225091217086
}