{
    "boundaryCount": 12,
    "statsArea": 69844.6112329119,
    "statsPerimeter": 5012.925179685107,
    "statsVertices": 21788,
    "statsLineResolution": 230.07734439531424,
    "statsVertexDensity": 4.346364491593836
}