{"boundaryCount": 12, "boundaryYearSourceLag": null, "statsArea": 69844.6112329119, "statsVertices": 21788, "statsLineResolution": 230.07734439531424, "statsVertexDensity": 4.346364491593836, "statsPerimeter": 5012.925179685107}