{
    "boundaryCount": 1,
    "statsArea": 56671.03522911388,
    "statsPerimeter": 1827.9187971720203,
    "statsVertices": 19648,
    "statsLineResolution": 93.03332640329907,
    "statsVertexDensity": 10.74883634349485
}