{
    "boundaryCount": 1,
    "statsArea": 786922.4827877365,
    "statsPerimeter": 10607.052180450304,
    "statsVertices": 189466,
    "statsLineResolution": 55.983934745285715,
    "statsVertexDensity": 17.862267176285027
}