{
    "boundaryCount": 14,
    "boundaryYearSourceLag": 1,
    "statsArea": 72612.77801725574,
    "statsPerimeter": 7047.834517836684,
    "statsVertices": 21332,
    "statsLineResolution": 330.3878922668613,
    "statsVertexDensity": 3.0267452997105564
}