{
    "boundaryCount": 1,
    "statsArea": 12043.083596870847,
    "statsPerimeter": 7807.846649942313,
    "statsVertices": 232431,
    "statsLineResolution": 33.592105398773455,
    "statsVertexDensity": 29.768899213935928
}