{
    "boundaryCount": 1,
    "statsArea": 12043.083596870503,
    "statsPerimeter": 7807.846649942388,
    "statsVertices": 232431,
    "statsLineResolution": 33.592105398773775,
    "statsVertexDensity": 29.768899213935644
}