{
    "boundaryCount": 1,
    "statsArea": 199637.67348948368,
    "statsPerimeter": 4372.282638696411,
    "statsVertices": 4567,
    "statsLineResolution": 957.364273855137,
    "statsVertexDensity": 1.0445344863070527
}