{
    "boundaryCount": 1,
    "boundaryYearSourceLag": 1,
    "statsArea": 50.71955487372891,
    "statsPerimeter": 31.096534839477613,
    "statsVertices": 63,
    "statsLineResolution": 493.59579110281925,
    "statsVertexDensity": 2.025949203832845
}