{
    "boundaryCount": 34,
    "statsArea": 1890242.906587462,
    "statsPerimeter": 121498.24918660823,
    "statsVertices": 1612945,
    "statsLineResolution": 75.32696352734175,
    "statsVertexDensity": 13.275458788897362
}