{
    "boundaryCount": 33,
    "statsArea": 1890244.7860326646,
    "statsPerimeter": 117832.96173843023,
    "statsVertices": 1592463,
    "statsLineResolution": 73.99415982564759,
    "statsVertexDensity": 13.514580101406647
}