{
    "boundaryCount": 59,
    "statsArea": 142113.45078824603,
    "statsPerimeter": 14567.969981745093,
    "statsVertices": 13851,
    "statsLineResolution": 1051.7630482813581,
    "statsVertexDensity": 0.9507844962171451
}