{
    "boundaryCount": 74,
    "boundaryYearSourceLag": 9,
    "statsArea": 751092.6632019342,
    "statsPerimeter": 38402.5973477751,
    "statsVertices": 37699,
    "statsLineResolution": 1018.6635546771824,
    "statsVertexDensity": 0.9816783916618113
}