{
    "boundaryCount": 1,
    "statsArea": 750497.4184979984,
    "statsPerimeter": 5903.43001989915,
    "statsVertices": 10374,
    "statsLineResolution": 569.060152294115,
    "statsVertexDensity": 1.7572834716481018
}