{
    "boundaryCount": 11,
    "statsArea": 21676.32207769105,
    "statsPerimeter": 2150.0557862947035,
    "statsVertices": 708,
    "statsLineResolution": 3036.8019580433665,
    "statsVertexDensity": 0.32929378135817167
}