{
    "boundaryCount": 75,
    "statsArea": 131713.01664732845,
    "statsPerimeter": 29106.420073133046,
    "statsVertices": 1085718,
    "statsLineResolution": 26.808453091072494,
    "statsVertexDensity": 37.30166737345285
}