{
    "boundaryCount": 75,
    "statsArea": 131713.01664732135,
    "statsPerimeter": 29106.4200731329,
    "statsVertices": 1085718,
    "statsLineResolution": 26.80845309107236,
    "statsVertexDensity": 37.301667373453036
}