{
    "boundaryCount": 4,
    "statsArea": 2505.107819978256,
    "statsPerimeter": 540.0398271959424,
    "statsVertices": 15704,
    "statsLineResolution": 34.38867977559491,
    "statsVertexDensity": 29.079336762142407
}