{
    "boundaryCount": 4,
    "statsArea": 2505.1078199788712,
    "statsPerimeter": 540.0398271958965,
    "statsVertices": 15704,
    "statsLineResolution": 34.388679775591974,
    "statsVertexDensity": 29.07933676214488
}