{
    "boundaryCount": 5,
    "statsArea": 632.2732419216418,
    "statsPerimeter": 387.62351017259414,
    "statsVertices": 250,
    "statsLineResolution": 1550.4940406903766,
    "statsVertexDensity": 0.644955719761901
}