{
    "boundaryCount": 1,
    "statsArea": 3153606.874070443,
    "statsPerimeter": 39138.94539745384,
    "statsVertices": 330534,
    "statsLineResolution": 118.41125390263586,
    "statsVertexDensity": 8.44514323631987
}