{
    "boundaryCount": 1,
    "boundaryYearSourceLag": 1,
    "statsArea": 3153606.454648039,
    "statsPerimeter": 39234.01063638167,
    "statsVertices": 69482,
    "statsLineResolution": 564.6643826657503,
    "statsVertexDensity": 1.7709634797205616
}