{
    "boundaryCount": 1,
    "statsArea": 591192.6053746023,
    "statsPerimeter": 8443.517577141167,
    "statsVertices": 22737,
    "statsLineResolution": 371.3558330976456,
    "statsVertexDensity": 2.692835040878587
}