{
    "boundaryCount": 32,
    "statsArea": 1628.2507016506324,
    "statsPerimeter": 1419.647759295736,
    "statsVertices": 68320,
    "statsLineResolution": 20.7793875775137,
    "statsVertexDensity": 48.1246136956483
}