{
    "boundaryCount": 32,
    "statsArea": 1628.2507016510267,
    "statsPerimeter": 1419.6477592958977,
    "statsVertices": 68320,
    "statsLineResolution": 20.77938757751607,
    "statsVertexDensity": 48.12461369564282
}