{
    "boundaryCount": 4,
    "statsArea": 714.6777615799119,
    "statsPerimeter": 693.5579113926818,
    "statsVertices": 11541,
    "statsLineResolution": 60.095131391792904,
    "statsVertexDensity": 16.640283111795785
}