{
    "boundaryCount": 1,
    "statsArea": 26813.026576014847,
    "statsPerimeter": 1136.4411768858938,
    "statsVertices": 18713,
    "statsLineResolution": 60.730036706348194,
    "statsVertexDensity": 16.4663164100388
}