{
    "boundaryCount": 13,
    "statsArea": 75103.88083609009,
    "statsPerimeter": 13621.941932748285,
    "statsVertices": 181579,
    "statsLineResolution": 75.0193686095214,
    "statsVertexDensity": 13.329890913972328
}