{"boundaryCount": 13, "boundaryYearSourceLag": null, "statsArea": 75103.88083609009, "statsVertices": 181579, "statsLineResolution": 73.2179499839007, "statsVertexDensity": 13.65785302948091, "statsPerimeter": 13294.842140126706}