{
    "boundaryCount": 13,
    "statsArea": 75452.34601399451,
    "statsPerimeter": 13666.143887766102,
    "statsVertices": 195296,
    "statsLineResolution": 69.97656832585461,
    "statsVertexDensity": 14.290497861275155
}