{
    "boundaryCount": 45,
    "statsArea": 196690.8375594777,
    "statsPerimeter": 15153.481184810025,
    "statsVertices": 40346,
    "statsLineResolution": 375.58819176151354,
    "statsVertexDensity": 2.6624905200293623
}