{
    "boundaryCount": 9,
    "statsArea": 33973.11852493763,
    "statsPerimeter": 4453.993926785504,
    "statsVertices": 4353,
    "statsLineResolution": 1023.2009939778324,
    "statsVertexDensity": 0.9773250865525107
}