{
    "boundaryCount": 22,
    "statsArea": 592192.5818010608,
    "statsPerimeter": 28010.700961742226,
    "statsVertices": 444810,
    "statsLineResolution": 62.97228246159535,
    "statsVertexDensity": 15.880002453617049
}