{
    "boundaryCount": 1,
    "statsArea": 111802.7503921196,
    "statsPerimeter": 3834.1726916827465,
    "statsVertices": 32853,
    "statsLineResolution": 116.70692757686503,
    "statsVertexDensity": 8.568471647421138
}