{
    "boundaryCount": 1,
    "boundaryYearSourceLag": 1,
    "statsArea": 111802.70843601535,
    "statsPerimeter": 3840.919315620921,
    "statsVertices": 6594,
    "statsLineResolution": 582.4870057053262,
    "statsVertexDensity": 1.7167764949350457
}