{
    "boundaryCount": 14,
    "statsArea": 20734.163954666037,
    "statsPerimeter": 3678.40615043642,
    "statsVertices": 11887,
    "statsLineResolution": 309.4478127733171,
    "statsVertexDensity": 3.2315626697692643
}