{
    "boundaryCount": 1,
    "statsArea": 581994.6306371886,
    "statsPerimeter": 5021.66220307712,
    "statsVertices": 55039,
    "statsLineResolution": 91.23825293114191,
    "statsVertexDensity": 10.96031508576459
}