{
    "boundaryCount": 1,
    "statsArea": 581994.6306371868,
    "statsPerimeter": 5021.662203077148,
    "statsVertices": 55039,
    "statsLineResolution": 91.23825293114243,
    "statsVertexDensity": 10.96031508576453
}