{
    "boundaryCount": 79,
    "statsArea": 48996.22921938282,
    "statsPerimeter": 12335.33692460781,
    "statsVertices": 38128,
    "statsLineResolution": 323.5243633185011,
    "statsVertexDensity": 3.090957323098189
}