{
    "boundaryCount": 1,
    "statsArea": 668904.9925457248,
    "statsPerimeter": 21190.83726539168,
    "statsVertices": 102316,
    "statsLineResolution": 207.11166645873257,
    "statsVertexDensity": 4.828313233621015
}