{
    "boundaryCount": 1,
    "statsArea": 132578.71416607156,
    "statsPerimeter": 20543.37095324958,
    "statsVertices": 436881,
    "statsLineResolution": 47.02280701895844,
    "statsVertexDensity": 21.26627616247632
}