{
    "boundaryCount": 210,
    "boundaryYearSourceLag": 1,
    "statsArea": 20257.97689334196,
    "statsPerimeter": 9849.851158074893,
    "statsVertices": 13209,
    "statsLineResolution": 745.6924186596179,
    "statsVertexDensity": 1.3410354926197319
}