{
    "boundaryCount": 1,
    "boundaryYearSourceLag": 1,
    "statsArea": 1564954.0978851898,
    "statsPerimeter": 8018.522561829338,
    "statsVertices": 5053,
    "statsLineResolution": 1586.8835467701044,
    "statsVertexDensity": 0.6301659639961421
}