{
    "boundaryCount": 1,
    "statsArea": 155249.63498235965,
    "statsPerimeter": 3740.9609462073972,
    "statsVertices": 85821,
    "statsLineResolution": 43.59027448069117,
    "statsVertexDensity": 22.940897067371342
}