{
    "boundaryCount": 1,
    "statsArea": 155249.63498236059,
    "statsPerimeter": 3740.96094620739,
    "statsVertices": 85821,
    "statsLineResolution": 43.59027448069109,
    "statsVertexDensity": 22.940897067371388
}