{
    "boundaryCount": 10,
    "statsArea": 30106.5193613238,
    "statsPerimeter": 3286.49673005669,
    "statsVertices": 1772,
    "statsLineResolution": 1854.6821275714956,
    "statsVertexDensity": 0.5391759510344726
}