{
    "boundaryCount": 10,
    "statsArea": 1083759.8587705644,
    "statsPerimeter": 21758.389664734263,
    "statsVertices": 45086,
    "statsLineResolution": 482.5974729347084,
    "statsVertexDensity": 2.0721202577355644
}