{
    "boundaryCount": 1,
    "statsArea": 5180.181600543068,
    "statsPerimeter": 701.847790867031,
    "statsVertices": 2134,
    "statsLineResolution": 328.8883743519358,
    "statsVertexDensity": 3.0405452973838574
}