{
    "boundaryCount": 11,
    "statsArea": 137.25051878291947,
    "statsPerimeter": 220.65498660137635,
    "statsVertices": 225,
    "statsLineResolution": 980.6888293394504,
    "statsVertexDensity": 1.0196914353287339
}