{"boundaryCount": 11, "boundaryYearSourceLag": null, "statsArea": 137.25051878291947, "statsVertices": 225, "statsLineResolution": 980.6888293394504, "statsVertexDensity": 1.0196914353287339, "statsPerimeter": 220.65498660137635}