{
    "boundaryCount": 10,
    "statsArea": 244927.75626066662,
    "statsPerimeter": 12992.768447414555,
    "statsVertices": 99244,
    "statsLineResolution": 130.91742017063555,
    "statsVertexDensity": 7.638402885548897
}