{
    "boundaryCount": 10,
    "statsArea": 244927.7562606667,
    "statsPerimeter": 12992.768447414575,
    "statsVertices": 99244,
    "statsLineResolution": 130.91742017063575,
    "statsVertexDensity": 7.638402885548885
}