{"boundaryCount": 2, "boundaryYearSourceLag": null, "statsArea": 164.82238208673095, "statsVertices": 211, "statsLineResolution": 1924.0008322989088, "statsVertexDensity": 0.5197502949128882, "statsPerimeter": 405.96417561506973}