{
    "boundaryCount": 13,
    "statsArea": 272548.52360972855,
    "statsPerimeter": 12453.183632994906,
    "statsVertices": 87312,
    "statsLineResolution": 142.62854628223963,
    "statsVertexDensity": 7.011219184840853
}