{
    "boundaryCount": 13,
    "statsArea": 272548.523609729,
    "statsPerimeter": 12453.18363299468,
    "statsVertices": 87312,
    "statsLineResolution": 142.62854628223704,
    "statsVertexDensity": 7.01121918484098
}