{
    "boundaryCount": 24,
    "statsArea": 2778874.7543213274,
    "statsPerimeter": 48509.73429117932,
    "statsVertices": 130475,
    "statsLineResolution": 371.7933266233326,
    "statsVertexDensity": 2.6896663506096488
}