{
    "boundaryCount": 68,
    "statsArea": 323.367758310682,
    "statsPerimeter": 735.885448051467,
    "statsVertices": 9983,
    "statsLineResolution": 73.71385836436613,
    "statsVertexDensity": 13.56597011998775
}