{
    "boundaryCount": 68,
    "statsArea": 323.36776941055285,
    "statsPerimeter": 735.8868964069128,
    "statsVertices": 9785,
    "statsLineResolution": 75.20561026130943,
    "statsVertexDensity": 13.296880332802298
}