{
    "boundaryCount": 6,
    "boundaryYearSourceLag": 1,
    "statsArea": 22218.990527447215,
    "statsPerimeter": 2297.5137396939435,
    "statsVertices": 1347,
    "statsLineResolution": 1705.6523679984732,
    "statsVertexDensity": 0.5862859388947274
}