{
    "boundaryCount": 21,
    "statsArea": 22372.29458217192,
    "statsPerimeter": 3141.1553863680692,
    "statsVertices": 12052,
    "statsLineResolution": 260.6335368708985,
    "statsVertexDensity": 3.8368047796371543
}