{
    "boundaryCount": 11,
    "statsArea": 21863.449305046248,
    "statsPerimeter": 2330.959498882313,
    "statsVertices": 11319,
    "statsLineResolution": 205.9333420692917,
    "statsVertexDensity": 4.85594022780208
}