{
    "boundaryCount": 1,
    "statsArea": 22071.72544100471,
    "statsPerimeter": 1424.5729730483615,
    "statsVertices": 13808,
    "statsLineResolution": 103.17011681984079,
    "statsVertexDensity": 9.692729162517423
}