{
    "boundaryCount": 1,
    "statsArea": 22071.72544100328,
    "statsPerimeter": 1424.5729730483313,
    "statsVertices": 13808,
    "statsLineResolution": 103.17011681983858,
    "statsVertexDensity": 9.692729162517628
}