{
    "boundaryCount": 7,
    "statsArea": 359.53064487650823,
    "statsPerimeter": 411.150031782638,
    "statsVertices": 6693,
    "statsLineResolution": 61.42985683290572,
    "statsVertexDensity": 16.2787291319933
}