{"boundaryCount": 7, "boundaryYearSourceLag": null, "statsArea": 359.53096001560635, "statsVertices": 6415, "statsLineResolution": 64.09155651797278, "statsVertexDensity": 15.602679265865177, "statsPerimeter": 411.1473350627954}