{
    "boundaryCount": 1,
    "statsArea": 49.106400614654945,
    "statsPerimeter": 34.760651781525404,
    "statsVertices": 508,
    "statsLineResolution": 68.42647988489253,
    "statsVertexDensity": 14.61422539464556
}