{
    "boundaryCount": 1,
    "statsArea": 49.10640061469512,
    "statsPerimeter": 34.76065178152088,
    "statsVertices": 508,
    "statsLineResolution": 68.42647988488362,
    "statsVertexDensity": 14.614225394647464
}