{
    "boundaryCount": 1,
    "statsArea": 1622930.2041535922,
    "statsPerimeter": 11735.485824707803,
    "statsVertices": 133439,
    "statsLineResolution": 87.94644612675306,
    "statsVertexDensity": 11.370556105914128
}