{
    "boundaryCount": 1,
    "statsArea": 1622930.2041535897,
    "statsPerimeter": 11735.485824707914,
    "statsVertices": 133439,
    "statsLineResolution": 87.9464461267539,
    "statsVertexDensity": 11.37055610591402
}