{
    "boundaryCount": 62,
    "statsArea": 145831.6517155379,
    "statsPerimeter": 10625.970170395343,
    "statsVertices": 27068,
    "statsLineResolution": 392.5657666024583,
    "statsVertexDensity": 2.547343872224791
}