{
    "boundaryCount": 1,
    "statsArea": 48.649425146853055,
    "statsPerimeter": 63.12025807872281,
    "statsVertices": 4980,
    "statsLineResolution": 12.674750618217432,
    "statsVertexDensity": 78.89701581683974
}