{
    "boundaryCount": 1,
    "statsArea": 48.64942514613328,
    "statsPerimeter": 63.120258078737066,
    "statsVertices": 4980,
    "statsLineResolution": 12.674750618220294,
    "statsVertexDensity": 78.89701581682192
}