{
    "boundaryCount": 1,
    "statsArea": 155.2238251527198,
    "statsPerimeter": 375.392107621428,
    "statsVertices": 10906,
    "statsLineResolution": 34.42069572908748,
    "statsVertexDensity": 29.05228900283216
}