{
    "boundaryCount": 1,
    "statsArea": 155.2238251530388,
    "statsPerimeter": 375.3921076214523,
    "statsVertices": 10906,
    "statsLineResolution": 34.4206957290897,
    "statsVertexDensity": 29.052289002830282
}