{
    "boundaryCount": 6,
    "statsArea": 18960.05752900134,
    "statsPerimeter": 3034.0854674436837,
    "statsVertices": 1754,
    "statsLineResolution": 1729.8092744832861,
    "statsVertexDensity": 0.578098415097648
}