{
    "boundaryCount": 12,
    "statsArea": 9986639.442035334,
    "statsPerimeter": 308896.43235016416,
    "statsVertices": 959867,
    "statsLineResolution": 321.81170136088036,
    "statsVertexDensity": 3.1074072066714495
}