{
    "boundaryCount": 1,
    "statsArea": 256509.36527976993,
    "statsPerimeter": 5007.743240021839,
    "statsVertices": 68606,
    "statsLineResolution": 72.99278838617379,
    "statsVertexDensity": 13.6999835478188
}