{
    "boundaryCount": 1,
    "statsArea": 64550.41239646041,
    "statsPerimeter": 2082.2357111387,
    "statsVertices": 12423,
    "statsLineResolution": 167.6113427625131,
    "statsVertexDensity": 5.966183335318126
}