{
    "boundaryCount": 1,
    "boundaryYearSourceLag": 1,
    "statsArea": 64550.394241715556,
    "statsPerimeter": 2082.2371747433845,
    "statsVertices": 2781,
    "statsLineResolution": 748.7368481637484,
    "statsVertexDensity": 1.3355827250287813
}