{
    "boundaryCount": 28,
    "statsArea": 111587.67070959731,
    "statsPerimeter": 10564.761143543326,
    "statsVertices": 52355,
    "statsLineResolution": 201.79087276369646,
    "statsVertexDensity": 4.9556255260912225
}