{
    "boundaryCount": 1,
    "statsArea": 1083673.3130126174,
    "statsPerimeter": 6734.393777321545,
    "statsVertices": 17701,
    "statsLineResolution": 380.4527302029007,
    "statsVertexDensity": 2.628447427533734
}