{
    "boundaryCount": 93,
    "statsArea": 83535.09207011288,
    "statsPerimeter": 19318.151759527682,
    "statsVertices": 463063,
    "statsLineResolution": 41.718193333364326,
    "statsVertexDensity": 23.970357297333997
}