{
    "boundaryCount": 93,
    "statsArea": 83535.09207011099,
    "statsPerimeter": 19318.15175952776,
    "statsVertices": 463063,
    "statsLineResolution": 41.71819333336448,
    "statsVertexDensity": 23.970357297333905
}