{
    "boundaryCount": 1,
    "statsArea": 122537.73371670023,
    "statsPerimeter": 3016.198754213847,
    "statsVertices": 1010,
    "statsLineResolution": 2986.33540021173,
    "statsVertexDensity": 0.3348585694457161
}