{"boundaryCount": 1, "boundaryYearSourceLag": null, "statsArea": 122537.7388005235, "statsVertices": 1010, "statsLineResolution": 2986.338803608426, "statsVertexDensity": 0.3348581878223894, "statsPerimeter": 3016.20219164451}