{
    "boundaryCount": 29,
    "boundaryYearSourceLag": 1,
    "statsArea": 118083.07753399535,
    "statsPerimeter": 11508.234639071823,
    "statsVertices": 173241,
    "statsLineResolution": 66.42904762193605,
    "statsVertexDensity": 15.05365552869649
}