{
    "boundaryCount": 1,
    "statsArea": 139.37319955448098,
    "statsPerimeter": 71.49871264707069,
    "statsVertices": 110,
    "statsLineResolution": 649.9882967915516,
    "statsVertexDensity": 1.5384892388619351
}