{
    "boundaryCount": 1,
    "statsArea": 3883.1427102704542,
    "statsPerimeter": 805.3092071009984,
    "statsVertices": 409,
    "statsLineResolution": 1968.9711665061086,
    "statsVertexDensity": 0.5078794534987913
}