{
    "boundaryCount": 1,
    "statsArea": 3997.4764327289163,
    "statsPerimeter": 704.9156724966957,
    "statsVertices": 183,
    "statsLineResolution": 3851.998210364458,
    "statsVertexDensity": 0.25960552040479395
}