{
    "boundaryCount": 1,
    "statsArea": 3525.239601033922,
    "statsPerimeter": 579.5467328907625,
    "statsVertices": 179,
    "statsLineResolution": 3237.6912451997905,
    "statsVertexDensity": 0.3088620638186555
}