{
    "boundaryCount": 1,
    "statsArea": 240977.57760517581,
    "statsPerimeter": 2600.1360902869874,
    "statsVertices": 1450,
    "statsLineResolution": 1793.1973036461982,
    "statsVertexDensity": 0.5576631182562285
}