{
    "boundaryCount": 1874,
    "statsArea": 1286466.1126855977,
    "statsPerimeter": 213995.0067724,
    "statsVertices": 1573803,
    "statsLineResolution": 135.97318519052257,
    "statsVertexDensity": 7.354391224996476
}