{
    "boundaryCount": 1874,
    "statsArea": 1286466.1126856033,
    "statsPerimeter": 213995.00677239965,
    "statsVertices": 1573803,
    "statsLineResolution": 135.97318519052234,
    "statsVertexDensity": 7.354391224996488
}