{
    "boundaryCount": 8,
    "statsArea": 142285.69850460318,
    "statsPerimeter": 13198.73953255823,
    "statsVertices": 143701,
    "statsLineResolution": 91.84862688887502,
    "statsVertexDensity": 10.887479038852382
}