{
    "boundaryCount": 8,
    "statsArea": 142285.69850460492,
    "statsPerimeter": 13198.739532558175,
    "statsVertices": 143701,
    "statsLineResolution": 91.84862688887465,
    "statsVertexDensity": 10.887479038852426
}