{
    "boundaryCount": 10,
    "statsArea": 466544.393548481,
    "statsPerimeter": 14124.761626878633,
    "statsVertices": 56088,
    "statsLineResolution": 251.83214995861206,
    "statsVertexDensity": 3.9708988711899864
}