{
    "boundaryCount": 1,
    "statsArea": 241440.00185672104,
    "statsPerimeter": 2792.9844978536416,
    "statsVertices": 25305,
    "statsLineResolution": 110.37283137141442,
    "statsVertexDensity": 9.060200663285613
}