{"boundaryCount": 1, "boundaryYearSourceLag": null, "statsArea": 241440.06820723953, "statsVertices": 20245, "statsLineResolution": 137.90823926868003, "statsVertexDensity": 7.251198371489232, "statsPerimeter": 2791.9523039944274}