{
    "boundaryCount": 1,
    "statsArea": 241440.06820723953,
    "statsPerimeter": 2792.9944958960823,
    "statsVertices": 20245,
    "statsLineResolution": 137.9597182462871,
    "statsVertexDensity": 7.248492623149533
}