{
    "boundaryCount": 1,
    "statsArea": 911314.7095962021,
    "statsPerimeter": 17059.67738901509,
    "statsVertices": 138418,
    "statsLineResolution": 123.24753564576204,
    "statsVertexDensity": 8.113752496230019
}