{
    "boundaryCount": 1,
    "boundaryYearSourceLag": 1,
    "statsArea": 911314.5213264661,
    "statsPerimeter": 17069.59360100308,
    "statsVertices": 27872,
    "statsLineResolution": 612.4280138132563,
    "statsVertexDensity": 1.6328449669921918
}