{
    "boundaryCount": 6,
    "statsArea": 207069.80833406202,
    "statsPerimeter": 8703.53946401725,
    "statsVertices": 15127,
    "statsLineResolution": 575.3645444580718,
    "statsVertexDensity": 1.7380285414386922
}