{
    "boundaryCount": 7,
    "statsArea": 207069.80844500032,
    "statsPerimeter": 9342.656696355692,
    "statsVertices": 17295,
    "statsLineResolution": 540.194084784949,
    "statsVertexDensity": 1.851186505305958
}