{
    "boundaryCount": 3708,
    "statsArea": 548764.2558136835,
    "statsPerimeter": 237705.58451405205,
    "statsVertices": 194467,
    "statsLineResolution": 1222.3440713028538,
    "statsVertexDensity": 0.8181002579201248
}