{
    "boundaryCount": 3,
    "statsArea": 1653.4785081629238,
    "statsPerimeter": 527.3862080997706,
    "statsVertices": 15499,
    "statsLineResolution": 34.02711194914321,
    "statsVertexDensity": 29.388330149634687
}