{
    "boundaryCount": 56,
    "statsArea": 754774.326929946,
    "statsPerimeter": 120969.82417446926,
    "statsVertices": 3562412,
    "statsLineResolution": 33.95728067794215,
    "statsVertexDensity": 29.44876562655903
}