{"boundaryCount": 11, "boundaryYearSourceLag": null, "statsArea": 2325240.4432900674, "statsVertices": 8806, "statsLineResolution": 3088.2034159961495, "statsVertexDensity": 0.3238128663481949, "statsPerimeter": 27194.719281262092}