{
    "boundaryCount": 11,
    "statsArea": 2325240.43618658,
    "statsPerimeter": 27194.719208414517,
    "statsVertices": 8806,
    "statsLineResolution": 3088.2034077236563,
    "statsVertexDensity": 0.32381286721560526
}