{
    "boundaryCount": 11,
    "statsArea": 2325240.4432900674,
    "statsPerimeter": 27194.719281262092,
    "statsVertices": 8806,
    "statsLineResolution": 3088.2034159961495,
    "statsVertexDensity": 0.3238128663481949
}