{"boundaryCount": 12, "boundaryYearSourceLag": null, "statsArea": 88863.04277076857, "statsVertices": 1050, "statsLineResolution": 3982.811043711708, "statsVertexDensity": 0.25107894625803495, "statsPerimeter": 4181.951595897293}