{
    "boundaryCount": 12,
    "statsArea": 88863.04636721591,
    "statsPerimeter": 4181.9569269881185,
    "statsVertices": 1050,
    "statsLineResolution": 3982.816120941065,
    "statsVertexDensity": 0.2510786261866688
}