{
    "boundaryCount": 1,
    "statsArea": 118028.70947198189,
    "statsPerimeter": 2990.088009403867,
    "statsVertices": 17138,
    "statsLineResolution": 174.4712340648773,
    "statsVertexDensity": 5.731603867879728
}