{
    "boundaryCount": 14,
    "statsArea": 823864.2388230371,
    "statsPerimeter": 18392.86481514192,
    "statsVertices": 75748,
    "statsLineResolution": 242.81650756642975,
    "statsVertexDensity": 4.11833614617993
}