{
    "boundaryCount": 14,
    "statsArea": 823864.238823034,
    "statsPerimeter": 18392.86481514186,
    "statsVertices": 75748,
    "statsLineResolution": 242.81650756642895,
    "statsVertexDensity": 4.118336146179943
}