{
    "boundaryCount": 1,
    "statsArea": 20539.22903370047,
    "statsPerimeter": 933.0868138122925,
    "statsVertices": 380,
    "statsLineResolution": 2455.4916152955066,
    "statsVertexDensity": 0.40725042340641626
}