{
    "boundaryCount": 1,
    "statsArea": 20555.854149266037,
    "statsPerimeter": 787.7564175511059,
    "statsVertices": 175,
    "statsLineResolution": 4501.465243149176,
    "statsVertexDensity": 0.22214988808853067
}