{
    "boundaryCount": 1,
    "statsArea": 20584.839392328162,
    "statsPerimeter": 824.1886455012374,
    "statsVertices": 290,
    "statsLineResolution": 2842.0298120732323,
    "statsVertexDensity": 0.3518611929234162
}