{
    "boundaryCount": 22,
    "statsArea": 461937.1197658583,
    "statsPerimeter": 32853.558059642455,
    "statsVertices": 89623,
    "statsLineResolution": 366.57507625991605,
    "statsVertexDensity": 2.7279541484456
}