{
    "boundaryCount": 27,
    "statsArea": 993900.0124283152,
    "statsPerimeter": 25937.09346912874,
    "statsVertices": 130999,
    "statsLineResolution": 197.99459132610735,
    "statsVertexDensity": 5.050643016570832
}