{
    "boundaryCount": 9,
    "statsArea": 1220812.7336132505,
    "statsPerimeter": 24915.735308054376,
    "statsVertices": 459951,
    "statsLineResolution": 54.17041230055892,
    "statsVertexDensity": 18.460261931395383
}