{
    "boundaryCount": 119,
    "statsArea": 25043.62515788846,
    "statsPerimeter": 9541.195927403498,
    "statsVertices": 43009,
    "statsLineResolution": 221.84184536733005,
    "statsVertexDensity": 4.50771583848025
}