{
    "boundaryCount": 1,
    "statsArea": 61.21548119414654,
    "statsPerimeter": 40.28775690739305,
    "statsVertices": 2291,
    "statsLineResolution": 17.5852278076792,
    "statsVertexDensity": 56.86591103262906
}