{
    "boundaryCount": 1,
    "statsArea": 61.21556077873087,
    "statsPerimeter": 40.28948159059188,
    "statsVertices": 1802,
    "statsLineResolution": 22.358202880461644,
    "statsVertexDensity": 44.726313887860755
}