{
    "boundaryCount": 1,
    "statsArea": 68.27952912007626,
    "statsPerimeter": 41.679004444553996,
    "statsVertices": 22,
    "statsLineResolution": 1894.5002020251816,
    "statsVertexDensity": 0.5278437019595039
}