{
    "boundaryCount": 1,
    "statsArea": 57.06029472305387,
    "statsPerimeter": 36.2845034356926,
    "statsVertices": 15,
    "statsLineResolution": 2418.9668957128397,
    "statsVertexDensity": 0.41339962186845564
}