{
    "boundaryCount": 22,
    "statsArea": 1564954.097885189,
    "statsPerimeter": 31632.079649367923,
    "statsVertices": 31388,
    "statsLineResolution": 1007.77620904065,
    "statsVertexDensity": 0.9922837937918255
}