{
    "boundaryCount": 11,
    "statsArea": 787331.4009779461,
    "statsPerimeter": 18740.209547582384,
    "statsVertices": 193196,
    "statsLineResolution": 97.00102252418468,
    "statsVertexDensity": 10.30916967654311
}