{
    "boundaryCount": 11,
    "statsArea": 787331.4009779475,
    "statsPerimeter": 18740.20954758214,
    "statsVertices": 193196,
    "statsLineResolution": 97.00102252418343,
    "statsVertexDensity": 10.309169676543245
}