{
    "boundaryCount": 1,
    "statsArea": 207069.8084450003,
    "statsPerimeter": 3362.5039291341636,
    "statsVertices": 9514,
    "statsLineResolution": 353.4269423096661,
    "statsVertexDensity": 2.829439072938074
}