{
    "boundaryCount": 12,
    "boundaryYearSourceLag": 2,
    "statsArea": 2620.7063505740475,
    "statsPerimeter": 921.0302305240341,
    "statsVertices": 1607,
    "statsLineResolution": 573.136422230264,
    "statsVertexDensity": 1.744785292319529
}