{"boundaryCount": 5, "boundaryYearSourceLag": null, "statsArea": 510.5029203512211, "statsVertices": 172, "statsLineResolution": 1355.1157441011233, "statsVertexDensity": 0.7379443448672505, "statsPerimeter": 233.0799079853932}