{
    "boundaryCount": 1,
    "statsArea": 236376.65608985143,
    "statsPerimeter": 2813.1871307445554,
    "statsVertices": 1198,
    "statsLineResolution": 2348.2363361807643,
    "statsVertexDensity": 0.4258515144290917
}