{
    "boundaryCount": 22,
    "statsArea": 452873.7023019378,
    "statsPerimeter": 16224.079063787145,
    "statsVertices": 95913,
    "statsLineResolution": 169.15411950191472,
    "statsVertexDensity": 5.911768527686851
}