{
    "boundaryCount": 22,
    "statsArea": 452873.7023019414,
    "statsPerimeter": 16224.07906378719,
    "statsVertices": 95913,
    "statsLineResolution": 169.15411950191518,
    "statsVertexDensity": 5.911768527686835
}