{
    "boundaryCount": 1,
    "statsArea": 268837.8851999927,
    "statsPerimeter": 19894.16964912642,
    "statsVertices": 588187,
    "statsLineResolution": 33.82286526075282,
    "statsVertexDensity": 29.56579793848436
}