{
    "boundaryCount": 1,
    "statsArea": 268837.8851999975,
    "statsPerimeter": 19894.169649126226,
    "statsVertices": 588187,
    "statsLineResolution": 33.822865260752494,
    "statsVertexDensity": 29.565797938484646
}