{
    "boundaryCount": 1,
    "statsArea": 463.25021889680653,
    "statsPerimeter": 132.2563826764372,
    "statsVertices": 44,
    "statsLineResolution": 3005.8268790099364,
    "statsVertexDensity": 0.3326871573952328
}