{"boundaryCount": 1, "boundaryYearSourceLag": null, "statsArea": 139.3291598267489, "statsVertices": 38, "statsLineResolution": 2081.452037724537, "statsVertexDensity": 0.4804338422773408, "statsPerimeter": 79.09517743353241}