{
    "boundaryCount": 1,
    "statsArea": 139.3291598267489,
    "statsPerimeter": 79.09517743353241,
    "statsVertices": 38,
    "statsLineResolution": 2081.452037724537,
    "statsVertexDensity": 0.4804338422773408
}