{"boundaryCount": 63, "boundaryYearSourceLag": null, "statsArea": 669297.4054793095, "statsVertices": 323785, "statsLineResolution": 154.31462379194, "statsVertexDensity": 6.480267232146996, "statsPerimeter": 49964.76046447329}