{
    "boundaryCount": 63,
    "statsArea": 669297.409874428,
    "statsPerimeter": 50035.32577207843,
    "statsVertices": 330042,
    "statsLineResolution": 151.60290439422386,
    "statsVertexDensity": 6.596179697188575
}