{
    "boundaryCount": 63,
    "statsArea": 669297.4054793095,
    "statsPerimeter": 50011.290085335575,
    "statsVertices": 323785,
    "statsLineResolution": 154.45832909287205,
    "statsVertexDensity": 6.474238105986012
}