{
    "boundaryCount": 19,
    "statsArea": 320677.18563556,
    "statsPerimeter": 14133.033933727409,
    "statsVertices": 6396,
    "statsLineResolution": 2209.6675943914024,
    "statsVertexDensity": 0.4525567567439595
}