{
    "boundaryCount": 1,
    "statsArea": 312400.0600652096,
    "statsPerimeter": 3857.3129886654774,
    "statsVertices": 58161,
    "statsLineResolution": 66.32129758197894,
    "statsVertexDensity": 15.07811270978093
}