{
    "boundaryCount": 1,
    "statsArea": 312400.07174911426,
    "statsPerimeter": 3860.6347422810236,
    "statsVertices": 62683,
    "statsLineResolution": 61.589820880956935,
    "statsVertexDensity": 16.23644923294771
}