{"boundaryCount": 1, "boundaryYearSourceLag": null, "statsArea": 312400.0600652096, "statsVertices": 58161, "statsLineResolution": 66.23088956313325, "statsVertexDensity": 15.098694983505702, "statsPerimeter": 3852.0547678813923}