{
    "boundaryCount": 31,
    "statsArea": 83933.69111107329,
    "statsPerimeter": 10276.381944061302,
    "statsVertices": 27562,
    "statsLineResolution": 372.8460178528881,
    "statsVertexDensity": 2.6820723626303145
}