{
    "boundaryCount": 14,
    "statsArea": 267.1207216632824,
    "statsPerimeter": 347.39946208524253,
    "statsVertices": 4511,
    "statsLineResolution": 77.01162981273389,
    "statsVertexDensity": 12.985051769864633
}