{"boundaryCount": 14, "boundaryYearSourceLag": null, "statsArea": 267.12072157477866, "statsVertices": 4511, "statsLineResolution": 77.011629814013, "statsVertexDensity": 12.985051769648956, "statsPerimeter": 347.3994620910127}