{
    "boundaryCount": 22,
    "statsArea": 4059.6418582227543,
    "statsPerimeter": 1722.885507961813,
    "statsVertices": 34061,
    "statsLineResolution": 50.58235248412592,
    "statsVertexDensity": 19.769740846154328
}