{
    "boundaryCount": 22,
    "statsArea": 4059.641858224383,
    "statsPerimeter": 1722.8855079618288,
    "statsVertices": 34061,
    "statsLineResolution": 50.58235248412638,
    "statsVertexDensity": 19.769740846154146
}