{"boundaryCount": 25, "boundaryYearSourceLag": null, "statsArea": 912492.7187822872, "statsVertices": 173828, "statsLineResolution": 162.61249114500606, "statsVertexDensity": 6.14958908112583, "statsPerimeter": 28266.604110754113}