{
    "boundaryCount": 25,
    "statsArea": 912360.8012180054,
    "statsPerimeter": 28531.820553742145,
    "statsVertices": 202630,
    "statsLineResolution": 140.8074843495146,
    "statsVertexDensity": 7.101895219701418
}