{
    "boundaryCount": 1040,
    "boundaryYearSourceLag": 1,
    "statsArea": 1126818.689447962,
    "statsPerimeter": 169249.08057159404,
    "statsVertices": 872399,
    "statsLineResolution": 194.00421203095604,
    "statsVertexDensity": 5.154527262740235
}