{
    "boundaryCount": 1,
    "statsArea": 12318.985101005082,
    "statsPerimeter": 3259.861241258153,
    "statsVertices": 49650,
    "statsLineResolution": 65.65682258324577,
    "statsVertexDensity": 15.230709630093777
}