{
    "boundaryCount": 1,
    "statsArea": 12318.98566450042,
    "statsPerimeter": 3237.1186905761397,
    "statsVertices": 49524,
    "statsLineResolution": 65.36464523415192,
    "statsVertexDensity": 15.298790292791445
}