{
    "boundaryCount": 38,
    "statsArea": 909042.6370920961,
    "statsPerimeter": 35427.31286407528,
    "statsVertices": 58356,
    "statsLineResolution": 607.0894657631653,
    "statsVertexDensity": 1.6472036765502285
}