{
    "boundaryCount": 7,
    "statsArea": 93012.8734823879,
    "statsPerimeter": 6310.051936858269,
    "statsVertices": 48889,
    "statsLineResolution": 129.06895082448546,
    "statsVertexDensity": 7.7477967676350845
}