{
    "boundaryCount": 7,
    "statsArea": 93012.87348238876,
    "statsPerimeter": 6310.051936858181,
    "statsVertices": 48889,
    "statsLineResolution": 129.06895082448364,
    "statsVertexDensity": 7.747796767635193
}