{
    "boundaryCount": 1,
    "statsArea": 1086530.9915928831,
    "statsPerimeter": 5724.326952747623,
    "statsVertices": 1026,
    "statsLineResolution": 5579.266035816398,
    "statsVertexDensity": 0.17923504517985817
}