{
    "boundaryCount": 1,
    "statsArea": 1086810.6457233941,
    "statsPerimeter": 5901.387101952272,
    "statsVertices": 1491,
    "statsLineResolution": 3958.0061045957564,
    "statsVertexDensity": 0.25265246530036195
}