{
    "boundaryCount": 1,
    "statsArea": 1086608.5712564632,
    "statsPerimeter": 5697.409960869751,
    "statsVertices": 608,
    "statsLineResolution": 9370.740067219986,
    "statsVertexDensity": 0.10671515726896795
}