{
    "boundaryCount": 1,
    "boundaryYearSourceLag": 1,
    "statsArea": 483.19545184287585,
    "statsPerimeter": 688.8311529781222,
    "statsVertices": 2487,
    "statsLineResolution": 276.9727193317741,
    "statsVertexDensity": 3.610463883997693
}