{
    "boundaryCount": 1,
    "statsArea": 483.20306384878717,
    "statsPerimeter": 688.8385328697027,
    "statsVertices": 18740,
    "statsLineResolution": 36.75765917127549,
    "statsVertexDensity": 27.20521443817773
}