{
    "boundaryCount": 13,
    "statsArea": 122787.14617204448,
    "statsPerimeter": 11345.60001500757,
    "statsVertices": 155957,
    "statsLineResolution": 72.74825762875389,
    "statsVertexDensity": 13.74603368651331
}