{
    "boundaryCount": 13,
    "statsArea": 122787.14617204355,
    "statsPerimeter": 11345.600015007725,
    "statsVertices": 155957,
    "statsLineResolution": 72.74825762875489,
    "statsVertexDensity": 13.746033686513124
}