{
    "boundaryCount": 22,
    "boundaryYearSourceLag": 0,
    "statsArea": 453076.75741596747,
    "statsPerimeter": 16607.115569160545,
    "statsVertices": 68022,
    "statsLineResolution": 244.14330024345867,
    "statsVertexDensity": 4.095955117354456
}