{
    "boundaryCount": 9,
    "statsArea": 259968.35513816608,
    "statsPerimeter": 9091.554366662609,
    "statsVertices": 2892,
    "statsLineResolution": 3143.690998154429,
    "statsVertexDensity": 0.31809742133914287
}