{
    "boundaryCount": 109,
    "statsArea": 575256.2483287927,
    "statsPerimeter": 71097.91546648611,
    "statsVertices": 2504689,
    "statsLineResolution": 28.385925544642912,
    "statsVertexDensity": 35.228726237137735
}