{
    "boundaryCount": 109,
    "statsArea": 575256.2483288067,
    "statsPerimeter": 71097.91546648787,
    "statsVertices": 2504689,
    "statsLineResolution": 28.385925544643616,
    "statsVertexDensity": 35.22872623713686
}