{
    "boundaryCount": 1,
    "statsArea": 112760.69382377516,
    "statsPerimeter": 1966.5990822315093,
    "statsVertices": 879,
    "statsLineResolution": 2237.3140867252664,
    "statsVertexDensity": 0.44696451246310687
}