{
    "boundaryCount": 1,
    "statsArea": 111019.88591696908,
    "statsPerimeter": 1842.6110864881348,
    "statsVertices": 341,
    "statsLineResolution": 5403.551573278987,
    "statsVertexDensity": 0.18506346917184677
}