{
    "boundaryCount": 1,
    "statsArea": 111005.85217031465,
    "statsPerimeter": 1856.4144275630524,
    "statsVertices": 564,
    "statsLineResolution": 3291.5149424876818,
    "statsVertexDensity": 0.3038114720646578
}