{
    "boundaryCount": 1,
    "statsArea": 715.1254823750478,
    "statsPerimeter": 610.1180908169931,
    "statsVertices": 11417,
    "statsLineResolution": 53.43944037987152,
    "statsVertexDensity": 18.7127708091917
}