{
    "boundaryCount": 1,
    "statsArea": 714.6777615799119,
    "statsPerimeter": 611.4377848470697,
    "statsVertices": 11451,
    "statsLineResolution": 53.39601649175353,
    "statsVertexDensity": 18.727988822058286
}