{
    "boundaryCount": 1,
    "statsArea": 33882.27866793491,
    "statsPerimeter": 5613.6827600059305,
    "statsVertices": 93179,
    "statsLineResolution": 60.24622243215671,
    "statsVertexDensity": 16.598551073075168
}