{
    "boundaryCount": 1,
    "statsArea": 147199.09212907485,
    "statsPerimeter": 2447.7073459727067,
    "statsVertices": 643,
    "statsLineResolution": 3806.698827329248,
    "statsVertexDensity": 0.2626948033873204
}