{
    "boundaryCount": 1,
    "statsArea": 147167.0037608691,
    "statsPerimeter": 2425.0763340288177,
    "statsVertices": 364,
    "statsLineResolution": 6662.29762095829,
    "statsVertexDensity": 0.15009836799457815
}