{
    "boundaryCount": 1,
    "statsArea": 147105.48971123915,
    "statsPerimeter": 2595.6862379003906,
    "statsVertices": 1020,
    "statsLineResolution": 2544.7904293141087,
    "statsVertexDensity": 0.3929596671225802
}