{
    "boundaryCount": 1,
    "boundaryYearSourceLag": 1,
    "statsArea": 30564.456822392665,
    "statsPerimeter": 1093.6248526028282,
    "statsVertices": 14872,
    "statsLineResolution": 73.53582924978673,
    "statsVertexDensity": 13.598813125547235
}