{
    "boundaryCount": 7,
    "statsArea": 280.4076086168632,
    "statsPerimeter": 308.1429170592401,
    "statsVertices": 5247,
    "statsLineResolution": 58.727447505096265,
    "statsVertexDensity": 17.02781310073491
}