{"boundaryCount": 7, "boundaryYearSourceLag": null, "statsArea": 280.4076086168632, "statsVertices": 5247, "statsLineResolution": 58.727447505096265, "statsVertexDensity": 17.02781310073491, "statsPerimeter": 308.1429170592401}