{
    "boundaryCount": 1873,
    "boundaryYearSourceLag": 5,
    "statsArea": 1286519.1671018105,
    "statsPerimeter": 213891.25400441544,
    "statsVertices": 1598113,
    "statsLineResolution": 133.8398811626058,
    "statsVertexDensity": 7.471614524112376
}