{
    "boundaryCount": 8,
    "statsArea": 99488.42648204703,
    "statsPerimeter": 20654.1075891887,
    "statsVertices": 72193,
    "statsLineResolution": 286.09570996064303,
    "statsVertexDensity": 3.4953337823121005
}