{
    "boundaryCount": 8,
    "boundaryYearSourceLag": 1,
    "statsArea": 872042.4486817729,
    "statsPerimeter": 20654.110836402928,
    "statsVertices": 23077,
    "statsLineResolution": 895.0084862158394,
    "statsVertexDensity": 1.1173078416586553
}