{
    "boundaryCount": 1,
    "statsArea": 12048.699894885056,
    "statsPerimeter": 2683.5068124005843,
    "statsVertices": 524,
    "statsLineResolution": 5121.196206871344,
    "statsVertexDensity": 0.19526687898781422
}