{
    "boundaryCount": 1,
    "statsArea": 12592.697856674577,
    "statsPerimeter": 3775.528663476256,
    "statsVertices": 1609,
    "statsLineResolution": 2346.506316641551,
    "statsVertexDensity": 0.42616548394007947
}