{
    "boundaryCount": 1,
    "statsArea": 12812.957375803648,
    "statsPerimeter": 3142.361632014165,
    "statsVertices": 1002,
    "statsLineResolution": 3136.0894531079493,
    "statsVertexDensity": 0.31886845542909276
}