{
    "boundaryCount": 47,
    "statsArea": 267379.4360168233,
    "statsPerimeter": 46404.47787629924,
    "statsVertices": 622981,
    "statsLineResolution": 74.48778995876157,
    "statsVertexDensity": 13.42501906089074
}