{
    "boundaryCount": 47,
    "boundaryYearSourceLag": 1,
    "statsArea": 373350.48787754955,
    "statsPerimeter": 46404.53259266802,
    "statsVertices": 97580,
    "statsLineResolution": 475.5537260982581,
    "statsVertexDensity": 2.1028118278130825
}