{
    "boundaryCount": 7,
    "statsArea": 591025.2724578963,
    "statsPerimeter": 14844.182076003424,
    "statsVertices": 147793,
    "statsLineResolution": 100.43900642116625,
    "statsVertexDensity": 9.956291242137006
}