{
    "boundaryCount": 7,
    "statsArea": 591025.2724578932,
    "statsPerimeter": 14844.182076003495,
    "statsVertices": 147793,
    "statsLineResolution": 100.43900642116674,
    "statsVertexDensity": 9.956291242136958
}