{
    "boundaryCount": 1,
    "statsArea": 309136.632369172,
    "statsPerimeter": 5789.377571155675,
    "statsVertices": 79583,
    "statsLineResolution": 72.74641030315111,
    "statsVertexDensity": 13.746382753908666
}