{
    "boundaryCount": 1,
    "statsArea": 309325.1318988393,
    "statsPerimeter": 5530.495618816612,
    "statsVertices": 79620,
    "statsLineResolution": 69.46113562944751,
    "statsVertexDensity": 14.396539747560038
}