{"boundaryCount": 1, "boundaryYearSourceLag": null, "statsArea": 309325.1318988393, "statsVertices": 79620, "statsLineResolution": 69.33659838355516, "statsVertexDensity": 14.42239774250555, "statsPerimeter": 5520.579963298662}