{
    "boundaryCount": 4,
    "statsArea": 17369.6307044161,
    "statsPerimeter": 1662.3210562663014,
    "statsVertices": 62549,
    "statsLineResolution": 26.576301080213934,
    "statsVertexDensity": 37.62750869587718
}