{
    "boundaryCount": 22,
    "statsArea": 463313.9546754328,
    "statsPerimeter": 32120.10716198926,
    "statsVertices": 345617,
    "statsLineResolution": 92.9355534073534,
    "statsVertexDensity": 10.760144673769988
}