{
    "boundaryCount": 22,
    "boundaryYearSourceLag": 1,
    "statsArea": 463313.95467543474,
    "statsPerimeter": 32120.10716198925,
    "statsVertices": 345617,
    "statsLineResolution": 92.93555340735337,
    "statsVertexDensity": 10.760144673769991
}