{
    "boundaryCount": 364,
    "statsArea": 9384895.52431377,
    "statsPerimeter": 341915.0561775531,
    "statsVertices": 1234887,
    "statsLineResolution": 276.8796304257418,
    "statsVertexDensity": 3.611677747699813
}