{
    "boundaryCount": 344,
    "statsArea": 9382251.39900475,
    "statsPerimeter": 340227.68059447076,
    "statsVertices": 1183671,
    "statsLineResolution": 287.4343298048788,
    "statsVertexDensity": 3.4790555487190318
}