{"boundaryCount": 344, "boundaryYearSourceLag": null, "statsArea": 9382251.39900475, "statsVertices": 1183671, "statsLineResolution": 286.85866946339144, "statsVertexDensity": 3.486037224779148, "statsPerimeter": 339546.288142402}