{
    "boundaryCount": 8,
    "statsArea": 26842.564860832306,
    "statsPerimeter": 2314.588879671674,
    "statsVertices": 22287,
    "statsLineResolution": 103.85376585775,
    "statsVertexDensity": 9.628923821305763
}