{
    "boundaryCount": 8,
    "statsArea": 26842.564860831728,
    "statsPerimeter": 2314.58887967167,
    "statsVertices": 22287,
    "statsLineResolution": 103.8537658577498,
    "statsVertexDensity": 9.62892382130578
}