{
    "boundaryCount": 21,
    "statsArea": 244.53610095303637,
    "statsPerimeter": 2216.454960130235,
    "statsVertices": 46860,
    "statsLineResolution": 47.299508325442496,
    "statsVertexDensity": 21.141868814355057
}