{
    "boundaryCount": 21,
    "statsArea": 244.5361009553776,
    "statsPerimeter": 2216.454960130202,
    "statsVertices": 46860,
    "statsLineResolution": 47.299508325441785,
    "statsVertexDensity": 21.141868814355373
}