{
    "boundaryCount": 28,
    "statsArea": 488662.14570135885,
    "statsPerimeter": 22831.530464915275,
    "statsVertices": 52838,
    "statsLineResolution": 432.10436551185273,
    "statsVertexDensity": 2.3142557211044186
}