{
    "boundaryCount": 67,
    "statsArea": 95711.22708624894,
    "statsPerimeter": 13075.578267382098,
    "statsVertices": 9810,
    "statsLineResolution": 1332.8825960634147,
    "statsVertexDensity": 0.7502536254531625
}