{
    "boundaryCount": 1,
    "statsArea": 328892.1010147721,
    "statsPerimeter": 9532.15016827821,
    "statsVertices": 4166,
    "statsLineResolution": 2288.082133528135,
    "statsVertexDensity": 0.43704724815015206
}