{
    "boundaryCount": 1,
    "statsArea": 328892.11708191375,
    "statsPerimeter": 9532.150119880447,
    "statsVertices": 4166,
    "statsLineResolution": 2288.082121910813,
    "statsVertexDensity": 0.43704725036918013
}