{
    "boundaryCount": 1,
    "statsArea": 298.98401569408276,
    "statsPerimeter": 1988.276832405423,
    "statsVertices": 9267,
    "statsLineResolution": 214.55453031244448,
    "statsVertexDensity": 4.660819785738164
}