{
    "boundaryCount": 9,
    "statsArea": 1086810.6457343595,
    "statsPerimeter": 16410.833753290095,
    "statsVertices": 4255,
    "statsLineResolution": 3856.8351946627718,
    "statsVertexDensity": 0.25927994055432707
}