{
    "boundaryCount": 9,
    "statsArea": 1086810.6457343595,
    "statsPerimeter": 16410.832980374107,
    "statsVertices": 4255,
    "statsLineResolution": 3856.835013013891,
    "statsVertexDensity": 0.25927995276587124
}