{
    "boundaryCount": 32,
    "statsArea": 48344.77206060683,
    "statsPerimeter": 7272.735442183299,
    "statsVertices": 22782,
    "statsLineResolution": 319.2316496437231,
    "statsVertexDensity": 3.1325214812379825
}