{
    "boundaryCount": 1,
    "statsArea": 10970.232143929383,
    "statsPerimeter": 969.6516311687681,
    "statsVertices": 49473,
    "statsLineResolution": 19.599612539542136,
    "statsVertexDensity": 51.021416774566546
}