{
    "boundaryCount": 1,
    "statsArea": 10970.232143929361,
    "statsPerimeter": 969.6516311687334,
    "statsVertices": 49473,
    "statsLineResolution": 19.599612539541432,
    "statsVertexDensity": 51.02141677456837
}