{
    "boundaryCount": 1,
    "statsArea": 1001058.4745218334,
    "statsPerimeter": 6649.616393179261,
    "statsVertices": 1934,
    "statsLineResolution": 3438.271144353289,
    "statsVertexDensity": 0.2908438450650732
}