{"boundaryCount": 1, "boundaryYearSourceLag": null, "statsArea": 1001078.5472863942, "statsVertices": 1917, "statsLineResolution": 3327.424523557866, "statsVertexDensity": 0.30053273723268253, "statsPerimeter": 6378.672811660429}