{
    "boundaryCount": 10,
    "statsArea": 751093.051721842,
    "statsPerimeter": 15899.269187333583,
    "statsVertices": 43260,
    "statsLineResolution": 367.52818278625944,
    "statsVertexDensity": 2.7208797769436974
}