{"boundaryCount": 1, "boundaryYearSourceLag": null, "statsArea": 177345.1261658475, "statsVertices": 581, "statsLineResolution": 3379.8646290786087, "statsVertexDensity": 0.29586983792087906, "statsPerimeter": 1963.7013494946716}