{
    "boundaryCount": 1,
    "statsArea": 177342.30608604083,
    "statsPerimeter": 1962.8548483481336,
    "statsVertices": 584,
    "statsLineResolution": 3361.0528225139274,
    "statsVertexDensity": 0.2975258208682486
}