{
    "boundaryCount": 1,
    "statsArea": 592996.5618684896,
    "statsPerimeter": 4974.749232626134,
    "statsVertices": 1114,
    "statsLineResolution": 4465.6635840450035,
    "statsVertexDensity": 0.2239308853387023
}