{
    "boundaryCount": 1,
    "statsArea": 592983.8842654172,
    "statsPerimeter": 5430.005419359639,
    "statsVertices": 1649,
    "statsLineResolution": 3292.908077234469,
    "statsVertexDensity": 0.303682938164446
}