{
    "boundaryCount": 1,
    "statsArea": 592864.4278939809,
    "statsPerimeter": 4933.272270673375,
    "statsVertices": 975,
    "statsLineResolution": 5059.7664314598715,
    "statsVertexDensity": 0.19763758140738416
}