{
    "boundaryCount": 1,
    "statsArea": 8993.785591335942,
    "statsPerimeter": 948.782458492209,
    "statsVertices": 23266,
    "statsLineResolution": 40.77978416969866,
    "statsVertexDensity": 24.52195420747342
}