{
    "boundaryCount": 1,
    "statsArea": 8993.785591335236,
    "statsPerimeter": 948.7824584922131,
    "statsVertices": 23266,
    "statsLineResolution": 40.779784169698836,
    "statsVertexDensity": 24.521954207473314
}