{
    "boundaryCount": 8240,
    "statsArea": 505754.0733620365,
    "statsPerimeter": 315811.58060359885,
    "statsVertices": 2754914,
    "statsLineResolution": 114.63573113483717,
    "statsVertexDensity": 8.723283657726027
}