{
    "boundaryCount": 8240,
    "statsArea": 505754.0733620373,
    "statsPerimeter": 315811.58060359786,
    "statsVertices": 2754914,
    "statsLineResolution": 114.63573113483683,
    "statsVertexDensity": 8.723283657726055
}