{
    "boundaryCount": 642,
    "statsArea": 396661.41504039045,
    "statsPerimeter": 77834.71699581693,
    "statsVertices": 140961,
    "statsLineResolution": 552.1719978988297,
    "statsVertexDensity": 1.8110299033730113
}