{
    "boundaryCount": 339,
    "statsArea": 1068784.983731092,
    "statsPerimeter": 95772.95261554822,
    "statsVertices": 730435,
    "statsLineResolution": 131.11769372435361,
    "statsVertexDensity": 7.626735733334986
}