{
    "boundaryCount": 1,
    "statsArea": 359.5309600155958,
    "statsPerimeter": 308.4962975072829,
    "statsVertices": 6054,
    "statsLineResolution": 50.957432690334144,
    "statsVertexDensity": 19.62422255604892
}