{
    "boundaryCount": 17,
    "statsArea": 26935.29092719615,
    "statsPerimeter": 4188.201891386568,
    "statsVertices": 31973,
    "statsLineResolution": 130.9918334653166,
    "statsVertexDensity": 7.634063693480367
}