{
    "boundaryCount": 17,
    "statsArea": 26935.291535475342,
    "statsPerimeter": 4187.757379796281,
    "statsVertices": 27993,
    "statsLineResolution": 149.60016360505418,
    "statsVertexDensity": 6.684484668345747
}