{"boundaryCount": 17, "boundaryYearSourceLag": null, "statsArea": 26935.291535475342, "statsVertices": 27993, "statsLineResolution": 149.46810184203335, "statsVertexDensity": 6.690390709964717, "statsPerimeter": 4184.060574864039}