{
    "boundaryCount": 25,
    "statsArea": 255723.63981375305,
    "statsPerimeter": 22919.39562231352,
    "statsVertices": 546649,
    "statsLineResolution": 41.92707865982289,
    "statsVertexDensity": 23.850934335624526
}