{
    "boundaryCount": 1,
    "statsArea": 14889.058194071913,
    "statsPerimeter": 1044.6856294130844,
    "statsVertices": 17246,
    "statsLineResolution": 60.575532263312326,
    "statsVertexDensity": 16.50831552999249
}