{
    "boundaryCount": 1,
    "statsArea": 14889.058194073275,
    "statsPerimeter": 1044.6856294130775,
    "statsVertices": 17246,
    "statsLineResolution": 60.575532263311935,
    "statsVertexDensity": 16.508315529992597
}