{
    "boundaryCount": 9,
    "statsArea": 61.20780428594897,
    "statsPerimeter": 137.59271628900888,
    "statsVertices": 3664,
    "statsLineResolution": 37.55259724045002,
    "statsVertexDensity": 26.629316571553765
}