{
    "boundaryCount": 9,
    "statsArea": 61.207804285944206,
    "statsPerimeter": 137.5927162890425,
    "statsVertices": 3664,
    "statsLineResolution": 37.5525972404592,
    "statsVertexDensity": 26.62931657154726
}