{
    "boundaryCount": 1,
    "statsArea": 95918.08797667327,
    "statsPerimeter": 2454.193676706005,
    "statsVertices": 21861,
    "statsLineResolution": 112.26355961328417,
    "statsVertexDensity": 8.907609944355174
}