{
    "boundaryCount": 1,
    "statsArea": 65837.40259005559,
    "statsPerimeter": 3948.671424621351,
    "statsVertices": 82339,
    "statsLineResolution": 47.95627132490498,
    "statsVertexDensity": 20.852330099330995
}