{
    "boundaryCount": 9,
    "statsArea": 47.26825757248914,
    "statsPerimeter": 215.23294620091374,
    "statsVertices": 3373,
    "statsLineResolution": 63.81053845268715,
    "statsVertexDensity": 15.67139259828466
}