{"boundaryCount": 9, "boundaryYearSourceLag": null, "statsArea": 47.26825757248914, "statsVertices": 3373, "statsLineResolution": 63.81053845268715, "statsVertexDensity": 15.67139259828466, "statsPerimeter": 215.23294620091374}