{
    "boundaryCount": 16,
    "statsArea": 357647.94567850034,
    "statsPerimeter": 22191.595633735596,
    "statsVertices": 526805,
    "statsLineResolution": 42.12487663126887,
    "statsVertexDensity": 23.73894192624674
}