{
    "boundaryCount": 16,
    "statsArea": 357647.94567849813,
    "statsPerimeter": 22191.59563373601,
    "statsVertices": 526805,
    "statsLineResolution": 42.12487663126966,
    "statsVertexDensity": 23.738941926246294
}