{
    "boundaryCount": 1,
    "statsArea": 19.677644807118348,
    "statsPerimeter": 155.0597663004398,
    "statsVertices": 1203,
    "statsLineResolution": 128.89423632621762,
    "statsVertexDensity": 7.758298807629429
}