{"boundaryCount": 3, "boundaryYearSourceLag": null, "statsArea": 1673.1499927608386, "statsVertices": 11198, "statsLineResolution": 52.832306725907486, "statsVertexDensity": 18.92781258232717, "statsPerimeter": 591.616170716712}