{
    "boundaryCount": 3,
    "statsArea": 1673.1496861492187,
    "statsPerimeter": 591.6226481042836,
    "statsVertices": 11198,
    "statsLineResolution": 52.83288516737664,
    "statsVertexDensity": 18.927605350946877
}