{
    "boundaryCount": 1,
    "statsArea": 43072.04373271047,
    "statsPerimeter": 7617.450221844259,
    "statsVertices": 89452,
    "statsLineResolution": 85.15684637396883,
    "statsVertexDensity": 11.743037026153718
}