{
    "boundaryCount": 1,
    "statsArea": 628102.1110537173,
    "statsPerimeter": 5092.76780398938,
    "statsVertices": 5114,
    "statsLineResolution": 995.8482213510715,
    "statsVertexDensity": 1.004169087778553
}