{
    "boundaryCount": 1,
    "statsArea": 628102.1111501806,
    "statsPerimeter": 5092.76780797126,
    "statsVertices": 5114,
    "statsLineResolution": 995.8482221296948,
    "statsVertexDensity": 1.0041690869934239
}