{"boundaryCount": 1, "boundaryYearSourceLag": null, "statsArea": 628102.1111501806, "statsVertices": 5114, "statsLineResolution": 995.8482221296948, "statsVertexDensity": 1.0041690869934239, "statsPerimeter": 5092.76780797126}