{
    "boundaryCount": 369,
    "boundaryYearSourceLag": 2,
    "statsArea": 1621734.9518397728,
    "statsPerimeter": 116305.63552727865,
    "statsVertices": 191439,
    "statsLineResolution": 607.5336557717009,
    "statsVertexDensity": 1.6459993458794984
}