{
    "boundaryCount": 1,
    "statsArea": 300778.3394614656,
    "statsPerimeter": 10677.230239870736,
    "statsVertices": 373100,
    "statsLineResolution": 28.617609862960965,
    "statsVertexDensity": 34.94351921032631
}