{
    "boundaryCount": 1,
    "boundaryYearSourceLag": 1,
    "statsArea": 300778.2351233157,
    "statsPerimeter": 10677.219832973915,
    "statsVertices": 152892,
    "statsLineResolution": 69.83504586880879,
    "statsVertexDensity": 14.319457910553776
}