{
    "boundaryCount": 3,
    "statsArea": 34431.47259779404,
    "statsPerimeter": 4033.433078804915,
    "statsVertices": 75398,
    "statsLineResolution": 53.495226382727864,
    "statsVertexDensity": 18.693256718750376
}