{
    "boundaryCount": 3,
    "statsArea": 34431.47259779796,
    "statsPerimeter": 4033.4330788048806,
    "statsVertices": 75398,
    "statsLineResolution": 53.495226382727395,
    "statsVertexDensity": 18.693256718750536
}