{
    "boundaryCount": 1,
    "statsArea": 12336.501702515228,
    "statsPerimeter": 3043.876499033337,
    "statsVertices": 30743,
    "statsLineResolution": 99.01039257825641,
    "statsVertexDensity": 10.099949853341043
}