{
    "boundaryCount": 1,
    "boundaryYearSourceLag": 1,
    "statsArea": 12336.4686205811,
    "statsPerimeter": 3043.8697662061395,
    "statsVertices": 6208,
    "statsLineResolution": 490.3140731646488,
    "statsVertexDensity": 2.0395090712890824
}