{"boundaryCount": 666, "boundaryYearSourceLag": null, "statsArea": 3152800.029013507, "statsVertices": 834292, "statsLineResolution": 377.6763884610799, "statsVertexDensity": 2.6477694411204937, "statsPerimeter": 315092.3894819713}