{
    "boundaryCount": 666,
    "statsArea": 3151382.1514507867,
    "statsPerimeter": 315278.52645792504,
    "statsVertices": 862361,
    "statsLineResolution": 365.59924029255154,
    "statsVertexDensity": 2.7352354430490684
}