{
    "boundaryCount": 666,
    "statsArea": 3152800.029013507,
    "statsPerimeter": 315289.36879246065,
    "statsVertices": 834292,
    "statsLineResolution": 377.9124920201328,
    "statsVertexDensity": 2.646115228037305
}