{
    "boundaryCount": 1,
    "statsArea": 301510.73393108754,
    "statsPerimeter": 9505.228130773326,
    "statsVertices": 71907,
    "statsLineResolution": 132.18779994678303,
    "statsVertexDensity": 7.564994654594344
}