{
    "boundaryCount": 1,
    "statsArea": 1247494.958681311,
    "statsPerimeter": 6549.527971346262,
    "statsVertices": 1113,
    "statsLineResolution": 5884.57140282683,
    "statsVertexDensity": 0.16993591062887264
}