{
    "boundaryCount": 1,
    "statsArea": 1247356.811706062,
    "statsPerimeter": 6446.004923231096,
    "statsVertices": 758,
    "statsLineResolution": 8503.964278668993,
    "statsVertexDensity": 0.11759221549276265
}