{
    "boundaryCount": 1,
    "statsArea": 1244654.3135408852,
    "statsPerimeter": 6771.948569650411,
    "statsVertices": 1643,
    "statsLineResolution": 4121.697242635673,
    "statsVertexDensity": 0.24261849940257546
}