{
    "boundaryCount": 1,
    "statsArea": 341.0011341895464,
    "statsPerimeter": 325.4744498352821,
    "statsVertices": 222,
    "statsLineResolution": 1466.1011253841536,
    "statsVertexDensity": 0.6820811898210474
}