{"boundaryCount": 61, "boundaryYearSourceLag": 0, "statsArea": 28396.63262320084, "statsVertices": 36824, "statsLineResolution": 204.08411210229042, "statsVertexDensity": 4.899940469147265, "statsPerimeter": 7515.193344054743}