{
    "boundaryCount": 16,
    "statsArea": 1590.697392236717,
    "statsPerimeter": 7938.885988551528,
    "statsVertices": 495689,
    "statsLineResolution": 16.015860728302478,
    "statsVertexDensity": 62.43810538592202
}