{
    "boundaryCount": 16,
    "statsArea": 1590.6973922369857,
    "statsPerimeter": 7938.885988551818,
    "statsVertices": 495689,
    "statsLineResolution": 16.015860728303064,
    "statsVertexDensity": 62.43810538591974
}