{
    "boundaryCount": 6,
    "statsArea": 22372.29458217192,
    "statsPerimeter": 1789.8641981421317,
    "statsVertices": 11939,
    "statsLineResolution": 149.91743011492855,
    "statsVertexDensity": 6.670338460533827
}