{
    "boundaryCount": 5,
    "statsArea": 21863.449298160864,
    "statsPerimeter": 1553.7706532741745,
    "statsVertices": 11231,
    "statsLineResolution": 138.34659899155682,
    "statsVertexDensity": 7.228222502679876
}