{
    "boundaryCount": 1,
    "statsArea": 22.151058152195656,
    "statsPerimeter": 17.777275283530916,
    "statsVertices": 77,
    "statsLineResolution": 230.87370498092096,
    "statsVertexDensity": 4.3313724275470795
}