{
    "boundaryCount": 1,
    "statsArea": 22.15105835372095,
    "statsPerimeter": 17.777275307726764,
    "statsVertices": 77,
    "statsLineResolution": 230.8737052951528,
    "statsVertexDensity": 4.331372421651843
}