{
    "boundaryCount": 170,
    "statsArea": 239092.76620806218,
    "statsPerimeter": 39166.31773024273,
    "statsVertices": 648199,
    "statsLineResolution": 60.42329243063122,
    "statsVertexDensity": 16.5499091455178
}