{"boundaryCount": 1, "boundaryYearSourceLag": null, "statsArea": 6219.961418114478, "statsVertices": 2011, "statsLineResolution": 261.15647201447143, "statsVertexDensity": 3.829122028974978, "statsPerimeter": 525.1856652211021}