{
    "boundaryCount": 238,
    "boundaryYearSourceLag": 18,
    "statsArea": 912498.1434010448,
    "statsPerimeter": 58732.97959806424,
    "statsVertices": 95500,
    "statsLineResolution": 615.005021969259,
    "statsVertexDensity": 1.6260029825414741
}