{
    "boundaryCount": 70,
    "statsArea": 336692.2288199083,
    "statsPerimeter": 66242.09388810558,
    "statsVertices": 2554057,
    "statsLineResolution": 25.936028008813263,
    "statsVertexDensity": 38.55640500003286
}