{
    "boundaryCount": 70,
    "statsArea": 336692.22881990985,
    "statsPerimeter": 66242.09388810585,
    "statsVertices": 2554057,
    "statsLineResolution": 25.936028008813373,
    "statsVertexDensity": 38.5564050000327
}