{
    "boundaryCount": 15,
    "statsArea": 96014.42218325501,
    "statsPerimeter": 7901.0826643424725,
    "statsVertices": 45740,
    "statsLineResolution": 172.73901758509996,
    "statsVertexDensity": 5.789080046766791
}