{
    "boundaryCount": 15,
    "statsArea": 96014.42218325436,
    "statsPerimeter": 7901.082664342524,
    "statsVertices": 45740,
    "statsLineResolution": 172.7390175851011,
    "statsVertexDensity": 5.7890800467667525
}