{
    "boundaryCount": 25,
    "boundaryYearSourceLag": 1,
    "statsArea": 911314.7745221118,
    "statsPerimeter": 34019.6998997127,
    "statsVertices": 46674,
    "statsLineResolution": 728.8790311460921,
    "statsVertexDensity": 1.3719697745009845
}