{
    "boundaryCount": 25,
    "statsArea": 492883.36001172947,
    "statsPerimeter": 34019.70681158634,
    "statsVertices": 142644,
    "statsLineResolution": 238.49378040146334,
    "statsVertexDensity": 4.192981461892514
}