{
    "boundaryCount": 1,
    "statsArea": 244816.17401258333,
    "statsPerimeter": 5919.078016004619,
    "statsVertices": 52888,
    "statsLineResolution": 111.91722160045038,
    "statsVertexDensity": 8.935175352816085
}