{
    "boundaryCount": 1,
    "statsArea": 244816.17399312105,
    "statsPerimeter": 5933.431238847472,
    "statsVertices": 53570,
    "statsLineResolution": 110.76033673413238,
    "statsVertexDensity": 9.028502706707966
}