{
    "boundaryCount": 1,
    "statsArea": 578.6671583734891,
    "statsPerimeter": 123.19578478460858,
    "statsVertices": 55,
    "statsLineResolution": 2239.923359720156,
    "statsVertexDensity": 0.4464438462416565
}