{
    "boundaryCount": 1,
    "statsArea": 564.2033870451627,
    "statsPerimeter": 129.16099194128452,
    "statsVertices": 49,
    "statsLineResolution": 2635.938611046623,
    "statsVertexDensity": 0.37937150577377865
}