{
    "boundaryCount": 1,
    "boundaryYearSourceLag": 1,
    "statsArea": 6252.589592435812,
    "statsPerimeter": 554.3664901949696,
    "statsVertices": 615,
    "statsLineResolution": 901.408927146292,
    "statsVertexDensity": 1.1093744136369168
}