{
    "boundaryCount": 20,
    "statsArea": 301400.6995321158,
    "statsPerimeter": 21521.343734353424,
    "statsVertices": 533139,
    "statsLineResolution": 40.36722831072839,
    "statsVertexDensity": 24.77257027166837
}