{
    "boundaryCount": 50,
    "boundaryYearSourceLag": 6,
    "statsArea": 1254310.2662604908,
    "statsPerimeter": 36404.289800731574,
    "statsVertices": 19369,
    "statsLineResolution": 1879.513129264886,
    "statsVertexDensity": 0.5320526813191879
}