{
    "boundaryCount": 74,
    "statsArea": 774.8567134767715,
    "statsPerimeter": 1610.0855054605313,
    "statsVertices": 19906,
    "statsLineResolution": 80.88443210391496,
    "statsVertexDensity": 12.363318552020816
}