{
    "boundaryCount": 13,
    "statsArea": 122267.19681495195,
    "statsPerimeter": 9464.834127566817,
    "statsVertices": 44713,
    "statsLineResolution": 211.67969332334704,
    "statsVertexDensity": 4.724118711153224
}