{
    "boundaryCount": 30,
    "statsArea": 10913.070379251403,
    "statsPerimeter": 2709.3641823675116,
    "statsVertices": 1190,
    "statsLineResolution": 2276.776623838245,
    "statsVertexDensity": 0.43921743992354234
}