{
    "boundaryCount": 1,
    "boundaryYearSourceLag": 4,
    "statsArea": 991.4511404853182,
    "statsPerimeter": 1072.370487979969,
    "statsVertices": 20634,
    "statsLineResolution": 51.97104235630363,
    "statsVertexDensity": 19.2414843855582
}