{
    "boundaryCount": 2477,
    "statsArea": 312701.01658971095,
    "statsPerimeter": 176547.6208108393,
    "statsVertices": 5279274,
    "statsLineResolution": 33.44164762254039,
    "statsVertexDensity": 29.90283287734838
}