{
    "boundaryCount": 1,
    "statsArea": 361.4401415148187,
    "statsPerimeter": 357.5328840337213,
    "statsVertices": 6846,
    "statsLineResolution": 52.225078006678544,
    "statsVertexDensity": 19.147889063413558
}