{
    "boundaryCount": 1,
    "boundaryYearSourceLag": 1,
    "statsArea": 361.43625817786403,
    "statsPerimeter": 357.5316468526806,
    "statsVertices": 1080,
    "statsLineResolution": 331.04782115988945,
    "statsVertexDensity": 3.020711619536744
}