{
    "boundaryCount": 37,
    "statsArea": 910194.7478109417,
    "statsPerimeter": 35640.160121520465,
    "statsVertices": 84006,
    "statsLineResolution": 424.2573164002627,
    "statsVertexDensity": 2.357060117394786
}