{
    "boundaryCount": 37,
    "statsArea": 910194.747810941,
    "statsPerimeter": 35640.16012152056,
    "statsVertices": 84006,
    "statsLineResolution": 424.25731640026373,
    "statsVertexDensity": 2.35706011739478
}