{
    "boundaryCount": 16,
    "boundaryYearSourceLag": 1,
    "statsArea": 329819.8832568582,
    "statsPerimeter": 16330.646412238568,
    "statsVertices": 151933,
    "statsLineResolution": 107.48584186607629,
    "statsVertexDensity": 9.303550892274409
}