{
    "boundaryCount": 151,
    "statsArea": 240977.58847110835,
    "statsPerimeter": 30791.559910707918,
    "statsVertices": 15862,
    "statsLineResolution": 1941.2154779162727,
    "statsVertexDensity": 0.5151411635525458
}