{
    "boundaryCount": 1,
    "statsArea": 181695.4393126158,
    "statsPerimeter": 3541.2049261081634,
    "statsVertices": 31597,
    "statsLineResolution": 112.0740869737052,
    "statsVertexDensity": 8.922669164680501
}