{
    "boundaryCount": 1,
    "statsArea": 181695.43931261657,
    "statsPerimeter": 3541.2049261082425,
    "statsVertices": 31597,
    "statsLineResolution": 112.07408697370771,
    "statsVertexDensity": 8.9226691646803
}