{
    "boundaryCount": 13,
    "statsArea": 14915.477313610618,
    "statsPerimeter": 2741.141114857947,
    "statsVertices": 47184,
    "statsLineResolution": 58.09471674419182,
    "statsVertexDensity": 17.213269227274058
}