{
    "boundaryCount": 13,
    "statsArea": 14915.478182024004,
    "statsPerimeter": 2742.986526140284,
    "statsVertices": 49275,
    "statsLineResolution": 55.66690058123356,
    "statsVertexDensity": 17.963996370531184
}