{"boundaryCount": 13, "boundaryYearSourceLag": null, "statsArea": 14915.477313610618, "statsVertices": 47184, "statsLineResolution": 58.05660146571933, "statsVertexDensity": 17.224570070476304, "statsPerimeter": 2739.342683558501}