{
    "boundaryCount": 1,
    "statsArea": 34.21737496971327,
    "statsPerimeter": 61.889567658615185,
    "statsVertices": 3591,
    "statsLineResolution": 17.23463315472436,
    "statsVertexDensity": 58.022702950650256
}