{
    "boundaryCount": 1,
    "statsArea": 34.21737496928276,
    "statsPerimeter": 61.88956765859682,
    "statsVertices": 3591,
    "statsLineResolution": 17.234633154719248,
    "statsVertexDensity": 58.02270295066748
}