{
    "boundaryCount": 6258,
    "statsArea": 78873.98399924632,
    "statsPerimeter": 128260.98137845114,
    "statsVertices": 3835287,
    "statsLineResolution": 33.442342484004755,
    "statsVertexDensity": 29.902211559441245
}