{
    "boundaryCount": 6258,
    "statsArea": 78873.98399924707,
    "statsPerimeter": 128260.98137845048,
    "statsVertices": 3835287,
    "statsLineResolution": 33.442342484004584,
    "statsVertexDensity": 29.902211559441398
}