{
    "boundaryCount": 290,
    "statsArea": 531582.8688475238,
    "statsPerimeter": 59311.35546464299,
    "statsVertices": 121085,
    "statsLineResolution": 489.832394306834,
    "statsVertexDensity": 2.0415146315815
}