{
    "boundaryCount": 1,
    "statsArea": 196889.7052121617,
    "statsPerimeter": 3431.6393153483746,
    "statsVertices": 18563,
    "statsLineResolution": 184.86447855133193,
    "statsVertexDensity": 5.409368029144262
}