{
    "boundaryCount": 1,
    "statsArea": 196889.70468387578,
    "statsPerimeter": 3433.9703691517298,
    "statsVertices": 19364,
    "statsLineResolution": 177.33786248459666,
    "statsVertexDensity": 5.638953723640707
}