{
    "boundaryCount": 5,
    "statsArea": 336940.10186943115,
    "statsPerimeter": 21652.8301640378,
    "statsVertices": 189958,
    "statsLineResolution": 113.9874612495278,
    "statsVertexDensity": 8.772894746825871
}