{"boundaryCount": 5, "boundaryYearSourceLag": null, "statsArea": 336940.10186943115, "statsVertices": 189958, "statsLineResolution": 113.97690746790038, "statsVertexDensity": 8.773707079933123, "statsPerimeter": 21650.82538878742}