{
    "boundaryCount": 5,
    "statsArea": 336940.10158410564,
    "statsPerimeter": 21660.626035798887,
    "statsVertices": 194801,
    "statsLineResolution": 111.1936080194603,
    "statsVertexDensity": 8.993322708127137
}