{
    "boundaryCount": 141,
    "statsArea": 256053.1337055654,
    "statsPerimeter": 37801.36378352984,
    "statsVertices": 510835,
    "statsLineResolution": 73.99916564747882,
    "statsVertexDensity": 13.513665880556728
}