{
    "boundaryCount": 81,
    "statsArea": 780704.3574915429,
    "statsPerimeter": 46486.81726467403,
    "statsVertices": 261410,
    "statsLineResolution": 177.8310595029801,
    "statsVertexDensity": 5.623314638032857
}