{"boundaryCount": 19, "boundaryYearSourceLag": null, "statsArea": 177465.63394903095, "statsVertices": 35661, "statsLineResolution": 268.4898472559433, "statsVertexDensity": 3.7245356210684943, "statsPerimeter": 9574.616442994195}