{
    "boundaryCount": 19,
    "statsArea": 177465.63394903095,
    "statsPerimeter": 9574.616442994195,
    "statsVertices": 35661,
    "statsLineResolution": 268.4898472559433,
    "statsVertexDensity": 3.7245356210684943
}