{
    "boundaryCount": 19,
    "statsArea": 177598.80077764497,
    "statsPerimeter": 11650.140630894954,
    "statsVertices": 153311,
    "statsLineResolution": 75.99024617212694,
    "statsVertexDensity": 13.159583635706102
}