{
    "boundaryCount": 30,
    "statsArea": 25273.97778565244,
    "statsPerimeter": 4939.759892197181,
    "statsVertices": 38792,
    "statsLineResolution": 127.33965488237733,
    "statsVertexDensity": 7.853013273231284
}