{
    "boundaryCount": 30,
    "statsArea": 25273.97778565226,
    "statsPerimeter": 4939.759892197174,
    "statsVertices": 38792,
    "statsLineResolution": 127.33965488237715,
    "statsVertexDensity": 7.853013273231295
}