{
    "boundaryCount": 2,
    "statsArea": 990.95315795711,
    "statsPerimeter": 308.92615703379386,
    "statsVertices": 8974,
    "statsLineResolution": 34.424577338287705,
    "statsVertexDensity": 29.049013156300397
}