{
    "boundaryCount": 2,
    "statsArea": 990.9531579579764,
    "statsPerimeter": 308.9261570337958,
    "statsVertices": 8974,
    "statsLineResolution": 34.42457733828792,
    "statsVertexDensity": 29.049013156300216
}