{
    "boundaryCount": 6,
    "statsArea": 21989.44696143995,
    "statsPerimeter": 3688.269163183339,
    "statsVertices": 45987,
    "statsLineResolution": 80.20243032125033,
    "statsVertexDensity": 12.468450095520874
}