{
    "boundaryCount": 27,
    "statsArea": 8472669.703354696,
    "statsPerimeter": 87417.6531034919,
    "statsVertices": 34423,
    "statsLineResolution": 2539.512915884493,
    "statsVertexDensity": 0.393776300071192
}