{
    "boundaryCount": 27,
    "statsArea": 8472669.701844102,
    "statsPerimeter": 87417.65310356898,
    "statsVertices": 34426,
    "statsLineResolution": 2539.291614000145,
    "statsVertexDensity": 0.3938106180820644
}