{
    "boundaryCount": 1,
    "statsArea": 296939.35303180804,
    "statsPerimeter": 33756.78111568334,
    "statsVertices": 111781,
    "statsLineResolution": 301.990330339533,
    "statsVertexDensity": 3.311364303869208
}