{
    "boundaryCount": 195,
    "statsArea": 71093.2606770319,
    "statsPerimeter": 9297.691851616632,
    "statsVertices": 55997,
    "statsLineResolution": 166.03910658814993,
    "statsVertexDensity": 6.022677551984426
}