{
    "boundaryCount": 195,
    "statsArea": 71196.78415106691,
    "statsPerimeter": 9256.22126717694,
    "statsVertices": 53059,
    "statsLineResolution": 174.4514835782231,
    "statsVertexDensity": 5.732252770161198
}