{
    "boundaryCount": 1,
    "statsArea": 25438.47134183515,
    "statsPerimeter": 890.9997948697377,
    "statsVertices": 18951,
    "statsLineResolution": 47.01597777793983,
    "statsVertexDensity": 21.269365166094786
}