{
    "boundaryCount": 1,
    "statsArea": 25438.471341833578,
    "statsPerimeter": 890.9997948698017,
    "statsVertices": 18951,
    "statsLineResolution": 47.015977777943206,
    "statsVertexDensity": 21.26936516609326
}