{
    "boundaryCount": 75,
    "statsArea": 339.29541301990525,
    "statsPerimeter": 784.8979130498827,
    "statsVertices": 3211,
    "statsLineResolution": 244.44033417934685,
    "statsVertexDensity": 4.090977879560155
}