{
    "boundaryCount": 266,
    "statsArea": 20422.747573963497,
    "statsPerimeter": 12543.352104476786,
    "statsVertices": 93346,
    "statsLineResolution": 134.37482167930906,
    "statsVertexDensity": 7.441870340758778
}