{"boundaryCount": 1, "boundaryYearSourceLag": null, "statsArea": 68.27952917808815, "statsVertices": 22, "statsLineResolution": 1894.5002103049212, "statsVertexDensity": 0.5278436996526115, "statsPerimeter": 41.67900462670826}