{"boundaryCount": 22, "boundaryYearSourceLag": null, "statsArea": 109152.81029637375, "statsVertices": 22286, "statsLineResolution": 372.29989516311304, "statsVertexDensity": 2.6860066655723265, "statsPerimeter": 8297.075463605137}