{
    "boundaryCount": 22,
    "statsArea": 109152.71292015878,
    "statsPerimeter": 8303.142175545689,
    "statsVertices": 22625,
    "statsLineResolution": 366.989709416384,
    "statsVertexDensity": 2.724872045023494
}