{
    "boundaryCount": 1,
    "statsArea": 30538.974182704882,
    "statsPerimeter": 736.2462729529811,
    "statsVertices": 175,
    "statsLineResolution": 4207.121559731321,
    "statsVertexDensity": 0.23769220494400523
}