{
    "boundaryCount": 1,
    "statsArea": 30106.518071217626,
    "statsPerimeter": 784.2302987524371,
    "statsVertices": 324,
    "statsLineResolution": 2420.4638850383863,
    "statsVertexDensity": 0.41314394574581353
}