{
    "boundaryCount": 1,
    "statsArea": 30516.06026215841,
    "statsPerimeter": 732.0556229973716,
    "statsVertices": 101,
    "statsLineResolution": 7248.075475221501,
    "statsVertexDensity": 0.13796765823129623
}