{
    "boundaryCount": 1,
    "statsArea": 244816.40548052758,
    "statsPerimeter": 9621.491553078391,
    "statsVertices": 3898,
    "statsLineResolution": 2468.3149186963547,
    "statsVertexDensity": 0.4051346902396684
}