{
    "boundaryCount": 1,
    "statsArea": 243783.21105045217,
    "statsPerimeter": 12225.411570369886,
    "statsVertices": 7113,
    "statsLineResolution": 1718.7419612498084,
    "statsVertexDensity": 0.5818209030475031
}