{
    "boundaryCount": 1,
    "statsArea": 244090.9225170214,
    "statsPerimeter": 9128.365333253038,
    "statsVertices": 2315,
    "statsLineResolution": 3943.1383728954806,
    "statsVertexDensity": 0.2536050996520549
}