{
    "boundaryCount": 33,
    "boundaryYearSourceLag": 9,
    "statsArea": 48353.1196910217,
    "statsPerimeter": 8690.517537739228,
    "statsVertices": 160667,
    "statsLineResolution": 54.090245898281715,
    "statsVertexDensity": 18.487621629240312
}