{"boundaryCount": 118, "boundaryYearSourceLag": null, "statsArea": 207069.80832968798, "statsVertices": 45231, "statsLineResolution": 689.0420028930274, "statsVertexDensity": 1.4512903361498681, "statsPerimeter": 31166.05883285452}