{
    "boundaryCount": 118,
    "statsArea": 207069.8084450004,
    "statsPerimeter": 31166.055372634935,
    "statsVertices": 46537,
    "statsLineResolution": 669.7048665069716,
    "statsVertexDensity": 1.4931950624993555
}