{
    "boundaryCount": 1,
    "statsArea": 2154380.791303179,
    "statsPerimeter": 43886.381158532284,
    "statsVertices": 20133,
    "statsLineResolution": 2179.823233424342,
    "statsVertexDensity": 0.45875279456906853
}