{
    "boundaryCount": 1,
    "statsArea": 4124.830960171248,
    "statsPerimeter": 1116.9697440834123,
    "statsVertices": 3498,
    "statsLineResolution": 319.3166792691287,
    "statsVertexDensity": 3.131687333993515
}