{
    "boundaryCount": 1,
    "statsArea": 49025.0484899841,
    "statsPerimeter": 1652.2408432681775,
    "statsVertices": 41780,
    "statsLineResolution": 39.54621453490133,
    "statsVertexDensity": 25.28687035563049
}