{
    "boundaryCount": 1,
    "statsArea": 49025.04848998277,
    "statsPerimeter": 1652.2408432681761,
    "statsVertices": 41780,
    "statsLineResolution": 39.546214534901296,
    "statsVertexDensity": 25.286870355630512
}