{
    "boundaryCount": 18,
    "statsArea": 1129.2800005289428,
    "statsPerimeter": 1571.710268082481,
    "statsVertices": 25509,
    "statsLineResolution": 61.61395068730569,
    "statsVertexDensity": 16.230090569505222
}