{
    "boundaryCount": 5,
    "statsArea": 618.1191921109368,
    "statsPerimeter": 361.72588017476664,
    "statsVertices": 223,
    "statsLineResolution": 1622.0891487657698,
    "statsVertexDensity": 0.6164889277268696
}