{"boundaryCount": 5, "boundaryYearSourceLag": null, "statsArea": 618.1191921109368, "statsVertices": 223, "statsLineResolution": 1622.0891487657698, "statsVertexDensity": 0.6164889277268696, "statsPerimeter": 361.72588017476664}