{
    "boundaryCount": 34,
    "statsArea": 1889412.7469056752,
    "statsPerimeter": 125692.98141401247,
    "statsVertices": 2491720,
    "statsLineResolution": 50.44426396786656,
    "statsVertexDensity": 19.823859470662686
}