{
    "boundaryCount": 34,
    "statsArea": 1889412.7469056675,
    "statsPerimeter": 125692.98141401299,
    "statsVertices": 2491720,
    "statsLineResolution": 50.44426396786677,
    "statsVertexDensity": 19.823859470662605
}