{
    "boundaryCount": 1,
    "statsArea": 399.31884874857724,
    "statsPerimeter": 286.1253098604565,
    "statsVertices": 15475,
    "statsLineResolution": 18.489519215538383,
    "statsVertexDensity": 54.08469459603964
}