{
    "boundaryCount": 1,
    "statsArea": 399.31884874911395,
    "statsPerimeter": 286.12530986042043,
    "statsVertices": 15475,
    "statsLineResolution": 18.489519215536053,
    "statsVertexDensity": 54.08469459604646
}