{
    "boundaryCount": 1961,
    "statsArea": 390772.62958129944,
    "statsPerimeter": 126040.3527828981,
    "statsVertices": 1773525,
    "statsLineResolution": 71.06770571765162,
    "statsVertexDensity": 14.07108882862983
}