{
    "boundaryCount": 973,
    "boundaryYearSourceLag": 0,
    "statsArea": 780230.1624665784,
    "statsPerimeter": 129322.55027100792,
    "statsVertices": 663098,
    "statsLineResolution": 195.02780926953167,
    "statsVertexDensity": 5.127473890751566
}