{
    "boundaryCount": 17,
    "statsArea": 2723267.477137403,
    "statsPerimeter": 41774.52601623755,
    "statsVertices": 77176,
    "statsLineResolution": 541.2890797169787,
    "statsVertexDensity": 1.8474416674411118
}