{
    "boundaryCount": 17,
    "statsArea": 2723267.4771374017,
    "statsPerimeter": 41774.52601623776,
    "statsVertices": 77176,
    "statsLineResolution": 541.2890797169814,
    "statsVertexDensity": 1.8474416674411025
}