{
    "boundaryCount": 69,
    "statsArea": 177726.8402628986,
    "statsPerimeter": 12845.70041439578,
    "statsVertices": 25681,
    "statsLineResolution": 500.20250046321325,
    "statsVertexDensity": 1.9991903260658404
}