{
    "boundaryCount": 19,
    "boundaryYearSourceLag": 1,
    "statsArea": 177358.9192655977,
    "statsPerimeter": 11456.591312860219,
    "statsVertices": 16535,
    "statsLineResolution": 692.8691450172494,
    "statsVertexDensity": 1.443273967662544
}