{
    "boundaryCount": 19,
    "statsArea": 48552.56631685373,
    "statsPerimeter": 11456.405145448502,
    "statsVertices": 46639,
    "statsLineResolution": 245.64002541753686,
    "statsVertexDensity": 4.070997787515322
}