{
    "boundaryCount": 25,
    "statsArea": 181421.91311947774,
    "statsPerimeter": 13168.492177108776,
    "statsVertices": 198871,
    "statsLineResolution": 66.21625162597249,
    "statsVertexDensity": 15.102032740369776
}