{
    "boundaryCount": 1,
    "statsArea": 452.6614916986199,
    "statsPerimeter": 287.8493993901465,
    "statsVertices": 908,
    "statsLineResolution": 317.01475703760633,
    "statsVertexDensity": 3.154427287059617
}