{
    "boundaryCount": 14,
    "statsArea": 845.9011225570624,
    "statsPerimeter": 2083.472428269613,
    "statsVertices": 12131,
    "statsLineResolution": 171.7477889926315,
    "statsVertexDensity": 5.822491258055747
}