{
    "boundaryCount": 14,
    "boundaryYearSourceLag": 1,
    "statsArea": 11003.410302633221,
    "statsPerimeter": 2083.4730712953115,
    "statsVertices": 3435,
    "statsLineResolution": 606.5423788341518,
    "statsVertexDensity": 1.6486894154405527
}