{
    "boundaryCount": 1,
    "statsArea": 328652.1895904687,
    "statsPerimeter": 17793.986415672323,
    "statsVertices": 268103,
    "statsLineResolution": 66.36996384103246,
    "statsVertexDensity": 15.067056573891964
}