{
    "boundaryCount": 1,
    "boundaryYearSourceLag": 1,
    "statsArea": 328651.9924604149,
    "statsPerimeter": 17793.982837886644,
    "statsVertices": 79342,
    "statsLineResolution": 224.26940129926953,
    "statsVertexDensity": 4.458923037234046
}