{
    "boundaryCount": 1,
    "statsArea": 643838.7315651285,
    "statsPerimeter": 5593.162600313632,
    "statsVertices": 8979,
    "statsLineResolution": 622.9159817700893,
    "statsVertexDensity": 1.6053529356533476
}