{
    "boundaryCount": 11,
    "statsArea": 605.1327855519476,
    "statsPerimeter": 363.90279650981626,
    "statsVertices": 192,
    "statsLineResolution": 1895.327065155293,
    "statsVertexDensity": 0.5276134227092174
}