{
    "boundaryCount": 5,
    "statsArea": 3336.95569550457,
    "statsPerimeter": 2196.1330351808197,
    "statsVertices": 1051,
    "statsLineResolution": 2089.5652094964985,
    "statsVertexDensity": 0.4785684579046758
}