{
    "boundaryCount": 1,
    "statsArea": 321362.18633694906,
    "statsPerimeter": 3545.1331676230557,
    "statsVertices": 906,
    "statsLineResolution": 3912.950516140238,
    "statsVertexDensity": 0.2555616269296467
}