{
    "boundaryCount": 1,
    "statsArea": 321307.9066750801,
    "statsPerimeter": 3479.5944326222852,
    "statsVertices": 566,
    "statsLineResolution": 6147.693343855627,
    "statsVertexDensity": 0.16266263524667504
}