{
    "boundaryCount": 1,
    "statsArea": 320677.1569154133,
    "statsPerimeter": 4008.457507216789,
    "statsVertices": 1599,
    "statsLineResolution": 2506.8527249635954,
    "statsVertexDensity": 0.3989065612199145
}