{
    "boundaryCount": 1,
    "statsArea": 30.076684159861532,
    "statsPerimeter": 45.264661889304605,
    "statsVertices": 92,
    "statsLineResolution": 492.0071944489631,
    "statsVertexDensity": 2.032490604370079
}