{
    "boundaryCount": 16,
    "boundaryYearSourceLag": 0,
    "statsArea": 6019.620300871233,
    "statsPerimeter": 1886.054783298715,
    "statsVertices": 40764,
    "statsLineResolution": 46.26765732751239,
    "statsVertexDensity": 21.613370068022974
}