{
    "boundaryCount": 1,
    "statsArea": 158.08813943528784,
    "statsPerimeter": 104.96848962530679,
    "statsVertices": 61,
    "statsLineResolution": 1720.7949118902752,
    "statsVertexDensity": 0.5811267764044644
}