{
    "boundaryCount": 1,
    "statsArea": 144.94117667338216,
    "statsPerimeter": 147.14654816063742,
    "statsVertices": 93,
    "statsLineResolution": 1582.2209479638432,
    "statsVertexDensity": 0.6320229809160963
}