{
    "boundaryCount": 1,
    "statsArea": 42696.4339761565,
    "statsPerimeter": 4433.792188650146,
    "statsVertices": 2180,
    "statsLineResolution": 2033.849627821168,
    "statsVertexDensity": 0.49167843400069094
}