{
    "boundaryCount": 1,
    "statsArea": 42629.62099315338,
    "statsPerimeter": 3641.486148843782,
    "statsVertices": 893,
    "statsLineResolution": 4077.812036779151,
    "statsVertexDensity": 0.24522954736036517
}