{
    "boundaryCount": 1,
    "statsArea": 42959.601727226924,
    "statsPerimeter": 3814.1083977123235,
    "statsVertices": 1608,
    "statsLineResolution": 2371.9579587763205,
    "statsVertexDensity": 0.42159263249163753
}