{
    "boundaryCount": 2,
    "statsArea": 1037.155924990692,
    "statsPerimeter": 184.68866119834485,
    "statsVertices": 96,
    "statsLineResolution": 1923.8402208160921,
    "statsVertexDensity": 0.5197936861803422
}