{
    "boundaryCount": 1,
    "statsArea": 8499535.87049281,
    "statsPerimeter": 41762.878491122785,
    "statsVertices": 553959,
    "statsLineResolution": 75.38983659643183,
    "statsVertexDensity": 13.264387418069155
}