{"boundaryCount": 1, "boundaryYearSourceLag": null, "statsArea": 8500365.47481461, "statsVertices": 540144, "statsLineResolution": 75.39014503650586, "statsVertexDensity": 13.264333150118949, "statsPerimeter": 40721.53450059841}