{
    "boundaryCount": 1,
    "statsArea": 8500365.47481461,
    "statsPerimeter": 40721.53450059841,
    "statsVertices": 540144,
    "statsLineResolution": 75.39014503650586,
    "statsVertexDensity": 13.264333150118949
}