{
    "boundaryCount": 3,
    "statsArea": 18582.409100024386,
    "statsPerimeter": 4384.659015453802,
    "statsVertices": 178388,
    "statsLineResolution": 24.57933838292823,
    "statsVertexDensity": 40.68457760826295
}