{
    "boundaryCount": 3,
    "statsArea": 18582.40910002634,
    "statsPerimeter": 4384.659015453642,
    "statsVertices": 178388,
    "statsLineResolution": 24.579338382927336,
    "statsVertexDensity": 40.68457760826443
}