{
    "boundaryCount": 18,
    "statsArea": 138165.61803321465,
    "statsPerimeter": 15738.303424145437,
    "statsVertices": 18520,
    "statsLineResolution": 849.800400871784,
    "statsVertexDensity": 1.1767469148921688
}