{
    "boundaryCount": 18,
    "boundaryYearSourceLag": 1,
    "statsArea": 632680.6043475011,
    "statsPerimeter": 15738.301436447056,
    "statsVertices": 5022,
    "statsLineResolution": 3133.8712537728106,
    "statsVertexDensity": 0.31909415512718275
}