{
    "boundaryCount": 19,
    "statsArea": 32164.116633652236,
    "statsPerimeter": 39940.449281032066,
    "statsVertices": 1626642,
    "statsLineResolution": 24.553927220022636,
    "statsVertexDensity": 40.72668258072152
}