{
    "boundaryCount": 19,
    "boundaryYearSourceLag": 1,
    "statsArea": 338523.0991056751,
    "statsPerimeter": 39939.61428890164,
    "statsVertices": 195377,
    "statsLineResolution": 204.42331640316743,
    "statsVertexDensity": 4.8918098854622905
}