{
    "boundaryCount": 1,
    "statsArea": 2779153.9799601976,
    "statsPerimeter": 22077.41545869814,
    "statsVertices": 329523,
    "statsLineResolution": 66.99810167635685,
    "statsVertexDensity": 14.925796029723822
}