{
    "boundaryCount": 1,
    "statsArea": 30666.827076301008,
    "statsPerimeter": 1579.0606618682777,
    "statsVertices": 47976,
    "statsLineResolution": 32.91355389920539,
    "statsVertexDensity": 30.38261997055694
}