{
    "boundaryCount": 1,
    "statsArea": 30666.827076300975,
    "statsPerimeter": 1579.0606618682561,
    "statsVertices": 47976,
    "statsLineResolution": 32.913553899204935,
    "statsVertexDensity": 30.382619970557357
}