{
    "boundaryCount": 1,
    "statsArea": 9246.485917584194,
    "statsPerimeter": 568.4121333654301,
    "statsVertices": 141,
    "statsLineResolution": 4031.2917259959586,
    "statsVertexDensity": 0.2480594479311574
}