{
    "boundaryCount": 1,
    "statsArea": 9005.976496305257,
    "statsPerimeter": 652.8330180663723,
    "statsVertices": 303,
    "statsLineResolution": 2154.564416060635,
    "statsVertexDensity": 0.4641309364184067
}