{
    "boundaryCount": 1,
    "statsArea": 9147.378859125314,
    "statsPerimeter": 511.91888012466575,
    "statsVertices": 92,
    "statsLineResolution": 5564.335653528976,
    "statsVertexDensity": 0.17971597370582537
}