{
    "boundaryCount": 4,
    "statsArea": 714.7595823137308,
    "statsPerimeter": 1399.0671245183466,
    "statsVertices": 37289,
    "statsLineResolution": 37.519566749399196,
    "statsVertexDensity": 26.652759790090407
}