{
    "boundaryCount": 4,
    "statsArea": 714.7595823131416,
    "statsPerimeter": 1399.0671245183162,
    "statsVertices": 37289,
    "statsLineResolution": 37.51956674939838,
    "statsVertexDensity": 26.65275979009099
}