{"boundaryCount": 11, "boundaryYearSourceLag": null, "statsArea": 30707.46593554965, "statsVertices": 10519, "statsLineResolution": 344.676016391865, "statsVertexDensity": 2.901275262689272, "statsPerimeter": 3625.647016426028}