{
    "boundaryCount": 11,
    "statsArea": 30707.46593554965,
    "statsPerimeter": 3683.5262353580674,
    "statsVertices": 10519,
    "statsLineResolution": 350.17836632361133,
    "statsVertexDensity": 2.8556875471737944
}