{
    "boundaryCount": 11,
    "statsArea": 30707.465638038495,
    "statsPerimeter": 3683.5465813322617,
    "statsVertices": 10560,
    "statsLineResolution": 348.8206989897975,
    "statsVertexDensity": 2.8668023511679523
}