{
    "boundaryCount": 1040,
    "boundaryYearSourceLag": 1,
    "statsArea": 255723.6398137531,
    "statsPerimeter": 88192.72517884122,
    "statsVertices": 2010545,
    "statsLineResolution": 43.86508393437661,
    "statsVertexDensity": 22.797175117595305
}