{
    "boundaryCount": 1,
    "boundaryYearSourceLag": 2,
    "statsArea": 5159.132594945697,
    "statsPerimeter": 926.409314926175,
    "statsVertices": 19272,
    "statsLineResolution": 48.070221820577785,
    "statsVertexDensity": 20.802899635714233
}