{
    "boundaryCount": 85,
    "statsArea": 71147.62627774918,
    "statsPerimeter": 4375.6849946611055,
    "statsVertices": 3294,
    "statsLineResolution": 1328.380386964513,
    "statsVertexDensity": 0.7527964202219997
}