{
    "boundaryCount": 1,
    "statsArea": 13.7097440827431,
    "statsPerimeter": 124.53204357050559,
    "statsVertices": 8704,
    "statsLineResolution": 14.307449858743748,
    "statsVertexDensity": 69.89365749123121
}