{
    "boundaryCount": 3728,
    "statsArea": 549516.2188475946,
    "statsPerimeter": 242021.9053054215,
    "statsVertices": 407102,
    "statsLineResolution": 594.4994259557101,
    "statsVertexDensity": 1.682087410584816
}