{
    "boundaryCount": 3728,
    "statsArea": 549516.5065021032,
    "statsPerimeter": 242256.66293247617,
    "statsVertices": 411941,
    "statsLineResolution": 588.08582523341,
    "statsVertexDensity": 1.7004320748644164
}