{"boundaryCount": 3728, "boundaryYearSourceLag": null, "statsArea": 549516.2188475946, "statsVertices": 407102, "statsLineResolution": 594.3351722875539, "statsVertexDensity": 1.6825522813180835, "statsPerimeter": 241955.03730860775}