{
    "boundaryCount": 9,
    "statsArea": 83933.69111107329,
    "statsPerimeter": 6023.233241543346,
    "statsVertices": 23469,
    "statsLineResolution": 256.6463522750584,
    "statsVertexDensity": 3.8964122853702556
}