{
    "boundaryCount": 31,
    "statsArea": 883885.9631025499,
    "statsPerimeter": 36077.60336975535,
    "statsVertices": 289158,
    "statsLineResolution": 124.76778567342197,
    "statsVertexDensity": 8.014889377114432
}