{
    "boundaryCount": 199,
    "statsArea": 255985.58769168626,
    "statsPerimeter": 39646.85895042805,
    "statsVertices": 89305,
    "statsLineResolution": 443.9489272765025,
    "statsVertexDensity": 2.252511355607297
}