{
    "boundaryCount": 14,
    "statsArea": 78758.85941098149,
    "statsPerimeter": 5659.45186544095,
    "statsVertices": 4255,
    "statsLineResolution": 1330.070943699401,
    "statsVertexDensity": 0.7518395952765076
}