{"boundaryCount": 14, "boundaryYearSourceLag": null, "statsArea": 78758.86613327105, "statsVertices": 4255, "statsLineResolution": 1307.3613731880648, "statsVertexDensity": 0.764899453592889, "statsPerimeter": 5562.822642915216}