{
    "boundaryCount": 14,
    "statsArea": 78758.86613327105,
    "statsPerimeter": 5659.452318056256,
    "statsVertices": 4255,
    "statsLineResolution": 1330.0710500719756,
    "statsVertexDensity": 0.7518395351480553
}