{
    "boundaryCount": 14,
    "statsArea": 75606.96207927566,
    "statsPerimeter": 18399.950397315217,
    "statsVertices": 26736,
    "statsLineResolution": 688.2087970270502,
    "statsVertexDensity": 1.453047395383257
}