{
    "boundaryCount": 14,
    "boundaryYearSourceLag": 1,
    "statsArea": 824192.8025806159,
    "statsPerimeter": 18399.950364195684,
    "statsVertices": 9643,
    "statsLineResolution": 1908.1147323649986,
    "statsVertexDensity": 0.5240775007069713
}