{
    "boundaryCount": 752,
    "statsArea": 142957.02515223002,
    "statsPerimeter": 56563.41781189375,
    "statsVertices": 483514,
    "statsLineResolution": 116.98403316531423,
    "statsVertexDensity": 8.548175105117679
}