{
    "boundaryCount": 752,
    "statsArea": 142957.02515223192,
    "statsPerimeter": 56563.4178118936,
    "statsVertices": 483514,
    "statsLineResolution": 116.98403316531395,
    "statsVertexDensity": 8.5481751051177
}