{
    "boundaryCount": 32,
    "statsArea": 1622979.736373947,
    "statsPerimeter": 40442.14622384364,
    "statsVertices": 126905,
    "statsLineResolution": 318.68047928642403,
    "statsVertexDensity": 3.1379392996996804
}