{
    "boundaryCount": 2,
    "statsArea": 16.147661684568494,
    "statsPerimeter": 130.23216006833238,
    "statsVertices": 10241,
    "statsLineResolution": 12.716742512287118,
    "statsVertexDensity": 78.63649036172464
}