{
    "boundaryCount": 1,
    "statsArea": 259.4455511882309,
    "statsPerimeter": 130.2288418083369,
    "statsVertices": 92,
    "statsLineResolution": 1415.5308892210533,
    "statsVertexDensity": 0.7064487307304794
}