{
    "boundaryCount": 1,
    "statsArea": 242.74985005050362,
    "statsPerimeter": 133.97502939224486,
    "statsVertices": 82,
    "statsLineResolution": 1633.8418218566449,
    "statsVertexDensity": 0.6120543535013888
}