{
    "boundaryCount": 1,
    "statsArea": 100449.07868987236,
    "statsPerimeter": 12419.815988960247,
    "statsVertices": 251844,
    "statsLineResolution": 49.315512733915625,
    "statsVertexDensity": 20.27759511283095
}