{
    "boundaryCount": 1,
    "boundaryYearSourceLag": 1,
    "statsArea": 100448.95329668262,
    "statsPerimeter": 12419.753181176577,
    "statsVertices": 32929,
    "statsLineResolution": 377.1676388950948,
    "statsVertexDensity": 2.6513409340458804
}