{
    "boundaryCount": 30,
    "statsArea": 25279.224089913936,
    "statsPerimeter": 5250.127806772387,
    "statsVertices": 153110,
    "statsLineResolution": 34.289907953578386,
    "statsVertexDensity": 29.163099573023004
}