{"boundaryCount": 30, "boundaryYearSourceLag": null, "statsArea": 25277.685439505458, "statsVertices": 149486, "statsLineResolution": 35.1252864982031, "statsVertexDensity": 28.469518677126146, "statsPerimeter": 5250.738577470389}