{
    "boundaryCount": 30,
    "statsArea": 25277.685439505458,
    "statsPerimeter": 5261.312587903568,
    "statsVertices": 149486,
    "statsLineResolution": 35.196022289067656,
    "statsVertexDensity": 28.412301588711433
}