{"boundaryCount": 16, "boundaryYearSourceLag": null, "statsArea": 223.40273585981572, "statsVertices": 3703, "statsLineResolution": 101.20889348498477, "statsVertexDensity": 9.880554618931376, "statsPerimeter": 374.7765325748986}