{
    "boundaryCount": 1,
    "boundaryYearSourceLag": 1,
    "statsArea": 506029.2515228865,
    "statsPerimeter": 9518.805513838357,
    "statsVertices": 102398,
    "statsLineResolution": 92.95890069960699,
    "statsVertexDensity": 10.757442186536396
}