{
    "boundaryCount": 1,
    "statsArea": 506029.3461560562,
    "statsPerimeter": 9518.802700861097,
    "statsVertices": 264985,
    "statsLineResolution": 35.922043515146505,
    "statsVertexDensity": 27.838059924913534
}