{
    "boundaryCount": 1,
    "boundaryYearSourceLag": 1,
    "statsArea": 13274.853128439227,
    "statsPerimeter": 10302.595544854608,
    "statsVertices": 28670,
    "statsLineResolution": 359.3510828341335,
    "statsVertexDensity": 2.7827938964680183
}