{
    "boundaryCount": 1,
    "statsArea": 13274.962422945759,
    "statsPerimeter": 10302.650148864948,
    "statsVertices": 193921,
    "statsLineResolution": 53.12807869629874,
    "statsVertexDensity": 18.822438615113455
}