{
    "boundaryCount": 774,
    "boundaryYearSourceLag": 2,
    "statsArea": 909749.5929426859,
    "statsPerimeter": 122195.38633829991,
    "statsVertices": 126523,
    "statsLineResolution": 965.7958342617541,
    "statsVertexDensity": 1.0354155241976077
}