{
    "boundaryCount": 1,
    "statsArea": 909042.9230058226,
    "statsPerimeter": 7621.513065043933,
    "statsVertices": 37062,
    "statsLineResolution": 205.64224987976723,
    "statsVertexDensity": 4.8628139430718615
}