{
    "boundaryCount": 16,
    "statsArea": 463.0622651530208,
    "statsPerimeter": 1070.7425001501865,
    "statsVertices": 27577,
    "statsLineResolution": 38.82737426660574,
    "statsVertexDensity": 25.755025130815245
}