{
    "boundaryCount": 16,
    "statsArea": 463.06226515441386,
    "statsPerimeter": 1070.742500150174,
    "statsVertices": 27577,
    "statsLineResolution": 38.82737426660528,
    "statsVertexDensity": 25.755025130815547
}