{
    "boundaryCount": 19,
    "statsArea": 543.3585483816013,
    "statsPerimeter": 575.4105730666655,
    "statsVertices": 32207,
    "statsLineResolution": 17.86600965835581,
    "statsVertexDensity": 55.972207511502546
}