{
    "boundaryCount": 19,
    "statsArea": 543.3585483837488,
    "statsPerimeter": 575.4105730666422,
    "statsVertices": 32207,
    "statsLineResolution": 17.866009658355082,
    "statsVertexDensity": 55.97220751150481
}