{
    "boundaryCount": 48,
    "statsArea": 378011.326648258,
    "statsPerimeter": 43109.90286377176,
    "statsVertices": 80493,
    "statsLineResolution": 535.5733152419683,
    "statsVertexDensity": 1.8671579997375465
}