{
    "boundaryCount": 1,
    "statsArea": 20273.62089873582,
    "statsPerimeter": 1363.3798271145665,
    "statsVertices": 47868,
    "statsLineResolution": 28.48207209648547,
    "statsVertexDensity": 35.10980509467197
}