{
    "boundaryCount": 1,
    "statsArea": 20273.62089873498,
    "statsPerimeter": 1363.379827114599,
    "statsVertices": 47868,
    "statsLineResolution": 28.48207209648615,
    "statsVertexDensity": 35.10980509467113
}