{
    "boundaryCount": 6288,
    "statsArea": 3129969.509164739,
    "statsPerimeter": 809251.0168159121,
    "statsVertices": 3104772,
    "statsLineResolution": 260.6474861329309,
    "statsVertexDensity": 3.836599442551299
}