{
    "boundaryCount": 6288,
    "statsArea": 3129969.5091647236,
    "statsPerimeter": 809251.0168159112,
    "statsVertices": 3104772,
    "statsLineResolution": 260.64748613293057,
    "statsVertexDensity": 3.8365994425513033
}