{
    "boundaryCount": 1,
    "statsArea": 949.8634503316304,
    "statsPerimeter": 1163.003175900593,
    "statsVertices": 709,
    "statsLineResolution": 1640.3429843449833,
    "statsVertexDensity": 0.6096286017886174
}