{
    "boundaryCount": 1,
    "statsArea": 1150.1052410610473,
    "statsPerimeter": 1065.974171020405,
    "statsVertices": 700,
    "statsLineResolution": 1522.8202443148646,
    "statsVertexDensity": 0.6566763239018486
}