{
    "boundaryCount": 169,
    "statsArea": 883885.9630564098,
    "statsPerimeter": 68882.69975075164,
    "statsVertices": 434392,
    "statsLineResolution": 158.572671114458,
    "statsVertexDensity": 6.306256891379464
}