{
    "boundaryCount": 357,
    "statsArea": 38093.64267617196,
    "statsPerimeter": 19167.27304835748,
    "statsVertices": 704805,
    "statsLineResolution": 27.19514340613004,
    "statsVertexDensity": 36.771271438656605
}