{
    "boundaryCount": 357,
    "statsArea": 38093.64267617174,
    "statsPerimeter": 19167.27304835779,
    "statsVertices": 704805,
    "statsLineResolution": 27.19514340613048,
    "statsVertexDensity": 36.771271438656015
}