{
    "boundaryCount": 33,
    "boundaryYearSourceLag": 1,
    "statsArea": 1136363.3887098588,
    "statsPerimeter": 46086.448159804124,
    "statsVertices": 56252,
    "statsLineResolution": 819.285503800827,
    "statsVertexDensity": 1.2205757277051805
}