{
    "boundaryCount": 33,
    "statsArea": 533334.0310468758,
    "statsPerimeter": 46086.44159347558,
    "statsVertices": 159839,
    "statsLineResolution": 288.33039241659156,
    "statsVertexDensity": 3.468243467567439
}