{
    "boundaryCount": 486,
    "statsArea": 51177.913947831395,
    "statsPerimeter": 25417.089139242948,
    "statsVertices": 434780,
    "statsLineResolution": 58.45965577819345,
    "statsVertexDensity": 17.10581403000698
}