{
    "boundaryCount": 7,
    "statsArea": 10836.643717373729,
    "statsPerimeter": 1659.8486267566886,
    "statsVertices": 3763,
    "statsLineResolution": 441.0971636345173,
    "statsVertexDensity": 2.267074201430541
}