{
    "boundaryCount": 7,
    "statsArea": 10919.801348555084,
    "statsPerimeter": 1679.9132431611329,
    "statsVertices": 3797,
    "statsLineResolution": 442.431720611307,
    "statsVertexDensity": 2.260235768399024
}