{
    "boundaryCount": 39,
    "statsArea": 227.55548290554395,
    "statsPerimeter": 497.1022745609728,
    "statsVertices": 6997,
    "statsLineResolution": 71.04505853379631,
    "statsVertexDensity": 14.075574299432768
}