{
    "boundaryCount": 10,
    "statsArea": 238668.70697026575,
    "statsPerimeter": 8864.10797569725,
    "statsVertices": 4815,
    "statsLineResolution": 1840.9362358665112,
    "statsVertexDensity": 0.5432018668095311
}