{"boundaryCount": 10, "boundaryYearSourceLag": null, "statsArea": 238668.70697026575, "statsVertices": 4815, "statsLineResolution": 1840.9362358665103, "statsVertexDensity": 0.5432018668095313, "statsPerimeter": 8864.107975697247}