{
    "boundaryCount": 1,
    "statsArea": 110784.23090604547,
    "statsPerimeter": 9238.89480833594,
    "statsVertices": 95696,
    "statsLineResolution": 96.54421092141719,
    "statsVertexDensity": 10.357948865664838
}