{
    "boundaryCount": 28,
    "boundaryYearSourceLag": 1,
    "statsArea": 110957.93901002331,
    "statsPerimeter": 10532.84856474182,
    "statsVertices": 10967,
    "statsLineResolution": 960.4129264832516,
    "statsVertexDensity": 1.041218805396242
}