{
    "boundaryCount": 28,
    "statsArea": 88167.70574953116,
    "statsPerimeter": 10532.847801068265,
    "statsVertices": 16906,
    "statsLineResolution": 623.0242399780117,
    "statsVertexDensity": 1.6050739856209977
}