{
    "boundaryCount": 1,
    "statsArea": 776.1977780566547,
    "statsPerimeter": 384.2501221093687,
    "statsVertices": 283,
    "statsLineResolution": 1357.7742830719742,
    "statsVertexDensity": 0.7364994406415569
}