{
    "boundaryCount": 1,
    "statsArea": 603.1131084832418,
    "statsPerimeter": 345.64878406507995,
    "statsVertices": 212,
    "statsLineResolution": 1630.418792759811,
    "statsVertexDensity": 0.6133393484181443
}