{
    "boundaryCount": 1,
    "statsArea": 36406.33531952091,
    "statsPerimeter": 2876.0181320709225,
    "statsVertices": 60419,
    "statsLineResolution": 47.60122034576744,
    "statsVertexDensity": 21.00786477187275
}