{
    "boundaryCount": 1,
    "statsArea": 266.6700968793383,
    "statsPerimeter": 68.74393497598163,
    "statsVertices": 1090,
    "statsLineResolution": 63.06783025319415,
    "statsVertexDensity": 15.855944242656955
}