{
    "boundaryCount": 1,
    "statsArea": 266.6700970597408,
    "statsPerimeter": 68.74393502468511,
    "statsVertices": 1090,
    "statsLineResolution": 63.06783029787625,
    "statsVertexDensity": 15.855944231423386
}