{
    "boundaryCount": 10,
    "boundaryYearSourceLag": 1,
    "statsArea": 464987.3895652889,
    "statsPerimeter": 15142.793208681187,
    "statsVertices": 18322,
    "statsLineResolution": 826.4814544635512,
    "statsVertexDensity": 1.2099485047115488
}