{
    "boundaryCount": 10,
    "statsArea": 278015.46523005667,
    "statsPerimeter": 15142.791918361048,
    "statsVertices": 53432,
    "statsLineResolution": 283.4030528215498,
    "statsVertexDensity": 3.5285435003047385
}