{
    "boundaryCount": 1,
    "statsArea": 308229.02829779114,
    "statsPerimeter": 5154.388148109505,
    "statsVertices": 141836,
    "statsLineResolution": 36.3404787790794,
    "statsVertexDensity": 27.517524083245796
}