{
    "boundaryCount": 1,
    "statsArea": 308229.0282977912,
    "statsPerimeter": 5154.3881481093995,
    "statsVertices": 141836,
    "statsLineResolution": 36.34047877907865,
    "statsVertexDensity": 27.517524083246357
}