{
    "boundaryCount": 1,
    "statsArea": 1672.2269196039886,
    "statsPerimeter": 342.26728649950957,
    "statsVertices": 127,
    "statsLineResolution": 2695.0180039331462,
    "statsVertexDensity": 0.37105503508347115
}