{
    "boundaryCount": 1,
    "statsArea": 1724.2206167000666,
    "statsPerimeter": 338.63908379773716,
    "statsVertices": 122,
    "statsLineResolution": 2775.730195063419,
    "statsVertexDensity": 0.360265562473788
}