{
    "boundaryCount": 1,
    "statsArea": 1701.1134861476207,
    "statsPerimeter": 334.23849402606345,
    "statsVertices": 71,
    "statsLineResolution": 4707.584422902302,
    "statsVertexDensity": 0.2124231686924233
}