{
    "boundaryCount": 24,
    "statsArea": 256115.61929277008,
    "statsPerimeter": 20072.769770366827,
    "statsVertices": 720102,
    "statsLineResolution": 27.87489795940968,
    "statsVertexDensity": 35.874570786094374
}