{
    "boundaryCount": 24,
    "statsArea": 256339.7405454953,
    "statsPerimeter": 20123.355668496723,
    "statsVertices": 729124,
    "statsLineResolution": 27.599359873624685,
    "statsVertexDensity": 36.23272440299058
}