{"boundaryCount": 24, "boundaryYearSourceLag": null, "statsArea": 256115.61929277008, "statsVertices": 720102, "statsLineResolution": 27.874508096987036, "statsVertexDensity": 35.87507254013534, "statsPerimeter": 20072.48902965656}