{
    "boundaryCount": 1,
    "statsArea": 255274.5253619711,
    "statsPerimeter": 3901.9834209237933,
    "statsVertices": 580,
    "statsLineResolution": 6727.557622282402,
    "statsVertexDensity": 0.14864235375523077
}