{
    "boundaryCount": 1,
    "statsArea": 255014.21488391547,
    "statsPerimeter": 4400.750045049662,
    "statsVertices": 1513,
    "statsLineResolution": 2908.625277627007,
    "statsVertexDensity": 0.3438050297135033
}