{
    "boundaryCount": 1,
    "statsArea": 255846.54909490052,
    "statsPerimeter": 4153.040464406477,
    "statsVertices": 1184,
    "statsLineResolution": 3507.6355273703357,
    "statsVertexDensity": 0.28509233419405383
}