{
    "boundaryCount": 1,
    "boundaryYearSourceLag": 1,
    "statsArea": 122120.15985292655,
    "statsPerimeter": 5678.169234861182,
    "statsVertices": 12434,
    "statsLineResolution": 456.6647285556685,
    "statsVertexDensity": 2.1897903154526146
}