{
    "boundaryCount": 1,
    "statsArea": 122120.21584888872,
    "statsPerimeter": 5677.86409198916,
    "statsVertices": 70022,
    "statsLineResolution": 81.0868597296444,
    "statsVertexDensity": 12.332454399321271
}