{
    "boundaryCount": 5,
    "statsArea": 2165628.2999251066,
    "statsPerimeter": 61611.251672420345,
    "statsVertices": 43524,
    "statsLineResolution": 1415.569609236751,
    "statsVertexDensity": 0.7064294072682032
}