{
    "boundaryCount": 1,
    "statsArea": 35989.52231225306,
    "statsPerimeter": 933.6478647830927,
    "statsVertices": 259,
    "statsLineResolution": 3604.818010745532,
    "statsVertexDensity": 0.27740651456443005
}