{
    "boundaryCount": 1,
    "statsArea": 36366.19687450527,
    "statsPerimeter": 1119.214677823766,
    "statsVertices": 363,
    "statsLineResolution": 3083.236027062716,
    "statsVertexDensity": 0.3243345599307435
}