{
    "boundaryCount": 569,
    "statsArea": 7688039.743869417,
    "statsPerimeter": 303089.24279284547,
    "statsVertices": 2762652,
    "statsLineResolution": 109.70952649586177,
    "statsVertexDensity": 9.114978725550511
}