{"boundaryCount": 569, "boundaryYearSourceLag": null, "statsArea": 7688039.743869417, "statsVertices": 2762652, "statsLineResolution": 109.24461077442153, "statsVertexDensity": 9.153769626813842, "statsPerimeter": 301804.8424451772}