{
    "boundaryCount": 568,
    "statsArea": 7688058.227779878,
    "statsPerimeter": 303117.4274387016,
    "statsVertices": 3062366,
    "statsLineResolution": 98.98145010710726,
    "statsVertexDensity": 10.102903108793676
}