{
    "boundaryCount": 61,
    "statsArea": 308457.4906005242,
    "statsPerimeter": 19239.428088381715,
    "statsVertices": 37990,
    "statsLineResolution": 506.43401127617045,
    "statsVertexDensity": 1.9745909195160203
}