{
    "boundaryCount": 1,
    "statsArea": 78752.18966487405,
    "statsPerimeter": 1540.1816481869018,
    "statsVertices": 301,
    "statsLineResolution": 5116.882552115953,
    "statsVertexDensity": 0.1954314936516329
}