{
    "boundaryCount": 1,
    "statsArea": 78758.85950606085,
    "statsPerimeter": 1728.7404804350494,
    "statsVertices": 922,
    "statsLineResolution": 1874.9896750922444,
    "statsVertexDensity": 0.533336270212156
}