{
    "boundaryCount": 1,
    "statsArea": 78752.04503427669,
    "statsPerimeter": 1561.5516597895926,
    "statsVertices": 520,
    "statsLineResolution": 3002.9839611338316,
    "statsVertexDensity": 0.3330021115472197
}