{
    "boundaryCount": 1,
    "statsArea": 3067.594156123207,
    "statsPerimeter": 1014.9260612661225,
    "statsVertices": 668,
    "statsLineResolution": 1519.3503911169498,
    "statsVertexDensity": 0.6581760243368552
}