{
    "boundaryCount": 1,
    "statsArea": 3336.5477455264468,
    "statsPerimeter": 2193.456931530883,
    "statsVertices": 1043,
    "statsLineResolution": 2103.026779991259,
    "statsVertexDensity": 0.47550511934239675
}