{
    "boundaryCount": 1,
    "statsArea": 12558.463721455697,
    "statsPerimeter": 3054.445171182424,
    "statsVertices": 418,
    "statsLineResolution": 7307.285098522545,
    "statsVertexDensity": 0.1368497309899937
}