{
    "boundaryCount": 14,
    "statsArea": 1038553.6212557999,
    "statsPerimeter": 17468.02001901915,
    "statsVertices": 5574,
    "statsLineResolution": 3133.839257089908,
    "statsVertexDensity": 0.31909741309725076
}