{
    "boundaryCount": 19,
    "statsArea": 177345.11548254912,
    "statsPerimeter": 8938.294797273455,
    "statsVertices": 4065,
    "statsLineResolution": 2198.8425085543554,
    "statsVertexDensity": 0.4547847315619967
}