{
    "boundaryCount": 1,
    "statsArea": 175.96206687328146,
    "statsPerimeter": 344.12775059100255,
    "statsVertices": 1295,
    "statsLineResolution": 265.73571474208694,
    "statsVertexDensity": 3.7631373749311883
}