{
    "boundaryCount": 1,
    "statsArea": 160.8089954495317,
    "statsPerimeter": 73.38347580530693,
    "statsVertices": 116,
    "statsLineResolution": 632.6161707354045,
    "statsVertexDensity": 1.5807373353063652
}