{
    "boundaryCount": 9,
    "statsArea": 1219721.1548915063,
    "statsPerimeter": 24932.063920683475,
    "statsVertices": 389633,
    "statsLineResolution": 63.98858392560043,
    "statsVertexDensity": 15.627787624784768
}