{
    "boundaryCount": 9,
    "statsArea": 1219721.1548915082,
    "statsPerimeter": 24932.0639206837,
    "statsVertices": 389633,
    "statsLineResolution": 63.98858392560101,
    "statsVertexDensity": 15.627787624784625
}