{
    "boundaryCount": 3147,
    "statsArea": 9896583.61322107,
    "statsPerimeter": 764166.2603465614,
    "statsVertices": 7451730,
    "statsLineResolution": 102.54883904094237,
    "statsVertexDensity": 9.751451204637748
}