{
    "boundaryCount": 1,
    "statsArea": 177465.6339430623,
    "statsPerimeter": 2613.902125266271,
    "statsVertices": 26411,
    "statsLineResolution": 98.97020655281024,
    "statsVertexDensity": 10.104050853591001
}