{
    "boundaryCount": 1,
    "statsArea": 43144.84818324039,
    "statsPerimeter": 8365.088348898982,
    "statsVertices": 190855,
    "statsLineResolution": 43.82954781849562,
    "statsVertexDensity": 22.815658608688867
}