{
    "boundaryCount": 1,
    "statsArea": 299.6844939641201,
    "statsPerimeter": 2532.5809212065537,
    "statsVertices": 47596,
    "statsLineResolution": 53.20995296257152,
    "statsVertexDensity": 18.793476489321677
}