{
    "boundaryCount": 1,
    "boundaryYearSourceLag": 0,
    "statsArea": 452913.0173495159,
    "statsPerimeter": 4939.168098157723,
    "statsVertices": 10618,
    "statsLineResolution": 465.16934433581866,
    "statsVertexDensity": 2.149754733790179
}