{
    "boundaryCount": 1,
    "statsArea": 452913.01734951616,
    "statsPerimeter": 4939.168098157729,
    "statsVertices": 10618,
    "statsLineResolution": 465.1693443358193,
    "statsVertexDensity": 2.1497547337901763
}