{
    "boundaryCount": 119,
    "statsArea": 24080.818005701814,
    "statsPerimeter": 9540.752664560392,
    "statsVertices": 45009,
    "statsLineResolution": 211.97433101291725,
    "statsVertexDensity": 4.717552333914724
}