{
    "boundaryCount": 6,
    "statsArea": 4233.725572479499,
    "statsPerimeter": 1573.6120340832717,
    "statsVertices": 11005,
    "statsLineResolution": 142.99064371497244,
    "statsVertexDensity": 6.993464565369257
}