{
    "boundaryCount": 6,
    "boundaryYearSourceLag": 1,
    "statsArea": 9267.18751467585,
    "statsPerimeter": 1573.6126726429964,
    "statsVertices": 2739,
    "statsLineResolution": 574.5208735461833,
    "statsVertexDensity": 1.7405807970519527
}