{
    "boundaryCount": 1,
    "statsArea": 16975472.945015315,
    "statsPerimeter": 134641.33343639225,
    "statsVertices": 480671,
    "statsLineResolution": 280.1112058692791,
    "statsVertexDensity": 3.570010692348649
}