{
    "boundaryCount": 14,
    "statsArea": 147986.92489401167,
    "statsPerimeter": 9938.84052878347,
    "statsVertices": 20294,
    "statsLineResolution": 489.7428071737198,
    "statsVertexDensity": 2.0418880795226944
}