{
    "boundaryCount": 82,
    "boundaryYearSourceLag": 19,
    "statsArea": 780782.9367803006,
    "statsPerimeter": 47387.565793015674,
    "statsVertices": 112294,
    "statsLineResolution": 421.9955277487281,
    "statsVertexDensity": 2.369693359867637
}