{
    "boundaryCount": 1,
    "statsArea": 1879827.3748788112,
    "statsPerimeter": 54827.17284603239,
    "statsVertices": 19565,
    "statsLineResolution": 2802.3088600067667,
    "statsVertexDensity": 0.35684860233342924
}