{
    "boundaryCount": 1,
    "statsArea": 83590.50159053791,
    "statsPerimeter": 1860.127363306668,
    "statsVertices": 18370,
    "statsLineResolution": 101.25897459481045,
    "statsVertexDensity": 9.875667850691926
}