{
    "boundaryCount": 1,
    "statsArea": 83590.50159053796,
    "statsPerimeter": 1860.1273633066726,
    "statsVertices": 18370,
    "statsLineResolution": 101.2589745948107,
    "statsVertexDensity": 9.875667850691901
}