{
    "boundaryCount": 1,
    "statsArea": 41507.640547438794,
    "statsPerimeter": 1410.3968676701743,
    "statsVertices": 545,
    "statsLineResolution": 2587.884160862705,
    "statsVertexDensity": 0.38641605954519886
}