{
    "boundaryCount": 1,
    "statsArea": 41435.79876908532,
    "statsPerimeter": 1479.3905830964,
    "statsVertices": 749,
    "statsLineResolution": 1975.1543165506007,
    "statsVertexDensity": 0.5062895550087422
}