{
    "boundaryCount": 1,
    "statsArea": 41497.009639333584,
    "statsPerimeter": 1379.3717814573763,
    "statsVertices": 269,
    "statsLineResolution": 5127.776139246752,
    "statsVertexDensity": 0.1950163136698272
}