{
    "boundaryCount": 1,
    "boundaryYearSourceLag": 3,
    "statsArea": 188110.81860764266,
    "statsPerimeter": 2415.7560832999443,
    "statsVertices": 5247,
    "statsLineResolution": 460.4071056413082,
    "statsVertexDensity": 2.171990804979181
}