{
    "boundaryCount": 1,
    "statsArea": 328391.6117115377,
    "statsPerimeter": 6703.072842778149,
    "statsVertices": 1147,
    "statsLineResolution": 5844.0042221256745,
    "statsVertexDensity": 0.17111555056958258
}