{
    "boundaryCount": 1,
    "statsArea": 327884.8886719547,
    "statsPerimeter": 7584.941040966871,
    "statsVertices": 2549,
    "statsLineResolution": 2975.6536057147396,
    "statsVertexDensity": 0.3360606214646426
}