{
    "boundaryCount": 1,
    "statsArea": 328853.57687809283,
    "statsPerimeter": 6962.3521620674055,
    "statsVertices": 2036,
    "statsLineResolution": 3419.622869384777,
    "statsVertexDensity": 0.29242990768157706
}