{
    "boundaryCount": 80,
    "statsArea": 1872128.4257925912,
    "statsPerimeter": 53715.516640328795,
    "statsVertices": 57205,
    "statsLineResolution": 939.0003782943588,
    "statsVertexDensity": 1.0649622972638664
}