{
    "boundaryCount": 80,
    "statsArea": 1872128.426052499,
    "statsPerimeter": 53717.0259424895,
    "statsVertices": 58091,
    "statsLineResolution": 924.7047897693188,
    "statsVertexDensity": 1.0814262141428561
}