{"boundaryCount": 80, "boundaryYearSourceLag": null, "statsArea": 1872128.4257925912, "statsVertices": 57205, "statsLineResolution": 939.0003782943588, "statsVertexDensity": 1.0649622972638664, "statsPerimeter": 53715.516640328795}