{
    "boundaryCount": 1,
    "statsArea": 40421.27275753246,
    "statsPerimeter": 1027.0319282418882,
    "statsVertices": 327,
    "statsLineResolution": 3140.770422758068,
    "statsVertexDensity": 0.318393217394683
}