{
    "boundaryCount": 1,
    "statsArea": 40365.36421685329,
    "statsPerimeter": 1020.2180919013069,
    "statsVertices": 328,
    "statsLineResolution": 3110.4210118942283,
    "statsVertexDensity": 0.3214998857633764
}