{
    "boundaryCount": 18,
    "statsArea": 1247144.4577930793,
    "statsPerimeter": 24601.56144708659,
    "statsVertices": 54541,
    "statsLineResolution": 451.06546354277685,
    "statsVertexDensity": 2.216973102187339
}