{
    "boundaryCount": 25,
    "statsArea": 601062.3248066467,
    "statsPerimeter": 30546.87580387866,
    "statsVertices": 252973,
    "statsLineResolution": 120.75152606751969,
    "statsVertexDensity": 8.281468835771383
}