{
    "boundaryCount": 1,
    "statsArea": 18031.325135314888,
    "statsPerimeter": 1408.6247332372432,
    "statsVertices": 222,
    "statsLineResolution": 6345.156456023618,
    "statsVertexDensity": 0.15760052678459563
}