{
    "boundaryCount": 1,
    "statsArea": 18930.08333561211,
    "statsPerimeter": 2608.6798755736354,
    "statsVertices": 1476,
    "statsLineResolution": 1767.398289684035,
    "statsVertexDensity": 0.5658034218075283
}