{
    "boundaryCount": 1,
    "statsArea": 19318.628730470737,
    "statsPerimeter": 2198.428587294214,
    "statsVertices": 911,
    "statsLineResolution": 2413.203718215383,
    "statsVertexDensity": 0.41438689674302415
}