{
    "boundaryCount": 1,
    "statsArea": 77594.49479324123,
    "statsPerimeter": 2386.8554896766746,
    "statsVertices": 32483,
    "statsLineResolution": 73.4801431418488,
    "statsVertexDensity": 13.609118834588589
}