{
    "boundaryCount": 1,
    "statsArea": 77594.49479323975,
    "statsPerimeter": 2386.8554896767055,
    "statsVertices": 32483,
    "statsLineResolution": 73.48014314184975,
    "statsVertexDensity": 13.609118834588413
}