{"boundaryCount": 6, "boundaryYearSourceLag": null, "statsArea": 22299.41635466509, "statsVertices": 978, "statsLineResolution": 2171.0171759154728, "statsVertexDensity": 0.46061358292954124, "statsPerimeter": 2123.2547980453323}