{
    "boundaryCount": 6,
    "statsArea": 22299.41635466509,
    "statsPerimeter": 2123.254798045337,
    "statsVertices": 980,
    "statsLineResolution": 2166.5865286176904,
    "statsVertexDensity": 0.4615555329968808
}