{
    "boundaryCount": 6,
    "statsArea": 22299.41635466509,
    "statsPerimeter": 2123.2547980453323,
    "statsVertices": 978,
    "statsLineResolution": 2171.0171759154728,
    "statsVertexDensity": 0.46061358292954124
}