{
    "boundaryCount": 1,
    "statsArea": 23.01850035026006,
    "statsPerimeter": 77.46787981259173,
    "statsVertices": 69,
    "statsLineResolution": 1122.722895834663,
    "statsVertexDensity": 0.8906917314236945
}