{
    "boundaryCount": 1,
    "statsArea": 7691175.090399796,
    "statsPerimeter": 33866.03688457139,
    "statsVertices": 13650,
    "statsLineResolution": 2481.028343192043,
    "statsVertexDensity": 0.40305867635249154
}