{"boundaryCount": 1, "boundaryYearSourceLag": null, "statsArea": 7691175.090399796, "statsVertices": 13650, "statsLineResolution": 2481.028343192043, "statsVertexDensity": 0.40305867635249154, "statsPerimeter": 33866.03688457139}