{
    "boundaryCount": 1,
    "statsArea": 628.7672882685798,
    "statsPerimeter": 175.9242686368703,
    "statsVertices": 87,
    "statsLineResolution": 2022.1180303088538,
    "statsVertexDensity": 0.49453097445912303
}