{
    "boundaryCount": 1,
    "statsArea": 650.770139437762,
    "statsPerimeter": 196.39185343453892,
    "statsVertices": 111,
    "statsLineResolution": 1769.2959768877379,
    "statsVertexDensity": 0.5651965601363316
}