{
    "boundaryCount": 1,
    "statsArea": 584.9397780120479,
    "statsPerimeter": 135.86501839690035,
    "statsVertices": 50,
    "statsLineResolution": 2717.300367938007,
    "statsVertexDensity": 0.36801231538449275
}