{"boundaryCount": 52, "boundaryYearSourceLag": null, "statsArea": 506043.7585735798, "statsVertices": 276504, "statsLineResolution": 142.1858090331006, "statsVertexDensity": 7.0330506736238485, "statsPerimeter": 39314.94494088845}