{
    "boundaryCount": 52,
    "statsArea": 506044.3191588889,
    "statsPerimeter": 39726.699863509006,
    "statsVertices": 283587,
    "statsLineResolution": 140.0864632846675,
    "statsVertexDensity": 7.138448473553905
}