{
    "boundaryCount": 52,
    "statsArea": 506043.7585735798,
    "statsPerimeter": 39553.53659452795,
    "statsVertices": 276504,
    "statsLineResolution": 143.04869583994426,
    "statsVertexDensity": 6.990626472532751
}