{
    "boundaryCount": 18,
    "statsArea": 506044.31915888906,
    "statsPerimeter": 24849.197020706397,
    "statsVertices": 262823,
    "statsLineResolution": 94.54726953389314,
    "statsVertexDensity": 10.576720035701525
}