{
    "boundaryCount": 18,
    "statsArea": 506043.75857357995,
    "statsPerimeter": 24686.13983302545,
    "statsVertices": 258572,
    "statsLineResolution": 95.47104803700883,
    "statsVertexDensity": 10.474379621478079
}