{"boundaryCount": 18, "boundaryYearSourceLag": null, "statsArea": 506043.75857357995, "statsVertices": 258572, "statsLineResolution": 94.85019594108698, "statsVertexDensity": 10.54294079288056, "statsPerimeter": 24525.604864878744}