{
    "boundaryCount": 1,
    "boundaryYearSourceLag": 1,
    "statsArea": 51142.36092350614,
    "statsPerimeter": 2894.189329933382,
    "statsVertices": 5207,
    "statsLineResolution": 555.8266429678091,
    "statsVertexDensity": 1.7991221051595314
}