{
    "boundaryCount": 1,
    "statsArea": 51142.3928128438,
    "statsPerimeter": 2894.1892293571386,
    "statsVertices": 26957,
    "statsLineResolution": 107.36317948425784,
    "statsVertexDensity": 9.314180194771758
}