{"boundaryCount": 3, "boundaryYearSourceLag": null, "statsArea": 323.6942016456948, "statsVertices": 3603, "statsLineResolution": 55.53711804330425, "statsVertexDensity": 18.005975737168512, "statsPerimeter": 200.10023631002522}