{
    "boundaryCount": 6,
    "statsArea": 1439.614460158854,
    "statsPerimeter": 986.4770782468398,
    "statsVertices": 8129,
    "statsLineResolution": 121.35282054949438,
    "statsVertexDensity": 8.240434754395714
}