{
    "boundaryCount": 5926,
    "statsArea": 514054.55944848247,
    "statsPerimeter": 266501.69266916584,
    "statsVertices": 3408352,
    "statsLineResolution": 78.19077743999618,
    "statsVertexDensity": 12.789232090285877
}