{"boundaryCount": 5926, "boundaryYearSourceLag": null, "statsArea": 514054.55944848247, "statsVertices": 3408352, "statsLineResolution": 78.11472146052687, "statsVertexDensity": 12.80168425749713, "statsPerimeter": 266242.46711942967}