{
    "boundaryCount": 5926,
    "statsArea": 514054.55520661524,
    "statsPerimeter": 266518.9548913468,
    "statsVertices": 3752869,
    "statsLineResolution": 71.0173882678417,
    "statsVertexDensity": 14.081058518070327
}