{
    "boundaryCount": 1,
    "boundaryYearSourceLag": 1,
    "statsArea": 124.93290276163043,
    "statsPerimeter": 81.70011014197445,
    "statsVertices": 259,
    "statsLineResolution": 315.4444407026041,
    "statsVertexDensity": 3.170130365184606
}