{
    "boundaryCount": 1,
    "statsArea": 1870661.5026131535,
    "statsPerimeter": 8702.47540328423,
    "statsVertices": 38029,
    "statsLineResolution": 228.83787118473347,
    "statsVertexDensity": 4.3699060597917025
}