{
    "boundaryCount": 1,
    "boundaryYearSourceLag": 1,
    "statsArea": 1870661.4079403915,
    "statsPerimeter": 8702.47222104905,
    "statsVertices": 7013,
    "statsLineResolution": 1240.905777990739,
    "statsVertexDensity": 0.8058629573142847
}