{
    "boundaryCount": 1,
    "boundaryYearSourceLag": 1,
    "statsArea": 66019.17880755555,
    "statsPerimeter": 3143.362783226457,
    "statsVertices": 292426,
    "statsLineResolution": 10.74925890046185,
    "statsVertexDensity": 93.02966923208392
}