{
    "boundaryCount": 1,
    "statsArea": 787297.0321950662,
    "statsPerimeter": 13598.226519161959,
    "statsVertices": 191075,
    "statsLineResolution": 71.16695810107004,
    "statsVertexDensity": 14.051464706132554
}