{
    "boundaryCount": 1,
    "statsArea": 787297.032904376,
    "statsPerimeter": 13492.256256302742,
    "statsVertices": 190236,
    "statsLineResolution": 70.92378023246253,
    "statsVertexDensity": 14.099643261010076
}