{"boundaryCount": 1, "boundaryYearSourceLag": null, "statsArea": 787297.032904376, "statsVertices": 190236, "statsLineResolution": 70.60061970330797, "statsVertexDensity": 14.16418162053534, "statsPerimeter": 13430.779489878496}