{
    "boundaryCount": 335,
    "statsArea": 453076.75741596747,
    "statsPerimeter": 47935.245008378995,
    "statsVertices": 146721,
    "statsLineResolution": 326.7101846932545,
    "statsVertexDensity": 3.0608167325389375
}