{
    "boundaryCount": 1,
    "statsArea": 983764.1777951424,
    "statsPerimeter": 7764.759364449621,
    "statsVertices": 117324,
    "statsLineResolution": 66.18219089401676,
    "statsVertexDensity": 15.1098050169023
}