{"boundaryCount": 1, "boundaryYearSourceLag": null, "statsArea": 983764.184681118, "statsVertices": 116831, "statsLineResolution": 63.573437067995016, "statsVertexDensity": 15.729840104923841, "statsPerimeter": 7427.348226090926}