{
    "boundaryCount": 1,
    "statsArea": 343276.3417483548,
    "statsPerimeter": 4975.470592056829,
    "statsVertices": 15502,
    "statsLineResolution": 320.9566889470281,
    "statsVertexDensity": 3.115685182573166
}