{
    "boundaryCount": 1,
    "statsArea": 343276.3417483546,
    "statsPerimeter": 4975.470592056824,
    "statsVertices": 15502,
    "statsLineResolution": 320.9566889470277,
    "statsVertexDensity": 3.115685182573169
}