{
    "boundaryCount": 336,
    "statsArea": 244816.17398472273,
    "statsPerimeter": 43562.53640504181,
    "statsVertices": 70916,
    "statsLineResolution": 614.2836088476762,
    "statsVertexDensity": 1.6279125563449144
}