{
    "boundaryCount": 336,
    "statsArea": 244816.1739931209,
    "statsPerimeter": 43567.839549075834,
    "statsVertices": 72644,
    "statsLineResolution": 599.7445012537282,
    "statsVertexDensity": 1.6673766877554739
}