{
    "boundaryCount": 1,
    "statsArea": 9392137.36490468,
    "statsPerimeter": 57538.00871160123,
    "statsVertices": 995311,
    "statsLineResolution": 57.809075466463476,
    "statsVertexDensity": 17.29832196642075
}