{
    "boundaryCount": 1,
    "statsArea": 9392137.364904694,
    "statsPerimeter": 57538.00871160168,
    "statsVertices": 995311,
    "statsLineResolution": 57.80907546646393,
    "statsVertexDensity": 17.298321966420612
}