{
    "boundaryCount": 1,
    "statsArea": 1952022.9768935037,
    "statsPerimeter": 33625.16772613483,
    "statsVertices": 592911,
    "statsLineResolution": 56.71199847217344,
    "statsVertexDensity": 17.632952936593554
}