{
    "boundaryCount": 153,
    "statsArea": 128434.2085784902,
    "statsPerimeter": 22371.678637491663,
    "statsVertices": 282187,
    "statsLineResolution": 79.27962180217962,
    "statsVertexDensity": 12.613581867169138
}