{
    "boundaryCount": 153,
    "statsArea": 128434.20857848808,
    "statsPerimeter": 22371.67863749174,
    "statsVertices": 282187,
    "statsLineResolution": 79.2796218021799,
    "statsVertexDensity": 12.613581867169094
}