{
    "boundaryCount": 13,
    "statsArea": 1924827.1793089213,
    "statsPerimeter": 33333.602701609205,
    "statsVertices": 172461,
    "statsLineResolution": 193.28197506456073,
    "statsVertexDensity": 5.173788190367863
}