{
    "boundaryCount": 13,
    "statsArea": 1924827.1793089216,
    "statsPerimeter": 33333.602701609365,
    "statsVertices": 172461,
    "statsLineResolution": 193.28197506456164,
    "statsVertexDensity": 5.173788190367838
}