{
    "boundaryCount": 13077,
    "statsArea": 78855.1473416251,
    "statsPerimeter": 179273.7329987709,
    "statsVertices": 5452848,
    "statsLineResolution": 32.877082397816864,
    "statsVertexDensity": 30.416324292401413
}