{
    "boundaryCount": 13077,
    "statsArea": 78855.14734162606,
    "statsPerimeter": 179273.73299876868,
    "statsVertices": 5452848,
    "statsLineResolution": 32.87708239781646,
    "statsVertexDensity": 30.41632429240179
}