{
    "boundaryCount": 1,
    "statsArea": 88.27043681378542,
    "statsPerimeter": 129.9528150294463,
    "statsVertices": 3627,
    "statsLineResolution": 35.82928454079027,
    "statsVertexDensity": 27.91013029750952
}