{
    "boundaryCount": 67,
    "statsArea": 1183625.4744413155,
    "statsPerimeter": 34752.62720177467,
    "statsVertices": 10211,
    "statsLineResolution": 3403.4499267235983,
    "statsVertexDensity": 0.293819513002993
}