{
    "boundaryCount": 107,
    "boundaryYearSourceLag": 9,
    "statsArea": 824100.0723623134,
    "statsPerimeter": 39576.09912883883,
    "statsVertices": 93765,
    "statsLineResolution": 422.0775249702856,
    "statsVertexDensity": 2.369232998299069
}