{
    "boundaryCount": 6,
    "statsArea": 17364.823425877006,
    "statsPerimeter": 1497.2132062547453,
    "statsVertices": 2649,
    "statsLineResolution": 565.1993983596623,
    "statsVertexDensity": 1.7692870921346138
}