{"boundaryCount": 1, "boundaryYearSourceLag": null, "statsArea": 3319.5111402598463, "statsVertices": 202, "statsLineResolution": 2524.7690505085534, "statsVertexDensity": 0.3960758310937685, "statsPerimeter": 510.0033482027278}