{
    "boundaryCount": 1,
    "boundaryYearSourceLag": 2,
    "statsArea": 11624.845308170308,
    "statsPerimeter": 1220.8543699216712,
    "statsVertices": 23044,
    "statsLineResolution": 52.979273126265895,
    "statsVertexDensity": 18.875306152590895
}