{
    "boundaryCount": 1,
    "boundaryYearSourceLag": null,
    "statsArea": 632917.0659116012,
    "statsPerimeter": 5832.862442690897,
    "statsVertices": 22657,
    "statsLineResolution": 257.4419580125744,
    "statsVertexDensity": 3.8843707052257446
}