{
    "boundaryCount": 1,
    "statsArea": 293290.6305085636,
    "statsPerimeter": 17313.103133816323,
    "statsVertices": 7406,
    "statsLineResolution": 2337.7130885520287,
    "statsVertexDensity": 0.42776849087986096
}