{
    "boundaryCount": 16,
    "statsArea": 182885.1809821539,
    "statsPerimeter": 18960.786819188368,
    "statsVertices": 65568,
    "statsLineResolution": 289.1774466079241,
    "statsVertexDensity": 3.4580843413968982
}