{
    "boundaryCount": 16,
    "boundaryYearSourceLag": 1,
    "statsArea": 357442.6774765565,
    "statsPerimeter": 18960.789967948072,
    "statsVertices": 23844,
    "statsLineResolution": 795.2017265537692,
    "statsVertexDensity": 1.257542541228855
}