{
    "boundaryCount": 22,
    "statsArea": 83590.11459138388,
    "statsPerimeter": 8067.711761599508,
    "statsVertices": 83127,
    "statsLineResolution": 97.05284398089077,
    "statsVertexDensity": 10.303665085763948
}