{
    "boundaryCount": 22,
    "statsArea": 83590.11459138394,
    "statsPerimeter": 8067.711761599458,
    "statsVertices": 83127,
    "statsLineResolution": 97.05284398089019,
    "statsVertexDensity": 10.30366508576401
}