{
    "boundaryCount": 7,
    "boundaryYearSourceLag": 8,
    "statsArea": 51352.935935655536,
    "statsPerimeter": 5259.905671383068,
    "statsVertices": 13983,
    "statsLineResolution": 376.1643189146155,
    "statsVertexDensity": 2.658412692850295
}