{"boundaryCount": 3148, "boundaryYearSourceLag": null, "statsArea": 9473014.967543462, "statsVertices": 2546347, "statsLineResolution": 327.4431851209472, "statsVertexDensity": 3.053964918007475, "statsPerimeter": 833783.9721031685}