{
    "boundaryCount": 3148,
    "statsArea": 9473012.877177244,
    "statsPerimeter": 837043.5330036093,
    "statsVertices": 2609436,
    "statsLineResolution": 320.7756515214818,
    "statsVertexDensity": 3.1174435941657865
}