{
    "boundaryCount": 3148,
    "statsArea": 9473014.967543462,
    "statsPerimeter": 836854.3904151017,
    "statsVertices": 2546347,
    "statsLineResolution": 328.6489981196992,
    "statsVertexDensity": 3.042759922352735
}