{
    "boundaryCount": 21,
    "statsArea": 55077.470983231164,
    "statsPerimeter": 8236.075411316102,
    "statsVertices": 5814,
    "statsLineResolution": 1416.5936379972657,
    "statsVertexDensity": 0.7059187428045828
}