{
    "boundaryCount": 21,
    "statsArea": 55022.605332082865,
    "statsPerimeter": 8234.216857780822,
    "statsVertices": 5819,
    "statsLineResolution": 1415.0570300362301,
    "statsVertexDensity": 0.7066852987362614
}