{"boundaryCount": 21, "boundaryYearSourceLag": null, "statsArea": 55077.470983231164, "statsVertices": 5814, "statsLineResolution": 1416.5936379972657, "statsVertexDensity": 0.7059187428045828, "statsPerimeter": 8236.075411316102}