{
    "boundaryCount": 10,
    "statsArea": 211023.24770500223,
    "statsPerimeter": 7801.170497505309,
    "statsVertices": 17484,
    "statsLineResolution": 446.18911562029905,
    "statsVertexDensity": 2.241202138267726
}