{
    "boundaryCount": 10,
    "statsArea": 211023.24770500153,
    "statsPerimeter": 7801.17049750531,
    "statsVertices": 17484,
    "statsLineResolution": 446.1891156202991,
    "statsVertexDensity": 2.241202138267726
}