{
    "boundaryCount": 1,
    "statsArea": 10903.720676005225,
    "statsPerimeter": 721.950548686301,
    "statsVertices": 6098,
    "statsLineResolution": 118.39136580621532,
    "statsVertexDensity": 8.446561902468583
}