{
    "boundaryCount": 56,
    "boundaryYearSourceLag": 1,
    "statsArea": 9478946.902978236,
    "statsPerimeter": 250888.7407951479,
    "statsVertices": 464019,
    "statsLineResolution": 540.686352919057,
    "statsVertexDensity": 1.849501091716484
}