{
    "boundaryCount": 56,
    "statsArea": 491181.6414127256,
    "statsPerimeter": 250888.736756938,
    "statsVertices": 2661036,
    "statsLineResolution": 94.28235347321042,
    "statsVertexDensity": 10.606438672366638
}