{
    "boundaryCount": 59,
    "statsArea": 1219683.8956391928,
    "statsPerimeter": 53919.607789901136,
    "statsVertices": 632479,
    "statsLineResolution": 85.25122223805239,
    "statsVertexDensity": 11.730037103839246
}