{
    "boundaryCount": 59,
    "statsArea": 1219683.8956391942,
    "statsPerimeter": 53919.60778990139,
    "statsVertices": 632479,
    "statsLineResolution": 85.25122223805279,
    "statsVertexDensity": 11.73003710383919
}