{"boundaryCount": 41948, "boundaryYearSourceLag": null, "statsArea": 295856.80869542283, "statsVertices": 1665452, "statsLineResolution": 254.4510983669853, "statsVertexDensity": 3.9300282310345445, "statsPerimeter": 423776.0906774924}