{
    "boundaryCount": 41948,
    "statsArea": 295856.7941501853,
    "statsPerimeter": 424175.39427952515,
    "statsVertices": 1703143,
    "statsLineResolution": 249.0544800287029,
    "statsVertexDensity": 4.015185753272748
}