{
    "boundaryCount": 41948,
    "statsArea": 295856.80869542283,
    "statsPerimeter": 423882.89120231295,
    "statsVertices": 1665452,
    "statsLineResolution": 254.51522541767216,
    "statsVertexDensity": 3.929038030471262
}