{"boundaryCount": 144, "boundaryYearSourceLag": null, "statsArea": 329383.4220509792, "statsVertices": 227983, "statsLineResolution": 176.16134670947008, "statsVertexDensity": 5.676614187385988, "statsPerimeter": 40161.79230686512}