{
    "boundaryCount": 144,
    "statsArea": 329383.4220509792,
    "statsPerimeter": 40191.53369256971,
    "statsVertices": 227983,
    "statsLineResolution": 176.29180111047626,
    "statsVertexDensity": 5.672413542211943
}