{
    "boundaryCount": 144,
    "statsArea": 329578.7615903797,
    "statsPerimeter": 40257.67711850405,
    "statsVertices": 242023,
    "statsLineResolution": 166.3382286745642,
    "statsVertexDensity": 6.011847113969636
}