{
    "boundaryCount": 157,
    "boundaryYearSourceLag": 8,
    "statsArea": 111223.59293788273,
    "statsPerimeter": 34145.132209841955,
    "statsVertices": 100891,
    "statsLineResolution": 338.4358585983086,
    "statsVertexDensity": 2.9547696397824836
}