{
    "boundaryCount": 1,
    "statsArea": 9469921.689255815,
    "statsPerimeter": 64117.60244548653,
    "statsVertices": 21318,
    "statsLineResolution": 3007.6743805932324,
    "statsVertexDensity": 0.3324828001503143
}