{
    "boundaryCount": 1,
    "statsArea": 9464330.067758229,
    "statsPerimeter": 78801.64998980313,
    "statsVertices": 36018,
    "statsLineResolution": 2187.840801538207,
    "statsVertexDensity": 0.4570716476705843
}