{
    "boundaryCount": 1,
    "statsArea": 9462976.275989905,
    "statsPerimeter": 59128.998249703516,
    "statsVertices": 10601,
    "statsLineResolution": 5577.681185709227,
    "statsVertexDensity": 0.179285973275442
}