{
    "boundaryCount": 156,
    "statsArea": 786922.3682583412,
    "statsPerimeter": 62632.020516337885,
    "statsVertices": 548602,
    "statsLineResolution": 114.1665916572267,
    "statsVertexDensity": 8.759129842488386
}