{
    "boundaryCount": 156,
    "statsArea": 786922.3682583416,
    "statsPerimeter": 62632.02051633793,
    "statsVertices": 548602,
    "statsLineResolution": 114.16659165722679,
    "statsVertexDensity": 8.75912984248838
}