{"boundaryCount": 156, "boundaryYearSourceLag": 0, "statsArea": 786922.3682583412, "statsVertices": 548602, "statsLineResolution": 113.87236162777972, "statsVertexDensity": 8.781762191503063, "statsPerimeter": 62470.60533372321}