{
    "boundaryCount": 1,
    "statsArea": 564.2033868163744,
    "statsPerimeter": 129.16099190996073,
    "statsVertices": 49,
    "statsLineResolution": 2635.9386104073615,
    "statsVertexDensity": 0.3793715058657829
}