{
    "boundaryCount": 400,
    "statsArea": 641853.2793892721,
    "statsPerimeter": 81294.31647305777,
    "statsVertices": 160296,
    "statsLineResolution": 507.1512481475382,
    "statsVertexDensity": 1.971798361243675
}