{
    "boundaryCount": 1,
    "statsArea": 6.5789738124459065,
    "statsPerimeter": 29.544156781741414,
    "statsVertices": 2069,
    "statsLineResolution": 14.279437787211897,
    "statsVertexDensity": 70.03076836089168
}