{
    "boundaryCount": 1,
    "statsArea": 6.578973812373803,
    "statsPerimeter": 29.5441567817307,
    "statsVertices": 2069,
    "statsLineResolution": 14.279437787206719,
    "statsVertexDensity": 70.03076836091708
}