{
    "boundaryCount": 1,
    "statsArea": 66291.1832967967,
    "statsPerimeter": 1982.1215539217287,
    "statsVertices": 871,
    "statsLineResolution": 2275.6849069135806,
    "statsVertexDensity": 0.43942814620863285
}