{
    "boundaryCount": 1,
    "statsArea": 66288.64737786094,
    "statsPerimeter": 1704.6410187072088,
    "statsVertices": 457,
    "statsLineResolution": 3730.067874632842,
    "statsVertexDensity": 0.2680916362945358
}