{
    "boundaryCount": 1,
    "statsArea": 65983.31696337981,
    "statsPerimeter": 1536.65684218902,
    "statsVertices": 270,
    "statsLineResolution": 5691.321637737111,
    "statsVertexDensity": 0.17570611250809637
}