{
    "boundaryCount": 80,
    "statsArea": 336940.1015841055,
    "statsPerimeter": 45919.98830660649,
    "statsVertices": 253856,
    "statsLineResolution": 180.889907296288,
    "statsVertexDensity": 5.528224404261834
}