{"boundaryCount": 80, "boundaryYearSourceLag": null, "statsArea": 336940.10186943103, "statsVertices": 239444, "statsLineResolution": 191.68207954505036, "statsVertexDensity": 5.216971781469919, "statsPerimeter": 45897.123854585036}