{
    "boundaryCount": 80,
    "statsArea": 336940.10186943103,
    "statsPerimeter": 45915.158193509174,
    "statsVertices": 239444,
    "statsLineResolution": 191.75739710959212,
    "statsVertexDensity": 5.214922683939466
}