{"boundaryCount": 1, "boundaryYearSourceLag": null, "statsArea": 437.71143120203305, "statsVertices": 5574, "statsLineResolution": 50.66902028632831, "statsVertexDensity": 19.735925311937077, "statsPerimeter": 282.429119075994}