{
    "boundaryCount": 1,
    "statsArea": 33969.2955078837,
    "statsPerimeter": 2189.9414024752045,
    "statsVertices": 705,
    "statsLineResolution": 3106.2998616669565,
    "statsVertexDensity": 0.3219264219595859
}