{
    "boundaryCount": 1,
    "statsArea": 33242.03538463855,
    "statsPerimeter": 1888.649952268577,
    "statsVertices": 405,
    "statsLineResolution": 4663.333215477968,
    "statsVertexDensity": 0.21443889033726385
}