{
    "boundaryCount": 1,
    "statsArea": 32829.62807172042,
    "statsPerimeter": 2603.747174800123,
    "statsVertices": 1282,
    "statsLineResolution": 2031.0040365055563,
    "statsVertexDensity": 0.4923673129279201
}