{
    "boundaryCount": 33,
    "statsArea": 1138266.6756594728,
    "statsPerimeter": 46426.598972860746,
    "statsVertices": 966333,
    "statsLineResolution": 48.04409967667537,
    "statsVertexDensity": 20.814210417715117
}