{
    "boundaryCount": 33,
    "boundaryYearSourceLag": 3,
    "statsArea": 1138266.6756594672,
    "statsPerimeter": 46426.59897286114,
    "statsVertices": 966333,
    "statsLineResolution": 48.044099676675785,
    "statsVertexDensity": 20.81421041771494
}