{
    "boundaryCount": 350,
    "statsArea": 2779516.906010927,
    "statsPerimeter": 147660.8124769267,
    "statsVertices": 508408,
    "statsLineResolution": 290.4376258377655,
    "statsVertexDensity": 3.443080066212173
}