{
    "boundaryCount": 20,
    "boundaryYearSourceLag": 1,
    "statsArea": 40035.14626011294,
    "statsPerimeter": 5102.799452560211,
    "statsVertices": 5791,
    "statsLineResolution": 881.1603268106045,
    "statsVertexDensity": 1.134867253521888
}