{
    "boundaryCount": 1,
    "statsArea": 83858.2384138788,
    "statsPerimeter": 2481.1203143454936,
    "statsVertices": 15874,
    "statsLineResolution": 156.30088914863887,
    "statsVertexDensity": 6.3979162591264656
}