{
    "boundaryCount": 34,
    "statsArea": 1888230.0832003271,
    "statsPerimeter": 132206.30649823803,
    "statsVertices": 4367013,
    "statsLineResolution": 30.2738522871899,
    "statsVertexDensity": 33.03180548394037
}