{
    "boundaryCount": 34,
    "boundaryYearSourceLag": 1,
    "statsArea": 1888228.6184911262,
    "statsPerimeter": 132206.02249699188,
    "statsVertices": 1746280,
    "statsLineResolution": 75.70723051113903,
    "statsVertexDensity": 13.208777989215534
}