{
    "boundaryCount": 21,
    "statsArea": 108.74991125618351,
    "statsPerimeter": 518.1628530759684,
    "statsVertices": 1490,
    "statsLineResolution": 347.76030407783117,
    "statsVertexDensity": 2.875543839460737
}