{
    "boundaryCount": 3,
    "statsArea": 51208.20786581918,
    "statsPerimeter": 4196.707953887306,
    "statsVertices": 56185,
    "statsLineResolution": 74.69445499487952,
    "statsVertexDensity": 13.387874643018044
}