{
    "boundaryCount": 3,
    "statsArea": 51208.20786581912,
    "statsPerimeter": 4196.707953887175,
    "statsVertices": 56185,
    "statsLineResolution": 74.69445499487719,
    "statsVertexDensity": 13.387874643018462
}