{
    "boundaryCount": 18,
    "boundaryYearSourceLag": 1,
    "statsArea": 400752.4479508774,
    "statsPerimeter": 14259.238312468702,
    "statsVertices": 15290,
    "statsLineResolution": 932.585893555834,
    "statsVertexDensity": 1.0722872894711333
}