{
    "boundaryCount": 1,
    "statsArea": 22078.03031862937,
    "statsPerimeter": 1340.6677692135668,
    "statsVertices": 8000,
    "statsLineResolution": 167.58347115169585,
    "statsVertexDensity": 5.9671755998824265
}