{
    "boundaryCount": 1,
    "statsArea": 336940.10186943115,
    "statsPerimeter": 16265.359192749147,
    "statsVertices": 178500,
    "statsLineResolution": 91.12246046358065,
    "statsVertexDensity": 10.974242737877724
}