{
    "boundaryCount": 1,
    "statsArea": 336940.1015841062,
    "statsPerimeter": 16273.160888195902,
    "statsVertices": 182225,
    "statsLineResolution": 89.30257038384362,
    "statsVertexDensity": 11.197885970154756
}