{"boundaryCount": 1, "boundaryYearSourceLag": null, "statsArea": 336940.10186943115, "statsVertices": 178500, "statsLineResolution": 91.12246046358065, "statsVertexDensity": 10.974242737877724, "statsPerimeter": 16265.359192749147}