{
    "boundaryCount": 1,
    "statsArea": 116188.89561783551,
    "statsPerimeter": 1877.2064876005913,
    "statsVertices": 231,
    "statsLineResolution": 8126.4350112579705,
    "statsVertexDensity": 0.12305518946680165
}