{
    "boundaryCount": 1,
    "statsArea": 116113.30895123363,
    "statsPerimeter": 1996.2450675194418,
    "statsVertices": 616,
    "statsLineResolution": 3240.6575771419507,
    "statsVertexDensity": 0.3085793473070163
}