{
    "boundaryCount": 1,
    "statsArea": 116173.21462720129,
    "statsPerimeter": 1893.1676538386132,
    "statsVertices": 383,
    "statsLineResolution": 4942.996485218311,
    "statsVertexDensity": 0.20230643557818234
}