{
    "boundaryCount": 10,
    "statsArea": 751914.9342102841,
    "statsPerimeter": 15680.741233814024,
    "statsVertices": 6174,
    "statsLineResolution": 2539.8025969896375,
    "statsVertexDensity": 0.39373138730753093
}