{
    "boundaryCount": 1,
    "statsArea": 78873.9839994389,
    "statsPerimeter": 2325.272732078138,
    "statsVertices": 122898,
    "statsLineResolution": 18.920346401716365,
    "statsVertexDensity": 52.85315494589913
}