{
    "boundaryCount": 1,
    "statsArea": 78873.98399944004,
    "statsPerimeter": 2325.2727320781732,
    "statsVertices": 122898,
    "statsLineResolution": 18.920346401716653,
    "statsVertexDensity": 52.85315494589832
}