{
    "boundaryCount": 1,
    "statsArea": 1860315.1932776244,
    "statsPerimeter": 9045.032328820538,
    "statsVertices": 27614,
    "statsLineResolution": 327.55241286378424,
    "statsVertexDensity": 3.05294652314425
}