{
    "boundaryCount": 63,
    "boundaryYearSourceLag": 1,
    "statsArea": 334558.8570689472,
    "statsPerimeter": 36791.10186433598,
    "statsVertices": 412990,
    "statsLineResolution": 89.08472811529572,
    "statsVertexDensity": 11.225268585944098
}