{
    "boundaryCount": 25,
    "statsArea": 155428.02951592248,
    "statsPerimeter": 9711.7658734936,
    "statsVertices": 35482,
    "statsLineResolution": 273.70965203465414,
    "statsVertexDensity": 3.653506526227255
}