{
    "boundaryCount": 36,
    "statsArea": 3150747.640232059,
    "statsPerimeter": 69522.39960340217,
    "statsVertices": 32884,
    "statsLineResolution": 2114.1710133621873,
    "statsVertexDensity": 0.47299863335543985
}