{"boundaryCount": 35, "boundaryYearSourceLag": null, "statsArea": 3151452.510654459, "statsVertices": 32383, "statsLineResolution": 2083.6307714372315, "statsVertexDensity": 0.47993148004347597, "statsPerimeter": 67474.21527145186}