{
    "boundaryCount": 35,
    "statsArea": 3151452.510654459,
    "statsPerimeter": 67514.7927159431,
    "statsVertices": 32383,
    "statsLineResolution": 2084.883819162619,
    "statsVertexDensity": 0.47964303373108047
}