{
    "boundaryCount": 1,
    "statsArea": 207499.1443194804,
    "statsPerimeter": 2738.928569553598,
    "statsVertices": 1173,
    "statsLineResolution": 2334.9774676501265,
    "statsVertexDensity": 0.4282696573540727
}