{
    "boundaryCount": 1,
    "statsArea": 207499.13339441878,
    "statsPerimeter": 2738.9309987579963,
    "statsVertices": 1173,
    "statsLineResolution": 2334.979538583117,
    "statsVertexDensity": 0.42826927751444344
}