{
    "boundaryCount": 359,
    "statsArea": 9868279.18305718,
    "statsPerimeter": 488558.0923214091,
    "statsVertices": 3710926,
    "statsLineResolution": 131.65395707740038,
    "statsVertexDensity": 7.5956699076814855
}