{
    "boundaryCount": 14,
    "statsArea": 78925.42228578743,
    "statsPerimeter": 8557.986981364867,
    "statsVertices": 32076,
    "statsLineResolution": 266.80343500950454,
    "statsVertexDensity": 3.748077681100231
}