{
    "boundaryCount": 1,
    "boundaryYearSourceLag": 0,
    "statsArea": 2728288.5761733544,
    "statsPerimeter": 14848.267475521892,
    "statsVertices": 15414,
    "statsLineResolution": 963.2974877074018,
    "statsVertexDensity": 1.0381009114639634
}