{
    "boundaryCount": 1,
    "statsArea": 446178.4415426497,
    "statsPerimeter": 8619.477672129893,
    "statsVertices": 4665,
    "statsLineResolution": 1847.6908193204488,
    "statsVertexDensity": 0.5412160895878587
}