{
    "boundaryCount": 1,
    "statsArea": 2085.854558320033,
    "statsPerimeter": 246.82850990346384,
    "statsVertices": 38,
    "statsLineResolution": 6495.487102722732,
    "statsVertexDensity": 0.15395304219460723
}