{
    "boundaryCount": 10,
    "statsArea": 211213.69973060975,
    "statsPerimeter": 7239.992998955048,
    "statsVertices": 2496,
    "statsLineResolution": 2900.638220735196,
    "statsVertexDensity": 0.3447517145887087
}