{
    "boundaryCount": 10,
    "statsArea": 211213.69973060975,
    "statsPerimeter": 7239.992998947638,
    "statsVertices": 2492,
    "statsLineResolution": 2905.29414082971,
    "statsVertexDensity": 0.3441992278669637
}