{"boundaryCount": 16, "boundaryYearSourceLag": null, "statsArea": 313430.80944935634, "statsVertices": 3456, "statsLineResolution": 3367.30139733895, "statsVertexDensity": 0.29697371336888995, "statsPerimeter": 11637.393629203412}