{
    "boundaryCount": 24,
    "statsArea": 2779887.567988257,
    "statsPerimeter": 51974.08263099531,
    "statsVertices": 525037,
    "statsLineResolution": 98.99127610243718,
    "statsVertexDensity": 10.101900282255073
}