{
    "boundaryCount": 1,
    "statsArea": 50.71984235104956,
    "statsPerimeter": 31.096631310321303,
    "statsVertices": 338,
    "statsLineResolution": 92.0018677820157,
    "statsVertexDensity": 10.869344548192723
}