{
    "boundaryCount": 53,
    "boundaryYearSourceLag": 0,
    "statsArea": 191809.66895612664,
    "statsPerimeter": 19704.34810223606,
    "statsVertices": 54554,
    "statsLineResolution": 361.189795473037,
    "statsVertexDensity": 2.768627498709748
}