{
    "boundaryCount": 24,
    "statsArea": 101984.37449777265,
    "statsPerimeter": 9919.899315859117,
    "statsVertices": 26945,
    "statsLineResolution": 368.15362092629863,
    "statsVertexDensity": 2.7162574076656765
}