{
    "boundaryCount": 24,
    "boundaryYearSourceLag": 1,
    "statsArea": 155097.2664071807,
    "statsPerimeter": 9919.899362458746,
    "statsVertices": 9044,
    "statsLineResolution": 1096.848669002515,
    "statsVertexDensity": 0.9117027975330543
}