{
    "boundaryCount": 10,
    "statsArea": 754.2142943245368,
    "statsPerimeter": 459.9453523448495,
    "statsVertices": 4949,
    "statsLineResolution": 92.93702815616275,
    "statsVertexDensity": 10.75997392901022
}