{
    "boundaryCount": 1,
    "statsArea": 110730.65374519237,
    "statsPerimeter": 19000.11463286735,
    "statsVertices": 381293,
    "statsLineResolution": 49.83074599551356,
    "statsVertexDensity": 20.06793155555074
}