{
    "boundaryCount": 1,
    "statsArea": 110730.64978192559,
    "statsPerimeter": 19202.317423037413,
    "statsVertices": 381469,
    "statsLineResolution": 50.33781886087051,
    "statsVertexDensity": 19.865779301322444
}