{
    "boundaryCount": 9,
    "statsArea": 71119.13538774368,
    "statsPerimeter": 3717.664004371426,
    "statsVertices": 1644,
    "statsLineResolution": 2261.3528007125465,
    "statsVertexDensity": 0.4422131742047958
}