{"boundaryCount": 9, "boundaryYearSourceLag": null, "statsArea": 71119.14464436886, "statsVertices": 1644, "statsLineResolution": 2261.3514705058674, "statsVertexDensity": 0.44221343433017896, "statsPerimeter": 3717.661817511646}