{
    "boundaryCount": 1,
    "statsArea": 462853.4388639426,
    "statsPerimeter": 17752.880565245323,
    "statsVertices": 47592,
    "statsLineResolution": 373.02236857550264,
    "statsVertexDensity": 2.6808043812997027
}