{"boundaryCount": 15, "boundaryYearSourceLag": null, "statsArea": 95918.08841527422, "statsVertices": 22909, "statsLineResolution": 296.1459021563003, "statsVertexDensity": 3.3767139532196486, "statsPerimeter": 6784.406472498683}