{
    "boundaryCount": 15,
    "statsArea": 95918.08841527422,
    "statsPerimeter": 6784.406472498683,
    "statsVertices": 22909,
    "statsLineResolution": 296.1459021563003,
    "statsVertexDensity": 3.3767139532196486
}