{
    "boundaryCount": 15,
    "statsArea": 95918.08797667327,
    "statsPerimeter": 6786.8919817095675,
    "statsVertices": 22997,
    "statsLineResolution": 295.1207540857315,
    "statsVertexDensity": 3.3884434969609205
}