{
    "boundaryCount": 519,
    "boundaryYearSourceLag": 0,
    "statsArea": 578160.2569919748,
    "statsPerimeter": 58534.84075488652,
    "statsVertices": 66318,
    "statsLineResolution": 882.638812311688,
    "statsVertexDensity": 1.1329662666668097
}