{
    "boundaryCount": 14,
    "statsArea": 264.12373497163486,
    "statsPerimeter": 270.1649596157898,
    "statsVertices": 179,
    "statsLineResolution": 1509.3014503675408,
    "statsVertexDensity": 0.662558165405912
}