{
    "boundaryCount": 1,
    "statsArea": 618611.3524765196,
    "statsPerimeter": 5789.309955626486,
    "statsVertices": 27442,
    "statsLineResolution": 210.96530703398025,
    "statsVertexDensity": 4.74011587051576
}