{
    "boundaryCount": 1,
    "statsArea": 618611.35247652,
    "statsPerimeter": 5789.30995562648,
    "statsVertices": 27442,
    "statsLineResolution": 210.96530703398,
    "statsVertexDensity": 4.7401158705157656
}