{
    "boundaryCount": 67,
    "statsArea": 315.11605298804164,
    "statsPerimeter": 801.8803999124927,
    "statsVertices": 20017,
    "statsLineResolution": 40.05996902195597,
    "statsVertexDensity": 24.96257546909041
}