{
    "boundaryCount": 67,
    "statsArea": 315.1160529880039,
    "statsPerimeter": 801.8803999124515,
    "statsVertices": 20017,
    "statsLineResolution": 40.05996902195391,
    "statsVertexDensity": 24.962575469091696
}