{"boundaryCount": 1, "boundaryYearSourceLag": null, "statsArea": 167406.95774322737, "statsVertices": 319, "statsLineResolution": 6176.128949247527, "statsVertexDensity": 0.16191371783483177, "statsPerimeter": 1970.185134809961}