{
    "boundaryCount": 6,
    "statsArea": 121047.36887273191,
    "statsPerimeter": 7641.790136779434,
    "statsVertices": 66851,
    "statsLineResolution": 114.31078273742254,
    "statsVertexDensity": 8.748081117570939
}