{
    "boundaryCount": 1,
    "statsArea": 26942.352709566025,
    "statsPerimeter": 2295.6765763419075,
    "statsVertices": 11470,
    "statsLineResolution": 200.14617056163098,
    "statsVertexDensity": 4.996348404737876
}