{
    "boundaryCount": 1,
    "boundaryYearSourceLag": 1,
    "statsArea": 11003.410302633221,
    "statsPerimeter": 831.665726010898,
    "statsVertices": 1792,
    "statsLineResolution": 464.0991774614386,
    "statsVertexDensity": 2.154711855922409
}