{
    "boundaryCount": 1,
    "statsArea": 11003.41935954489,
    "statsPerimeter": 831.6647155672752,
    "statsVertices": 8886,
    "statsLineResolution": 93.59269812821013,
    "statsVertexDensity": 10.68459420445521
}