{
    "boundaryCount": 26,
    "statsArea": 64710.10195906443,
    "statsPerimeter": 9970.853780974181,
    "statsVertices": 31878,
    "statsLineResolution": 312.781660737003,
    "statsVertexDensity": 3.1971183912883965
}