{
    "boundaryCount": 26,
    "statsArea": 64710.10358901428,
    "statsPerimeter": 9958.107206854855,
    "statsVertices": 40168,
    "statsLineResolution": 247.91145207266615,
    "statsVertexDensity": 4.033698288802272
}