{
    "boundaryCount": 10,
    "statsArea": 390768.7400147807,
    "statsPerimeter": 12602.436958573246,
    "statsVertices": 19150,
    "statsLineResolution": 658.0907027975586,
    "statsVertexDensity": 1.5195473750791149
}