{
    "boundaryCount": 1,
    "statsArea": 2025.7572935981316,
    "statsPerimeter": 512.1716432169324,
    "statsVertices": 10427,
    "statsLineResolution": 49.11975095587728,
    "statsVertexDensity": 20.35840940843264
}