{
    "boundaryCount": 1,
    "boundaryYearSourceLag": 1,
    "statsArea": 2025.7517586279168,
    "statsPerimeter": 512.1685622005016,
    "statsVertices": 1500,
    "statsLineResolution": 341.4457081336677,
    "statsVertexDensity": 2.928723296789908
}