{
    "boundaryCount": 1,
    "statsArea": 226.66458756553118,
    "statsPerimeter": 183.00030679399194,
    "statsVertices": 1960,
    "statsLineResolution": 93.36750346632242,
    "statsVertexDensity": 10.710364558057389
}