{
    "boundaryCount": 1,
    "boundaryYearSourceLag": 1,
    "statsArea": 226.66291934670352,
    "statsPerimeter": 183.00026498446286,
    "statsVertices": 355,
    "statsLineResolution": 515.4937041815855,
    "statsVertexDensity": 1.939887901419926
}