{
    "boundaryCount": 1,
    "statsArea": 11038.420265559113,
    "statsPerimeter": 577.120591539521,
    "statsVertices": 178,
    "statsLineResolution": 3242.250514266972,
    "statsVertexDensity": 0.30842774042279275
}