{
    "boundaryCount": 1,
    "statsArea": 11032.896472972254,
    "statsPerimeter": 640.476622944359,
    "statsVertices": 254,
    "statsLineResolution": 2521.5615076549566,
    "statsVertexDensity": 0.39657965786842797
}