{
    "boundaryCount": 1,
    "statsArea": 11027.529209179891,
    "statsPerimeter": 575.9163882318853,
    "statsVertices": 207,
    "statsLineResolution": 2782.2047740670787,
    "statsVertexDensity": 0.3594271742040689
}