{
    "boundaryCount": 77,
    "statsArea": 115269.34750368333,
    "statsPerimeter": 13453.7324314449,
    "statsVertices": 52382,
    "statsLineResolution": 256.8388460052098,
    "statsVertexDensity": 3.8934920303282925
}