{
    "boundaryCount": 23,
    "statsArea": 109135.47029226237,
    "statsPerimeter": 8670.687179327151,
    "statsVertices": 64996,
    "statsLineResolution": 133.4033968140678,
    "statsVertexDensity": 7.4960609990595595
}