{
    "boundaryCount": 23,
    "statsArea": 109135.47029226262,
    "statsPerimeter": 8670.687179327177,
    "statsVertices": 64996,
    "statsLineResolution": 133.4033968140682,
    "statsVertexDensity": 7.496060999059537
}