{
    "boundaryCount": 18,
    "statsArea": 112236.73306282681,
    "statsPerimeter": 7812.814457329511,
    "statsVertices": 3726,
    "statsLineResolution": 2096.8369450696487,
    "statsVertexDensity": 0.47690880416397086
}