{
    "boundaryCount": 18,
    "statsArea": 112236.69625892861,
    "statsPerimeter": 7812.81448841828,
    "statsVertices": 3726,
    "statsLineResolution": 2096.836953413387,
    "statsVertexDensity": 0.47690880226625426
}