{"boundaryCount": 18, "boundaryYearSourceLag": null, "statsArea": 112236.69625892861, "statsVertices": 3726, "statsLineResolution": 2096.836953413387, "statsVertexDensity": 0.47690880226625426, "statsPerimeter": 7812.81448841828}