{
    "boundaryCount": 1,
    "statsArea": 491.2000383660912,
    "statsPerimeter": 976.6535315512759,
    "statsVertices": 25041,
    "statsLineResolution": 39.00217769063839,
    "statsVertexDensity": 25.63959397169835
}