{
    "boundaryCount": 1,
    "statsArea": 491.1996000573015,
    "statsPerimeter": 976.9443470021583,
    "statsVertices": 25052,
    "statsLineResolution": 38.99666082556915,
    "statsVertexDensity": 25.64322120996382
}