{"boundaryCount": 1, "boundaryYearSourceLag": null, "statsArea": 491.2000383660912, "statsVertices": 25041, "statsLineResolution": 39.00217769063839, "statsVertexDensity": 25.63959397169835, "statsPerimeter": 976.6535315512759}