{
    "boundaryCount": 1,
    "statsArea": 74469.53174884891,
    "statsPerimeter": 10556.87517766822,
    "statsVertices": 196110,
    "statsLineResolution": 53.83139655126317,
    "statsVertexDensity": 18.576519727622312
}