{
    "boundaryCount": 4,
    "statsArea": 462646.217465193,
    "statsPerimeter": 28039.946518461566,
    "statsVertices": 509567,
    "statsLineResolution": 55.02700629840937,
    "statsVertexDensity": 18.172894861425643
}