{
    "boundaryCount": 4,
    "statsArea": 462646.21746519394,
    "statsPerimeter": 28039.946518461547,
    "statsVertices": 509567,
    "statsLineResolution": 55.02700629840933,
    "statsVertexDensity": 18.172894861425654
}