{
    "boundaryCount": 1,
    "statsArea": 1565100.7303005299,
    "statsPerimeter": 8108.204550301771,
    "statsVertices": 18922,
    "statsLineResolution": 428.5067408467271,
    "statsVertexDensity": 2.3336855752234027
}