{
    "boundaryCount": 1,
    "statsArea": 1565100.73030053,
    "statsPerimeter": 8108.204550301696,
    "statsVertices": 18922,
    "statsLineResolution": 428.5067408467232,
    "statsVertexDensity": 2.3336855752234245
}