{
    "boundaryCount": 5,
    "statsArea": 861.6631211589153,
    "statsPerimeter": 780.5317806529612,
    "statsVertices": 3849,
    "statsLineResolution": 202.78819970199044,
    "statsVertexDensity": 4.931253403647553
}