{"boundaryCount": 14, "boundaryYearSourceLag": null, "statsArea": 78835.78541968684, "statsVertices": 37968, "statsLineResolution": 162.6797596344285, "statsVertexDensity": 6.147046210586891, "statsPerimeter": 6176.625113799982}