{
    "boundaryCount": 14,
    "statsArea": 78835.78596121266,
    "statsPerimeter": 6280.071171179541,
    "statsVertices": 40380,
    "statsLineResolution": 155.524298444268,
    "statsVertexDensity": 6.429863436152064
}