{
    "boundaryCount": 14,
    "statsArea": 78835.78541968684,
    "statsPerimeter": 6280.074402933125,
    "statsVertices": 37968,
    "statsLineResolution": 165.40440378563858,
    "statsVertexDensity": 6.045788244525725
}