{
    "boundaryCount": 1,
    "statsArea": 88376.18138015483,
    "statsPerimeter": 2271.527070868428,
    "statsVertices": 3936,
    "statsLineResolution": 577.115617598686,
    "statsVertexDensity": 1.7327550485652927
}