{
    "boundaryCount": 1,
    "statsArea": 577.2839829353057,
    "statsPerimeter": 126.18070030818906,
    "statsVertices": 82,
    "statsLineResolution": 1538.789028148647,
    "statsVertexDensity": 0.6498616650543209
}