{
    "boundaryCount": 54,
    "statsArea": 3990.3595965987192,
    "statsPerimeter": 11464.772559064812,
    "statsVertices": 927524,
    "statsLineResolution": 12.360620920930144,
    "statsVertexDensity": 80.90208464420324
}