{
    "boundaryCount": 54,
    "statsArea": 3990.359596589214,
    "statsPerimeter": 11464.772559065072,
    "statsVertices": 927524,
    "statsLineResolution": 12.360620920930426,
    "statsVertexDensity": 80.90208464420141
}