{
    "boundaryCount": 1,
    "statsArea": 18827.03187894846,
    "statsPerimeter": 3362.1466488056544,
    "statsVertices": 48713,
    "statsLineResolution": 69.01949477153234,
    "statsVertexDensity": 14.488660099732552
}