{
    "boundaryCount": 1,
    "statsArea": 3785.6558126484033,
    "statsPerimeter": 2344.9584213857943,
    "statsVertices": 223549,
    "statsLineResolution": 10.48968423650204,
    "statsVertexDensity": 95.33175426960867
}