{
    "boundaryCount": 1,
    "statsArea": 3785.655812648645,
    "statsPerimeter": 2344.9584213859566,
    "statsVertices": 223549,
    "statsLineResolution": 10.489684236502764,
    "statsVertexDensity": 95.33175426960207
}