{
    "boundaryCount": 16,
    "statsArea": 45489.85618437128,
    "statsPerimeter": 9221.526102713618,
    "statsVertices": 669983,
    "statsLineResolution": 13.763821026374726,
    "statsVertexDensity": 72.65424318463342
}