{"boundaryCount": 16, "boundaryYearSourceLag": null, "statsArea": 45489.887327959004, "statsVertices": 607137, "statsLineResolution": 15.008237790496203, "statsVertexDensity": 66.63007436044482, "statsPerimeter": 9112.056467408493}