{
    "boundaryCount": 16,
    "statsArea": 45489.887327959004,
    "statsPerimeter": 9155.116889749772,
    "statsVertices": 607137,
    "statsLineResolution": 15.07916152326373,
    "statsVertexDensity": 66.31668468152068
}