{
    "boundaryCount": 2477,
    "statsArea": 311905.06180279533,
    "statsPerimeter": 175872.16184309137,
    "statsVertices": 2626406,
    "statsLineResolution": 66.9630521111707,
    "statsVertexDensity": 14.933608437378577
}