{
    "boundaryCount": 2477,
    "statsArea": 311905.0618027943,
    "statsPerimeter": 175872.16184309105,
    "statsVertices": 2626406,
    "statsLineResolution": 66.96305211117057,
    "statsVertexDensity": 14.933608437378606
}