{
    "boundaryCount": 1,
    "statsArea": 65311.19744272051,
    "statsPerimeter": 1649.2536816374702,
    "statsVertices": 12827,
    "statsLineResolution": 128.57672734368677,
    "statsVertexDensity": 7.777457247974517
}