{
    "boundaryCount": 1,
    "statsArea": 17369.61903280935,
    "statsPerimeter": 550.7827628231814,
    "statsVertices": 1123,
    "statsLineResolution": 490.4566009111144,
    "statsVertexDensity": 2.0389163855523895
}