{
    "boundaryCount": 12,
    "statsArea": 315147.70907514426,
    "statsPerimeter": 13259.409823248507,
    "statsVertices": 23256,
    "statsLineResolution": 570.1500611991962,
    "statsVertexDensity": 1.7539242175940502
}