{
    "boundaryCount": 12,
    "boundaryYearSourceLag": 1,
    "statsArea": 342303.6085620296,
    "statsPerimeter": 13259.410543285958,
    "statsVertices": 19315,
    "statsLineResolution": 686.4825546614527,
    "statsVertexDensity": 1.456701256586429
}