{
    "boundaryCount": 4680,
    "statsArea": 357839.35113438545,
    "statsPerimeter": 252885.98462328926,
    "statsVertices": 1462163,
    "statsLineResolution": 172.95334694099716,
    "statsVertexDensity": 5.781906032388889
}