{
    "boundaryCount": 4680,
    "statsArea": 357839.3472671638,
    "statsPerimeter": 252797.4475346152,
    "statsVertices": 1631445,
    "statsLineResolution": 154.95309221862533,
    "statsVertexDensity": 6.45356595135957
}