{"boundaryCount": 4680, "boundaryYearSourceLag": null, "statsArea": 357839.35113438545, "statsVertices": 1462163, "statsLineResolution": 172.25685814099626, "statsVertexDensity": 5.8052841018467705, "statsPerimeter": 251867.60447001352}