{
    "boundaryCount": 1,
    "statsArea": 16925822.820289392,
    "statsPerimeter": 147518.73652388068,
    "statsVertices": 1639070,
    "statsLineResolution": 90.0014865282634,
    "statsVertexDensity": 11.110927592134464
}