{"boundaryCount": 1, "boundaryYearSourceLag": null, "statsArea": 16925822.820289392, "statsVertices": 1639070, "statsLineResolution": 89.9720983579325, "statsVertexDensity": 11.114556826514582, "statsPerimeter": 147470.5672555364}