{
    "boundaryCount": 1,
    "statsArea": 16925822.84976857,
    "statsPerimeter": 147642.91029135388,
    "statsVertices": 1646407,
    "statsLineResolution": 89.67582759995182,
    "statsVertexDensity": 11.151277069457871
}