{"boundaryCount": 1, "boundaryYearSourceLag": null, "statsArea": 180.30569636703916, "statsVertices": 61, "statsLineResolution": 1914.0710755116108, "statsVertexDensity": 0.5224466388912494, "statsPerimeter": 116.75833560620826}