{
    "boundaryCount": 212,
    "statsArea": 20275.763269467767,
    "statsPerimeter": 12489.953293908122,
    "statsVertices": 307240,
    "statsLineResolution": 40.65210680220063,
    "statsVertexDensity": 24.598971090616804
}