{"boundaryCount": 229, "boundaryYearSourceLag": null, "statsArea": 100229.23004945109, "statsVertices": 354057, "statsLineResolution": 92.79545964039204, "statsVertexDensity": 10.776389317702346, "statsPerimeter": 32854.88205389828}