{
    "boundaryCount": 229,
    "statsArea": 100229.23004945109,
    "statsPerimeter": 32908.832364897935,
    "statsVertices": 354057,
    "statsLineResolution": 92.94783711350979,
    "statsVertexDensity": 10.758722645463818
}