{
    "boundaryCount": 229,
    "statsArea": 100309.96764670071,
    "statsPerimeter": 33085.4624658864,
    "statsVertices": 362018,
    "statsLineResolution": 91.39176081268445,
    "statsVertexDensity": 10.941905387396892
}