{
    "boundaryCount": 1,
    "statsArea": 16948173.26300246,
    "statsPerimeter": 93550.70005999772,
    "statsVertices": 35954,
    "statsLineResolution": 2601.9552778549737,
    "statsVertexDensity": 0.38432635968454854
}