{
    "boundaryCount": 1,
    "statsArea": 16944688.340536706,
    "statsPerimeter": 89162.75169379094,
    "statsVertices": 35822,
    "statsLineResolution": 2489.0500724077647,
    "statsVertexDensity": 0.40175969583153354
}