{
    "boundaryCount": 1,
    "statsArea": 16908397.211492635,
    "statsPerimeter": 81195.84274263766,
    "statsVertices": 20532,
    "statsLineResolution": 3954.5997829065686,
    "statsVertexDensity": 0.2528700892369482
}