{"boundaryCount": 32, "boundaryYearSourceLag": null, "statsArea": 1952023.203476361, "statsVertices": 629392, "statsLineResolution": 104.66567969059956, "statsVertexDensity": 9.554230220986316, "statsPerimeter": 65875.74147182584}