{
    "boundaryCount": 32,
    "statsArea": 1952022.9768935042,
    "statsPerimeter": 65943.91511239148,
    "statsVertices": 633435,
    "statsLineResolution": 104.10525959631451,
    "statsVertexDensity": 9.605662613759062
}