{
    "boundaryCount": 32,
    "statsArea": 1952023.203476361,
    "statsPerimeter": 65881.33284586782,
    "statsVertices": 629392,
    "statsLineResolution": 104.67456346103512,
    "statsVertexDensity": 9.553419349795023
}