{
    "boundaryCount": 21,
    "statsArea": 357547.4313434076,
    "statsPerimeter": 21589.872579865336,
    "statsVertices": 159878,
    "statsLineResolution": 135.03967137358072,
    "statsVertexDensity": 7.405231291133318
}