{
    "boundaryCount": 1,
    "statsArea": 907965.8650715973,
    "statsPerimeter": 15248.427181841389,
    "statsVertices": 103609,
    "statsLineResolution": 147.17280527600295,
    "statsVertexDensity": 6.794733565923633
}