{
    "boundaryCount": 1,
    "boundaryYearSourceLag": 1,
    "statsArea": 907965.6965019689,
    "statsPerimeter": 15248.450773327451,
    "statsVertices": 23033,
    "statsLineResolution": 662.0262568196697,
    "statsVertexDensity": 1.5105141068028538
}