{
    "boundaryCount": 1,
    "boundaryYearSourceLag": 1,
    "statsArea": 25315.452086731202,
    "statsPerimeter": 944.9089823470276,
    "statsVertices": 1504,
    "statsLineResolution": 628.2639510286087,
    "statsVertexDensity": 1.591687694897624
}