{
    "boundaryCount": 1,
    "boundaryYearSourceLag": 1,
    "statsArea": 74932.487523694,
    "statsPerimeter": 7712.807346972987,
    "statsVertices": 19835,
    "statsLineResolution": 388.84836637121185,
    "statsVertexDensity": 2.5716965441622963
}