{
    "boundaryCount": 1,
    "statsArea": 74932.57262572786,
    "statsPerimeter": 7711.815619536111,
    "statsVertices": 127551,
    "statsLineResolution": 60.46064413086617,
    "statsVertexDensity": 16.5396848540931
}