{
    "boundaryCount": 1,
    "boundaryYearSourceLag": 1,
    "statsArea": 667796.1598605977,
    "statsPerimeter": 28187.02274188394,
    "statsVertices": 52249,
    "statsLineResolution": 539.4748749618929,
    "statsVertexDensity": 1.8536544451131993
}