{
    "boundaryCount": 1,
    "statsArea": 667796.4648103998,
    "statsPerimeter": 28187.06617098456,
    "statsVertices": 278518,
    "statsLineResolution": 101.2037504613151,
    "statsVertexDensity": 9.881056733981886
}