{
    "boundaryCount": 1,
    "statsArea": 268709.4414389685,
    "statsPerimeter": 18498.461989695134,
    "statsVertices": 1266804,
    "statsLineResolution": 14.602465724528129,
    "statsVertexDensity": 68.48158515587369
}