{"boundaryCount": 1, "boundaryYearSourceLag": null, "statsArea": 357839.35113438463, "statsVertices": 122869, "statsLineResolution": 66.73298096724093, "statsVertexDensity": 14.985094109476357, "statsPerimeter": 8199.414638463926}