{
    "boundaryCount": 1,
    "statsArea": 357839.34726716497,
    "statsPerimeter": 8252.04498249385,
    "statsVertices": 125998,
    "statsLineResolution": 65.49346007471428,
    "statsVertexDensity": 15.268700094012594
}