{
    "boundaryCount": 1,
    "statsArea": 357839.35113438463,
    "statsPerimeter": 8213.134205338654,
    "statsVertices": 122869,
    "statsLineResolution": 66.84464108390769,
    "statsVertexDensity": 14.960062374255786
}