{
    "boundaryCount": 8,
    "boundaryYearSourceLag": 1,
    "statsArea": 10251.859646474933,
    "statsPerimeter": 2050.246078493996,
    "statsVertices": 40892,
    "statsLineResolution": 50.13807293587978,
    "statsVertexDensity": 19.94492291873429
}