{
    "boundaryCount": 1,
    "statsArea": 238338.59874830654,
    "statsPerimeter": 3449.2531444175806,
    "statsVertices": 45983,
    "statsLineResolution": 75.0114856450771,
    "statsVertexDensity": 13.331291753526662
}