{
    "boundaryCount": 20,
    "statsArea": 447643.73290108435,
    "statsPerimeter": 15573.975571572579,
    "statsVertices": 35555,
    "statsLineResolution": 438.02490708965206,
    "statsVertexDensity": 2.282975200301399
}