{
    "boundaryCount": 1,
    "statsArea": 462036.668362719,
    "statsPerimeter": 25430.62236780663,
    "statsVertices": 263247,
    "statsLineResolution": 96.60365500008217,
    "statsVertexDensity": 10.35157520695412
}