{
    "boundaryCount": 1,
    "boundaryYearSourceLag": 1,
    "statsArea": 462036.3872757729,
    "statsPerimeter": 25430.548109751606,
    "statsVertices": 50269,
    "statsLineResolution": 505.88927788003747,
    "statsVertexDensity": 1.9767171270965973
}