{
    "boundaryCount": 1,
    "statsArea": 18604.082196910953,
    "statsPerimeter": 4137.262367671829,
    "statsVertices": 178731,
    "statsLineResolution": 23.14798422026302,
    "statsVertexDensity": 43.200305930942854
}