{
    "boundaryCount": 1,
    "statsArea": 18604.082196912437,
    "statsPerimeter": 4137.262367671624,
    "statsVertices": 178731,
    "statsLineResolution": 23.14798422026187,
    "statsVertexDensity": 43.200305930945
}