{
    "boundaryCount": 58,
    "statsArea": 28350.755800213192,
    "statsPerimeter": 6270.975447746541,
    "statsVertices": 26105,
    "statsLineResolution": 240.221239139879,
    "statsVertexDensity": 4.162829246824872
}