{
    "boundaryCount": 58,
    "statsArea": 28350.755800212304,
    "statsPerimeter": 6270.97544774658,
    "statsVertices": 26105,
    "statsLineResolution": 240.2212391398805,
    "statsVertexDensity": 4.162829246824846
}