{
    "boundaryCount": 22,
    "statsArea": 578160.1825587247,
    "statsPerimeter": 17047.99796715793,
    "statsVertices": 40456,
    "statsLineResolution": 421.3960343869372,
    "statsVertexDensity": 2.3730645720357515
}