{
    "boundaryCount": 18,
    "statsArea": 333059.0540125326,
    "statsPerimeter": 15234.142414828137,
    "statsVertices": 7281,
    "statsLineResolution": 2092.314574210704,
    "statsVertexDensity": 0.4779396044580131
}