{
    "boundaryCount": 18,
    "statsArea": 333059.08773457585,
    "statsPerimeter": 15234.143697156396,
    "statsVertices": 7281,
    "statsLineResolution": 2092.3147503305036,
    "statsVertexDensity": 0.4779395642276284
}