{
    "boundaryCount": 17,
    "statsArea": 118482.17925031789,
    "statsPerimeter": 8746.916749265236,
    "statsVertices": 11143,
    "statsLineResolution": 784.9696445540013,
    "statsVertexDensity": 1.273934612552022
}