{
    "boundaryCount": 1,
    "statsArea": 1.8746906266327705,
    "statsPerimeter": 18.775327983277773,
    "statsVertices": 283,
    "statsLineResolution": 66.34391513525715,
    "statsVertexDensity": 15.072972373747808
}