{"boundaryCount": 1, "boundaryYearSourceLag": null, "statsArea": 1.8746854304890763, "statsVertices": 283, "statsLineResolution": 66.34472300540585, "statsVertexDensity": 15.072788832331376, "statsPerimeter": 18.775556610529858}