{
    "boundaryCount": 1,
    "statsArea": 1.8746854304890763,
    "statsPerimeter": 18.775556610529858,
    "statsVertices": 283,
    "statsLineResolution": 66.34472300540585,
    "statsVertexDensity": 15.072788832331376
}