{
    "boundaryCount": 265,
    "statsArea": 110988.46414613609,
    "statsPerimeter": 33839.16465757397,
    "statsVertices": 159653,
    "statsLineResolution": 211.9544553348448,
    "statsVertexDensity": 4.717994714573016
}