{
    "boundaryCount": 6,
    "statsArea": 591767.1518191203,
    "statsPerimeter": 17730.597520276835,
    "statsVertices": 351625,
    "statsLineResolution": 50.424735215860174,
    "statsVertexDensity": 19.83153695739127
}