{
    "boundaryCount": 1,
    "statsArea": 26959.41247566569,
    "statsPerimeter": 1191.1289538729,
    "statsVertices": 13796,
    "statsLineResolution": 86.338718025,
    "statsVertexDensity": 11.582289184678915
}