{
    "boundaryCount": 1,
    "statsArea": 26959.412543322727,
    "statsPerimeter": 1191.308767672287,
    "statsVertices": 13903,
    "statsLineResolution": 85.68717310453047,
    "statsVertexDensity": 11.670358161776349
}