{
    "boundaryCount": 1,
    "statsArea": 51352.93709926569,
    "statsPerimeter": 2723.9273248001055,
    "statsVertices": 9070,
    "statsLineResolution": 300.3227480485232,
    "statsVertexDensity": 3.329751097770422
}