{
    "boundaryCount": 10,
    "statsArea": 146425.55008593004,
    "statsPerimeter": 5296.606657305582,
    "statsVertices": 21158,
    "statsLineResolution": 250.33588511700455,
    "statsVertexDensity": 3.994633048843995
}