{"boundaryCount": 10, "boundaryYearSourceLag": null, "statsArea": 146425.54986223445, "statsVertices": 20954, "statsLineResolution": 252.75999631622915, "statsVertexDensity": 3.956322260540373, "statsPerimeter": 5296.332962810266}