{
    "boundaryCount": 10,
    "statsArea": 146425.54986223445,
    "statsPerimeter": 5296.332962810266,
    "statsVertices": 20954,
    "statsLineResolution": 252.75999631622915,
    "statsVertexDensity": 3.956322260540373
}