{"boundaryCount": 4, "boundaryYearSourceLag": null, "statsArea": 223.40273585981572, "statsVertices": 3453, "statsLineResolution": 72.0294116392033, "statsVertexDensity": 13.883217664042837, "statsPerimeter": 248.717558390169}