{
    "boundaryCount": 1,
    "statsArea": 770.2448529942435,
    "statsPerimeter": 323.49430028016445,
    "statsVertices": 237,
    "statsLineResolution": 1364.9548535028036,
    "statsVertexDensity": 0.7326249637002709
}