{
    "boundaryCount": 1,
    "statsArea": 633.8453640772959,
    "statsPerimeter": 344.00884975148654,
    "statsVertices": 254,
    "statsLineResolution": 1354.365550202703,
    "statsVertexDensity": 0.7383530981353843
}