{"boundaryCount": 20, "boundaryYearSourceLag": null, "statsArea": 362.1598056927929, "statsVertices": 9922, "statsLineResolution": 68.31197188856274, "statsVertexDensity": 14.638722501398426, "statsPerimeter": 677.7913850783194}