{
    "boundaryCount": 1,
    "statsArea": 85950.76262708989,
    "statsPerimeter": 2484.2015787910686,
    "statsVertices": 436,
    "statsLineResolution": 5697.710043098782,
    "statsVertexDensity": 0.175509106717571
}