{
    "boundaryCount": 1,
    "statsArea": 85919.48029398925,
    "statsPerimeter": 2514.7589916107413,
    "statsVertices": 871,
    "statsLineResolution": 2887.2089455921255,
    "statsVertexDensity": 0.34635525825960417
}