{
    "boundaryCount": 1,
    "statsArea": 86249.80023570235,
    "statsPerimeter": 2652.4415066647275,
    "statsVertices": 957,
    "statsLineResolution": 2771.6212190853994,
    "statsVertexDensity": 0.3607996623470748
}