{
    "boundaryCount": 1,
    "statsArea": 359.53064487650835,
    "statsPerimeter": 309.2601777934971,
    "statsVertices": 6069,
    "statsLineResolution": 50.957353401465994,
    "statsVertexDensity": 19.624253091041243
}