{
    "boundaryCount": 1,
    "statsArea": 136903.67805495084,
    "statsPerimeter": 5704.786680142427,
    "statsVertices": 2280,
    "statsLineResolution": 2502.0994211150996,
    "statsVertexDensity": 0.3996643744693144
}