{
    "boundaryCount": 1,
    "statsArea": 136903.70038131412,
    "statsPerimeter": 5704.788624488102,
    "statsVertices": 2280,
    "statsLineResolution": 2502.1002738982907,
    "statsVertexDensity": 0.3996642382529269
}