{
    "boundaryCount": 1,
    "statsArea": 697.0246589301089,
    "statsPerimeter": 489.81684512260654,
    "statsVertices": 7626,
    "statsLineResolution": 64.2298511831375,
    "statsVertexDensity": 15.569084803710922
}