{
    "boundaryCount": 183,
    "statsArea": 940576.0543297076,
    "statsPerimeter": 75602.14667794321,
    "statsVertices": 466844,
    "statsLineResolution": 161.94306166073295,
    "statsVertexDensity": 6.175009844478409
}