{
    "boundaryCount": 184,
    "statsArea": 940576.1192185562,
    "statsPerimeter": 76274.12672325027,
    "statsVertices": 532918,
    "statsLineResolution": 143.12544654759319,
    "statsVertexDensity": 6.9868777643776445
}