{"boundaryCount": 183, "boundaryYearSourceLag": null, "statsArea": 940576.0543297076, "statsVertices": 466844, "statsLineResolution": 158.87573424670612, "statsVertexDensity": 6.2942274019465785, "statsPerimeter": 74170.18327866927}