{
    "boundaryCount": 2,
    "statsArea": 83300.94906469906,
    "statsPerimeter": 2635.4780208706534,
    "statsVertices": 15065,
    "statsLineResolution": 174.94045940064078,
    "statsVertexDensity": 5.716230558820272
}