{
    "boundaryCount": 29,
    "boundaryYearSourceLag": 6,
    "statsArea": 118082.57216591202,
    "statsPerimeter": 11512.507626572351,
    "statsVertices": 173578,
    "statsLineResolution": 66.32469337457715,
    "statsVertexDensity": 15.077340717617385
}