{
    "boundaryCount": 29,
    "statsArea": 118082.5721659112,
    "statsPerimeter": 11512.507626572187,
    "statsVertices": 173578,
    "statsLineResolution": 66.3246933745762,
    "statsVertexDensity": 15.0773407176176
}