{
    "boundaryCount": 6,
    "statsArea": 12207.37974230791,
    "statsPerimeter": 3352.09064169393,
    "statsVertices": 128061,
    "statsLineResolution": 26.175733765111392,
    "statsVertexDensity": 38.20332254956156
}