{
    "boundaryCount": 6,
    "statsArea": 12207.379742303332,
    "statsPerimeter": 3352.0906416938337,
    "statsVertices": 128061,
    "statsLineResolution": 26.17573376511064,
    "statsVertexDensity": 38.20332254956266
}