{"boundaryCount": 45, "boundaryYearSourceLag": 0, "statsArea": 273209.3243401156, "statsVertices": 532219, "statsLineResolution": 42.30386887111286, "statsVertexDensity": 23.638499898122763, "statsPerimeter": 22514.922786714815}