{
    "boundaryCount": 45,
    "statsArea": 273209.3243401156,
    "statsPerimeter": 22531.040614332287,
    "statsVertices": 532219,
    "statsLineResolution": 42.33415307294984,
    "statsVertexDensity": 23.62158983733084
}