{"boundaryCount": 31, "boundaryYearSourceLag": null, "statsArea": 9382251.399004743, "statsVertices": 891804, "statsLineResolution": 167.25164339666617, "statsVertexDensity": 5.979014493916375, "statsPerimeter": 149155.6845877205}