{
    "boundaryCount": 33,
    "statsArea": 9384895.524313772,
    "statsPerimeter": 150477.99595017542,
    "statsVertices": 924402,
    "statsLineResolution": 162.78415229540335,
    "statsVertexDensity": 6.143104140661719
}