{
    "boundaryCount": 31,
    "statsArea": 9382251.399004743,
    "statsPerimeter": 149171.79823873893,
    "statsVertices": 891804,
    "statsLineResolution": 167.26971199808358,
    "statsVertexDensity": 5.978368636226605
}