{
    "boundaryCount": 1,
    "statsArea": 453075.7553415664,
    "statsPerimeter": 4048.5666329851165,
    "statsVertices": 1029,
    "statsLineResolution": 3934.4670874490926,
    "statsVertexDensity": 0.2541640272427209
}