{
    "boundaryCount": 10,
    "boundaryYearSourceLag": 9,
    "statsArea": 2029.6683487667306,
    "statsPerimeter": 964.3428940294291,
    "statsVertices": 3793,
    "statsLineResolution": 254.2427877746979,
    "statsVertexDensity": 3.933248249646197
}