{
    "boundaryCount": 1,
    "statsArea": 17466.048286514066,
    "statsPerimeter": 1216.5834797068214,
    "statsVertices": 8990,
    "statsLineResolution": 135.3263047504807,
    "statsVertexDensity": 7.389546340187405
}