{
    "boundaryCount": 1,
    "boundaryYearSourceLag": 1,
    "statsArea": 17466.035558257594,
    "statsPerimeter": 1216.5840636114917,
    "statsVertices": 1623,
    "statsLineResolution": 749.5896879922932,
    "statsVertexDensity": 1.3340631761869721
}