{
    "boundaryCount": 1,
    "statsArea": 774.8567134767718,
    "statsPerimeter": 1418.8278159521722,
    "statsVertices": 19596,
    "statsLineResolution": 72.40395059972302,
    "statsVertexDensity": 13.811401059154713
}