{
    "boundaryCount": 3,
    "statsArea": 1652.4348651736102,
    "statsPerimeter": 517.188208403786,
    "statsVertices": 23021,
    "statsLineResolution": 22.465931471429826,
    "statsVertexDensity": 44.511842354353796
}