{
    "boundaryCount": 3,
    "statsArea": 1652.4348651732907,
    "statsPerimeter": 517.1882084037893,
    "statsVertices": 23021,
    "statsLineResolution": 22.46593147142997,
    "statsVertexDensity": 44.51184235435351
}