{
    "boundaryCount": 1,
    "boundaryYearSourceLag": 1,
    "statsArea": 26832.742007491048,
    "statsPerimeter": 1033.130072268932,
    "statsVertices": 1424,
    "statsLineResolution": 725.5126912000927,
    "statsVertexDensity": 1.3783356406155616
}