{
    "boundaryCount": 1,
    "statsArea": 617984.2399580238,
    "statsPerimeter": 4935.056004621047,
    "statsVertices": 1792,
    "statsLineResolution": 2753.937502578709,
    "statsVertexDensity": 0.3631164465655551
}