{"boundaryCount": 1, "boundaryYearSourceLag": null, "statsArea": 617984.2399580238, "statsVertices": 1792, "statsLineResolution": 2753.937502578709, "statsVertexDensity": 0.3631164465655551, "statsPerimeter": 4935.056004621047}