{
    "boundaryCount": 9,
    "statsArea": 265265.7817349495,
    "statsPerimeter": 10364.327355794801,
    "statsVertices": 98760,
    "statsLineResolution": 104.94458642967601,
    "statsVertexDensity": 9.528838351944014
}