{
    "boundaryCount": 1,
    "statsArea": 382066.56020327547,
    "statsPerimeter": 29949.24609292973,
    "statsVertices": 15817,
    "statsLineResolution": 1893.4846110469578,
    "statsVertexDensity": 0.5281268166457785
}