{
    "boundaryCount": 8094,
    "statsArea": 301400.89408455335,
    "statsPerimeter": 258909.03803004028,
    "statsVertices": 4845240,
    "statsLineResolution": 53.4357509700325,
    "statsVertexDensity": 18.71406281088505
}