{
    "boundaryCount": 1,
    "statsArea": 17383.25798150522,
    "statsPerimeter": 549.7464834585891,
    "statsVertices": 2174,
    "statsLineResolution": 252.87326746025255,
    "statsVertexDensity": 3.9545500797437327
}