{
    "boundaryCount": 1,
    "statsArea": 5137.704167305949,
    "statsPerimeter": 798.4457871255901,
    "statsVertices": 31512,
    "statsLineResolution": 25.337832797841774,
    "statsVertexDensity": 39.466674517055694
}