{
    "boundaryCount": 1,
    "statsArea": 5137.704167307354,
    "statsPerimeter": 798.4457871255826,
    "statsVertices": 31512,
    "statsLineResolution": 25.33783279784154,
    "statsVertexDensity": 39.46667451705606
}