{
    "boundaryCount": 3,
    "statsArea": 1125.411422079013,
    "statsPerimeter": 1255.1863723561612,
    "statsVertices": 77249,
    "statsLineResolution": 16.24857761726574,
    "statsVertexDensity": 61.54384854815845
}