{
    "boundaryCount": 3,
    "statsArea": 1125.4114220792546,
    "statsPerimeter": 1255.18637235602,
    "statsVertices": 77249,
    "statsLineResolution": 16.248577617263912,
    "statsVertexDensity": 61.54384854816537
}