{
    "boundaryCount": 5,
    "statsArea": 3964.0368375906924,
    "statsPerimeter": 5395.3702649979705,
    "statsVertices": 33378,
    "statsLineResolution": 161.64450431415813,
    "statsVertexDensity": 6.1864150856405695
}