{
    "boundaryCount": 5,
    "boundaryYearSourceLag": 1,
    "statsArea": 72327.9026476874,
    "statsPerimeter": 5395.3685869324745,
    "statsVertices": 9137,
    "statsLineResolution": 590.4967261609363,
    "statsVertexDensity": 1.6934894906215892
}