{
    "boundaryCount": 13,
    "statsArea": 261.2814670487201,
    "statsPerimeter": 261.0243084960805,
    "statsVertices": 6124,
    "statsLineResolution": 42.62317251732209,
    "statsVertexDensity": 23.461416430079183
}