{
    "boundaryCount": 13,
    "statsArea": 261.2814670483666,
    "statsPerimeter": 261.0243084960927,
    "statsVertices": 6124,
    "statsLineResolution": 42.623172517324086,
    "statsVertexDensity": 23.461416430078085
}