{
    "boundaryCount": 1,
    "statsArea": 145018.33572702977,
    "statsPerimeter": 1912.61400074211,
    "statsVertices": 447,
    "statsLineResolution": 4278.778525150135,
    "statsVertexDensity": 0.233711559063439
}