{
    "boundaryCount": 1,
    "statsArea": 145123.53016754624,
    "statsPerimeter": 2050.680209169272,
    "statsVertices": 737,
    "statsLineResolution": 2782.4697546394464,
    "statsVertexDensity": 0.3593929451821051
}