{
    "boundaryCount": 1,
    "statsArea": 144985.41960216378,
    "statsPerimeter": 1897.181623778726,
    "statsVertices": 268,
    "statsLineResolution": 7079.035909622112,
    "statsVertexDensity": 0.14126217365852878
}