{"boundaryCount": 8302, "boundaryYearSourceLag": null, "statsArea": 506043.758595278, "statsVertices": 617847, "statsLineResolution": 494.3534699464751, "statsVertexDensity": 2.0228441000085877, "statsPerimeter": 305434.8083460198}