{
    "boundaryCount": 8302,
    "statsArea": 506043.758595278,
    "statsPerimeter": 306732.4112954764,
    "statsVertices": 617847,
    "statsLineResolution": 496.45367104716286,
    "statsVertexDensity": 2.0142866461047895
}