{
    "boundaryCount": 8302,
    "statsArea": 506044.3191588891,
    "statsPerimeter": 306829.8163161333,
    "statsVertices": 684953,
    "statsLineResolution": 447.9574749159918,
    "statsVertexDensity": 2.232354756860651
}