{
    "boundaryCount": 1,
    "statsArea": 11000.03397345629,
    "statsPerimeter": 1141.368404770549,
    "statsVertices": 20752,
    "statsLineResolution": 55.00040501014596,
    "statsVertexDensity": 18.181684295152543
}