{
    "boundaryCount": 1,
    "statsArea": 463.0622651771855,
    "statsPerimeter": 903.5100544435902,
    "statsVertices": 26182,
    "statsLineResolution": 34.50882493482508,
    "statsVertexDensity": 28.978094788467732
}