{
    "boundaryCount": 1,
    "statsArea": 463.0622651758108,
    "statsPerimeter": 903.5100544436079,
    "statsVertices": 26182,
    "statsLineResolution": 34.50882493482575,
    "statsVertexDensity": 28.978094788467164
}