{
    "boundaryCount": 26,
    "statsArea": 2329142.808493481,
    "statsPerimeter": 52823.554680009634,
    "statsVertices": 86346,
    "statsLineResolution": 611.7660885276636,
    "statsVertexDensity": 1.6346116902404617
}