{
    "boundaryCount": 1,
    "statsArea": 7867.427872697775,
    "statsPerimeter": 3347.61457275671,
    "statsVertices": 51080,
    "statsLineResolution": 65.53669876187764,
    "statsVertexDensity": 15.258626371056925
}