{
    "boundaryCount": 1,
    "boundaryYearSourceLag": 1,
    "statsArea": 7867.396135222462,
    "statsPerimeter": 3347.604025947479,
    "statsVertices": 8700,
    "statsLineResolution": 384.7820719479861,
    "statsVertexDensity": 2.5988736817633686
}