{
    "boundaryCount": 1,
    "boundaryYearSourceLag": 0,
    "statsArea": 436269.26189353265,
    "statsPerimeter": 3585.442864073007,
    "statsVertices": 2225,
    "statsLineResolution": 1611.4349950889919,
    "statsVertexDensity": 0.6205649021199113
}