{
    "boundaryCount": 9,
    "boundaryYearSourceLag": 10,
    "statsArea": 586053.3078329652,
    "statsPerimeter": 16464.594470216773,
    "statsVertices": 48560,
    "statsLineResolution": 339.0567230275283,
    "statsVertexDensity": 2.949359007161788
}