{
    "boundaryCount": 15,
    "statsArea": 61975.21552711796,
    "statsPerimeter": 7633.52014142371,
    "statsVertices": 22253,
    "statsLineResolution": 343.0333052363146,
    "statsVertexDensity": 2.9151688326913416
}