{
    "boundaryCount": 15,
    "boundaryYearSourceLag": 1,
    "statsArea": 95831.39493309129,
    "statsPerimeter": 7633.52152505511,
    "statsVertices": 10846,
    "statsLineResolution": 703.8098400382731,
    "statsVertexDensity": 1.4208383331861631
}