{
    "boundaryCount": 1,
    "statsArea": 514961.72862199676,
    "statsPerimeter": 12769.206933390022,
    "statsVertices": 80118,
    "statsLineResolution": 159.38000116565593,
    "statsVertexDensity": 6.2743129168422005
}