{
    "boundaryCount": 69,
    "boundaryYearSourceLag": 0,
    "statsArea": 406246.23736819375,
    "statsPerimeter": 28142.150684172033,
    "statsVertices": 60631,
    "statsLineResolution": 464.1544867175543,
    "statsVertexDensity": 2.1544550976376033
}