{
    "boundaryCount": 1,
    "statsArea": 673.3059363208147,
    "statsPerimeter": 288.68478191015856,
    "statsVertices": 350,
    "statsLineResolution": 824.8136626004531,
    "statsVertexDensity": 1.2123950479278236
}