{
    "boundaryCount": 1,
    "statsArea": 1292629.8203113275,
    "statsPerimeter": 11422.066706137985,
    "statsVertices": 132298,
    "statsLineResolution": 86.33589854826214,
    "statsVertexDensity": 11.582667428207696
}