{
    "boundaryCount": 1,
    "statsArea": 452873.7023058955,
    "statsPerimeter": 5427.113344738274,
    "statsVertices": 90233,
    "statsLineResolution": 60.14554924183252,
    "statsVertexDensity": 16.626334161139866
}