{
    "boundaryCount": 1,
    "statsArea": 452873.7023058989,
    "statsPerimeter": 5427.113344738315,
    "statsVertices": 90233,
    "statsLineResolution": 60.14554924183299,
    "statsVertexDensity": 16.626334161139738
}