{
    "boundaryCount": 1,
    "statsArea": 5749.105584107355,
    "statsPerimeter": 546.8503188418196,
    "statsVertices": 150,
    "statsLineResolution": 3645.668792278797,
    "statsVertexDensity": 0.2742980937044833
}