{
    "boundaryCount": 1,
    "statsArea": 5716.69325847399,
    "statsPerimeter": 583.8148148684324,
    "statsVertices": 156,
    "statsLineResolution": 3742.4026594130287,
    "statsVertexDensity": 0.26720801875361094
}