{
    "boundaryCount": 1,
    "statsArea": 5728.762527643701,
    "statsPerimeter": 527.8614105086724,
    "statsVertices": 97,
    "statsLineResolution": 5441.870211429612,
    "statsVertexDensity": 0.18376035464787277
}