{
    "boundaryCount": 1,
    "boundaryYearSourceLag": 1,
    "statsArea": 26794.99849368731,
    "statsPerimeter": 1250.752226339865,
    "statsVertices": 13472,
    "statsLineResolution": 92.84087190765031,
    "statsVertexDensity": 10.77111814497724
}