{
    "boundaryCount": 1,
    "statsArea": 26795.012362074904,
    "statsPerimeter": 1250.7528510026914,
    "statsVertices": 29574,
    "statsLineResolution": 42.29231253813117,
    "statsVertexDensity": 23.644959095069343
}