{
    "boundaryCount": 1,
    "statsArea": 100229.23002897443,
    "statsPerimeter": 15161.35598991471,
    "statsVertices": 335319,
    "statsLineResolution": 45.214723859711825,
    "statsVertexDensity": 22.116689313479167
}