{
    "boundaryCount": 1,
    "statsArea": 100309.96764670071,
    "statsPerimeter": 15368.642595445499,
    "statsVertices": 339286,
    "statsLineResolution": 45.29701371540676,
    "statsVertexDensity": 22.076510524133568
}