{"boundaryCount": 1, "boundaryYearSourceLag": null, "statsArea": 100229.23002897443, "statsVertices": 335319, "statsLineResolution": 45.214723859711825, "statsVertexDensity": 22.116689313479167, "statsPerimeter": 15161.35598991471}