{"boundaryCount": 302, "boundaryYearSourceLag": null, "statsArea": 757580.3113419432, "statsVertices": 2103463, "statsLineResolution": 75.5274637780474, "statsVertexDensity": 13.240216869173581, "statsPerimeter": 158869.22554096294}