{
    "boundaryCount": 302,
    "statsArea": 757580.3113419432,
    "statsPerimeter": 158869.22554096294,
    "statsVertices": 2103463,
    "statsLineResolution": 75.5274637780474,
    "statsVertexDensity": 13.240216869173581
}