{
    "boundaryCount": 345,
    "statsArea": 752648.988412386,
    "statsPerimeter": 154291.23804427334,
    "statsVertices": 4106254,
    "statsLineResolution": 37.57469412371309,
    "statsVertexDensity": 26.613656433437423
}