{"boundaryCount": 55, "boundaryYearSourceLag": null, "statsArea": 17383.257982757008, "statsVertices": 4382, "statsLineResolution": 1067.0205660240554, "statsVertexDensity": 0.9371890588071904, "statsPerimeter": 4675.684120317411}