{
    "boundaryCount": 55,
    "statsArea": 17383.257981505216,
    "statsPerimeter": 4675.684122954061,
    "statsVertices": 4382,
    "statsLineResolution": 1067.0205666257557,
    "statsVertexDensity": 0.9371890582787029
}