{
    "boundaryCount": 1,
    "statsArea": 77.57305429636291,
    "statsPerimeter": 44.189605312698454,
    "statsVertices": 333,
    "statsLineResolution": 132.7015174555509,
    "statsVertexDensity": 7.535708853781234
}