{
    "boundaryCount": 1,
    "statsArea": 11662.16086538203,
    "statsPerimeter": 2507.5670748552507,
    "statsVertices": 1445,
    "statsLineResolution": 1735.3405362320075,
    "statsVertexDensity": 0.5762557717756813
}