{
    "boundaryCount": 1,
    "statsArea": 1135117.878111762,
    "statsPerimeter": 9070.651920939823,
    "statsVertices": 3286,
    "statsLineResolution": 2760.39315914176,
    "statsVertexDensity": 0.36226723598710564
}