{
    "boundaryCount": 15,
    "boundaryYearSourceLag": 11,
    "statsArea": 95921.95276618535,
    "statsPerimeter": 7923.293579404947,
    "statsVertices": 35757,
    "statsLineResolution": 221.58720192983046,
    "statsVertexDensity": 4.512896012454131
}