{
    "boundaryCount": 179,
    "boundaryYearSourceLag": 6,
    "statsArea": 122568.30764740397,
    "statsPerimeter": 23728.038000650035,
    "statsVertices": 37113,
    "statsLineResolution": 639.3457279295674,
    "statsVertexDensity": 1.5640989785579102
}