{
    "boundaryCount": 202,
    "statsArea": 37520.443502971946,
    "statsPerimeter": 12277.46009497997,
    "statsVertices": 21399,
    "statsLineResolution": 573.7398988261119,
    "statsVertexDensity": 1.7429500755412484
}