{
    "boundaryCount": 202,
    "statsArea": 37520.44350297166,
    "statsPerimeter": 12277.460094979959,
    "statsVertices": 21399,
    "statsLineResolution": 573.7398988261115,
    "statsVertexDensity": 1.74295007554125
}