{
    "boundaryCount": 9,
    "statsArea": 1219826.7240559529,
    "statsPerimeter": 20339.924955842536,
    "statsVertices": 6229,
    "statsLineResolution": 3265.3596011948202,
    "statsVertexDensity": 0.3062449843607094
}