{
    "boundaryCount": 9,
    "statsArea": 1219826.724055953,
    "statsPerimeter": 20645.714790968854,
    "statsVertices": 7025,
    "statsLineResolution": 2938.891785191296,
    "statsVertexDensity": 0.3402643149498983
}