{"boundaryCount": 9, "boundaryYearSourceLag": null, "statsArea": 1219826.724055953, "statsVertices": 7025, "statsLineResolution": 2907.6649971570146, "statsVertexDensity": 0.3439185741747263, "statsPerimeter": 20426.346605028026}