{
    "boundaryCount": 775,
    "statsArea": 908410.1359944218,
    "statsPerimeter": 125778.71465971025,
    "statsVertices": 277095,
    "statsLineResolution": 453.91910593735093,
    "statsVertexDensity": 2.2030357103717466
}