{
    "boundaryCount": 775,
    "statsArea": 908410.13523761,
    "statsPerimeter": 125779.5104040117,
    "statsVertices": 283125,
    "statsLineResolution": 444.25434138282276,
    "statsVertexDensity": 2.250962808573389
}