{
    "boundaryCount": 37,
    "statsArea": 909953.3604092577,
    "statsPerimeter": 34452.44381278792,
    "statsVertices": 32924,
    "statsLineResolution": 1046.4233936577548,
    "statsVertexDensity": 0.9556361278435466
}