{
    "boundaryCount": 48,
    "statsArea": 265265.4353206316,
    "statsPerimeter": 21432.812248209364,
    "statsVertices": 218531,
    "statsLineResolution": 98.07675912437762,
    "statsVertexDensity": 10.19609547591019
}