{
    "boundaryCount": 21,
    "statsArea": 56573.723938288735,
    "statsPerimeter": 13622.61210921707,
    "statsVertices": 384885,
    "statsLineResolution": 35.393980303771436,
    "statsVertexDensity": 28.2533920010529
}