{
    "boundaryCount": 21,
    "statsArea": 56573.72393829039,
    "statsPerimeter": 13622.61210921706,
    "statsVertices": 384885,
    "statsLineResolution": 35.39398030377141,
    "statsVertexDensity": 28.253392001052926
}