{
    "boundaryCount": 1,
    "statsArea": 1270680.8635530234,
    "statsPerimeter": 6453.0807860253935,
    "statsVertices": 14912,
    "statsLineResolution": 432.7441514233767,
    "statsVertexDensity": 2.310834234756986
}