{
    "boundaryCount": 1,
    "statsArea": 48.507516861555246,
    "statsPerimeter": 87.86737421022156,
    "statsVertices": 7168,
    "statsLineResolution": 12.258283232452785,
    "statsVertexDensity": 81.57749180999369
}