{
    "boundaryCount": 1,
    "statsArea": 48.50751686139808,
    "statsPerimeter": 87.86737421016527,
    "statsVertices": 7168,
    "statsLineResolution": 12.25828323244493,
    "statsVertexDensity": 81.57749181004596
}