{
    "boundaryCount": 1,
    "statsArea": 446178.4409419629,
    "statsPerimeter": 8619.479737675605,
    "statsVertices": 4665,
    "statsLineResolution": 1847.6912620955209,
    "statsVertexDensity": 0.5412159598924934
}