{
    "boundaryCount": 1,
    "statsArea": 446400.9027977933,
    "statsPerimeter": 7287.571090604362,
    "statsVertices": 2638,
    "statsLineResolution": 2762.5364255513123,
    "statsVertexDensity": 0.3619861771778928
}