{
    "boundaryCount": 1,
    "statsArea": 445982.80286857794,
    "statsPerimeter": 6909.984922603123,
    "statsVertices": 1384,
    "statsLineResolution": 4992.7636724011,
    "statsVertexDensity": 0.2002898726266136
}