{
    "boundaryCount": 891,
    "boundaryYearSourceLag": 6,
    "statsArea": 241384.57591759195,
    "statsPerimeter": 77878.95229812223,
    "statsVertices": 913169,
    "statsLineResolution": 85.28427081747434,
    "statsVertexDensity": 11.725491587308088
}