{
    "boundaryCount": 313,
    "statsArea": 390899.8631796079,
    "statsPerimeter": 62097.11682254613,
    "statsVertices": 1440248,
    "statsLineResolution": 43.11557233375511,
    "statsVertexDensity": 23.19347618208704
}