{
    "boundaryCount": 10,
    "boundaryYearSourceLag": 1,
    "statsArea": 26942.35270956602,
    "statsPerimeter": 4400.6852973362975,
    "statsVertices": 22391,
    "statsLineResolution": 196.53813127311406,
    "statsVertexDensity": 5.088071172358793
}