{
    "boundaryCount": 138,
    "statsArea": 120534.91236679126,
    "statsPerimeter": 19341.85553554832,
    "statsVertices": 89199,
    "statsLineResolution": 216.83937640050132,
    "statsVertexDensity": 4.611708521763154
}