{"boundaryCount": 26, "boundaryYearSourceLag": null, "statsArea": 435.6674799661066, "statsVertices": 508, "statsLineResolution": 1156.0698263279382, "statsVertexDensity": 0.8649996541959166, "statsPerimeter": 587.2834717745926}