{
    "boundaryCount": 31,
    "statsArea": 70302.63391648569,
    "statsPerimeter": 16964.003399905178,
    "statsVertices": 1841029,
    "statsLineResolution": 9.214414004290633,
    "statsVertexDensity": 108.52562078655859
}