{
    "boundaryCount": 9,
    "statsArea": 198649.34941455786,
    "statsPerimeter": 8401.155786273874,
    "statsVertices": 8965,
    "statsLineResolution": 937.1060553568182,
    "statsVertexDensity": 1.0671150765526043
}