{"boundaryCount": 9, "boundaryYearSourceLag": null, "statsArea": 198649.34941455786, "statsVertices": 8965, "statsLineResolution": 898.3047140564975, "statsVertexDensity": 1.113208006539646, "statsPerimeter": 8053.301761516499}