{
    "boundaryCount": 9,
    "statsArea": 198649.34644292158,
    "statsPerimeter": 8401.151221576607,
    "statsVertices": 10371,
    "statsLineResolution": 810.0618283267387,
    "statsVertexDensity": 1.2344736722943692
}