{
    "boundaryCount": 4,
    "statsArea": 245213.15367404406,
    "statsPerimeter": 21213.843994545943,
    "statsVertices": 892581,
    "statsLineResolution": 23.766855887080215,
    "statsVertexDensity": 42.07540133836572
}