{
    "boundaryCount": 4,
    "boundaryYearSourceLag": 1,
    "statsArea": 245212.96503739117,
    "statsPerimeter": 21213.803738195136,
    "statsVertices": 348205,
    "statsLineResolution": 60.92331740840923,
    "statsVertexDensity": 16.414076621867775
}