{
    "boundaryCount": 1,
    "statsArea": 514453.67794140254,
    "statsPerimeter": 8408.003546742664,
    "statsVertices": 3317,
    "statsLineResolution": 2534.8216903052953,
    "statsVertexDensity": 0.3945050666974368
}