{
    "boundaryCount": 1,
    "statsArea": 512815.9235690487,
    "statsPerimeter": 7592.017931948809,
    "statsVertices": 2304,
    "statsLineResolution": 3295.1466718527818,
    "statsVertexDensity": 0.30347662777563833
}