{
    "boundaryCount": 1,
    "statsArea": 512205.2600792616,
    "statsPerimeter": 7141.935120069362,
    "statsVertices": 1195,
    "statsLineResolution": 5976.514744827919,
    "statsVertexDensity": 0.16732159840572652
}