{
    "boundaryCount": 198,
    "boundaryYearSourceLag": 6,
    "statsArea": 241384.56863184838,
    "statsPerimeter": 42598.254556894135,
    "statsVertices": 544328,
    "statsLineResolution": 78.2584297645797,
    "statsVertexDensity": 12.77817614036267
}