{
    "boundaryCount": 1,
    "statsArea": 449.42443688960327,
    "statsPerimeter": 120.08504268856011,
    "statsVertices": 51,
    "statsLineResolution": 2354.6086801678453,
    "statsVertexDensity": 0.42469902044560387
}