{
    "boundaryCount": 1,
    "statsArea": 754434.994348187,
    "statsPerimeter": 113307.16991038826,
    "statsVertices": 8722969,
    "statsLineResolution": 12.989518810669654,
    "statsVertexDensity": 76.9851458376268
}