{
    "boundaryCount": 1,
    "statsArea": 754434.9943481631,
    "statsPerimeter": 113307.16991038702,
    "statsVertices": 8722969,
    "statsLineResolution": 12.989518810669512,
    "statsVertexDensity": 76.98514583762766
}