{
    "boundaryCount": 1,
    "boundaryYearSourceLag": 1,
    "statsArea": 17348.3788829309,
    "statsPerimeter": 547.3191375697729,
    "statsVertices": 1420,
    "statsLineResolution": 385.4360123730795,
    "statsVertexDensity": 2.5944643673618604
}