{
    "boundaryCount": 1,
    "statsArea": 21847.614098770566,
    "statsPerimeter": 822.7181023640849,
    "statsVertices": 209,
    "statsLineResolution": 3936.450250545861,
    "statsVertexDensity": 0.2540359807319632
}