{
    "boundaryCount": 1,
    "statsArea": 12365046.68494423,
    "statsPerimeter": 86925.01194625073,
    "statsVertices": 1057962,
    "statsLineResolution": 82.16269766423626,
    "statsVertexDensity": 12.1709733057521
}