{"boundaryCount": 1, "boundaryYearSourceLag": null, "statsArea": 12365046.680402195, "statsVertices": 1057961, "statsLineResolution": 82.1631272713999, "statsVertexDensity": 12.170909667262498, "statsPerimeter": 86925.38429117751}