{
    "boundaryCount": 528,
    "statsArea": 2779615.375789901,
    "statsPerimeter": 186052.91572729443,
    "statsVertices": 1183656,
    "statsLineResolution": 157.18495553378213,
    "statsVertexDensity": 6.361932009358748
}