{
    "boundaryCount": 528,
    "statsArea": 2779615.3757898966,
    "statsPerimeter": 186052.91572729385,
    "statsVertices": 1183656,
    "statsLineResolution": 157.18495553378165,
    "statsVertexDensity": 6.3619320093587675
}