{
    "boundaryCount": 1,
    "boundaryYearSourceLag": 1,
    "statsArea": 58.46616607297623,
    "statsPerimeter": 32.27026123224912,
    "statsVertices": 57,
    "statsLineResolution": 566.1449338991074,
    "statsVertexDensity": 1.766332152992841
}