{
    "boundaryCount": 15,
    "statsArea": 109259.07159094245,
    "statsPerimeter": 18442.202918743715,
    "statsVertices": 276157,
    "statsLineResolution": 66.78158771547966,
    "statsVertexDensity": 14.974187260423651
}