{
    "boundaryCount": 15,
    "boundaryYearSourceLag": 1,
    "statsArea": 110705.53250624877,
    "statsPerimeter": 18442.154537187882,
    "statsVertices": 43410,
    "statsLineResolution": 424.83654773526564,
    "statsVertexDensity": 2.353846450666349
}