{
    "boundaryCount": 1,
    "statsArea": 324216.547560986,
    "statsPerimeter": 7248.895707427678,
    "statsVertices": 1410,
    "statsLineResolution": 5141.060785409701,
    "statsVertexDensity": 0.19451238601146167
}