{
    "boundaryCount": 1,
    "statsArea": 325523.1182937307,
    "statsPerimeter": 8207.115601081658,
    "statsVertices": 2594,
    "statsLineResolution": 3163.88419471151,
    "statsVertexDensity": 0.31606719413798967
}