{
    "boundaryCount": 1,
    "statsArea": 328892.1170906402,
    "statsPerimeter": 9532.150119384949,
    "statsVertices": 4166,
    "statsLineResolution": 2288.082121791874,
    "statsVertexDensity": 0.4370472503918986
}