{
    "boundaryCount": 6,
    "statsArea": 22101.384190518052,
    "statsPerimeter": 1705.7575513598968,
    "statsVertices": 1293,
    "statsLineResolution": 1319.2247110285357,
    "statsVertexDensity": 0.7580209737129229
}