{"boundaryCount": 6, "boundaryYearSourceLag": null, "statsArea": 21900.8843309757, "statsVertices": 1238, "statsLineResolution": 1339.067702445185, "statsVertexDensity": 0.7467882304785372, "statsPerimeter": 1657.765815627139}