{
    "boundaryCount": 1,
    "boundaryYearSourceLag": 3,
    "statsArea": 633054.0777968501,
    "statsPerimeter": 5891.109478104503,
    "statsVertices": 2596,
    "statsLineResolution": 2269.3025724593617,
    "statsVertexDensity": 0.44066402256630227
}