{
    "boundaryCount": 14,
    "statsArea": 132710.16713940128,
    "statsPerimeter": 18121.830135013555,
    "statsVertices": 238182,
    "statsLineResolution": 76.08396157146029,
    "statsVertexDensity": 13.143374495040858
}