{
    "boundaryCount": 1,
    "statsArea": 669297.4054793089,
    "statsPerimeter": 24039.828650180425,
    "statsVertices": 295891,
    "statsLineResolution": 81.24555545853177,
    "statsVertexDensity": 12.308365600508523
}