{
    "boundaryCount": 1,
    "statsArea": 669297.409874427,
    "statsPerimeter": 24081.928245377432,
    "statsVertices": 299416,
    "statsLineResolution": 80.42966389697756,
    "statsVertexDensity": 12.4332236583868
}