{"boundaryCount": 1, "boundaryYearSourceLag": null, "statsArea": 669297.4054793089, "statsVertices": 295891, "statsLineResolution": 81.24518136333137, "statsVertexDensity": 12.308422274644991, "statsPerimeter": 24039.717958777484}