{
    "boundaryCount": 2,
    "statsArea": 6074.328729806348,
    "statsPerimeter": 548.6303782541419,
    "statsVertices": 234,
    "statsLineResolution": 2344.5742660433416,
    "statsVertexDensity": 0.4265166663658647
}