{"boundaryCount": 15, "boundaryYearSourceLag": null, "statsArea": 5159.132594945689, "statsVertices": 21114, "statsLineResolution": 79.93911407261953, "statsVertexDensity": 12.509520672090066, "statsPerimeter": 1687.834454529289}