{
    "boundaryCount": 15,
    "statsArea": 5159.13226010428,
    "statsPerimeter": 1704.376609409066,
    "statsVertices": 21193,
    "statsLineResolution": 80.42167741278092,
    "statsVertexDensity": 12.434458372054252
}