{
    "boundaryCount": 10,
    "statsArea": 78.61848849440065,
    "statsPerimeter": 313.75179291342084,
    "statsVertices": 933,
    "statsLineResolution": 336.2827362416086,
    "statsVertexDensity": 2.9736881862455506
}