{
    "boundaryCount": 1,
    "statsArea": 91461.62222232892,
    "statsPerimeter": 2999.648851977467,
    "statsVertices": 622,
    "statsLineResolution": 4822.586578741909,
    "statsVertexDensity": 0.2073576044042479
}