{
    "boundaryCount": 1,
    "statsArea": 1614874.2296519817,
    "statsPerimeter": 6353.648218850017,
    "statsVertices": 9528,
    "statsLineResolution": 666.8396535316978,
    "statsVertexDensity": 1.4996108805225177
}