{
    "boundaryCount": 20,
    "statsArea": 93012.87348243567,
    "statsPerimeter": 9431.802806005244,
    "statsVertices": 64480,
    "statsLineResolution": 146.27485741323267,
    "statsVertexDensity": 6.8364448797578214
}