{
    "boundaryCount": 20,
    "statsArea": 93012.87348243655,
    "statsPerimeter": 9431.802806005137,
    "statsVertices": 64480,
    "statsLineResolution": 146.27485741323105,
    "statsVertexDensity": 6.836444879757899
}