{
    "boundaryCount": 1,
    "statsArea": 514453.67794877803,
    "statsPerimeter": 8408.003548430575,
    "statsVertices": 3317,
    "statsLineResolution": 2534.8216908141617,
    "statsVertexDensity": 0.3945050666182397
}