{
    "boundaryCount": 25,
    "statsArea": 573050.519858988,
    "statsPerimeter": 31315.307036139904,
    "statsVertices": 296418,
    "statsLineResolution": 105.64576724807503,
    "statsVertexDensity": 9.465594562362563
}