{
    "boundaryCount": 25,
    "statsArea": 573050.5198589911,
    "statsPerimeter": 31315.307036140523,
    "statsVertices": 296418,
    "statsLineResolution": 105.64576724807712,
    "statsVertexDensity": 9.465594562362377
}