{
    "boundaryCount": 354,
    "statsArea": 109152.81029928231,
    "statsPerimeter": 26955.292353410157,
    "statsVertices": 46608,
    "statsLineResolution": 578.340464156586,
    "statsVertexDensity": 1.7290853087001874
}