{
    "boundaryCount": 354,
    "statsArea": 109152.71292015878,
    "statsPerimeter": 26953.918291794616,
    "statsVertices": 47422,
    "statsLineResolution": 568.3842581880692,
    "statsVertexDensity": 1.7593731451815053
}