{
    "boundaryCount": 19,
    "statsArea": 673.3059363208146,
    "statsPerimeter": 505.8449480578785,
    "statsVertices": 709,
    "statsLineResolution": 713.4625501521559,
    "statsVertexDensity": 1.401615263179176
}