{"boundaryCount": 1, "boundaryYearSourceLag": null, "statsArea": 95298.1539476178, "statsVertices": 698, "statsLineResolution": 2697.365169043909, "statsVertexDensity": 0.370732154280191, "statsPerimeter": 1882.7608879926486}