{
    "boundaryCount": 1,
    "statsArea": 95298.1539476178,
    "statsPerimeter": 1882.7608879926486,
    "statsVertices": 698,
    "statsLineResolution": 2697.365169043909,
    "statsVertexDensity": 0.370732154280191
}