{
    "boundaryCount": 1,
    "statsArea": 21676.833366603623,
    "statsPerimeter": 1046.0438687751143,
    "statsVertices": 31896,
    "statsLineResolution": 32.795456131650184,
    "statsVertexDensity": 30.49202901724308
}