{
    "boundaryCount": 1,
    "statsArea": 21676.833366601928,
    "statsPerimeter": 1046.0438687750789,
    "statsVertices": 31896,
    "statsLineResolution": 32.795456131649075,
    "statsVertexDensity": 30.492029017244114
}