{
    "boundaryCount": 64,
    "statsArea": 327704.67798004556,
    "statsPerimeter": 33617.59898840719,
    "statsVertices": 78011,
    "statsLineResolution": 430.9340860700053,
    "statsVertexDensity": 2.3205405010304747
}