{
    "boundaryCount": 1,
    "statsArea": 33.62202420867682,
    "statsPerimeter": 124.94453167497612,
    "statsVertices": 105,
    "statsLineResolution": 1189.9479207140585,
    "statsVertexDensity": 0.8403729126228691
}