{
    "boundaryCount": 1,
    "statsArea": 140.65342408931394,
    "statsPerimeter": 410.49265383919806,
    "statsVertices": 704,
    "statsLineResolution": 583.0861560215882,
    "statsVertexDensity": 1.7150124208453614
}