{
    "boundaryCount": 1,
    "statsArea": 108.74231106235904,
    "statsPerimeter": 518.1259926077882,
    "statsVertices": 1453,
    "statsLineResolution": 356.5904973212582,
    "statsVertexDensity": 2.804337208961246
}