{
    "boundaryCount": 348,
    "statsArea": 912367.7892793741,
    "statsPerimeter": 82165.59735909165,
    "statsVertices": 876578,
    "statsLineResolution": 93.73449637007963,
    "statsVertexDensity": 10.668430926985847
}