{
    "boundaryCount": 14,
    "statsArea": 188110.8186076426,
    "statsPerimeter": 7944.795011562184,
    "statsVertices": 29023,
    "statsLineResolution": 273.7413434711155,
    "statsVertexDensity": 3.6530835544230373
}