{
    "boundaryCount": 1,
    "statsArea": 45405.516898587666,
    "statsPerimeter": 3245.584506535926,
    "statsVertices": 46518,
    "statsLineResolution": 69.77050833088107,
    "statsVertexDensity": 14.332703371710863
}