{
    "boundaryCount": 1,
    "boundaryYearSourceLag": 1,
    "statsArea": 45405.48922100827,
    "statsPerimeter": 3245.5804528084177,
    "statsVertices": 7144,
    "statsLineResolution": 454.30857402133506,
    "statsVertexDensity": 2.201147099532923
}