{
    "boundaryCount": 5,
    "boundaryYearSourceLag": 0,
    "statsArea": 22693.52601461951,
    "statsPerimeter": 2827.0915406341337,
    "statsVertices": 5604,
    "statsLineResolution": 504.47743408888897,
    "statsVertexDensity": 1.9822492195434849
}