{
    "boundaryCount": 1,
    "statsArea": 300755.06201057194,
    "statsPerimeter": 13242.232863795718,
    "statsVertices": 267804,
    "statsLineResolution": 49.44747973815073,
    "statsVertexDensity": 20.22347762303565
}