{"boundaryCount": 1, "boundaryYearSourceLag": null, "statsArea": 300755.0632791869, "statsVertices": 265970, "statsLineResolution": 49.27070435311307, "statsVertexDensity": 20.29603621724594, "statsPerimeter": 13104.529236797482}