{
    "boundaryCount": 1,
    "statsArea": 300755.06327918684,
    "statsPerimeter": 13150.279166411923,
    "statsVertices": 265970,
    "statsLineResolution": 49.44271596951507,
    "statsVertexDensity": 20.225426139950944
}