{
    "boundaryCount": 1,
    "statsArea": 437366.9834925517,
    "statsPerimeter": 3484.7579918773135,
    "statsVertices": 841,
    "statsLineResolution": 4143.588575359469,
    "statsVertexDensity": 0.2413367017050545
}