{
    "boundaryCount": 1,
    "statsArea": 256056.25501987647,
    "statsPerimeter": 8758.50597839477,
    "statsVertices": 126522,
    "statsLineResolution": 69.2251622515829,
    "statsVertexDensity": 14.445614390410968
}