{
    "boundaryCount": 1,
    "statsArea": 256056.2550198751,
    "statsPerimeter": 8758.505978394765,
    "statsVertices": 126522,
    "statsLineResolution": 69.22516225158284,
    "statsVertexDensity": 14.445614390410977
}