{
    "boundaryCount": 31,
    "statsArea": 1622930.204142443,
    "statsPerimeter": 41817.44877016083,
    "statsVertices": 181191,
    "statsLineResolution": 230.79208553493734,
    "statsVertexDensity": 4.332904214120548
}