{
    "boundaryCount": 31,
    "statsArea": 1622930.204142443,
    "statsPerimeter": 41817.44877016056,
    "statsVertices": 181191,
    "statsLineResolution": 230.79208553493586,
    "statsVertexDensity": 4.3329042141205765
}