{
    "boundaryCount": 928,
    "statsArea": 515415.58901995805,
    "statsPerimeter": 133092.51735198192,
    "statsVertices": 6432293,
    "statsLineResolution": 20.691302052313524,
    "statsVertexDensity": 48.32948634511807
}