{
    "boundaryCount": 1,
    "statsArea": 57094.46769341418,
    "statsPerimeter": 1540.3503482442097,
    "statsVertices": 192,
    "statsLineResolution": 8022.658063771926,
    "statsVertexDensity": 0.12464696763230126
}