{
    "boundaryCount": 1,
    "statsArea": 57127.60886851406,
    "statsPerimeter": 1558.2332598902776,
    "statsVertices": 347,
    "statsLineResolution": 4490.585763372558,
    "statsVertexDensity": 0.22268809743185297
}