{
    "boundaryCount": 1,
    "statsArea": 56863.47734311903,
    "statsPerimeter": 1652.1104288319534,
    "statsVertices": 486,
    "statsLineResolution": 3399.404174551344,
    "statsVertexDensity": 0.29416919808659725
}