{
    "boundaryCount": 5,
    "boundaryYearSourceLag": 7,
    "statsArea": 25291.888196903717,
    "statsPerimeter": 2141.516766836233,
    "statsVertices": 42661,
    "statsLineResolution": 50.19846620651726,
    "statsVertexDensity": 19.92092738224281
}