{
    "boundaryCount": 84,
    "statsArea": 25385.254938080896,
    "statsPerimeter": 6804.700552494506,
    "statsVertices": 6864,
    "statsLineResolution": 991.3608031023465,
    "statsVertexDensity": 1.008714483032432
}