{
    "boundaryCount": 10,
    "statsArea": 465994.2171601886,
    "statsPerimeter": 13651.101126086198,
    "statsVertices": 32209,
    "statsLineResolution": 423.82877848074133,
    "statsVertexDensity": 2.3594433666930423
}