{
    "boundaryCount": 17,
    "statsArea": 110590.24084534688,
    "statsPerimeter": 14200.475181962667,
    "statsVertices": 34927,
    "statsLineResolution": 406.57586342836964,
    "statsVertexDensity": 2.4595655816056072
}