{
    "boundaryCount": 1,
    "statsArea": 187961.18636468335,
    "statsPerimeter": 2221.187072379758,
    "statsVertices": 412,
    "statsLineResolution": 5391.230758203295,
    "statsVertexDensity": 0.18548640279928663
}