{
    "boundaryCount": 1,
    "statsArea": 186881.31030501876,
    "statsPerimeter": 2179.3881855385293,
    "statsVertices": 252,
    "statsLineResolution": 8648.365815629086,
    "statsVertexDensity": 0.11562878135807206
}