{
    "boundaryCount": 1,
    "statsArea": 187223.07953994581,
    "statsPerimeter": 2307.6266121754747,
    "statsVertices": 631,
    "statsLineResolution": 3657.094472544334,
    "statsVertexDensity": 0.2734411176707378
}