{
    "boundaryCount": 122,
    "statsArea": 297521.2299592548,
    "statsPerimeter": 45020.451170837,
    "statsVertices": 108250,
    "statsLineResolution": 415.8933133564619,
    "statsVertexDensity": 2.404462798234269
}