{
    "boundaryCount": 1,
    "statsArea": 34.587225582178846,
    "statsPerimeter": 36.30791396871026,
    "statsVertices": 11388,
    "statsLineResolution": 3.1882607980953863,
    "statsVertexDensity": 313.65062751371636
}