{
    "boundaryCount": 11,
    "statsArea": 29757.205216731665,
    "statsPerimeter": 3319.4119899614016,
    "statsVertices": 8850,
    "statsLineResolution": 375.0748011255821,
    "statsVertexDensity": 2.666134853631986
}