{
    "boundaryCount": 11,
    "statsArea": 29757.205216731483,
    "statsPerimeter": 3319.4119899614375,
    "statsVertices": 8850,
    "statsLineResolution": 375.07480112558613,
    "statsVertexDensity": 2.666134853631957
}