{
    "boundaryCount": 1,
    "statsArea": 10004.09687041851,
    "statsPerimeter": 615.8796467183189,
    "statsVertices": 312,
    "statsLineResolution": 1973.9732266612787,
    "statsVertexDensity": 0.5065924838764765
}