{
    "boundaryCount": 1,
    "statsArea": 66149.63271288117,
    "statsPerimeter": 2498.19625865084,
    "statsVertices": 52975,
    "statsLineResolution": 47.15802281549485,
    "statsVertexDensity": 21.205299550248043
}