{
    "boundaryCount": 1,
    "statsArea": 66149.63271288248,
    "statsPerimeter": 2498.196258650876,
    "statsVertices": 52975,
    "statsLineResolution": 47.158022815495535,
    "statsVertexDensity": 21.205299550247734
}