{
    "boundaryCount": 1,
    "statsArea": 751084.042118979,
    "statsPerimeter": 6263.803295010031,
    "statsVertices": 102231,
    "statsLineResolution": 61.2710752610268,
    "statsVertexDensity": 16.320914815674506
}