{
    "boundaryCount": 1,
    "statsArea": 751084.1161911582,
    "statsPerimeter": 6364.251471343544,
    "statsVertices": 95735,
    "statsLineResolution": 66.47779256639207,
    "statsVertexDensity": 15.042617412443255
}