{
    "boundaryCount": 115,
    "statsArea": 1385.182831405771,
    "statsPerimeter": 2200.4833883329015,
    "statsVertices": 52001,
    "statsLineResolution": 42.31617446458532,
    "statsVertexDensity": 23.63162579445612
}