{
    "boundaryCount": 115,
    "statsArea": 1385.182831406042,
    "statsPerimeter": 2200.4833883329993,
    "statsVertices": 52001,
    "statsLineResolution": 42.316174464587206,
    "statsVertexDensity": 23.631625794455072
}