{
    "boundaryCount": 39,
    "statsArea": 56671.01507220678,
    "statsPerimeter": 7694.202439881044,
    "statsVertices": 20615,
    "statsLineResolution": 373.2332010614137,
    "statsVertexDensity": 2.6792900448196058
}