{"boundaryCount": 39, "boundaryYearSourceLag": 0, "statsArea": 56671.01507220677, "statsVertices": 20615, "statsLineResolution": 373.23320106141364, "statsVertexDensity": 2.6792900448196058, "statsPerimeter": 7694.202439881043}