{
    "boundaryCount": 39,
    "statsArea": 56671.01507220677,
    "statsPerimeter": 7694.202439881043,
    "statsVertices": 20615,
    "statsLineResolution": 373.23320106141364,
    "statsVertexDensity": 2.6792900448196058
}