{
    "boundaryCount": 1,
    "statsArea": 91890.312540627,
    "statsPerimeter": 4202.029056333189,
    "statsVertices": 42886,
    "statsLineResolution": 97.98137052495427,
    "statsVertexDensity": 10.206021763548573
}