{
    "boundaryCount": 1,
    "boundaryYearSourceLag": 1,
    "statsArea": 91890.27103112744,
    "statsPerimeter": 4202.03047495582,
    "statsVertices": 9492,
    "statsLineResolution": 442.6917904504656,
    "statsVertexDensity": 2.2589079390481572
}