{
    "boundaryCount": 1,
    "statsArea": 260681.1460399902,
    "statsPerimeter": 3565.206584444074,
    "statsVertices": 595,
    "statsLineResolution": 5991.943839401805,
    "statsVertexDensity": 0.16689074978043072
}