{
    "boundaryCount": 1,
    "statsArea": 259968.48468103685,
    "statsPerimeter": 4122.812686628104,
    "statsVertices": 1462,
    "statsLineResolution": 2819.9813178030804,
    "statsVertexDensity": 0.35461227834624615
}