{
    "boundaryCount": 1,
    "statsArea": 260691.92645680468,
    "statsPerimeter": 3623.344223318683,
    "statsVertices": 878,
    "statsLineResolution": 4126.815744098728,
    "statsVertexDensity": 0.2423175789784126
}