{
    "boundaryCount": 20,
    "statsArea": 505968.9529962597,
    "statsPerimeter": 25301.733658769506,
    "statsVertices": 649516,
    "statsLineResolution": 38.954750396863986,
    "statsVertexDensity": 25.67081010177655
}