{
    "boundaryCount": 20,
    "statsArea": 505968.9529962554,
    "statsPerimeter": 25301.733658769932,
    "statsVertices": 649516,
    "statsLineResolution": 38.95475039686464,
    "statsVertexDensity": 25.67081010177612
}