{
    "boundaryCount": 13,
    "boundaryYearSourceLag": 13,
    "statsArea": 272914.36451141036,
    "statsPerimeter": 12080.727965669932,
    "statsVertices": 33811,
    "statsLineResolution": 357.30170552985516,
    "statsVertexDensity": 2.798755182310326
}