{
    "boundaryCount": 12,
    "boundaryYearSourceLag": 8,
    "statsArea": 29714.728518324722,
    "statsPerimeter": 3729.7949467217277,
    "statsVertices": 13996,
    "statsLineResolution": 266.4900647843475,
    "statsVertexDensity": 3.752485109751588
}