{
    "boundaryCount": 1,
    "statsArea": 70266.24252494177,
    "statsPerimeter": 8173.330314221779,
    "statsVertices": 82898,
    "statsLineResolution": 98.5950241769618,
    "statsVertexDensity": 10.142499668189796
}