{
    "boundaryCount": 1,
    "statsArea": 70366.76633353293,
    "statsPerimeter": 8933.549897584284,
    "statsVertices": 165553,
    "statsLineResolution": 53.96187261834146,
    "statsVertexDensity": 18.531602990740232
}