{
    "boundaryCount": 1,
    "statsArea": 153.6286738870914,
    "statsPerimeter": 140.31474682490446,
    "statsVertices": 2138,
    "statsLineResolution": 65.6289741931265,
    "statsVertexDensity": 15.237172488134558
}