{
    "boundaryCount": 1,
    "boundaryYearSourceLag": 1,
    "statsArea": 153.6271369290365,
    "statsPerimeter": 140.31388770779336,
    "statsVertices": 366,
    "statsLineResolution": 383.3712778901458,
    "statsVertexDensity": 2.6084374539047963
}