{
    "boundaryCount": 1,
    "statsArea": 138821.06776228937,
    "statsPerimeter": 5218.009562933345,
    "statsVertices": 1935,
    "statsLineResolution": 2696.6457689578006,
    "statsVertexDensity": 0.37083105668212396
}