{
    "boundaryCount": 1,
    "statsArea": 137847.75137751366,
    "statsPerimeter": 4502.860341208736,
    "statsVertices": 900,
    "statsLineResolution": 5003.178156898595,
    "statsVertexDensity": 0.19987295447817652
}