{
    "boundaryCount": 1,
    "statsArea": 136903.6780544663,
    "statsPerimeter": 5704.786679092204,
    "statsVertices": 2280,
    "statsLineResolution": 2502.0994206544756,
    "statsVertexDensity": 0.3996643745428906
}