{
    "boundaryCount": 9,
    "boundaryYearSourceLag": 3,
    "statsArea": 68.06274212184576,
    "statsPerimeter": 215.41983521356428,
    "statsVertices": 3300,
    "statsLineResolution": 65.27873794350432,
    "statsVertexDensity": 15.318923611321237
}