{
    "boundaryCount": 1,
    "statsArea": 64576.403598551005,
    "statsPerimeter": 1564.0051954051291,
    "statsVertices": 543,
    "statsLineResolution": 2880.304227265431,
    "statsVertexDensity": 0.34718554746190916
}