{
    "boundaryCount": 1,
    "statsArea": 58.26240810333681,
    "statsPerimeter": 28.986052280510503,
    "statsVertices": 28,
    "statsLineResolution": 1035.2161528753752,
    "statsVertexDensity": 0.9659818359889767
}