{
    "boundaryCount": 1,
    "statsArea": 261.2814638221896,
    "statsPerimeter": 81.26855882189656,
    "statsVertices": 5952,
    "statsLineResolution": 13.653991737549825,
    "statsVertexDensity": 73.23865571486331
}