{
    "boundaryCount": 1,
    "statsArea": 261.2814638225769,
    "statsPerimeter": 81.26855882187722,
    "statsVertices": 5952,
    "statsLineResolution": 13.653991737546576,
    "statsVertexDensity": 73.23865571488075
}