{
    "boundaryCount": 1,
    "boundaryYearSourceLag": 2,
    "statsArea": 909932.8382698236,
    "statsPerimeter": 5279.506768558896,
    "statsVertices": 6427,
    "statsLineResolution": 821.4574091425075,
    "statsVertexDensity": 1.217348567156838
}