{
    "boundaryCount": 338,
    "statsArea": 912360.8012180057,
    "statsPerimeter": 71497.83965023639,
    "statsVertices": 237364,
    "statsLineResolution": 301.21602117522616,
    "statsVertexDensity": 3.3198765327899697
}