{
    "boundaryCount": 338,
    "statsArea": 912492.7188004393,
    "statsPerimeter": 71294.20125991777,
    "statsVertices": 204871,
    "statsLineResolution": 347.9955740925644,
    "statsVertexDensity": 2.8735997651912863
}