{
    "boundaryCount": 7,
    "statsArea": 22370.935203884408,
    "statsPerimeter": 2408.6733753807835,
    "statsVertices": 1365,
    "statsLineResolution": 1764.5958793998414,
    "statsVertexDensity": 0.5667019920391694
}