{
    "boundaryCount": 1,
    "statsArea": 85.68415719462415,
    "statsPerimeter": 137.52474993157577,
    "statsVertices": 941,
    "statsLineResolution": 146.14744944907093,
    "statsVertexDensity": 6.842404734189201
}