{
    "boundaryCount": 18,
    "statsArea": 667783.3892801811,
    "statsPerimeter": 38910.49336832461,
    "statsVertices": 451731,
    "statsLineResolution": 86.13642492617203,
    "statsVertexDensity": 11.60949042007612
}