{
    "boundaryCount": 18,
    "statsArea": 667783.3892801811,
    "statsPerimeter": 38910.49336832474,
    "statsVertices": 451731,
    "statsLineResolution": 86.1364249261723,
    "statsVertexDensity": 11.609490420076083
}