{
    "boundaryCount": 1,
    "statsArea": 3958.1065156257255,
    "statsPerimeter": 983.3368517776399,
    "statsVertices": 627,
    "statsLineResolution": 1568.320337763381,
    "statsVertexDensity": 0.6376248371720562
}