{
    "boundaryCount": 30,
    "statsArea": 10238.05803526298,
    "statsPerimeter": 3540.1239994472753,
    "statsVertices": 71411,
    "statsLineResolution": 49.57393117933197,
    "statsVertexDensity": 20.17189228714856
}