{
    "boundaryCount": 30,
    "statsArea": 10238.05687538221,
    "statsPerimeter": 3541.203966379073,
    "statsVertices": 74795,
    "statsLineResolution": 47.345463819494256,
    "statsVertexDensity": 21.121347629258096
}