{
    "boundaryCount": 1,
    "boundaryYearSourceLag": 1,
    "statsArea": 63.90739159866085,
    "statsPerimeter": 168.49037769250413,
    "statsVertices": 758,
    "statsLineResolution": 222.28282017480754,
    "statsVertexDensity": 4.498773225990117
}