{
    "boundaryCount": 1,
    "statsArea": 144.9411754819774,
    "statsPerimeter": 147.14654815392223,
    "statsVertices": 93,
    "statsLineResolution": 1582.2209478916368,
    "statsVertexDensity": 0.6320229809449395
}