{
    "boundaryCount": 1,
    "statsArea": 120457.44727735072,
    "statsPerimeter": 5965.309798996991,
    "statsVertices": 84904,
    "statsLineResolution": 70.25946715109997,
    "statsVertexDensity": 14.232957358606217
}