{
    "boundaryCount": 25,
    "boundaryYearSourceLag": 1,
    "statsArea": 181430.5764919826,
    "statsPerimeter": 13307.595352963968,
    "statsVertices": 16693,
    "statsLineResolution": 797.1961512588491,
    "statsVertexDensity": 1.2543964222869166
}