{
    "boundaryCount": 25,
    "statsArea": 137931.1311810558,
    "statsPerimeter": 13307.599383558943,
    "statsVertices": 36859,
    "statsLineResolution": 361.04070602997757,
    "statsVertexDensity": 2.769770785671378
}