{
    "boundaryCount": 6,
    "statsArea": 372.17248111564385,
    "statsPerimeter": 264.5573285559628,
    "statsVertices": 181,
    "statsLineResolution": 1461.6426992042143,
    "statsVertexDensity": 0.6841617315534406
}