{"boundaryCount": 1, "boundaryYearSourceLag": null, "statsArea": 3152800.0290135024, "statsVertices": 483393, "statsLineResolution": 75.68275322609794, "statsVertexDensity": 13.213049966781158, "statsPerimeter": 36584.51313022316}