{
    "boundaryCount": 1,
    "statsArea": 3151382.151450785,
    "statsPerimeter": 36796.50251300312,
    "statsVertices": 498945,
    "statsLineResolution": 73.74861460281818,
    "statsVertexDensity": 13.559576751178545
}