{
    "boundaryCount": 1,
    "statsArea": 3152800.0290135024,
    "statsPerimeter": 36708.14173207493,
    "statsVertices": 483393,
    "statsLineResolution": 75.9385049681624,
    "statsVertexDensity": 13.168550005287237
}