{"boundaryCount": 266, "boundaryYearSourceLag": null, "statsArea": 20422.74757388854, "statsVertices": 93354, "statsLineResolution": 134.3661639289344, "statsVertexDensity": 7.442349850285931, "statsPerimeter": 12543.618867421745}