{
    "boundaryCount": 266,
    "statsArea": 20422.74845889467,
    "statsPerimeter": 12543.612181633065,
    "statsVertices": 99299,
    "statsLineResolution": 126.32163648811232,
    "statsVertexDensity": 7.91630023012017
}