{
    "boundaryCount": 18,
    "statsArea": 26832.741956898473,
    "statsPerimeter": 4066.661080846171,
    "statsVertices": 6398,
    "statsLineResolution": 635.6144233895234,
    "statsVertexDensity": 1.5732808495240365
}