{
    "boundaryCount": 553,
    "statsArea": 55913.507727660835,
    "statsPerimeter": 34567.90622886726,
    "statsVertices": 531282,
    "statsLineResolution": 65.0650807459452,
    "statsVertexDensity": 15.369227065199933
}