{
    "boundaryCount": 553,
    "statsArea": 55913.50772765985,
    "statsPerimeter": 34567.90622886755,
    "statsVertices": 531282,
    "statsLineResolution": 65.06508074594574,
    "statsVertexDensity": 15.369227065199803
}