{
    "boundaryCount": 1,
    "statsArea": 142238.26902834373,
    "statsPerimeter": 3531.3300458511167,
    "statsVertices": 1257,
    "statsLineResolution": 2809.331778720061,
    "statsVertexDensity": 0.3559565330000299
}