{
    "boundaryCount": 1,
    "statsArea": 54.193974815309595,
    "statsPerimeter": 83.67204441200558,
    "statsVertices": 1109,
    "statsLineResolution": 75.44819153472099,
    "statsVertexDensity": 13.254128159451026
}