{"boundaryCount": 1, "boundaryYearSourceLag": null, "statsArea": 54.193974815309595, "statsVertices": 1109, "statsLineResolution": 75.44819153472099, "statsVertexDensity": 13.254128159451026, "statsPerimeter": 83.67204441200558}