{
    "boundaryCount": 18,
    "statsArea": 633532.0580607824,
    "statsPerimeter": 17095.45447102792,
    "statsVertices": 103128,
    "statsLineResolution": 165.76928158238226,
    "statsVertexDensity": 6.032480749474869
}