{
    "boundaryCount": 18,
    "statsArea": 633536.3731752506,
    "statsPerimeter": 17721.03427788239,
    "statsVertices": 102850,
    "statsLineResolution": 172.29979852097608,
    "statsVertexDensity": 5.803837314866379
}