{"boundaryCount": 18, "boundaryYearSourceLag": null, "statsArea": 633536.3731752506, "statsVertices": 102850, "statsLineResolution": 172.29979852097608, "statsVertexDensity": 5.803837314866379, "statsPerimeter": 17721.03427788239}