{
    "boundaryCount": 1,
    "statsArea": 510.5031737012012,
    "statsPerimeter": 96.9871398415925,
    "statsVertices": 40,
    "statsLineResolution": 2424.678496039812,
    "statsVertexDensity": 0.4124258130029543
}