{
    "boundaryCount": 26,
    "statsArea": 232.9021602232683,
    "statsPerimeter": 967.5731546926834,
    "statsVertices": 13960,
    "statsLineResolution": 69.31039790062202,
    "statsVertexDensity": 14.427849648674801
}