{
    "boundaryCount": 26,
    "boundaryYearSourceLag": 1,
    "statsArea": 490.0399867159392,
    "statsPerimeter": 967.566343244989,
    "statsVertices": 2572,
    "statsLineResolution": 376.19220188374373,
    "statsVertexDensity": 2.6582156541060735
}