{
    "boundaryCount": 14,
    "boundaryYearSourceLag": 1,
    "statsArea": 20680.636669425287,
    "statsPerimeter": 3546.87293834828,
    "statsVertices": 5336,
    "statsLineResolution": 664.7063227789131,
    "statsVertexDensity": 1.5044237819483002
}