{
    "boundaryCount": 14,
    "statsArea": 7862.9421839087945,
    "statsPerimeter": 3546.8728869514316,
    "statsVertices": 14565,
    "statsLineResolution": 243.52028060085354,
    "statsVertexDensity": 4.106434164467266
}