{
    "boundaryCount": 79,
    "statsArea": 75452.34601399452,
    "statsPerimeter": 23431.67645314812,
    "statsVertices": 308252,
    "statsLineResolution": 76.01467777386074,
    "statsVertexDensity": 13.155354061684536
}