{
    "boundaryCount": 79,
    "statsArea": 75103.88083609009,
    "statsPerimeter": 23359.853420396492,
    "statsVertices": 281612,
    "statsLineResolution": 82.95049010836361,
    "statsVertexDensity": 12.055383864442936
}