{
    "boundaryCount": 1,
    "statsArea": 823867.5974828801,
    "statsPerimeter": 6035.277538067894,
    "statsVertices": 73044,
    "statsLineResolution": 82.6252332575967,
    "statsVertexDensity": 12.102840265301863
}