{
    "boundaryCount": 1,
    "statsArea": 823867.5974828841,
    "statsPerimeter": 6035.277538067882,
    "statsVertices": 73044,
    "statsLineResolution": 82.62523325759655,
    "statsVertexDensity": 12.102840265301886
}