{
    "boundaryCount": 1,
    "statsArea": 12416.246364561286,
    "statsPerimeter": 6709.568594163412,
    "statsVertices": 24006,
    "statsLineResolution": 279.4954842190874,
    "statsVertexDensity": 3.577875337750118
}