{
    "boundaryCount": 12,
    "statsArea": 1127162.7164882913,
    "statsPerimeter": 23513.166953346594,
    "statsVertices": 76168,
    "statsLineResolution": 308.70138317070945,
    "statsVertexDensity": 3.239376480043201
}