{
    "boundaryCount": 12,
    "statsArea": 1127162.7164882908,
    "statsPerimeter": 23513.166953346754,
    "statsVertices": 76168,
    "statsLineResolution": 308.70138317071155,
    "statsVertexDensity": 3.2393764800431786
}