{
    "boundaryCount": 1,
    "statsArea": 91871.75619912679,
    "statsPerimeter": 2653.3918878737445,
    "statsVertices": 629,
    "statsLineResolution": 4218.4290745210565,
    "statsVertexDensity": 0.2370550701065268
}