{
    "boundaryCount": 1,
    "statsArea": 91391.04225258088,
    "statsPerimeter": 3186.0391045562133,
    "statsVertices": 1255,
    "statsLineResolution": 2538.676577335628,
    "statsVertexDensity": 0.39390602526041824
}