{
    "boundaryCount": 1,
    "statsArea": 91522.43511888289,
    "statsPerimeter": 2546.463391807556,
    "statsVertices": 768,
    "statsLineResolution": 3315.7075414160886,
    "statsVertexDensity": 0.3015947539127396
}