{
    "boundaryCount": 1,
    "statsArea": 17428.291849244786,
    "statsPerimeter": 1479.3876140822963,
    "statsVertices": 21549,
    "statsLineResolution": 68.6522629394541,
    "statsVertexDensity": 14.566162238263312
}