{
    "boundaryCount": 1,
    "statsArea": 17388.748600247123,
    "statsPerimeter": 1463.5597430227056,
    "statsVertices": 21294,
    "statsLineResolution": 68.73108589380604,
    "statsVertexDensity": 14.549457308808778
}