{
    "boundaryCount": 2875,
    "statsArea": 9348827.302651454,
    "statsPerimeter": 908562.4648453565,
    "statsVertices": 4157242,
    "statsLineResolution": 218.54933266943723,
    "statsVertexDensity": 4.575625959528925
}