{
    "boundaryCount": 2875,
    "statsArea": 9348827.302651452,
    "statsPerimeter": 908562.4648453563,
    "statsVertices": 4157242,
    "statsLineResolution": 218.54933266943718,
    "statsVertexDensity": 4.575625959528926
}