{
    "boundaryCount": 1,
    "statsArea": 452238.14368950255,
    "statsPerimeter": 5987.429066560769,
    "statsVertices": 87797,
    "statsLineResolution": 68.19628309123055,
    "statsVertexDensity": 14.663555763915106
}