{
    "boundaryCount": 1,
    "statsArea": 452194.79599918687,
    "statsPerimeter": 6081.810906716323,
    "statsVertices": 88244,
    "statsLineResolution": 68.92039013095875,
    "statsVertexDensity": 14.509494187421964
}