{
    "boundaryCount": 24,
    "statsArea": 13646.303206371062,
    "statsPerimeter": 3260.826407994373,
    "statsVertices": 35898,
    "statsLineResolution": 90.83587965887718,
    "statsVertexDensity": 11.008865701035488
}