{
    "boundaryCount": 24,
    "statsArea": 13646.303206371904,
    "statsPerimeter": 3260.8264079943287,
    "statsVertices": 35898,
    "statsLineResolution": 90.83587965887594,
    "statsVertexDensity": 11.008865701035635
}