{
    "boundaryCount": 1504,
    "statsArea": 2308049.8234079573,
    "statsPerimeter": 164051.59863407165,
    "statsVertices": 856309,
    "statsLineResolution": 191.5799070593345,
    "statsVertexDensity": 5.219754072071288
}