{
    "boundaryCount": 1504,
    "statsArea": 2308025.959008331,
    "statsPerimeter": 154344.06095073163,
    "statsVertices": 163018,
    "statsLineResolution": 946.791525786917,
    "statsVertexDensity": 1.0561987224894724
}