{"boundaryCount": 1504, "boundaryYearSourceLag": null, "statsArea": 2308049.8234079573, "statsVertices": 856309, "statsLineResolution": 191.57980507410008, "statsVertexDensity": 5.219756850745388, "statsPerimeter": 164051.51130319756}