{
    "boundaryCount": 18,
    "statsArea": 1860087.779011205,
    "statsPerimeter": 27487.388947115684,
    "statsVertices": 48880,
    "statsLineResolution": 562.3442910621048,
    "statsVertexDensity": 1.778270031178392
}