{
    "boundaryCount": 10,
    "statsArea": 653048.4922171758,
    "statsPerimeter": 14449.312946384207,
    "statsVertices": 32691,
    "statsLineResolution": 441.9966641089048,
    "statsVertexDensity": 2.2624605143029024
}