{
    "boundaryCount": 10,
    "statsArea": 653048.4922171759,
    "statsPerimeter": 14449.312946384181,
    "statsVertices": 32691,
    "statsLineResolution": 441.99666410890404,
    "statsVertexDensity": 2.2624605143029064
}