{
    "boundaryCount": 1,
    "boundaryYearSourceLag": 1,
    "statsArea": 358.5962578732646,
    "statsPerimeter": 220.96798571812852,
    "statsVertices": 630,
    "statsLineResolution": 350.74283447321983,
    "statsVertexDensity": 2.851091745044196
}