{
    "boundaryCount": 1,
    "statsArea": 358.5986802455159,
    "statsPerimeter": 220.96891568882356,
    "statsVertices": 4426,
    "statsLineResolution": 49.925195591690816,
    "statsVertexDensity": 20.02996659599332
}