{
    "boundaryCount": 22,
    "statsArea": 463525.390760558,
    "statsPerimeter": 30420.34075478732,
    "statsVertices": 81296,
    "statsLineResolution": 374.1923434706175,
    "statsVertexDensity": 2.6724223983982247
}