{
    "boundaryCount": 1,
    "boundaryYearSourceLag": 1,
    "statsArea": 269851.76164975896,
    "statsPerimeter": 16773.008025583167,
    "statsVertices": 256839,
    "statsLineResolution": 65.30553391651254,
    "statsVertexDensity": 15.312637996014443
}