{
    "boundaryCount": 1,
    "statsArea": 269851.9254511784,
    "statsPerimeter": 16773.03454452788,
    "statsVertices": 663994,
    "statsLineResolution": 25.260822454009947,
    "statsVertexDensity": 39.586992934240676
}