{
    "boundaryCount": 110,
    "statsArea": 591446.3654322185,
    "statsPerimeter": 55660.14709453968,
    "statsVertices": 682108,
    "statsLineResolution": 81.60019688163705,
    "statsVertexDensity": 12.254872392655166
}