{
    "boundaryCount": 110,
    "statsArea": 591446.3655012985,
    "statsPerimeter": 55643.43734358926,
    "statsVertices": 666926,
    "statsLineResolution": 83.4327006948136,
    "statsVertexDensity": 11.985708141677865
}