{"boundaryCount": 110, "boundaryYearSourceLag": null, "statsArea": 591446.3655012985, "statsVertices": 666926, "statsLineResolution": 83.2695030085308, "statsVertexDensity": 12.009198612576707, "statsPerimeter": 55534.596563467414}