{
    "boundaryCount": 22,
    "statsArea": 108811.30241517154,
    "statsPerimeter": 7212.490321242562,
    "statsVertices": 3533,
    "statsLineResolution": 2041.4634365249253,
    "statsVertexDensity": 0.489844678140426
}