{
    "boundaryCount": 373,
    "statsArea": 57242.11022305233,
    "statsPerimeter": 21863.539718853383,
    "statsVertices": 28426,
    "statsLineResolution": 769.1388066858997,
    "statsVertexDensity": 1.3001554352833211
}