{
    "boundaryCount": 1,
    "statsArea": 276.540100210994,
    "statsPerimeter": 210.9961110467218,
    "statsVertices": 1590,
    "statsLineResolution": 132.70195663315837,
    "statsVertexDensity": 7.535683914325412
}