{
    "boundaryCount": 13,
    "boundaryYearSourceLag": 0,
    "statsArea": 69656.73149733603,
    "statsPerimeter": 6201.413343624562,
    "statsVertices": 180817,
    "statsLineResolution": 34.29662777075475,
    "statsVertexDensity": 29.157385579835783
}