{
    "boundaryCount": 631,
    "boundaryYearSourceLag": 18,
    "statsArea": 598898.9844297848,
    "statsPerimeter": 122833.8184965381,
    "statsVertices": 168407,
    "statsLineResolution": 729.3866555222651,
    "statsVertexDensity": 1.3710149375902234
}