{
    "boundaryCount": 102,
    "statsArea": 68800.7755790956,
    "statsPerimeter": 23570.370631056325,
    "statsVertices": 682363,
    "statsLineResolution": 34.54227534473048,
    "statsVertexDensity": 28.950032677929908
}