{
    "boundaryCount": 102,
    "statsArea": 68800.77557909777,
    "statsPerimeter": 23570.370631056023,
    "statsVertices": 682363,
    "statsLineResolution": 34.54227534473004,
    "statsVertexDensity": 28.95003267793028
}