{
    "boundaryCount": 1,
    "statsArea": 124.93366016232413,
    "statsPerimeter": 81.70037222509386,
    "statsVertices": 1621,
    "statsLineResolution": 50.40121667186543,
    "statsVertexDensity": 19.840790878332353
}