{
    "boundaryCount": 19,
    "statsArea": 176843.25512930375,
    "statsPerimeter": 11579.161870380844,
    "statsVertices": 132781,
    "statsLineResolution": 87.20496057704673,
    "statsVertexDensity": 11.46723756748318
}