{
    "boundaryCount": 19,
    "statsArea": 176843.25512930276,
    "statsPerimeter": 11579.16187038099,
    "statsVertices": 132781,
    "statsLineResolution": 87.20496057704784,
    "statsVertexDensity": 11.467237567483034
}