{
    "boundaryCount": 1,
    "statsArea": 80.67384597772354,
    "statsPerimeter": 54.368605043413595,
    "statsVertices": 28,
    "statsLineResolution": 1941.7358944076284,
    "statsVertexDensity": 0.5150030974243659
}