{
    "boundaryCount": 1,
    "statsArea": 94.6766786775951,
    "statsPerimeter": 50.95824600167833,
    "statsVertices": 21,
    "statsLineResolution": 2426.5831429370633,
    "statsVertexDensity": 0.412102096279145
}