{
    "boundaryCount": 216,
    "statsArea": 2728288.576173354,
    "statsPerimeter": 125989.59792384942,
    "statsVertices": 59462,
    "statsLineResolution": 2118.8254334507656,
    "statsVertexDensity": 0.47195959809269333
}