{
    "boundaryCount": 1,
    "statsArea": 37665.81177594894,
    "statsPerimeter": 2303.4581909710105,
    "statsVertices": 27339,
    "statsLineResolution": 84.25539306379203,
    "statsVertexDensity": 11.868676456626023
}