{
    "boundaryCount": 1,
    "statsArea": 37686.93537532512,
    "statsPerimeter": 2950.1009144831355,
    "statsVertices": 28343,
    "statsLineResolution": 104.08569715566932,
    "statsVertexDensity": 9.607467955029518
}