{"boundaryCount": 1, "boundaryYearSourceLag": null, "statsArea": 37665.81177594894, "statsVertices": 27339, "statsLineResolution": 83.90738513891594, "statsVertexDensity": 11.917902081496324, "statsPerimeter": 2293.9440023128227}