{
    "boundaryCount": 113,
    "statsArea": 320960.91249879345,
    "statsPerimeter": 46431.23857399272,
    "statsVertices": 983959,
    "statsLineResolution": 47.188184237343954,
    "statsVertexDensity": 21.191745691469443
}