{
    "boundaryCount": 1,
    "statsArea": 824094.0945514641,
    "statsPerimeter": 5998.596980916384,
    "statsVertices": 23981,
    "statsLineResolution": 250.13956802953942,
    "statsVertexDensity": 3.997768157502808
}