{
    "boundaryCount": 1,
    "statsArea": 1254742.6926748604,
    "statsPerimeter": 7875.430918813122,
    "statsVertices": 44238,
    "statsLineResolution": 178.0241177000118,
    "statsVertexDensity": 5.617216436287013
}