{
    "boundaryCount": 8,
    "statsArea": 586009.907321168,
    "statsPerimeter": 13620.10488932876,
    "statsVertices": 23388,
    "statsLineResolution": 582.3544077872739,
    "statsVertexDensity": 1.7171673926185622
}