{
    "boundaryCount": 142,
    "statsArea": 787876.6593357224,
    "statsPerimeter": 58895.54651616526,
    "statsVertices": 524879,
    "statsLineResolution": 112.20785460299471,
    "statsVertexDensity": 8.912032081338012
}