{
    "boundaryCount": 5,
    "statsArea": 669.498342453953,
    "statsPerimeter": 647.2756084462171,
    "statsVertices": 11449,
    "statsLineResolution": 56.53555842835332,
    "statsVertexDensity": 17.687983064097356
}