{
    "boundaryCount": 5,
    "boundaryYearSourceLag": 1,
    "statsArea": 756.5600009215412,
    "statsPerimeter": 647.2739109859381,
    "statsVertices": 1859,
    "statsLineResolution": 348.1839219935116,
    "statsVertexDensity": 2.872045309486275
}