{
    "boundaryCount": 17,
    "statsArea": 391.6658980699813,
    "statsPerimeter": 543.2351222830442,
    "statsVertices": 6234,
    "statsLineResolution": 87.14069975666415,
    "statsVertexDensity": 11.47569393856657
}