{
    "boundaryCount": 1,
    "statsArea": 511.2813019505509,
    "statsPerimeter": 225.07914455652445,
    "statsVertices": 140,
    "statsLineResolution": 1607.7081754037463,
    "statsVertexDensity": 0.6220034302860148
}