{
    "boundaryCount": 1,
    "statsArea": 491.93218419172325,
    "statsPerimeter": 274.6383440956196,
    "statsVertices": 165,
    "statsLineResolution": 1664.4748127007247,
    "statsVertexDensity": 0.6007901065065872
}