{
    "boundaryCount": 7,
    "statsArea": 26959.412475665493,
    "statsPerimeter": 2354.702224164826,
    "statsVertices": 170508,
    "statsLineResolution": 13.809922256813909,
    "statsVertexDensity": 72.41170380279246
}