{
    "boundaryCount": 18,
    "statsArea": 399901.05303778936,
    "statsPerimeter": 11866.214705979202,
    "statsVertices": 4391,
    "statsLineResolution": 2702.3946039579146,
    "statsVertexDensity": 0.37004218352693746
}