{
    "boundaryCount": 18,
    "statsArea": 399901.0530377893,
    "statsPerimeter": 11866.214621953834,
    "statsVertices": 4391,
    "statsLineResolution": 2702.3945848220983,
    "statsVertexDensity": 0.37004218614722806
}