{
    "boundaryCount": 4,
    "statsArea": 7280.10017401706,
    "statsPerimeter": 1556.1966617663297,
    "statsVertices": 541,
    "statsLineResolution": 2876.5187833019036,
    "statsVertexDensity": 0.34764243703360015
}