{
    "boundaryCount": 109,
    "statsArea": 437126.76245947613,
    "statsPerimeter": 31082.511366058727,
    "statsVertices": 46436,
    "statsLineResolution": 669.3623775962341,
    "statsVertexDensity": 1.4939590772805724
}