{
    "boundaryCount": 28,
    "statsArea": 110988.46414613472,
    "statsPerimeter": 12665.600095651112,
    "statsVertices": 80697,
    "statsLineResolution": 156.95255208559317,
    "statsVertexDensity": 6.371352276289561
}