{
    "boundaryCount": 1,
    "statsArea": 1002.23400121313,
    "statsPerimeter": 362.58292905578213,
    "statsVertices": 6848,
    "statsLineResolution": 52.94727351865978,
    "statsVertexDensity": 18.886713772855146
}