{
    "boundaryCount": 61,
    "statsArea": 28498.620730703653,
    "statsPerimeter": 7776.487384922124,
    "statsVertices": 65886,
    "statsLineResolution": 118.0294354631048,
    "statsVertexDensity": 8.472462789272537
}