{
    "boundaryCount": 61,
    "statsArea": 28498.620730703817,
    "statsPerimeter": 7776.4873849221485,
    "statsVertices": 65886,
    "statsLineResolution": 118.02943546310519,
    "statsVertexDensity": 8.47246278927251
}