{
    "boundaryCount": 1,
    "statsArea": 191.1318913853274,
    "statsPerimeter": 190.69016568385953,
    "statsVertices": 131,
    "statsLineResolution": 1455.6501197241184,
    "statsVertexDensity": 0.6869782693313174
}