{
    "boundaryCount": 1,
    "statsArea": 243.26855845997383,
    "statsPerimeter": 222.01217452265024,
    "statsVertices": 198,
    "statsLineResolution": 1121.2736087002538,
    "statsVertexDensity": 0.8918429830513621
}