{
    "boundaryCount": 10,
    "statsArea": 145599.67436640462,
    "statsPerimeter": 5030.522031060785,
    "statsVertices": 11691,
    "statsLineResolution": 430.29014036958216,
    "statsVertexDensity": 2.3240132789031285
}