{
    "boundaryCount": 10,
    "statsArea": 145599.6743664046,
    "statsPerimeter": 5030.522031060805,
    "statsVertices": 11691,
    "statsLineResolution": 430.2901403695838,
    "statsVertexDensity": 2.324013278903119
}