{
    "boundaryCount": 24,
    "statsArea": 579.6728961965932,
    "statsPerimeter": 629.9486692801814,
    "statsVertices": 10871,
    "statsLineResolution": 57.94762848681643,
    "statsVertexDensity": 17.256961606763742
}