{"boundaryCount": 24, "boundaryYearSourceLag": null, "statsArea": 579.6728961965932, "statsVertices": 10871, "statsLineResolution": 57.94762848681643, "statsVertexDensity": 17.256961606763742, "statsPerimeter": 629.9486692801814}