{
    "boundaryCount": 1,
    "statsArea": 745864.3825795294,
    "statsPerimeter": 30938.185498822215,
    "statsVertices": 11490,
    "statsLineResolution": 2692.6184072081996,
    "statsVertexDensity": 0.3713857104010645
}