{
    "boundaryCount": 1,
    "statsArea": 736592.749905165,
    "statsPerimeter": 37353.54163905089,
    "statsVertices": 17196,
    "statsLineResolution": 2172.222705225104,
    "statsVertexDensity": 0.4603579539034289
}