{
    "boundaryCount": 1,
    "statsArea": 743665.2089444636,
    "statsPerimeter": 29794.95895741723,
    "statsVertices": 5821,
    "statsLineResolution": 5118.5292831845445,
    "statsVertexDensity": 0.1953686195144399
}