{
    "boundaryCount": 48,
    "statsArea": 343019.02611682925,
    "statsPerimeter": 21799.714057915764,
    "statsVertices": 62075,
    "statsLineResolution": 351.18347253992374,
    "statsVertexDensity": 2.847514413954423
}