{
    "boundaryCount": 18,
    "statsArea": 112208.05282296948,
    "statsPerimeter": 9189.67641139876,
    "statsVertices": 51845,
    "statsLineResolution": 177.25289635256553,
    "statsVertexDensity": 5.641656754713595
}