{
    "boundaryCount": 16,
    "statsArea": 632715.6366134004,
    "statsPerimeter": 14650.869863964168,
    "statsVertices": 21629,
    "statsLineResolution": 677.3715781572967,
    "statsVertexDensity": 1.4762945955311162
}