{
    "boundaryCount": 928,
    "statsArea": 780704.3594730909,
    "statsPerimeter": 120159.03623295577,
    "statsVertices": 331142,
    "statsLineResolution": 362.8625672157436,
    "statsVertexDensity": 2.7558643143409167
}