{
    "boundaryCount": 928,
    "statsArea": 780704.3574915439,
    "statsPerimeter": 120159.90304797384,
    "statsVertices": 335347,
    "statsLineResolution": 358.3151274589421,
    "statsVertexDensity": 2.7908394688543705
}