{
    "boundaryCount": 1,
    "statsArea": 49.06066588631712,
    "statsPerimeter": 129.5801578909317,
    "statsVertices": 102,
    "statsLineResolution": 1270.3937048130558,
    "statsVertexDensity": 0.7871575529785504
}