{
    "boundaryCount": 60,
    "statsArea": 64902.16918591508,
    "statsPerimeter": 13383.78186696006,
    "statsVertices": 140287,
    "statsLineResolution": 95.402866031493,
    "statsVertexDensity": 10.481865394587773
}