{
    "boundaryCount": 60,
    "statsArea": 64902.16918591495,
    "statsPerimeter": 13383.781866960131,
    "statsVertices": 140287,
    "statsLineResolution": 95.40286603149352,
    "statsVertexDensity": 10.481865394587718
}