{"boundaryCount": 413, "boundaryYearSourceLag": null, "statsArea": 787297.0329095921, "statsVertices": 258436, "statsLineResolution": 351.4230474261366, "statsVertexDensity": 2.845573184013162, "statsPerimeter": 90820.36668462104}