{
    "boundaryCount": 413,
    "statsArea": 787297.0321950649,
    "statsPerimeter": 91033.81197052023,
    "statsVertices": 263833,
    "statsLineResolution": 345.0433113769704,
    "statsVertexDensity": 2.898186885609469
}