{
    "boundaryCount": 413,
    "statsArea": 787297.0329095921,
    "statsPerimeter": 91031.58448633627,
    "statsVertices": 258436,
    "statsLineResolution": 352.2403399152451,
    "statsVertexDensity": 2.8389706875726293
}