{
    "boundaryCount": 1,
    "statsArea": 95831.4247560287,
    "statsPerimeter": 2696.960157549035,
    "statsVertices": 22608,
    "statsLineResolution": 119.29229288521918,
    "statsVertexDensity": 8.382771223637905
}