{
    "boundaryCount": 1,
    "boundaryYearSourceLag": 1,
    "statsArea": 95831.39493309129,
    "statsPerimeter": 2696.9627133555664,
    "statsVertices": 5166,
    "statsLineResolution": 522.0601458295715,
    "statsVertexDensity": 1.9154881060897029
}