{
    "boundaryCount": 1,
    "statsArea": 90494.88552403846,
    "statsPerimeter": 2986.35449483192,
    "statsVertices": 291,
    "statsLineResolution": 10262.38658017842,
    "statsVertexDensity": 0.09744322065702325
}