{
    "boundaryCount": 323,
    "statsArea": 65837.40264397203,
    "statsPerimeter": 26327.822135890503,
    "statsVertices": 314428,
    "statsLineResolution": 83.7324352026235,
    "statsVertexDensity": 11.942803258738472
}