{
    "boundaryCount": 323,
    "statsArea": 65837.4025900556,
    "statsPerimeter": 26328.046830715266,
    "statsVertices": 334932,
    "statsLineResolution": 78.60714064560945,
    "statsVertexDensity": 12.72149058961928
}