{"boundaryCount": 323, "boundaryYearSourceLag": null, "statsArea": 65837.40264397203, "statsVertices": 314428, "statsLineResolution": 83.73061380073896, "statsVertexDensity": 11.943063051941635, "statsPerimeter": 26327.249436138754}