{
    "boundaryCount": 17,
    "statsArea": 230024.01046807176,
    "statsPerimeter": 12452.648551537835,
    "statsVertices": 48973,
    "statsLineResolution": 254.27579587809274,
    "statsVertexDensity": 3.9327376659925166
}