{
    "boundaryCount": 10,
    "statsArea": 632408.2216701566,
    "statsPerimeter": 14412.687941332082,
    "statsVertices": 19920,
    "statsLineResolution": 723.5285111110483,
    "statsVertexDensity": 1.382115541603748
}