{
    "boundaryCount": 1,
    "statsArea": 544.7200063443178,
    "statsPerimeter": 94.52049185490637,
    "statsVertices": 25,
    "statsLineResolution": 3780.8196741962547,
    "statsVertexDensity": 0.26449291057833507
}