{
    "boundaryCount": 1,
    "statsArea": 555.4450687229777,
    "statsPerimeter": 95.72143688132068,
    "statsVertices": 33,
    "statsLineResolution": 2900.649602464263,
    "statsVertexDensity": 0.34475036183289576
}