{
    "boundaryCount": 1,
    "statsArea": 510.5031734890081,
    "statsPerimeter": 96.98713975881704,
    "statsVertices": 40,
    "statsLineResolution": 2424.6784939704257,
    "statsVertexDensity": 0.41242581335494666
}