{
    "boundaryCount": 1,
    "boundaryYearSourceLag": 1,
    "statsArea": 111817.67452028011,
    "statsPerimeter": 4951.737777064216,
    "statsVertices": 743452,
    "statsLineResolution": 6.660467356418728,
    "statsVertexDensity": 150.13961430743964
}