{
    "boundaryCount": 1,
    "statsArea": 211023.2477038132,
    "statsPerimeter": 3514.108308118168,
    "statsVertices": 13965,
    "statsLineResolution": 251.63682836506754,
    "statsVertexDensity": 3.9739811000527654
}