{
    "boundaryCount": 1,
    "statsArea": 211023.24770381395,
    "statsPerimeter": 3514.108308118166,
    "statsVertices": 13965,
    "statsLineResolution": 251.63682836506737,
    "statsVertexDensity": 3.973981100052768
}