{
    "boundaryCount": 1,
    "statsArea": 779964.3211957772,
    "statsPerimeter": 7196.536224385389,
    "statsVertices": 1164,
    "statsLineResolution": 6182.591258063049,
    "statsVertexDensity": 0.16174447869181816
}