{
    "boundaryCount": 1,
    "statsArea": 780017.2123863185,
    "statsPerimeter": 7298.910274266682,
    "statsVertices": 2186,
    "statsLineResolution": 3338.934251723093,
    "statsVertexDensity": 0.2994967629218632
}