{
    "boundaryCount": 1,
    "statsArea": 780079.6525026928,
    "statsPerimeter": 8246.64310446984,
    "statsVertices": 3640,
    "statsLineResolution": 2265.5612924367692,
    "statsVertexDensity": 0.44139172192707715
}