{
    "boundaryCount": 26,
    "statsArea": 2330346.529183229,
    "statsPerimeter": 52627.46897711591,
    "statsVertices": 71089,
    "statsLineResolution": 740.3039707565996,
    "statsVertexDensity": 1.350796482933879
}