{
    "boundaryCount": 40,
    "statsArea": 57.127795926204,
    "statsPerimeter": 305.2523418570061,
    "statsVertices": 14132,
    "statsLineResolution": 21.600080799391886,
    "statsVertexDensity": 46.29612311580581
}