{
    "boundaryCount": 40,
    "statsArea": 57.12779592778882,
    "statsPerimeter": 305.25234185699065,
    "statsVertices": 14132,
    "statsLineResolution": 21.600080799390792,
    "statsVertexDensity": 46.29612311580816
}