{
    "boundaryCount": 1,
    "boundaryYearSourceLag": 1,
    "statsArea": 1037858.8001858321,
    "statsPerimeter": 6372.09771552818,
    "statsVertices": 4104,
    "statsLineResolution": 1552.655388773923,
    "statsVertexDensity": 0.6440579198901726
}