{
    "boundaryCount": 1,
    "statsArea": 1037860.564362783,
    "statsPerimeter": 6372.097738154893,
    "statsVertices": 18256,
    "statsLineResolution": 349.0412871469595,
    "statsVertexDensity": 2.8649905808391156
}