{
    "boundaryCount": 5,
    "statsArea": 56915.603247339845,
    "statsPerimeter": 2859.5646579149434,
    "statsVertices": 4798,
    "statsLineResolution": 595.9909666350445,
    "statsVertexDensity": 1.677877780003922
}