{
    "boundaryCount": 82,
    "statsArea": 51177.91394783144,
    "statsPerimeter": 12370.053351675599,
    "statsVertices": 210373,
    "statsLineResolution": 58.80057493915853,
    "statsVertexDensity": 17.006636432291838
}