{
    "boundaryCount": 1,
    "boundaryYearSourceLag": 1,
    "statsArea": 20422.747573809767,
    "statsPerimeter": 1479.9434270344116,
    "statsVertices": 21332,
    "statsLineResolution": 69.3766841849996,
    "statsVertexDensity": 14.414064490793532
}