{
    "boundaryCount": 1,
    "statsArea": 177358.94801557975,
    "statsPerimeter": 2822.0555676648637,
    "statsVertices": 21643,
    "statsLineResolution": 130.3911457591306,
    "statsVertexDensity": 7.669232402078001
}