{
    "boundaryCount": 1,
    "boundaryYearSourceLag": 1,
    "statsArea": 177358.91926559788,
    "statsPerimeter": 2822.2402891454485,
    "statsVertices": 4237,
    "statsLineResolution": 666.0940026305047,
    "statsVertexDensity": 1.50128960184426
}