{
    "boundaryCount": 1,
    "statsArea": 940576.1192185555,
    "statsPerimeter": 7979.174865073964,
    "statsVertices": 91680,
    "statsLineResolution": 87.03288465394813,
    "statsVertexDensity": 11.48990986540438
}