{
    "boundaryCount": 24,
    "statsArea": 154863.57962515063,
    "statsPerimeter": 10780.439637750618,
    "statsVertices": 67744,
    "statsLineResolution": 159.13497339617706,
    "statsVertexDensity": 6.283973778098632
}