{"boundaryCount": 24, "boundaryYearSourceLag": null, "statsArea": 154863.57962515063, "statsVertices": 67744, "statsLineResolution": 159.13390537410567, "statsVertexDensity": 6.284015952785888, "statsPerimeter": 10780.367285663415}