{
    "boundaryCount": 24,
    "statsArea": 154868.6236663652,
    "statsPerimeter": 10777.151687432139,
    "statsVertices": 67295,
    "statsLineResolution": 160.14788152807992,
    "statsVertexDensity": 6.244228711977452
}