{
    "boundaryCount": 7,
    "statsArea": 207600.94067864283,
    "statsPerimeter": 9428.820295191586,
    "statsVertices": 44545,
    "statsLineResolution": 211.6695542752629,
    "statsVertexDensity": 4.724344998145378
}