{
    "boundaryCount": 1,
    "statsArea": 2642.068864819175,
    "statsPerimeter": 193.2659432484639,
    "statsVertices": 35,
    "statsLineResolution": 5521.884092813255,
    "statsVertexDensity": 0.1810976078439427
}