{
    "boundaryCount": 1,
    "statsArea": 2645.044586362874,
    "statsPerimeter": 193.49656539245638,
    "statsVertices": 44,
    "statsLineResolution": 4397.649213464917,
    "statsVertexDensity": 0.22739421710539248
}