{
    "boundaryCount": 1,
    "statsArea": 0.8514266291828007,
    "statsPerimeter": 19.04334645293414,
    "statsVertices": 115,
    "statsLineResolution": 165.594316982036,
    "statsVertexDensity": 6.038854582844663
}