{
    "boundaryCount": 7,
    "statsArea": 51143.54352570099,
    "statsPerimeter": 5930.530414612045,
    "statsVertices": 84885,
    "statsLineResolution": 69.8654699253348,
    "statsVertexDensity": 14.313222269437242
}