{
    "boundaryCount": 7,
    "statsArea": 51143.5435257009,
    "statsPerimeter": 5930.530414611997,
    "statsVertices": 84885,
    "statsLineResolution": 69.86546992533424,
    "statsVertexDensity": 14.313222269437357
}