{
    "boundaryCount": 13,
    "statsArea": 131669.86689328478,
    "statsPerimeter": 22537.03072735202,
    "statsVertices": 1025687,
    "statsLineResolution": 21.972620036475085,
    "statsVertexDensity": 45.51118611890506
}