{
    "boundaryCount": 13,
    "statsArea": 131669.86689329214,
    "statsPerimeter": 22537.03072735226,
    "statsVertices": 1025687,
    "statsLineResolution": 21.972620036475316,
    "statsVertexDensity": 45.511186118904575
}