{
    "boundaryCount": 39,
    "boundaryYearSourceLag": 6,
    "statsArea": 28471.446552654976,
    "statsPerimeter": 5734.480968753956,
    "statsVertices": 13953,
    "statsLineResolution": 410.9855205872541,
    "statsVertexDensity": 2.433175744418216
}