{
    "boundaryCount": 74,
    "statsArea": 668227.9832437971,
    "statsPerimeter": 49904.64623802089,
    "statsVertices": 150578,
    "statsLineResolution": 331.420567666066,
    "statsVertexDensity": 3.017314245287226
}