{
    "boundaryCount": 16,
    "statsArea": 357673.8204620361,
    "statsPerimeter": 15675.203966515292,
    "statsVertices": 14445,
    "statsLineResolution": 1085.1646913475454,
    "statsVertexDensity": 0.9215191094710345
}