{
    "boundaryCount": 16,
    "statsArea": 357673.81373974786,
    "statsPerimeter": 15675.204419130268,
    "statsVertices": 14445,
    "statsLineResolution": 1085.164722681223,
    "statsVertexDensity": 0.9215190828625553
}