{"boundaryCount": 16, "boundaryYearSourceLag": null, "statsArea": 357673.81373974786, "statsVertices": 14445, "statsLineResolution": 1067.3683581628432, "statsVertexDensity": 0.9368836843928953, "statsPerimeter": 15418.13593366227}