{
    "boundaryCount": 1,
    "statsArea": 371582.9195130838,
    "statsPerimeter": 6673.09619623639,
    "statsVertices": 8693,
    "statsLineResolution": 767.6401928259968,
    "statsVertexDensity": 1.3026936439044339
}