{
    "boundaryCount": 1,
    "statsArea": 371581.95576621033,
    "statsPerimeter": 6678.456145930542,
    "statsVertices": 4678,
    "statsLineResolution": 1427.6306425674525,
    "statsVertexDensity": 0.7004612889238627
}