{"boundaryCount": 1, "boundaryYearSourceLag": null, "statsArea": 371581.95576621033, "statsVertices": 4678, "statsLineResolution": 1228.9929436177617, "statsVertexDensity": 0.8136743218852991, "statsPerimeter": 5749.22899024389}