{
    "boundaryCount": 64,
    "statsArea": 30559.142998836738,
    "statsPerimeter": 8145.357338586859,
    "statsVertices": 41489,
    "statsLineResolution": 196.32570894904336,
    "statsVertexDensity": 5.09357641112378
}