{
    "boundaryCount": 1,
    "statsArea": 1000148.2855933774,
    "statsPerimeter": 7525.69476425097,
    "statsVertices": 122436,
    "statsLineResolution": 61.466356008453154,
    "statsVertexDensity": 16.269062702569762
}