{
    "boundaryCount": 1,
    "statsArea": 1000148.285593379,
    "statsPerimeter": 7525.694764251186,
    "statsVertices": 122436,
    "statsLineResolution": 61.46635600845491,
    "statsVertexDensity": 16.269062702569297
}