{
    "boundaryCount": 96,
    "statsArea": 399592.81480258063,
    "statsPerimeter": 23764.452827854508,
    "statsVertices": 38039,
    "statsLineResolution": 624.7391579130499,
    "statsVertexDensity": 1.600668034545032
}