{
    "boundaryCount": 7,
    "statsArea": 467.90362811409534,
    "statsPerimeter": 275.1078869155437,
    "statsVertices": 952,
    "statsLineResolution": 288.97887281044507,
    "statsVertexDensity": 3.460460587566716
}