{
    "boundaryCount": 9,
    "statsArea": 145212.24632780848,
    "statsPerimeter": 8597.162090257818,
    "statsVertices": 29414,
    "statsLineResolution": 292.28129769014134,
    "statsVertexDensity": 3.4213615715506314
}