{
    "boundaryCount": 1,
    "statsArea": 402.3921614523938,
    "statsPerimeter": 155.65900779524932,
    "statsVertices": 81,
    "statsLineResolution": 1921.7161456203619,
    "statsVertexDensity": 0.5203682147746036
}