{
    "boundaryCount": 1,
    "statsArea": 366.660726088669,
    "statsPerimeter": 152.94215060890744,
    "statsVertices": 83,
    "statsLineResolution": 1842.6765133603308,
    "statsVertexDensity": 0.5426888511084271
}