{
    "boundaryCount": 1,
    "statsArea": 147662.6380905403,
    "statsPerimeter": 3235.503038530499,
    "statsVertices": 6430,
    "statsLineResolution": 503.1886529596422,
    "statsVertexDensity": 1.9873262127796913
}