{"boundaryCount": 1, "boundaryYearSourceLag": null, "statsArea": 147662.63546533283, "statsVertices": 5753, "statsLineResolution": 562.4033547447949, "statsVertexDensity": 1.7780832769992563, "statsPerimeter": 3235.5064998468047}