{
    "boundaryCount": 50,
    "statsArea": 505934.98684508214,
    "statsPerimeter": 40539.54182409815,
    "statsVertices": 756460,
    "statsLineResolution": 53.59112421555423,
    "statsVertexDensity": 18.659806351100226
}