{
    "boundaryCount": 50,
    "statsArea": 505934.9868450784,
    "statsPerimeter": 40539.541824098946,
    "statsVertices": 756460,
    "statsLineResolution": 53.591124215555276,
    "statsVertexDensity": 18.659806351099864
}