{
    "boundaryCount": 102,
    "statsArea": 2593.017096803316,
    "statsPerimeter": 3205.2778601414107,
    "statsVertices": 179336,
    "statsLineResolution": 17.873030847913473,
    "statsVertexDensity": 55.950219551976076
}