{
    "boundaryCount": 102,
    "statsArea": 2593.017096802665,
    "statsPerimeter": 3205.2778601416853,
    "statsVertices": 179336,
    "statsLineResolution": 17.873030847915004,
    "statsVertexDensity": 55.95021955197129
}