{
    "boundaryCount": 1,
    "boundaryYearSourceLag": 2,
    "statsArea": 17388.74859507299,
    "statsPerimeter": 1463.55973603978,
    "statsVertices": 21294,
    "statsLineResolution": 68.73108556587678,
    "statsVertexDensity": 14.549457378227041
}