{"boundaryCount": 3, "boundaryYearSourceLag": null, "statsArea": 155.74086198896458, "statsVertices": 2318, "statsLineResolution": 77.49355965995738, "statsVertexDensity": 12.904298168622159, "statsPerimeter": 179.6300712917812}