{
    "boundaryCount": 21,
    "boundaryYearSourceLag": 19,
    "statsArea": 1564910.7386853946,
    "statsPerimeter": 31138.24779916669,
    "statsVertices": 63323,
    "statsLineResolution": 491.7367749343318,
    "statsVertexDensity": 2.033608326596162
}