{
    "boundaryCount": 1,
    "boundaryYearSourceLag": 1,
    "statsArea": 261.00362767475673,
    "statsPerimeter": 438.43979455072065,
    "statsVertices": 1134,
    "statsLineResolution": 386.63121212585594,
    "statsVertexDensity": 2.586444054792143
}