{
    "boundaryCount": 22,
    "statsArea": 109008.8016130011,
    "statsPerimeter": 8530.183278953042,
    "statsVertices": 17954,
    "statsLineResolution": 475.1132493568587,
    "statsVertexDensity": 2.104761341330007
}