{
    "boundaryCount": 56,
    "boundaryYearSourceLag": 10,
    "statsArea": 198317.20991859812,
    "statsPerimeter": 19099.98041528763,
    "statsVertices": 69762,
    "statsLineResolution": 273.78774139628496,
    "statsVertexDensity": 3.652464478139594
}