{
    "boundaryCount": 1,
    "boundaryYearSourceLag": 3,
    "statsArea": 230405.11935016513,
    "statsPerimeter": 5431.529993070028,
    "statsVertices": 69385,
    "statsLineResolution": 78.28104047085145,
    "statsVertexDensity": 12.774485290245442
}