{"boundaryCount": 9, "boundaryYearSourceLag": null, "statsArea": 83858.23853084647, "statsVertices": 22921, "statsLineResolution": 251.82157744773957, "statsVertexDensity": 3.9710655859406234, "statsPerimeter": 5772.0023766796385}