{
    "boundaryCount": 9,
    "statsArea": 83858.23841387879,
    "statsPerimeter": 5883.95578079052,
    "statsVertices": 23698,
    "statsLineResolution": 248.28912907378344,
    "statsVertexDensity": 4.0275625587410735
}