{
    "boundaryCount": 9,
    "statsArea": 83858.23853084647,
    "statsPerimeter": 5882.582675639377,
    "statsVertices": 22921,
    "statsLineResolution": 256.64598733211363,
    "statsVertexDensity": 3.896417825952394
}