{
    "boundaryCount": 1,
    "statsArea": 13314.916774057356,
    "statsPerimeter": 465.53911726302937,
    "statsVertices": 89,
    "statsLineResolution": 5230.776598461004,
    "statsVertexDensity": 0.19117620131095245
}