{
    "boundaryCount": 1,
    "statsArea": 1247144.4639890527,
    "statsPerimeter": 7520.567196557237,
    "statsVertices": 19631,
    "statsLineResolution": 383.09649006964685,
    "statsVertexDensity": 2.610308436441692
}