{
    "boundaryCount": 1,
    "statsArea": 179127.26714919883,
    "statsPerimeter": 3559.1597569192704,
    "statsVertices": 7652,
    "statsLineResolution": 465.12803932557114,
    "statsVertexDensity": 2.149945639592026
}