{
    "boundaryCount": 1,
    "statsArea": 91877.67955841533,
    "statsPerimeter": 4701.966067696137,
    "statsVertices": 259666,
    "statsLineResolution": 18.10774636531597,
    "statsVertexDensity": 55.22498381772262
}