{
    "boundaryCount": 1,
    "statsArea": 91877.67955841847,
    "statsPerimeter": 4701.966067696288,
    "statsVertices": 259666,
    "statsLineResolution": 18.10774636531655,
    "statsVertexDensity": 55.22498381772085
}