{
    "boundaryCount": 1,
    "statsArea": 1097.373235076575,
    "statsPerimeter": 2215.4505525275736,
    "statsVertices": 67660,
    "statsLineResolution": 32.74387455701409,
    "statsVertexDensity": 30.540063249350226
}