{
    "boundaryCount": 1,
    "statsArea": 1097.3732350769342,
    "statsPerimeter": 2215.4505525275526,
    "statsVertices": 67660,
    "statsLineResolution": 32.74387455701378,
    "statsVertexDensity": 30.540063249350514
}