{
    "boundaryCount": 1,
    "statsArea": 1002.8852970916122,
    "statsPerimeter": 265.36666139070337,
    "statsVertices": 4028,
    "statsLineResolution": 65.88050183483202,
    "statsVertexDensity": 15.178997915150745
}