{
    "boundaryCount": 11,
    "statsArea": 68.06274212197553,
    "statsPerimeter": 225.65248619476282,
    "statsVertices": 3370,
    "statsLineResolution": 66.95919471654683,
    "statsVertexDensity": 14.9344687347753
}