{
    "boundaryCount": 1,
    "statsArea": 578165.3894212226,
    "statsPerimeter": 4272.857470581647,
    "statsVertices": 4462,
    "statsLineResolution": 957.6103699196879,
    "statsVertexDensity": 1.044266051634202
}