{
    "boundaryCount": 331,
    "statsArea": 549850.9848817468,
    "statsPerimeter": 85522.57831484122,
    "statsVertices": 67970,
    "statsLineResolution": 1258.2400811364016,
    "statsVertexDensity": 0.7947608846610835
}