{
    "boundaryCount": 1,
    "statsArea": 25291.889225964132,
    "statsPerimeter": 954.0705710157227,
    "statsVertices": 7723,
    "statsLineResolution": 123.53626453654314,
    "statsVertexDensity": 8.094789038276213
}