{
    "boundaryCount": 8,
    "statsArea": 78873.98399942245,
    "statsPerimeter": 7158.789909335873,
    "statsVertices": 270486,
    "statsLineResolution": 26.46639718630862,
    "statsVertexDensity": 37.78376002447783
}