{
    "boundaryCount": 8,
    "statsArea": 78873.9839994236,
    "statsPerimeter": 7158.789909335752,
    "statsVertices": 270486,
    "statsLineResolution": 26.46639718630817,
    "statsVertexDensity": 37.78376002447847
}