{
    "boundaryCount": 12,
    "statsArea": 19980.912990109777,
    "statsPerimeter": 3111.763494314675,
    "statsVertices": 5452,
    "statsLineResolution": 570.7563269102485,
    "statsVertexDensity": 1.7520611736595784
}