{
    "boundaryCount": 12,
    "statsArea": 19980.913007748717,
    "statsPerimeter": 3112.774019520639,
    "statsVertices": 5710,
    "statsLineResolution": 545.1443116498492,
    "statsVertexDensity": 1.8343766570241835
}