{
    "boundaryCount": 38,
    "boundaryYearSourceLag": 2,
    "statsArea": 244870.87235029053,
    "statsPerimeter": 16390.23798299055,
    "statsVertices": 11914,
    "statsLineResolution": 1375.712437719536,
    "statsVertexDensity": 0.7268960958568205
}