{
    "boundaryCount": 1,
    "statsArea": 22034.123280194046,
    "statsPerimeter": 2915.795652846101,
    "statsVertices": 114490,
    "statsLineResolution": 25.46768846926457,
    "statsVertexDensity": 39.26544025410237
}