{
    "boundaryCount": 1,
    "statsArea": 22034.123280195177,
    "statsPerimeter": 2915.7956528460113,
    "statsVertices": 114490,
    "statsLineResolution": 25.46768846926379,
    "statsVertexDensity": 39.26544025410358
}