{
    "boundaryCount": 18,
    "statsArea": 41657.264598406364,
    "statsPerimeter": 9292.588451033387,
    "statsVertices": 34234,
    "statsLineResolution": 271.4432567340477,
    "statsVertexDensity": 3.6840112074685702
}