{
    "boundaryCount": 18,
    "boundaryYearSourceLag": 1,
    "statsArea": 111802.70628246767,
    "statsPerimeter": 9292.59196797036,
    "statsVertices": 10997,
    "statsLineResolution": 845.011545691585,
    "statsVertexDensity": 1.1834157830134349
}