{
    "boundaryCount": 65,
    "statsArea": 14889.058194142077,
    "statsPerimeter": 5400.581485294285,
    "statsVertices": 75584,
    "statsLineResolution": 71.45138501924065,
    "statsVertexDensity": 13.995529963914862
}