{
    "boundaryCount": 65,
    "statsArea": 14889.058194143658,
    "statsPerimeter": 5400.581485294301,
    "statsVertices": 75584,
    "statsLineResolution": 71.45138501924086,
    "statsVertexDensity": 13.995529963914821
}