{
    "boundaryCount": 221,
    "statsArea": 255880.22353113734,
    "statsPerimeter": 48724.77699424307,
    "statsVertices": 489521,
    "statsLineResolution": 99.53562154482253,
    "statsVertexDensity": 10.046654498959285
}