{
    "boundaryCount": 221,
    "statsArea": 255880.22353113853,
    "statsPerimeter": 48724.77699424317,
    "statsVertices": 489521,
    "statsLineResolution": 99.53562154482273,
    "statsVertexDensity": 10.046654498959263
}