{
    "boundaryCount": 331,
    "statsArea": 667762.9861326732,
    "statsPerimeter": 97143.49459119252,
    "statsVertices": 614363,
    "statsLineResolution": 158.120678802585,
    "statsVertexDensity": 6.324283500253047
}