{
    "boundaryCount": 331,
    "statsArea": 667762.9861326735,
    "statsPerimeter": 97143.4945911924,
    "statsVertices": 614363,
    "statsLineResolution": 158.1206788025848,
    "statsVertexDensity": 6.324283500253055
}