{"boundaryCount": 22, "boundaryYearSourceLag": 0, "statsArea": 591766.9606625336, "statsVertices": 280664, "statsLineResolution": 103.41612275689172, "statsVertexDensity": 9.6696721298552, "statsPerimeter": 29025.182677440258}