{
    "boundaryCount": 361,
    "statsArea": 9343821.602219418,
    "statsPerimeter": 296826.18206794636,
    "statsVertices": 115823,
    "statsLineResolution": 2562.756810546665,
    "statsVertexDensity": 0.39020479660209695
}