{
    "boundaryCount": 1,
    "statsArea": 2784305.9189646766,
    "statsPerimeter": 14598.643918927432,
    "statsVertices": 4696,
    "statsLineResolution": 3108.740187165126,
    "statsVertexDensity": 0.3216737133996085
}