{
    "boundaryCount": 1,
    "statsArea": 2780961.118228929,
    "statsPerimeter": 13399.871102195319,
    "statsVertices": 2113,
    "statsLineResolution": 6341.633271270856,
    "statsVertexDensity": 0.1576880840035711
}