{
    "boundaryCount": 1,
    "statsArea": 2781057.1257467647,
    "statsPerimeter": 13540.278245219873,
    "statsVertices": 3781,
    "statsLineResolution": 3581.136801168969,
    "statsVertexDensity": 0.2792409381494658
}