{
    "boundaryCount": 5,
    "statsArea": 43037.41856155787,
    "statsPerimeter": 8590.763734810787,
    "statsVertices": 293919,
    "statsLineResolution": 29.22833751751601,
    "statsVertexDensity": 34.21337253275929
}