{
    "boundaryCount": 5,
    "statsArea": 43037.418561560546,
    "statsPerimeter": 8590.763734810702,
    "statsVertices": 293919,
    "statsLineResolution": 29.22833751751572,
    "statsVertexDensity": 34.21337253275963
}