{
    "boundaryCount": 1,
    "boundaryYearSourceLag": 0,
    "statsArea": 8510251.700169796,
    "statsPerimeter": 25934.300036256045,
    "statsVertices": 43188,
    "statsLineResolution": 600.4978243089757,
    "statsVertexDensity": 1.6652849677694541
}