{
    "boundaryCount": 6,
    "boundaryYearSourceLag": 0,
    "statsArea": 280.4076086168674,
    "statsPerimeter": 308.14291705915684,
    "statsVertices": 5247,
    "statsLineResolution": 58.7274475050804,
    "statsVertexDensity": 17.02781310073951
}