{
    "boundaryCount": 265,
    "statsArea": 110975.11937147698,
    "statsPerimeter": 33930.373990205415,
    "statsVertices": 261373,
    "statsLineResolution": 129.81591055772944,
    "statsVertexDensity": 7.70321600567827
}