{
    "boundaryCount": 265,
    "statsArea": 110975.11937147696,
    "statsPerimeter": 33930.373990205306,
    "statsVertices": 261373,
    "statsLineResolution": 129.815910557729,
    "statsVertexDensity": 7.703216005678295
}