{
    "boundaryCount": 11,
    "statsArea": 30664.798126524154,
    "statsPerimeter": 4419.815351870895,
    "statsVertices": 12642,
    "statsLineResolution": 349.6136174553785,
    "statsVertexDensity": 2.86030048622929
}