{
    "boundaryCount": 1,
    "statsArea": 334001.1088724657,
    "statsPerimeter": 6586.593216621766,
    "statsVertices": 3697,
    "statsLineResolution": 1781.6048733085652,
    "statsVertexDensity": 0.5612916842458618
}