{
    "boundaryCount": 1,
    "statsArea": 335093.26935448265,
    "statsPerimeter": 4956.009698440404,
    "statsVertices": 1968,
    "statsLineResolution": 2518.29761099614,
    "statsVertexDensity": 0.397093653916639
}