{
    "boundaryCount": 1,
    "statsArea": 335248.1267112276,
    "statsPerimeter": 4808.269685028479,
    "statsVertices": 1095,
    "statsLineResolution": 4391.113867605917,
    "statsVertexDensity": 0.22773265056440242
}