{
    "boundaryCount": 36,
    "statsArea": 860.0749352143422,
    "statsPerimeter": 2784.2606786798965,
    "statsVertices": 155972,
    "statsLineResolution": 17.85102889415983,
    "statsVertexDensity": 56.01917995478466
}