{
    "boundaryCount": 191,
    "statsArea": 321658.0721622209,
    "statsPerimeter": 40062.28855831467,
    "statsVertices": 61144,
    "statsLineResolution": 655.2120986247984,
    "statsVertexDensity": 1.5262233437063584
}