{
    "boundaryCount": 28,
    "statsArea": 95807.72218997341,
    "statsPerimeter": 10163.742307156263,
    "statsVertices": 113522,
    "statsLineResolution": 89.53103633794562,
    "statsVertexDensity": 11.169311122741618
}