{
    "boundaryCount": 1,
    "statsArea": 653048.4885377242,
    "statsPerimeter": 6175.566425632231,
    "statsVertices": 31846,
    "statsLineResolution": 193.91968930579134,
    "statsVertexDensity": 5.156773938633448
}