{
    "boundaryCount": 1,
    "statsArea": 653048.4885377242,
    "statsPerimeter": 6175.566425632215,
    "statsVertices": 31846,
    "statsLineResolution": 193.91968930579085,
    "statsVertexDensity": 5.15677393863346
}