{
    "boundaryCount": 7069,
    "boundaryYearSourceLag": 1,
    "statsArea": 1891077.0330260522,
    "statsPerimeter": 568053.2796561235,
    "statsVertices": 7478853,
    "statsLineResolution": 75.9545988744696,
    "statsVertexDensity": 13.16575974093028
}