{
    "boundaryCount": 173,
    "statsArea": 46776.7808710041,
    "statsPerimeter": 18389.787322812976,
    "statsVertices": 587044,
    "statsLineResolution": 31.326080026050814,
    "statsVertexDensity": 31.92228325945661
}