{
    "boundaryCount": 1,
    "statsArea": 1925807.0032366063,
    "statsPerimeter": 10273.064823183806,
    "statsVertices": 17788,
    "statsLineResolution": 577.527817808849,
    "statsVertexDensity": 1.7315183254618247
}