{
    "boundaryCount": 1,
    "statsArea": 907501.0844180698,
    "statsPerimeter": 6038.08352577153,
    "statsVertices": 1772,
    "statsLineResolution": 3407.496346372195,
    "statsVertexDensity": 0.29347060080186266
}