{
    "boundaryCount": 1,
    "statsArea": 908496.3155361465,
    "statsPerimeter": 5293.815427083295,
    "statsVertices": 772,
    "statsLineResolution": 6857.273869278879,
    "statsVertexDensity": 0.14583054710416013
}