{
    "boundaryCount": 1,
    "statsArea": 908618.7903779438,
    "statsPerimeter": 5387.844712463624,
    "statsVertices": 1201,
    "statsLineResolution": 4486.132150261135,
    "statsVertexDensity": 0.2229091713095858
}