{
    "boundaryCount": 15,
    "boundaryYearSourceLag": 11,
    "statsArea": 1860309.2063385295,
    "statsPerimeter": 26884.447189317932,
    "statsVertices": 33077,
    "statsLineResolution": 812.7837225056062,
    "statsVertexDensity": 1.2303395999580966
}