{
    "boundaryCount": 1,
    "statsArea": 369.35536172440044,
    "statsPerimeter": 283.7636996284448,
    "statsVertices": 24494,
    "statsLineResolution": 11.585028971521385,
    "statsVertexDensity": 86.31829945857069
}