{
    "boundaryCount": 1,
    "statsArea": 3.6923712188715934,
    "statsPerimeter": 8.949167895704608,
    "statsVertices": 7,
    "statsLineResolution": 1278.4525565292297,
    "statsVertexDensity": 0.7821956277476744
}