{"boundaryCount": 1, "boundaryYearSourceLag": null, "statsArea": 3.6923712188715934, "statsVertices": 7, "statsLineResolution": 1278.4525565292297, "statsVertexDensity": 0.7821956277476744, "statsPerimeter": 8.949167895704608}