{
    "boundaryCount": 456,
    "statsArea": 38659.29005562055,
    "statsPerimeter": 23836.675513132195,
    "statsVertices": 1421630,
    "statsLineResolution": 16.767144413899675,
    "statsVertexDensity": 59.64044773008677
}