{"boundaryCount": 298, "boundaryYearSourceLag": null, "statsArea": 112289.74106682857, "statsVertices": 214534, "statsLineResolution": 133.41331738807878, "statsVertexDensity": 7.49550359422631, "statsPerimeter": 28621.692632534094}