{
    "boundaryCount": 298,
    "statsArea": 112289.74106682857,
    "statsPerimeter": 28648.16766078415,
    "statsVertices": 214534,
    "statsLineResolution": 133.5367245321681,
    "statsVertexDensity": 7.488576670600504
}