{
    "boundaryCount": 298,
    "statsArea": 112289.74263953969,
    "statsPerimeter": 28578.11174705593,
    "statsVertices": 225977,
    "statsLineResolution": 126.46469219016063,
    "statsVertexDensity": 7.907345383771893
}