{
    "boundaryCount": 10,
    "statsArea": 751084.0503014738,
    "statsPerimeter": 19190.342391222315,
    "statsVertices": 751005,
    "statsLineResolution": 25.55288232597961,
    "statsVertexDensity": 39.13452843569433
}