{
    "boundaryCount": 10,
    "statsArea": 751084.2583518279,
    "statsPerimeter": 19229.401716986737,
    "statsVertices": 602034,
    "statsLineResolution": 31.94072380793566,
    "statsVertexDensity": 31.3079943339152
}