{
    "boundaryCount": 1,
    "boundaryYearSourceLag": 1,
    "statsArea": 28753.430667818957,
    "statsPerimeter": 1290.1024613544207,
    "statsVertices": 12505,
    "statsLineResolution": 103.16693013629914,
    "statsVertexDensity": 9.693028557492683
}