{
    "boundaryCount": 1,
    "statsArea": 28753.443024910826,
    "statsPerimeter": 1290.1021613136636,
    "statsVertices": 29556,
    "statsLineResolution": 43.649416744947345,
    "statsVertexDensity": 22.909813568488413
}