{
    "boundaryCount": 2149,
    "boundaryYearSourceLag": 0,
    "statsArea": 453076.75741540245,
    "statsPerimeter": 82986.78145746648,
    "statsVertices": 316388,
    "statsLineResolution": 262.29433941068083,
    "statsVertexDensity": 3.812510793205777
}