{
    "boundaryCount": 1,
    "boundaryYearSourceLag": 1,
    "statsArea": 17.08077603365258,
    "statsPerimeter": 95.52861205443057,
    "statsVertices": 313,
    "statsLineResolution": 305.2032334007367,
    "statsVertexDensity": 3.276505261289235
}