{
    "boundaryCount": 1,
    "statsArea": 17.081823411180004,
    "statsPerimeter": 95.52935876884474,
    "statsVertices": 2374,
    "statsLineResolution": 40.23983098940385,
    "statsVertexDensity": 24.850999008005896
}