{
    "boundaryCount": 1,
    "statsArea": 28.492973676589433,
    "statsPerimeter": 242.5706308602,
    "statsVertices": 8464,
    "statsLineResolution": 28.65910099955104,
    "statsVertexDensity": 34.892929824130405
}