{
    "boundaryCount": 1,
    "statsArea": 28.49297367719911,
    "statsPerimeter": 242.57063086020574,
    "statsVertices": 8464,
    "statsLineResolution": 28.65910099955172,
    "statsVertexDensity": 34.89292982412958
}