{"boundaryCount": 1580, "boundaryYearSourceLag": null, "statsArea": 181359.61963568398, "statsVertices": 379219, "statsLineResolution": 190.43915935959723, "statsVertexDensity": 5.251020868621603, "statsPerimeter": 72218.1475731871}