{
    "boundaryCount": 1580,
    "statsArea": 181359.61963568398,
    "statsPerimeter": 72285.80911017665,
    "statsVertices": 379219,
    "statsLineResolution": 190.61758274289173,
    "statsVertexDensity": 5.2461057663752735
}