{
    "boundaryCount": 1580,
    "statsArea": 181359.61995164532,
    "statsPerimeter": 72286.56644032201,
    "statsVertices": 396153,
    "statsLineResolution": 182.47133415706057,
    "statsVertexDensity": 5.4803128645908785
}