{
    "boundaryCount": 45,
    "boundaryYearSourceLag": 2,
    "statsArea": 273377.9469365381,
    "statsPerimeter": 20392.06833868846,
    "statsVertices": 51866,
    "statsLineResolution": 393.16832488891487,
    "statsVertexDensity": 2.5434398874388937
}