{
    "boundaryCount": 1,
    "statsArea": 15082.235169427886,
    "statsPerimeter": 909.5773149005355,
    "statsVertices": 279,
    "statsLineResolution": 3260.13374516321,
    "statsVertexDensity": 0.30673588207343244
}