{"boundaryCount": 1, "boundaryYearSourceLag": null, "statsArea": 15082.235169427886, "statsVertices": 279, "statsLineResolution": 3260.13374516321, "statsVertexDensity": 0.30673588207343244, "statsPerimeter": 909.5773149005355}