{
    "boundaryCount": 1,
    "boundaryYearSourceLag": 1,
    "statsArea": 64915.322165506754,
    "statsPerimeter": 1740.332769026101,
    "statsVertices": 2685,
    "statsLineResolution": 648.1686290600004,
    "statsVertexDensity": 1.5428083914678798
}