{
    "boundaryCount": 1,
    "statsArea": 64915.33758173725,
    "statsPerimeter": 1740.3318231027833,
    "statsVertices": 12005,
    "statsLineResolution": 144.96724890485493,
    "statsVertexDensity": 6.8981097975882895
}