{
    "boundaryCount": 172,
    "statsArea": 1860087.78074187,
    "statsPerimeter": 74739.67323667134,
    "statsVertices": 114938,
    "statsLineResolution": 650.2607774336716,
    "statsVertexDensity": 1.537844561295261
}