{
    "boundaryCount": 13,
    "statsArea": 1921725.4523684408,
    "statsPerimeter": 26626.039504319026,
    "statsVertices": 5062,
    "statsLineResolution": 5259.98409804801,
    "statsVertexDensity": 0.1901146431927621
}