{
    "boundaryCount": 13,
    "statsArea": 1921725.4536170864,
    "statsPerimeter": 26626.04015884809,
    "statsVertices": 5062,
    "statsLineResolution": 5259.984227350472,
    "statsVertexDensity": 0.19011463851930865
}