{
    "boundaryCount": 26,
    "statsArea": 181594.6243585164,
    "statsPerimeter": 13904.451123806524,
    "statsVertices": 85560,
    "statsLineResolution": 162.5111164540267,
    "statsVertexDensity": 6.1534252045021995
}