{
    "boundaryCount": 1,
    "boundaryYearSourceLag": 1,
    "statsArea": 17367.390315114066,
    "statsPerimeter": 548.4301156055839,
    "statsVertices": 176,
    "statsLineResolution": 3116.080202304454,
    "statsVertexDensity": 0.32091600186043473
}