{
    "boundaryCount": 256,
    "statsArea": 118028.70997815498,
    "statsPerimeter": 27428.13220423692,
    "statsVertices": 279290,
    "statsLineResolution": 98.20663899257733,
    "statsVertexDensity": 10.182610974758868
}