{"boundaryCount": 256, "boundaryYearSourceLag": null, "statsArea": 118028.70997815498, "statsVertices": 279290, "statsLineResolution": 97.71436653955995, "statsVertexDensity": 10.23390966358204, "statsPerimeter": 27290.645430833698}