{
    "boundaryCount": 256,
    "statsArea": 118028.7094719819,
    "statsPerimeter": 27428.62728539764,
    "statsVertices": 285615,
    "statsLineResolution": 96.03356716348105,
    "statsVertexDensity": 10.413025669427311
}