{
    "boundaryCount": 1,
    "statsArea": 1183670.9877770976,
    "statsPerimeter": 5711.54906767232,
    "statsVertices": 4035,
    "statsLineResolution": 1415.5016276759159,
    "statsVertexDensity": 0.7064633345861144
}