{
    "boundaryCount": 8,
    "statsArea": 28.492973677199114,
    "statsPerimeter": 242.57063086020568,
    "statsVertices": 8464,
    "statsLineResolution": 28.65910099955171,
    "statsVertexDensity": 34.89292982412959
}