{
    "boundaryCount": 1,
    "boundaryYearSourceLag": 1,
    "statsArea": 1616343.493126345,
    "statsPerimeter": 6429.612343483482,
    "statsVertices": 4238,
    "statsLineResolution": 1517.133634611487,
    "statsVertexDensity": 0.6591377168011199
}