{
    "boundaryCount": 1,
    "statsArea": 1616343.5603545082,
    "statsPerimeter": 6429.608483689594,
    "statsVertices": 19810,
    "statsLineResolution": 324.5637800953859,
    "statsVertexDensity": 3.081058520165468
}