{"boundaryCount": 1, "boundaryYearSourceLag": null, "statsArea": 320677.15691766335, "statsVertices": 1599, "statsLineResolution": 2506.85272512203, "statsVertexDensity": 0.39890656119470347, "statsPerimeter": 4008.457507470125}