{
    "boundaryCount": 1,
    "statsArea": 320677.15691766335,
    "statsPerimeter": 4008.457507470125,
    "statsVertices": 1599,
    "statsLineResolution": 2506.85272512203,
    "statsVertexDensity": 0.39890656119470347
}