{
    "boundaryCount": 1,
    "statsArea": 42.57009567991212,
    "statsPerimeter": 41.38053257471708,
    "statsVertices": 38,
    "statsLineResolution": 1088.9613835451862,
    "statsVertexDensity": 0.9183062091186681
}