{
    "boundaryCount": 10,
    "statsArea": 602.9065637363277,
    "statsPerimeter": 498.1516697727672,
    "statsVertices": 10224,
    "statsLineResolution": 48.723754868228404,
    "statsVertexDensity": 20.52386977778012
}