{
    "boundaryCount": 10,
    "statsArea": 602.9065637364441,
    "statsPerimeter": 498.15166977278636,
    "statsVertices": 10224,
    "statsLineResolution": 48.72375486823028,
    "statsVertexDensity": 20.523869777779332
}