{
    "boundaryCount": 141,
    "statsArea": 51178.335150404855,
    "statsPerimeter": 13361.47419956895,
    "statsVertices": 97361,
    "statsLineResolution": 137.2364108787805,
    "statsVertexDensity": 7.286695954787754
}