{
    "boundaryCount": 10,
    "boundaryYearSourceLag": 1,
    "statsArea": 28480.869489038552,
    "statsPerimeter": 9722.415008648179,
    "statsVertices": 26331,
    "statsLineResolution": 369.23835056200596,
    "statsVertexDensity": 2.7082777248840264
}