{
    "boundaryCount": 10,
    "statsArea": 28438.221967979487,
    "statsPerimeter": 9722.480053092526,
    "statsVertices": 170726,
    "statsLineResolution": 56.947858282233085,
    "statsVertexDensity": 17.55992288672225
}