{
    "boundaryCount": 24,
    "statsArea": 12126.203369062707,
    "statsPerimeter": 2636.100821116591,
    "statsVertices": 46875,
    "statsLineResolution": 56.23681751715394,
    "statsVertexDensity": 17.781945069970746
}