{
    "boundaryCount": 14,
    "statsArea": 21.65902707306446,
    "statsPerimeter": 98.71053677980333,
    "statsVertices": 2525,
    "statsLineResolution": 39.09328189299142,
    "statsVertexDensity": 25.579842662922562
}