{
    "boundaryCount": 14,
    "statsArea": 21.659027072979313,
    "statsPerimeter": 98.71053677980696,
    "statsVertices": 2525,
    "statsLineResolution": 39.093281892992856,
    "statsVertexDensity": 25.579842662921624
}