{
    "boundaryCount": 1,
    "statsArea": 112208.05960045457,
    "statsPerimeter": 3446.2539492364403,
    "statsVertices": 11164,
    "statsLineResolution": 308.6934744926944,
    "statsVertexDensity": 3.2394594723565047
}