{
    "boundaryCount": 1,
    "statsArea": 1036.2047434853741,
    "statsPerimeter": 453.4662147526124,
    "statsVertices": 398,
    "statsLineResolution": 1139.3623486246543,
    "statsVertexDensity": 0.8776839090804771
}