{
    "boundaryCount": 1,
    "statsArea": 1055.0775336877743,
    "statsPerimeter": 257.28488596454366,
    "statsVertices": 88,
    "statsLineResolution": 2923.6918859607235,
    "statsVertexDensity": 0.34203330549361244
}