{
    "boundaryCount": 12,
    "statsArea": 69570.72225052884,
    "statsPerimeter": 4580.754176970041,
    "statsVertices": 1388,
    "statsLineResolution": 3300.2551707276957,
    "statsVertexDensity": 0.3030068731865674
}