{"boundaryCount": 12, "boundaryYearSourceLag": null, "statsArea": 69570.72225052884, "statsVertices": 1382, "statsLineResolution": 3314.5833407684936, "statsVertexDensity": 0.3016970452063359, "statsPerimeter": 4580.754176942058}