{
    "boundaryCount": 12,
    "statsArea": 69570.72225052884,
    "statsPerimeter": 4580.754176942058,
    "statsVertices": 1382,
    "statsLineResolution": 3314.5833407684936,
    "statsVertexDensity": 0.3016970452063359
}