{
    "boundaryCount": 10,
    "statsArea": 86235.48860160522,
    "statsPerimeter": 5842.4580006893275,
    "statsVertices": 8596,
    "statsLineResolution": 679.671707851248,
    "statsVertexDensity": 1.4712985525930684
}