{
    "boundaryCount": 10,
    "statsArea": 86235.47865765344,
    "statsPerimeter": 5842.539217794619,
    "statsVertices": 7381,
    "statsLineResolution": 791.5647226384797,
    "statsVertexDensity": 1.2633205743009293
}