{"boundaryCount": 10, "boundaryYearSourceLag": null, "statsArea": 86235.47865765344, "statsVertices": 7381, "statsLineResolution": 789.298749694272, "statsVertexDensity": 1.2669474015857003, "statsPerimeter": 5825.814071493422}