{
    "boundaryCount": 136,
    "boundaryYearSourceLag": 2,
    "statsArea": 95844.78354444573,
    "statsPerimeter": 18491.031578348946,
    "statsVertices": 36023,
    "statsLineResolution": 513.3118168489284,
    "statsVertexDensity": 1.948133604518806
}