{"boundaryCount": 1, "boundaryYearSourceLag": null, "statsArea": 12397.372339389414, "statsVertices": 193648, "statsLineResolution": 44.03354872270107, "statsVertexDensity": 22.709957044285634, "statsPerimeter": 8527.008643053618}