{
    "boundaryCount": 1,
    "statsArea": 12397.372339389414,
    "statsPerimeter": 8527.008643053618,
    "statsVertices": 193648,
    "statsLineResolution": 44.03354872270107,
    "statsVertexDensity": 22.709957044285634
}