{
    "boundaryCount": 1,
    "statsArea": 267.1207216632824,
    "statsPerimeter": 169.19987430439,
    "statsVertices": 3315,
    "statsLineResolution": 51.0406860646727,
    "statsVertexDensity": 19.59221313625994
}