{
    "boundaryCount": 13,
    "statsArea": 9945629.533136846,
    "statsPerimeter": 178723.01602559682,
    "statsVertices": 76719,
    "statsLineResolution": 2329.5795829663684,
    "statsVertexDensity": 0.4292620038876932
}