{"boundaryCount": 13, "boundaryYearSourceLag": null, "statsArea": 9945527.767353527, "statsVertices": 76682, "statsLineResolution": 2329.814210016098, "statsVertexDensity": 0.429218774484636, "statsPerimeter": 178654.81325245442}