{
    "boundaryCount": 13,
    "statsArea": 9945527.767353527,
    "statsPerimeter": 178654.81325245442,
    "statsVertices": 76682,
    "statsLineResolution": 2329.814210016098,
    "statsVertexDensity": 0.429218774484636
}