{
    "boundaryCount": 1,
    "boundaryYearSourceLag": 6,
    "statsArea": 2308647.1717294226,
    "statsPerimeter": 8333.261762987344,
    "statsVertices": 31683,
    "statsLineResolution": 263.0199716878876,
    "statsVertexDensity": 3.8019926531915567
}