{"boundaryCount": 1, "boundaryYearSourceLag": 0, "statsArea": 2308647.1717294226, "statsVertices": 31683, "statsLineResolution": 263.0199716878876, "statsVertexDensity": 3.8019926531915567, "statsPerimeter": 8333.261762987344}