{
    "boundaryCount": 1,
    "statsArea": 2.807362975563165,
    "statsPerimeter": 10.363151210224078,
    "statsVertices": 113,
    "statsLineResolution": 91.70930274534582,
    "statsVertexDensity": 10.90401922231111
}