{"boundaryCount": 3, "boundaryYearSourceLag": null, "statsArea": 18840.904116000478, "statsVertices": 1103, "statsLineResolution": 1932.3719983257831, "statsVertexDensity": 0.5174987015266238, "statsPerimeter": 2131.406314153339}