{
    "boundaryCount": 3,
    "statsArea": 18840.904116000478,
    "statsPerimeter": 2131.406314153339,
    "statsVertices": 1103,
    "statsLineResolution": 1932.3719983257831,
    "statsVertexDensity": 0.5174987015266238
}