{
    "boundaryCount": 1,
    "statsArea": 25273.977785652263,
    "statsPerimeter": 974.6379680181202,
    "statsVertices": 11781,
    "statsLineResolution": 82.72964672083187,
    "statsVertexDensity": 12.087565215580613
}