{
    "boundaryCount": 1,
    "statsArea": 25273.97778565244,
    "statsPerimeter": 974.6379680181274,
    "statsVertices": 11781,
    "statsLineResolution": 82.72964672083248,
    "statsVertexDensity": 12.087565215580524
}