{
    "boundaryCount": 10,
    "statsArea": 406246.2373681937,
    "statsPerimeter": 12418.538900152449,
    "statsVertices": 37154,
    "statsLineResolution": 334.24500457965354,
    "statsVertexDensity": 2.9918173384748106
}