{"boundaryCount": 1, "boundaryYearSourceLag": null, "statsArea": 71611.71499422437, "statsVertices": 695, "statsLineResolution": 2660.3129756172225, "statsVertexDensity": 0.37589562174277213, "statsPerimeter": 1848.9175180539696}