{
    "boundaryCount": 1,
    "statsArea": 71611.71499422437,
    "statsPerimeter": 1848.9175180539696,
    "statsVertices": 695,
    "statsLineResolution": 2660.3129756172225,
    "statsVertexDensity": 0.37589562174277213
}