{
    "boundaryCount": 1,
    "statsArea": 5122.926215139532,
    "statsPerimeter": 512.2590780344542,
    "statsVertices": 196,
    "statsLineResolution": 2613.5667246655826,
    "statsVertexDensity": 0.3826188903319292
}