{"boundaryCount": 1, "boundaryYearSourceLag": null, "statsArea": 5122.926215139532, "statsVertices": 196, "statsLineResolution": 2613.5667246655826, "statsVertexDensity": 0.3826188903319292, "statsPerimeter": 512.2590780344542}