{
    "boundaryCount": 1,
    "statsArea": 940612.1067392816,
    "statsPerimeter": 7114.282420815272,
    "statsVertices": 110476,
    "statsLineResolution": 64.39663294122951,
    "statsVertexDensity": 15.52876220892842
}