{
    "boundaryCount": 1,
    "statsArea": 940612.106739279,
    "statsPerimeter": 7114.282420815325,
    "statsVertices": 110476,
    "statsLineResolution": 64.39663294123,
    "statsVertexDensity": 15.528762208928306
}