{
    "boundaryCount": 14,
    "statsArea": 41686.436697341924,
    "statsPerimeter": 4475.988937815908,
    "statsVertices": 6521,
    "statsLineResolution": 686.3960953559128,
    "statsVertexDensity": 1.4568847444877668
}