{
    "boundaryCount": 1,
    "statsArea": 22143.682756240334,
    "statsPerimeter": 1002.4068846726647,
    "statsVertices": 283,
    "statsLineResolution": 3542.0737974299104,
    "statsVertexDensity": 0.2823204871467074
}