{
    "boundaryCount": 1,
    "statsArea": 22092.26636392586,
    "statsPerimeter": 935.7028013321756,
    "statsVertices": 179,
    "statsLineResolution": 5227.3899515764,
    "statsVertexDensity": 0.19130005782301254
}