{
    "boundaryCount": 1,
    "statsArea": 22299.42219719398,
    "statsPerimeter": 1185.952103617048,
    "statsVertices": 493,
    "statsLineResolution": 2405.5823602779874,
    "statsVertexDensity": 0.41569975591458885
}