{
    "boundaryCount": 1,
    "statsArea": 199.6600014240238,
    "statsPerimeter": 244.95252485066848,
    "statsVertices": 20060,
    "statsLineResolution": 12.210993262745188,
    "statsVertexDensity": 81.89342000956826
}