{
    "boundaryCount": 1,
    "statsArea": 199.66000142330108,
    "statsPerimeter": 244.95252485064626,
    "statsVertices": 20060,
    "statsLineResolution": 12.210993262744081,
    "statsVertexDensity": 81.89342000957569
}