{
    "boundaryCount": 25,
    "boundaryYearSourceLag": 4,
    "statsArea": 179127.26714919886,
    "statsPerimeter": 12144.731825853813,
    "statsVertices": 24810,
    "statsLineResolution": 489.5095455805648,
    "statsVertexDensity": 2.042861082134745
}