{
    "boundaryCount": 1,
    "boundaryYearSourceLag": 1,
    "statsArea": 20257.960204911746,
    "statsPerimeter": 1165.0140775594905,
    "statsVertices": 1883,
    "statsLineResolution": 618.701050217467,
    "statsVertexDensity": 1.6162894820503542
}