{
    "boundaryCount": 1,
    "statsArea": 64581.86225369654,
    "statsPerimeter": 1788.6921523941587,
    "statsVertices": 3362,
    "statsLineResolution": 532.0321690642947,
    "statsVertexDensity": 1.8795855930267116
}