{
    "boundaryCount": 9,
    "statsArea": 28.003371662501575,
    "statsPerimeter": 82.77510370888841,
    "statsVertices": 123,
    "statsLineResolution": 672.9683228364911,
    "statsVertexDensity": 1.4859540428071034
}