{
    "boundaryCount": 14,
    "statsArea": 447555.52469501726,
    "statsPerimeter": 12292.776575460783,
    "statsVertices": 7651,
    "statsLineResolution": 1606.6888740636234,
    "statsVertexDensity": 0.6223980361990115
}