{"boundaryCount": 14, "boundaryYearSourceLag": null, "statsArea": 447555.52469501726, "statsVertices": 7651, "statsLineResolution": 1592.9115093664711, "statsVertexDensity": 0.6277812635039077, "statsPerimeter": 12187.36595816287}