{
    "boundaryCount": 14,
    "statsArea": 447555.7146123707,
    "statsPerimeter": 12292.34244188565,
    "statsVertices": 9010,
    "statsLineResolution": 1364.299938056121,
    "statsVertexDensity": 0.7329766513255274
}