{
    "boundaryCount": 14,
    "statsArea": 162196.04322279748,
    "statsPerimeter": 15099.891436789263,
    "statsVertices": 51433,
    "statsLineResolution": 293.58371933951474,
    "statsVertexDensity": 3.406183429550296
}