{
    "boundaryCount": 14,
    "boundaryYearSourceLag": 1,
    "statsArea": 320788.9439059928,
    "statsPerimeter": 15099.894862560242,
    "statsVertices": 24278,
    "statsLineResolution": 621.9579398039477,
    "statsVertexDensity": 1.6078257644161886
}