{
    "boundaryCount": 28,
    "statsArea": 118498.26756797647,
    "statsPerimeter": 9246.867808450786,
    "statsVertices": 17360,
    "statsLineResolution": 532.6536756020038,
    "statsVertexDensity": 1.8773924705763132
}