{
    "boundaryCount": 3,
    "statsArea": 18827.03187894845,
    "statsPerimeter": 3634.214593833765,
    "statsVertices": 49124,
    "statsLineResolution": 73.98042899262612,
    "statsVertexDensity": 13.517088419420677
}