{"boundaryCount": 3, "boundaryYearSourceLag": null, "statsArea": 18827.03187894845, "statsVertices": 49124, "statsLineResolution": 73.98042899262612, "statsVertexDensity": 13.517088419420677, "statsPerimeter": 3634.214593833765}