{
    "boundaryCount": 17,
    "statsArea": 71895.75592772284,
    "statsPerimeter": 4417.697814089928,
    "statsVertices": 4228,
    "statsLineResolution": 1044.8670326608155,
    "statsVertexDensity": 0.9570595767132598
}