{
    "boundaryCount": 1,
    "boundaryYearSourceLag": 1,
    "statsArea": 391.6555546209459,
    "statsPerimeter": 233.99358463988918,
    "statsVertices": 625,
    "statsLineResolution": 374.3897354238227,
    "statsVertexDensity": 2.6710133996274337
}