{
    "boundaryCount": 1,
    "statsArea": 391.6581194621141,
    "statsPerimeter": 233.9946727562188,
    "statsVertices": 3597,
    "statsLineResolution": 65.05273081907667,
    "statsVertexDensity": 15.37214483402979
}