{
    "boundaryCount": 22,
    "statsArea": 591446.3654322185,
    "statsPerimeter": 33156.08220316336,
    "statsVertices": 478499,
    "statsLineResolution": 69.29185265416095,
    "statsVertexDensity": 14.431711113152788
}