{
    "boundaryCount": 57,
    "boundaryYearSourceLag": null,
    "statsArea": 122091.73364418428,
    "statsPerimeter": 12093.907192135635,
    "statsVertices": 94841,
    "statsLineResolution": 127.51771061182016,
    "statsVertexDensity": 7.842047941435562
}