{
    "boundaryCount": 360,
    "statsArea": 466040.0376782913,
    "statsPerimeter": 56919.96214523637,
    "statsVertices": 98066,
    "statsLineResolution": 580.4250417600022,
    "statsVertexDensity": 1.7228753552185407
}