{
    "boundaryCount": 360,
    "statsArea": 466040.0355628301,
    "statsPerimeter": 56920.456711725405,
    "statsVertices": 102118,
    "statsLineResolution": 557.3988592777513,
    "statsVertexDensity": 1.794047446196335
}