{"boundaryCount": 360, "boundaryYearSourceLag": null, "statsArea": 466040.0376782913, "statsVertices": 98066, "statsLineResolution": 580.4237397785689, "statsVertexDensity": 1.7228792198980332, "statsPerimeter": 56919.83446512515}