{
    "boundaryCount": 1,
    "statsArea": 47.02068200051323,
    "statsPerimeter": 91.0610360365055,
    "statsVertices": 141,
    "statsLineResolution": 645.8229506135142,
    "statsVertexDensity": 1.5484119897721618
}