{
    "boundaryCount": 1,
    "statsArea": 147652.498984362,
    "statsPerimeter": 3331.1470821999287,
    "statsVertices": 58045,
    "statsLineResolution": 57.38904440003323,
    "statsVertexDensity": 17.424928580957886
}