{
    "boundaryCount": 10,
    "boundaryYearSourceLag": 2,
    "statsArea": 578057.1446036068,
    "statsPerimeter": 10516.76754227633,
    "statsVertices": 7119,
    "statsLineResolution": 1477.2815763838082,
    "statsVertexDensity": 0.6769190220647503
}