{
    "boundaryCount": 23,
    "statsArea": 1273002.2327394006,
    "statsPerimeter": 24911.77092470036,
    "statsVertices": 14445,
    "statsLineResolution": 1724.5947334510458,
    "statsVertexDensity": 0.5798463723700022
}