{
    "boundaryCount": 2340,
    "statsArea": 3152800.0289300447,
    "statsPerimeter": 516612.9499188395,
    "statsVertices": 1080657,
    "statsLineResolution": 478.0545075068588,
    "statsVertexDensity": 2.0918116748133637
}