{"boundaryCount": 2340, "boundaryYearSourceLag": null, "statsArea": 3152800.0289300447, "statsVertices": 1080657, "statsLineResolution": 477.70714983051226, "statsVertexDensity": 2.0933327046806696, "statsPerimeter": 516237.5754143919}