{
    "boundaryCount": 2336,
    "statsArea": 3151382.151450785,
    "statsPerimeter": 516569.5411319049,
    "statsVertices": 1125491,
    "statsLineResolution": 458.97260940505515,
    "statsVertexDensity": 2.1787792550327865
}