{
    "boundaryCount": 1,
    "statsArea": 255990.2483027159,
    "statsPerimeter": 6977.125317651209,
    "statsVertices": 64380,
    "statsLineResolution": 108.37411179949068,
    "statsVertexDensity": 9.227295923312008
}