{
    "boundaryCount": 1,
    "boundaryYearSourceLag": 1,
    "statsArea": 255990.1709182905,
    "statsPerimeter": 6977.128268289194,
    "statsVertices": 12368,
    "statsLineResolution": 564.1274473066942,
    "statsVertexDensity": 1.7726490791651532
}