{
    "boundaryCount": 1,
    "statsArea": 602799.1134157797,
    "statsPerimeter": 6557.477792870845,
    "statsVertices": 87634,
    "statsLineResolution": 74.82800959525807,
    "statsVertexDensity": 13.363979683663416
}