{
    "boundaryCount": 1,
    "statsArea": 602799.1134157781,
    "statsPerimeter": 6557.47779287089,
    "statsVertices": 87634,
    "statsLineResolution": 74.82800959525858,
    "statsVertexDensity": 13.363979683663326
}