{
    "boundaryCount": 7,
    "statsArea": 1002.2340299545729,
    "statsPerimeter": 570.951104015362,
    "statsVertices": 7825,
    "statsLineResolution": 72.96499731825712,
    "statsVertexDensity": 13.70520162754508
}