{"boundaryCount": 7, "boundaryYearSourceLag": null, "statsArea": 1002.2340012131102, "statsVertices": 7613, "statsLineResolution": 74.99707924255647, "statsVertexDensity": 13.333852599323073, "statsPerimeter": 570.9527642735824}