{
    "boundaryCount": 79,
    "statsArea": 1129520.7787818417,
    "statsPerimeter": 48185.30523683746,
    "statsVertices": 30631,
    "statsLineResolution": 1573.0895248877757,
    "statsVertexDensity": 0.6356917290332474
}