{"boundaryCount": 79, "boundaryYearSourceLag": null, "statsArea": 1129520.7787818417, "statsVertices": 30631, "statsLineResolution": 1569.9360847080177, "statsVertexDensity": 0.6369686063913765, "statsPerimeter": 48088.71221069129}