{
    "boundaryCount": 79,
    "statsArea": 1129022.5237674082,
    "statsPerimeter": 48191.809075302575,
    "statsVertices": 31758,
    "statsLineResolution": 1517.4698997198368,
    "statsVertexDensity": 0.6589916545854552
}