{
    "boundaryCount": 161,
    "statsArea": 447555.5246999679,
    "statsPerimeter": 36267.31008093864,
    "statsVertices": 71632,
    "statsLineResolution": 506.3003976007739,
    "statsVertexDensity": 1.9751120179615507
}