{
    "boundaryCount": 161,
    "statsArea": 447555.71461237094,
    "statsPerimeter": 36266.66230563559,
    "statsVertices": 85409,
    "statsLineResolution": 424.6234273394559,
    "statsVertexDensity": 2.3550278567192007
}