{"boundaryCount": 161, "boundaryYearSourceLag": null, "statsArea": 447555.5246999679, "statsVertices": 71632, "statsLineResolution": 505.81281255142136, "statsVertexDensity": 1.9770159536999452, "statsPerimeter": 36232.38338868342}