{"boundaryCount": 11, "boundaryYearSourceLag": null, "statsArea": 68.06274212209566, "statsVertices": 3370, "statsLineResolution": 66.95919471652128, "statsVertexDensity": 14.934468734780996, "statsPerimeter": 225.65248619467673}