{
    "boundaryCount": 12,
    "boundaryYearSourceLag": 2,
    "statsArea": 340599.2511499376,
    "statsPerimeter": 11448.945899698409,
    "statsVertices": 9980,
    "statsLineResolution": 1147.1889679056521,
    "statsVertexDensity": 0.8716959698676623
}