{
    "boundaryCount": 16,
    "statsArea": 110541.06548061033,
    "statsPerimeter": 19280.98767691045,
    "statsVertices": 345642,
    "statsLineResolution": 55.78311570037915,
    "statsVertexDensity": 17.926571283167018
}