{
    "boundaryCount": 16,
    "statsArea": 110541.06548060906,
    "statsPerimeter": 19280.987676910096,
    "statsVertices": 345642,
    "statsLineResolution": 55.783115700378126,
    "statsVertexDensity": 17.926571283167345
}