{
    "boundaryCount": 1,
    "statsArea": 10226.088875749441,
    "statsPerimeter": 791.6574891868421,
    "statsVertices": 6793,
    "statsLineResolution": 116.54018683745652,
    "statsVertexDensity": 8.580731051982454
}