{
    "boundaryCount": 1,
    "statsArea": 147566.53678575266,
    "statsPerimeter": 3298.508157162611,
    "statsVertices": 19158,
    "statsLineResolution": 172.17393032480481,
    "statsVertexDensity": 5.808080225116006
}