{
    "boundaryCount": 1,
    "statsArea": 147566.53678575432,
    "statsPerimeter": 3298.508157162567,
    "statsVertices": 19158,
    "statsLineResolution": 172.17393032480254,
    "statsVertexDensity": 5.8080802251160835
}