{
    "boundaryCount": 2,
    "statsArea": 77515.82167946396,
    "statsPerimeter": 2993.302255528341,
    "statsVertices": 6421,
    "statsLineResolution": 466.1738444990408,
    "statsVertexDensity": 2.1451224941086493
}