{
    "boundaryCount": 1,
    "statsArea": 119.05032234364525,
    "statsPerimeter": 53.78210010925502,
    "statsVertices": 47,
    "statsLineResolution": 1144.300002324575,
    "statsVertexDensity": 0.8738967036341534
}