{
    "boundaryCount": 11,
    "statsArea": 63.6802216269729,
    "statsPerimeter": 158.8381237555414,
    "statsVertices": 168,
    "statsLineResolution": 945.4650223544131,
    "statsVertexDensity": 1.0576805871779191
}