{
    "boundaryCount": 79,
    "statsArea": 49025.04848997986,
    "statsPerimeter": 12756.117636104122,
    "statsVertices": 344525,
    "statsLineResolution": 37.02523078471554,
    "statsVertexDensity": 27.008609502383223
}