{
    "boundaryCount": 79,
    "statsArea": 49025.04848997854,
    "statsPerimeter": 12756.117636104607,
    "statsVertices": 344525,
    "statsLineResolution": 37.02523078471695,
    "statsVertexDensity": 27.008609502382196
}