{
    "boundaryCount": 13,
    "statsArea": 549516.218847595,
    "statsPerimeter": 23971.09756882776,
    "statsVertices": 225426,
    "statsLineResolution": 106.3368802570589,
    "statsVertexDensity": 9.404075026299424
}