{"boundaryCount": 13, "boundaryYearSourceLag": null, "statsArea": 549516.218847595, "statsVertices": 225426, "statsLineResolution": 105.82867458653482, "statsVertexDensity": 9.4492348496939, "statsPerimeter": 23856.534797344197}