{
    "boundaryCount": 13,
    "statsArea": 549516.5065021039,
    "statsPerimeter": 24325.309053525772,
    "statsVertices": 227332,
    "statsLineResolution": 107.00345333488366,
    "statsVertexDensity": 9.34549277461492
}