{
    "boundaryCount": 7,
    "boundaryYearSourceLag": 1,
    "statsArea": 147458.27311671738,
    "statsPerimeter": 7481.512065503226,
    "statsVertices": 10638,
    "statsLineResolution": 703.2818260484325,
    "statsVertexDensity": 1.421905078393329
}