{
    "boundaryCount": 81,
    "boundaryYearSourceLag": 0,
    "statsArea": 780230.1624665783,
    "statsPerimeter": 47764.79336897215,
    "statsVertices": 387469,
    "statsLineResolution": 123.27384479525367,
    "statsVertexDensity": 8.11202085617518
}