{
    "boundaryCount": 45,
    "statsArea": 196797.25118235443,
    "statsPerimeter": 15106.747704076846,
    "statsVertices": 42801,
    "statsLineResolution": 352.953148386179,
    "statsVertexDensity": 2.8332372287153063
}