{
    "boundaryCount": 45,
    "statsArea": 196797.25118235446,
    "statsPerimeter": 15106.747704076854,
    "statsVertices": 42801,
    "statsLineResolution": 352.9531483861791,
    "statsVertexDensity": 2.833237228715305
}