{
    "boundaryCount": 1,
    "statsArea": 277.7152131535398,
    "statsPerimeter": 2093.715021044127,
    "statsVertices": 10001,
    "statsLineResolution": 209.35056704770793,
    "statsVertexDensity": 4.776676815841223
}