{
    "boundaryCount": 1,
    "statsArea": 1672.2269205276118,
    "statsPerimeter": 342.26728633892253,
    "statsVertices": 127,
    "statsLineResolution": 2695.018002668681,
    "statsVertexDensity": 0.371055035257565
}