{
    "boundaryCount": 14,
    "statsArea": 321683.86755307,
    "statsPerimeter": 14131.545538558927,
    "statsVertices": 130954,
    "statsLineResolution": 107.91228628800133,
    "statsVertexDensity": 9.266785408763868
}