{
    "boundaryCount": 18,
    "statsArea": 25074.94682552206,
    "statsPerimeter": 4578.332423370285,
    "statsVertices": 86173,
    "statsLineResolution": 53.12954664883763,
    "statsVertexDensity": 18.821918557098737
}