{
    "boundaryCount": 74,
    "statsArea": 633054.0777968502,
    "statsPerimeter": 29444.686977399193,
    "statsVertices": 5189,
    "statsLineResolution": 5674.44343368649,
    "statsVertexDensity": 0.17622873708872883
}