{
    "boundaryCount": 1,
    "statsArea": 40054.83097374302,
    "statsPerimeter": 1199.2815214035213,
    "statsVertices": 7501,
    "statsLineResolution": 159.88288513578473,
    "statsVertexDensity": 6.254578150442581
}