{
    "boundaryCount": 25,
    "boundaryYearSourceLag": 18,
    "statsArea": 912498.1434010466,
    "statsPerimeter": 27639.901477776173,
    "statsVertices": 67630,
    "statsLineResolution": 408.69290962259606,
    "statsVertexDensity": 2.4468249300518603
}