{
    "boundaryCount": 1,
    "statsArea": 406246.2373681937,
    "statsPerimeter": 4156.04602885415,
    "statsVertices": 29779,
    "statsLineResolution": 139.5629815928725,
    "statsVertexDensity": 7.165223819287265
}