{
    "boundaryCount": 1,
    "statsArea": 30574.80353237134,
    "statsPerimeter": 1035.6788065345781,
    "statsVertices": 12681,
    "statsLineResolution": 81.67169833093432,
    "statsVertexDensity": 12.24414357037113
}