{
    "boundaryCount": 1,
    "statsArea": 98544.428821651,
    "statsPerimeter": 5063.400641921725,
    "statsVertices": 3060,
    "statsLineResolution": 1654.7060921312827,
    "statsVertexDensity": 0.6043369301384436
}