{
    "boundaryCount": 1811,
    "statsArea": 372467.76370110124,
    "statsPerimeter": 132236.66640882142,
    "statsVertices": 921252,
    "statsLineResolution": 143.54016752074506,
    "statsVertexDensity": 6.966691047336806
}