{
    "boundaryCount": 1811,
    "statsArea": 372468.10428078217,
    "statsPerimeter": 132248.1159523929,
    "statsVertices": 869386,
    "statsLineResolution": 152.11668459394664,
    "statsVertexDensity": 6.573900835857385
}