{"boundaryCount": 1811, "boundaryYearSourceLag": null, "statsArea": 372468.10428078217, "statsVertices": 869386, "statsLineResolution": 152.08352469833898, "statsVertexDensity": 6.5753341920732185, "statsPerimeter": 132219.28720339012}