{
    "boundaryCount": 1,
    "statsArea": 942.0536241282167,
    "statsPerimeter": 596.0976467578895,
    "statsVertices": 472,
    "statsLineResolution": 1262.9187431311218,
    "statsVertexDensity": 0.791816579996846
}