{"boundaryCount": 1, "boundaryYearSourceLag": null, "statsArea": 942.0536241282167, "statsVertices": 472, "statsLineResolution": 1262.9187431311218, "statsVertexDensity": 0.791816579996846, "statsPerimeter": 596.0976467578895}