{
    "boundaryCount": 1,
    "statsArea": 1036968.9849775546,
    "statsPerimeter": 6258.453077410584,
    "statsVertices": 7138,
    "statsLineResolution": 876.7796409933572,
    "statsVertexDensity": 1.1405374318078814
}