{
    "boundaryCount": 1,
    "statsArea": 592934.916416671,
    "statsPerimeter": 6080.628130414024,
    "statsVertices": 14043,
    "statsLineResolution": 433.0006501754628,
    "statsVertexDensity": 2.309465354370195
}