{
    "boundaryCount": 9,
    "boundaryYearSourceLag": 4,
    "statsArea": 1219351.3858559048,
    "statsPerimeter": 24792.67867362535,
    "statsVertices": 219799,
    "statsLineResolution": 112.79704945711923,
    "statsVertexDensity": 8.865480123929649
}