{
    "boundaryCount": 60,
    "statsArea": 390680.69706958375,
    "statsPerimeter": 25408.27586843753,
    "statsVertices": 33590,
    "statsLineResolution": 756.4238126953715,
    "statsVertexDensity": 1.3220102054120841
}