{
    "boundaryCount": 60,
    "statsArea": 390680.696799615,
    "statsPerimeter": 25408.275887461663,
    "statsVertices": 33572,
    "statsLineResolution": 756.829378275398,
    "statsVertexDensity": 1.3213017738274373
}