{"boundaryCount": 60, "boundaryYearSourceLag": null, "statsArea": 390680.696799615, "statsVertices": 33572, "statsLineResolution": 756.829378275398, "statsVertexDensity": 1.3213017738274373, "statsPerimeter": 25408.275887461663}