{
    "boundaryCount": 121,
    "statsArea": 64588.37379039216,
    "statsPerimeter": 18150.249844805945,
    "statsVertices": 49847,
    "statsLineResolution": 364.11920165317764,
    "statsVertexDensity": 2.746353379497126
}