{
    "boundaryCount": 1,
    "statsArea": 26.41977812197391,
    "statsPerimeter": 37.29323127623483,
    "statsVertices": 118,
    "statsLineResolution": 316.0443328494477,
    "statsVertexDensity": 3.164113056494402
}