{
    "boundaryCount": 37,
    "boundaryYearSourceLag": 1,
    "statsArea": 33855.9848440961,
    "statsPerimeter": 8698.119912571841,
    "statsVertices": 13406,
    "statsLineResolution": 648.8229085910668,
    "statsVertexDensity": 1.5412526080059687
}