{
    "boundaryCount": 2,
    "statsArea": 979.2164157611589,
    "statsPerimeter": 1231.0700623824828,
    "statsVertices": 778,
    "statsLineResolution": 1582.352265273114,
    "statsVertexDensity": 0.6319705301697786
}