{
    "boundaryCount": 10,
    "statsArea": 209744.0669023203,
    "statsPerimeter": 8828.554738956589,
    "statsVertices": 79538,
    "statsLineResolution": 110.99794738309474,
    "statsVertexDensity": 9.009175607082465
}