{
    "boundaryCount": 10,
    "statsArea": 209744.06566076202,
    "statsPerimeter": 8816.046485887842,
    "statsVertices": 67139,
    "statsLineResolution": 131.3103633638845,
    "statsVertexDensity": 7.615545143446303
}