{
    "boundaryCount": 1,
    "statsArea": 127.42279744612092,
    "statsPerimeter": 118.70781233212507,
    "statsVertices": 107,
    "statsLineResolution": 1109.4188068422905,
    "statsVertexDensity": 0.9013728574209714
}