{"boundaryCount": 1, "boundaryYearSourceLag": null, "statsArea": 127.42279744612092, "statsVertices": 107, "statsLineResolution": 1065.9919660692683, "statsVertexDensity": 0.9380933738997991, "statsPerimeter": 114.0611403694117}