{
    "boundaryCount": 4,
    "boundaryYearSourceLag": 1,
    "statsArea": 142501.63203310917,
    "statsPerimeter": 6222.559043650188,
    "statsVertices": 6650,
    "statsLineResolution": 935.7231644586748,
    "statsVertexDensity": 1.0686921495403077
}