{
    "boundaryCount": 1,
    "statsArea": 102224.09176276723,
    "statsPerimeter": 6509.86607290489,
    "statsVertices": 63229,
    "statsLineResolution": 102.95696710219819,
    "statsVertexDensity": 9.71279582281566
}