{
    "boundaryCount": 1117,
    "statsArea": 912730.1100883309,
    "statsPerimeter": 126331.31355057127,
    "statsVertices": 1165496,
    "statsLineResolution": 108.39274742304673,
    "statsVertexDensity": 9.225709503395958
}