{
    "boundaryCount": 1117,
    "statsArea": 912730.1100883324,
    "statsPerimeter": 126331.31355057131,
    "statsVertices": 1165496,
    "statsLineResolution": 108.39274742304676,
    "statsVertexDensity": 9.225709503395956
}