{
    "boundaryCount": 4,
    "statsArea": 38721.384020556354,
    "statsPerimeter": 3044.7139725062134,
    "statsVertices": 105379,
    "statsLineResolution": 28.892986007707545,
    "statsVertexDensity": 34.61047604194451
}