{
    "boundaryCount": 4,
    "statsArea": 38721.38402055595,
    "statsPerimeter": 3044.7139725062298,
    "statsVertices": 105379,
    "statsLineResolution": 28.8929860077077,
    "statsVertexDensity": 34.610476041944324
}