{
    "boundaryCount": 1815,
    "statsArea": 1292629.820311327,
    "statsPerimeter": 206712.44344659348,
    "statsVertices": 861495,
    "statsLineResolution": 239.94619057173108,
    "statsVertexDensity": 4.167601067627925
}