{"boundaryCount": 1815, "boundaryYearSourceLag": null, "statsArea": 1292816.4952130758, "statsVertices": 837528, "statsLineResolution": 246.70046051572203, "statsVertexDensity": 4.053498716255014, "statsPerimeter": 206618.54329481165}