{
    "boundaryCount": 1815,
    "statsArea": 1292816.4952130758,
    "statsPerimeter": 206663.17011754573,
    "statsVertices": 837528,
    "statsLineResolution": 246.75374449277604,
    "statsVertexDensity": 4.052623404178071
}