{
    "boundaryCount": 20,
    "statsArea": 465147.37559800124,
    "statsPerimeter": 20355.351784547434,
    "statsVertices": 6250,
    "statsLineResolution": 3256.8562855275895,
    "statsVertexDensity": 0.3070445584116422
}