{"boundaryCount": 20, "boundaryYearSourceLag": null, "statsArea": 465147.37559800124, "statsVertices": 6250, "statsLineResolution": 3256.8562855275895, "statsVertexDensity": 0.3070445584116422, "statsPerimeter": 20355.351784547434}