{
    "boundaryCount": 20,
    "boundaryYearSourceLag": 1,
    "statsArea": 38762.97688687743,
    "statsPerimeter": 5225.436075742662,
    "statsVertices": 39775,
    "statsLineResolution": 131.37488562520835,
    "statsVertexDensity": 7.611804914166327
}