{
    "boundaryCount": 10,
    "statsArea": 614.4299298173524,
    "statsPerimeter": 493.188950110665,
    "statsVertices": 5388,
    "statsLineResolution": 91.53469749641147,
    "statsVertexDensity": 10.924818974129499
}