{
    "boundaryCount": 33,
    "statsArea": 18506.733064784163,
    "statsPerimeter": 5952.595558949328,
    "statsVertices": 166016,
    "statsLineResolution": 35.85555343430349,
    "statsVertexDensity": 27.88968246808001
}