{
    "boundaryCount": 33,
    "statsArea": 18506.73306478624,
    "statsPerimeter": 5952.595558949138,
    "statsVertices": 166016,
    "statsLineResolution": 35.855553434302344,
    "statsVertexDensity": 27.889682468080903
}