{
    "boundaryCount": 365,
    "statsArea": 131707.0203717929,
    "statsPerimeter": 44107.775942304004,
    "statsVertices": 1149135,
    "statsLineResolution": 38.38345881232754,
    "statsVertexDensity": 26.052889211715126
}