{
    "boundaryCount": 365,
    "statsArea": 131707.0203717882,
    "statsPerimeter": 44107.77594230345,
    "statsVertices": 1149135,
    "statsLineResolution": 38.383458812327056,
    "statsVertexDensity": 26.052889211715453
}