{
    "boundaryCount": 1633,
    "boundaryYearSourceLag": 4,
    "statsArea": 179127.26714919903,
    "statsPerimeter": 70165.96656847929,
    "statsVertices": 130766,
    "statsLineResolution": 536.5765303555916,
    "statsVertexDensity": 1.8636670510678053
}