{
    "boundaryCount": 1,
    "statsArea": 2726507.6874100575,
    "statsPerimeter": 16116.005070616638,
    "statsVertices": 86118,
    "statsLineResolution": 187.13863618078264,
    "statsVertexDensity": 5.343631974713999
}