{
    "boundaryCount": 1,
    "statsArea": 71084.6363358526,
    "statsPerimeter": 2269.879750587169,
    "statsVertices": 798,
    "statsLineResolution": 2844.4608403347984,
    "statsVertexDensity": 0.3515604735420784
}