{
    "boundaryCount": 1,
    "statsArea": 70512.30826399468,
    "statsPerimeter": 1948.0030799295118,
    "statsVertices": 448,
    "statsLineResolution": 4348.2211605569455,
    "statsVertexDensity": 0.2299791025054287
}