{
    "boundaryCount": 1,
    "statsArea": 70228.08671609224,
    "statsPerimeter": 1767.6368352134555,
    "statsVertices": 271,
    "statsLineResolution": 6522.645148389134,
    "statsVertexDensity": 0.1533120348033903
}