{
    "boundaryCount": 1,
    "statsArea": 83638.66038609408,
    "statsPerimeter": 1842.9228212327555,
    "statsVertices": 18910,
    "statsLineResolution": 97.45757912388976,
    "statsVertexDensity": 10.260874618368907
}