{
    "boundaryCount": 1,
    "statsArea": 83638.66038609429,
    "statsPerimeter": 1842.9228212327594,
    "statsVertices": 18910,
    "statsLineResolution": 97.45757912388997,
    "statsVertexDensity": 10.260874618368886
}