{
    "boundaryCount": 1,
    "statsArea": 115303.09858703717,
    "statsPerimeter": 2290.3643795868634,
    "statsVertices": 11197,
    "statsLineResolution": 204.5516102158492,
    "statsVertexDensity": 4.888741765194461
}