{
    "boundaryCount": 1,
    "statsArea": 1219846.5053202803,
    "statsPerimeter": 7545.62406607237,
    "statsVertices": 2179,
    "statsLineResolution": 3462.8839220157734,
    "statsVertexDensity": 0.28877664470424746
}