{"boundaryCount": 129, "boundaryYearSourceLag": null, "statsArea": 787297.0329043759, "statsVertices": 221914, "statsLineResolution": 256.77281115652244, "statsVertexDensity": 3.8944933285417993, "statsPerimeter": 56981.48161498852}