{
    "boundaryCount": 129,
    "statsArea": 787297.0329043759,
    "statsPerimeter": 57042.95838141277,
    "statsVertices": 221914,
    "statsLineResolution": 257.04984084561033,
    "statsVertexDensity": 3.8902961258809787
}