{
    "boundaryCount": 129,
    "statsArea": 787297.0321950653,
    "statsPerimeter": 57085.450824807995,
    "statsVertices": 225179,
    "statsLineResolution": 253.5114323485227,
    "statsVertexDensity": 3.944595282098438
}