{
    "boundaryCount": 1,
    "statsArea": 912684.3995639294,
    "statsPerimeter": 9806.220423170535,
    "statsVertices": 3201,
    "statsLineResolution": 3063.4865426961996,
    "statsVertexDensity": 0.32642545872582546
}