{
    "boundaryCount": 1,
    "statsArea": 910834.2868544831,
    "statsPerimeter": 8481.797543874927,
    "statsVertices": 1190,
    "statsLineResolution": 7127.560961239435,
    "statsVertexDensity": 0.14030044855991056
}