{
    "boundaryCount": 1,
    "statsArea": 911623.1075098614,
    "statsPerimeter": 8958.20580280904,
    "statsVertices": 2404,
    "statsLineResolution": 3726.3751259604987,
    "statsVertexDensity": 0.268357308697482
}