{
    "boundaryCount": 1,
    "statsArea": 71000.9700656017,
    "statsPerimeter": 6626.382490170135,
    "statsVertices": 149008,
    "statsLineResolution": 44.469978056011314,
    "statsVertexDensity": 22.48708103117274
}