{
    "boundaryCount": 1,
    "statsArea": 71000.97006560268,
    "statsPerimeter": 6626.382490170186,
    "statsVertices": 149008,
    "statsLineResolution": 44.46997805601167,
    "statsVertexDensity": 22.48708103117256
}