{
    "boundaryCount": 6,
    "boundaryYearSourceLag": 1,
    "statsArea": 10626.010274262855,
    "statsPerimeter": 1867.1183518988016,
    "statsVertices": 2032,
    "statsLineResolution": 918.8574566431109,
    "statsVertexDensity": 1.0883080860586682
}