{
    "boundaryCount": 6,
    "statsArea": 2590.785878075884,
    "statsPerimeter": 1867.1185970211388,
    "statsVertices": 6361,
    "statsLineResolution": 293.52595457021516,
    "statsVertexDensity": 3.4068537532369634
}