{
    "boundaryCount": 14,
    "statsArea": 196691.18985344516,
    "statsPerimeter": 9048.111269101033,
    "statsVertices": 24987,
    "statsLineResolution": 362.11274939372606,
    "statsVertexDensity": 2.7615708137155304
}