{
    "boundaryCount": 1,
    "statsArea": 761.7454013144496,
    "statsPerimeter": 150.91570950959567,
    "statsVertices": 444,
    "statsLineResolution": 339.9002466432335,
    "statsVertexDensity": 2.942039642147189
}