{
    "boundaryCount": 525,
    "statsArea": 2778870.8522089603,
    "statsPerimeter": 180565.98346924136,
    "statsVertices": 274325,
    "statsLineResolution": 658.2192052100295,
    "statsVertexDensity": 1.5192507178226629
}