{
    "boundaryCount": 1123,
    "statsArea": 1145128.3642575704,
    "statsPerimeter": 166227.00026355605,
    "statsVertices": 1897171,
    "statsLineResolution": 87.61835399315932,
    "statsVertexDensity": 11.41313382899288
}