{
    "boundaryCount": 1,
    "statsArea": 10238.058035262982,
    "statsPerimeter": 793.4687508411145,
    "statsVertices": 14843,
    "statsLineResolution": 53.45743790615876,
    "statsVertexDensity": 18.706470776909256
}