{"boundaryCount": 1, "boundaryYearSourceLag": null, "statsArea": 10238.058035262982, "statsVertices": 14843, "statsLineResolution": 53.44641273854748, "statsVertexDensity": 18.71032963225919, "statsPerimeter": 793.3051042782603}