{
    "boundaryCount": 1,
    "statsArea": 10238.056875382212,
    "statsPerimeter": 793.574628636823,
    "statsVertices": 16442,
    "statsLineResolution": 48.26509114686918,
    "statsVertexDensity": 20.718908350489404
}