{
    "boundaryCount": 290,
    "boundaryYearSourceLag": 1,
    "statsArea": 449211.8724484978,
    "statsPerimeter": 57432.49708004732,
    "statsVertices": 33366,
    "statsLineResolution": 1721.2880501123095,
    "statsVertexDensity": 0.580960287230689
}