{"boundaryCount": 1, "boundaryYearSourceLag": null, "statsArea": 10.097300451009236, "statsVertices": 349, "statsLineResolution": 46.95738980658284, "statsVertexDensity": 21.295902607001647, "statsPerimeter": 16.38812904249741}