{
    "boundaryCount": 1,
    "statsArea": 11589.830860851978,
    "statsPerimeter": 1031.4156871867865,
    "statsVertices": 7299,
    "statsLineResolution": 141.30917758416038,
    "statsVertexDensity": 7.0766811971885115
}