{
    "boundaryCount": 1,
    "statsArea": 3314.055304708951,
    "statsPerimeter": 694.5696873175226,
    "statsVertices": 14174,
    "statsLineResolution": 49.00308221514905,
    "statsVertexDensity": 20.406879624621965
}