{"boundaryCount": 360, "boundaryYearSourceLag": null, "statsArea": 142113.21729212088, "statsVertices": 22142, "statsLineResolution": 1339.312170132531, "statsVertexDensity": 0.7466519175294625, "statsPerimeter": 29655.050071074504}