{
    "boundaryCount": 360,
    "statsArea": 142113.45078824603,
    "statsPerimeter": 29615.059002279875,
    "statsVertices": 21252,
    "statsLineResolution": 1393.5186807020457,
    "statsVertexDensity": 0.7176078899037123
}