{
    "boundaryCount": 1,
    "statsArea": 434.639641323329,
    "statsPerimeter": 136.02930030832493,
    "statsVertices": 2701,
    "statsLineResolution": 50.36256953288594,
    "statsVertexDensity": 19.856016269126542
}