{"boundaryCount": 42, "boundaryYearSourceLag": 0, "statsArea": 238383.09216347264, "statsVertices": 33617, "statsLineResolution": 647.2914273926235, "statsVertexDensity": 1.5448991871067008, "statsPerimeter": 21759.995914657822}