{
    "boundaryCount": 1,
    "statsArea": 45978.01881009323,
    "statsPerimeter": 1772.5581873397362,
    "statsVertices": 735,
    "statsLineResolution": 2411.6437922989608,
    "statsVertexDensity": 0.4146549350253441
}