{
    "boundaryCount": 1,
    "statsArea": 45911.27402981239,
    "statsPerimeter": 1725.006543967515,
    "statsVertices": 551,
    "statsLineResolution": 3130.6833828811523,
    "statsVertexDensity": 0.3194190781054662
}