{
    "boundaryCount": 1,
    "statsArea": 45819.03919833025,
    "statsPerimeter": 2030.2641282619995,
    "statsVertices": 1044,
    "statsLineResolution": 1944.6974408639842,
    "statsVertexDensity": 0.5142188080196799
}