{
    "boundaryCount": 1,
    "statsArea": 29725.05601712837,
    "statsPerimeter": 1568.50725843541,
    "statsVertices": 6426,
    "statsLineResolution": 244.08765304005757,
    "statsVertexDensity": 4.096888914884558
}