{
    "boundaryCount": 1,
    "statsArea": 29725.05601712819,
    "statsPerimeter": 1568.507258435393,
    "statsVertices": 6426,
    "statsLineResolution": 244.08765304005493,
    "statsVertexDensity": 4.096888914884603
}