{
    "boundaryCount": 1,
    "statsArea": 1273002.2193308321,
    "statsPerimeter": 6213.717544183145,
    "statsVertices": 12093,
    "statsLineResolution": 513.8276312067431,
    "statsVertexDensity": 1.9461779384099354
}