{
    "boundaryCount": 1,
    "statsArea": 1273002.2193308321,
    "statsPerimeter": 6213.717544183139,
    "statsVertices": 12093,
    "statsLineResolution": 513.8276312067427,
    "statsVertexDensity": 1.9461779384099374
}