{
    "boundaryCount": 1,
    "statsArea": 120433.11454234163,
    "statsPerimeter": 5379.365017656103,
    "statsVertices": 144813,
    "statsLineResolution": 37.14697587686259,
    "statsVertexDensity": 26.92009178122252
}