{
    "boundaryCount": 1,
    "statsArea": 120433.11454234355,
    "statsPerimeter": 5379.36501765626,
    "statsVertices": 144813,
    "statsLineResolution": 37.14697587686367,
    "statsVertexDensity": 26.920091781221736
}