{
    "boundaryCount": 1,
    "statsArea": 1399.1645926059405,
    "statsPerimeter": 1164.1140210956787,
    "statsVertices": 40443,
    "statsLineResolution": 28.784066985527254,
    "statsVertexDensity": 34.74144221880821
}