{
    "boundaryCount": 1,
    "statsArea": 1399.1645926054746,
    "statsPerimeter": 1164.1140210956219,
    "statsVertices": 40443,
    "statsLineResolution": 28.784066985525847,
    "statsVertexDensity": 34.7414422188099
}