{
    "boundaryCount": 1,
    "statsArea": 294617.71915829595,
    "statsPerimeter": 37115.19511290416,
    "statsVertices": 1391583,
    "statsLineResolution": 26.671204745174496,
    "statsVertexDensity": 37.493619412933555
}