{
    "boundaryCount": 1,
    "statsArea": 294617.7191582804,
    "statsPerimeter": 37115.19511290414,
    "statsVertices": 1391583,
    "statsLineResolution": 26.67120474517448,
    "statsVertexDensity": 37.493619412933576
}