{
    "boundaryCount": 1,
    "statsArea": 10206.253915681766,
    "statsPerimeter": 710.5515580680924,
    "statsVertices": 5647,
    "statsLineResolution": 125.82814911777801,
    "statsVertexDensity": 7.94734729081946
}