{
    "boundaryCount": 1,
    "boundaryYearSourceLag": 1,
    "statsArea": 10206.246716633847,
    "statsPerimeter": 710.552073353031,
    "statsVertices": 1168,
    "statsLineResolution": 608.3493778707457,
    "statsVertexDensity": 1.6437922621044698
}