{
    "boundaryCount": 102,
    "statsArea": 2581.5542968938307,
    "statsPerimeter": 2421.256501820903,
    "statsVertices": 13673,
    "statsLineResolution": 177.0830470138889,
    "statsVertexDensity": 5.647067954063205
}