{
    "boundaryCount": 1,
    "statsArea": 399585.8899597702,
    "statsPerimeter": 3697.994869176383,
    "statsVertices": 4026,
    "statsLineResolution": 918.52828345166,
    "statsVertexDensity": 1.0886981032768903
}