{"boundaryCount": 1, "boundaryYearSourceLag": null, "statsArea": 577870.8230329067, "statsVertices": 42989, "statsLineResolution": 98.61432510573398, "statsVertexDensity": 10.14051456446924, "statsPerimeter": 4239.331221970398}