{
    "boundaryCount": 1,
    "statsArea": 577870.8230329067,
    "statsPerimeter": 4239.331221970398,
    "statsVertices": 42989,
    "statsLineResolution": 98.61432510573398,
    "statsVertexDensity": 10.14051456446924
}