{
    "boundaryCount": 1,
    "statsArea": 577870.822967221,
    "statsPerimeter": 4239.331245607077,
    "statsVertices": 42993,
    "statsLineResolution": 98.60515073633097,
    "statsVertexDensity": 10.141458052977258
}