{
    "boundaryCount": 2076,
    "statsArea": 154164.02246858054,
    "statsPerimeter": 69775.47327528287,
    "statsVertices": 632614,
    "statsLineResolution": 110.29707416415519,
    "statsVertexDensity": 9.066423634335935
}