{
    "boundaryCount": 2076,
    "statsArea": 154164.02246857894,
    "statsPerimeter": 69775.47327528252,
    "statsVertices": 632614,
    "statsLineResolution": 110.29707416415464,
    "statsVertexDensity": 9.06642363433598
}