{
    "boundaryCount": 195,
    "statsArea": 1286923.6311165546,
    "statsPerimeter": 87912.67384747438,
    "statsVertices": 502290,
    "statsLineResolution": 175.02373897046402,
    "statsVertexDensity": 5.713510669365566
}