{"boundaryCount": 3661, "boundaryYearSourceLag": null, "statsArea": 940576.0542910604, "statsVertices": 1157979, "statsLineResolution": 202.2411303943943, "statsVertexDensity": 4.944592616001903, "statsPerimeter": 234190.98193297032}