{
    "boundaryCount": 3662,
    "statsArea": 940576.119218556,
    "statsPerimeter": 235529.47241528574,
    "statsVertices": 1243327,
    "statsLineResolution": 189.43485697269162,
    "statsVertexDensity": 5.278859529765196
}