{
    "boundaryCount": 3661,
    "statsArea": 940576.0542910604,
    "statsPerimeter": 235414.77624202694,
    "statsVertices": 1157979,
    "statsLineResolution": 203.2979667524428,
    "statsVertexDensity": 4.918888348832855
}