{
    "boundaryCount": 1,
    "statsArea": 321608.0778176464,
    "statsPerimeter": 3757.3394641238333,
    "statsVertices": 7608,
    "statsLineResolution": 493.866911688201,
    "statsVertexDensity": 2.0248370083787717
}