{
    "boundaryCount": 1,
    "statsArea": 187613.2815622414,
    "statsPerimeter": 2504.0761132821813,
    "statsVertices": 8090,
    "statsLineResolution": 309.5273316788852,
    "statsVertexDensity": 3.230732467391397
}