{
    "boundaryCount": 1,
    "boundaryYearSourceLag": 1,
    "statsArea": 187613.25587042648,
    "statsPerimeter": 2504.0773026718175,
    "statsVertices": 1845,
    "statsLineResolution": 1357.223470282828,
    "statsVertexDensity": 0.7367983400637869
}