{
    "boundaryCount": 10,
    "boundaryYearSourceLag": 5,
    "statsArea": 19048.339680362995,
    "statsPerimeter": 6687.918823880741,
    "statsVertices": 59927,
    "statsLineResolution": 111.60109506367316,
    "statsVertexDensity": 8.960485552847466
}