{
    "boundaryCount": 18,
    "statsArea": 1840032.1416101991,
    "statsPerimeter": 27661.267472775216,
    "statsVertices": 107088,
    "statsLineResolution": 258.304081435597,
    "statsVertexDensity": 3.871406113454425
}