{
    "boundaryCount": 18,
    "statsArea": 1840032.1416101984,
    "statsPerimeter": 27661.267472775286,
    "statsVertices": 107088,
    "statsLineResolution": 258.30408143559765,
    "statsVertexDensity": 3.871406113454415
}