{
    "boundaryCount": 1,
    "statsArea": 0.012203831019576639,
    "statsPerimeter": 0.4271959667653713,
    "statsVertices": 7,
    "statsLineResolution": 61.0279952521959,
    "statsVertexDensity": 16.38592249126876
}