{
    "boundaryCount": 1,
    "statsArea": 0.31087916329574583,
    "statsPerimeter": 2.5849456573335545,
    "statsVertices": 4,
    "statsLineResolution": 646.2364143333887,
    "statsVertexDensity": 1.547421311798916
}