{
    "boundaryCount": 22,
    "statsArea": 591192.6045383712,
    "statsPerimeter": 26299.945525392402,
    "statsVertices": 74337,
    "statsLineResolution": 353.7934746545112,
    "statsVertexDensity": 2.8265077556236067
}