{
    "boundaryCount": 1,
    "statsArea": 48353.12147766575,
    "statsPerimeter": 1995.9412784366734,
    "statsVertices": 7690,
    "statsLineResolution": 259.55023126614736,
    "statsVertexDensity": 3.8528187592889576
}