{
    "boundaryCount": 3,
    "statsArea": 99.59693824600971,
    "statsPerimeter": 69.07238695258326,
    "statsVertices": 42,
    "statsLineResolution": 1644.5806417281728,
    "statsVertexDensity": 0.6080577471404328
}