{"boundaryCount": 1854, "boundaryYearSourceLag": null, "statsArea": 1952023.2034529198, "statsVertices": 967636, "statsLineResolution": 272.300116796681, "statsVertexDensity": 3.6724185496647164, "statsPerimeter": 263487.3958166732}