{
    "boundaryCount": 1854,
    "statsArea": 1952023.2034529198,
    "statsPerimeter": 263492.6390195615,
    "statsVertices": 967636,
    "statsLineResolution": 272.3055353661517,
    "statsVertexDensity": 3.6723454727255715
}