{
    "boundaryCount": 1854,
    "statsArea": 1952022.9768935018,
    "statsPerimeter": 263500.66598118085,
    "statsVertices": 1001609,
    "statsLineResolution": 263.07737448563347,
    "statsVertexDensity": 3.801163068299549
}