{
    "boundaryCount": 1,
    "statsArea": 322754.1394090904,
    "statsPerimeter": 35076.62071154117,
    "statsVertices": 107378,
    "statsLineResolution": 326.66487280021204,
    "statsVertexDensity": 3.0612413003818726
}