{
    "boundaryCount": 16,
    "boundaryYearSourceLag": 3,
    "statsArea": 239473.29428959062,
    "statsPerimeter": 13248.239397807356,
    "statsVertices": 23669,
    "statsLineResolution": 559.729578681286,
    "statsVertexDensity": 1.7865770152007765
}