{
    "boundaryCount": 45,
    "statsArea": 272914.3645114113,
    "statsPerimeter": 20543.68862890831,
    "statsVertices": 58536,
    "statsLineResolution": 350.95819032575355,
    "statsVertexDensity": 2.849342250915463
}