{
    "boundaryCount": 1,
    "statsArea": 668930.3581178132,
    "statsPerimeter": 35420.05785696363,
    "statsVertices": 1988641,
    "statsLineResolution": 17.811187568275837,
    "statsVertexDensity": 56.14448762423551
}