{
    "boundaryCount": 1,
    "statsArea": 668930.3581178032,
    "statsPerimeter": 35420.05785696409,
    "statsVertices": 1988641,
    "statsLineResolution": 17.811187568276072,
    "statsVertexDensity": 56.14448762423477
}