{
    "boundaryCount": 1,
    "statsArea": 145599.67429642496,
    "statsPerimeter": 2201.467268932279,
    "statsVertices": 9788,
    "statsLineResolution": 224.9149232664772,
    "statsVertexDensity": 4.446125608193676
}