{
    "boundaryCount": 1,
    "statsArea": 145599.67429642504,
    "statsPerimeter": 2201.467268932258,
    "statsVertices": 9788,
    "statsLineResolution": 224.91492326647506,
    "statsVertexDensity": 4.446125608193719
}