{
    "boundaryCount": 4,
    "statsArea": 247915.47238071074,
    "statsPerimeter": 17752.8735706797,
    "statsVertices": 25762,
    "statsLineResolution": 689.1108442931334,
    "statsVertexDensity": 1.4511453538737533
}