{
    "boundaryCount": 12,
    "statsArea": 28727.645413063667,
    "statsPerimeter": 3582.3808831584483,
    "statsVertices": 6538,
    "statsLineResolution": 547.9322244047795,
    "statsVertexDensity": 1.8250432361161149
}