{
    "boundaryCount": 12,
    "statsArea": 28735.42760286031,
    "statsPerimeter": 3895.528269648464,
    "statsVertices": 27647,
    "statsLineResolution": 140.90238614129794,
    "statsVertexDensity": 7.097111889909321
}