{
    "boundaryCount": 1,
    "statsArea": 2014.4396132700972,
    "statsPerimeter": 249.65940686343714,
    "statsVertices": 113,
    "statsLineResolution": 2209.37528197732,
    "statsVertexDensity": 0.4526166324740594
}