{
    "boundaryCount": 22,
    "statsArea": 462646.2178151345,
    "statsPerimeter": 34327.54071704123,
    "statsVertices": 515760,
    "statsLineResolution": 66.55719853622078,
    "statsVertexDensity": 15.024670839410327
}