{
    "boundaryCount": 22,
    "statsArea": 462646.2178151328,
    "statsPerimeter": 34327.54071704132,
    "statsVertices": 515760,
    "statsLineResolution": 66.55719853622094,
    "statsVertexDensity": 15.024670839410287
}