{
    "boundaryCount": 8,
    "statsArea": 36852.392060158454,
    "statsPerimeter": 4794.602124726325,
    "statsVertices": 239581,
    "statsLineResolution": 20.012447250517884,
    "statsVertexDensity": 49.968901228415326
}