{
    "boundaryCount": 1,
    "statsArea": 238824.5081224453,
    "statsPerimeter": 3045.7105033793355,
    "statsVertices": 32389,
    "statsLineResolution": 94.03533617522417,
    "statsVertexDensity": 10.634300260665986
}