{
    "boundaryCount": 1,
    "statsArea": 238824.50812244616,
    "statsPerimeter": 3045.710503379287,
    "statsVertices": 32389,
    "statsLineResolution": 94.03533617522265,
    "statsVertexDensity": 10.634300260666157
}