{
    "boundaryCount": 6,
    "statsArea": 10500.897038699446,
    "statsPerimeter": 1506.1487020682584,
    "statsVertices": 537,
    "statsLineResolution": 2804.74618634685,
    "statsVertexDensity": 0.3565385006557362
}