{"boundaryCount": 6, "boundaryYearSourceLag": null, "statsArea": 10500.897038699446, "statsVertices": 537, "statsLineResolution": 2804.74618634685, "statsVertexDensity": 0.3565385006557362, "statsPerimeter": 1506.1487020682584}