{
    "boundaryCount": 37,
    "statsArea": 907501.0892985406,
    "statsPerimeter": 32415.23516144453,
    "statsVertices": 6467,
    "statsLineResolution": 5012.406859663604,
    "statsVertexDensity": 0.19950495400668905
}