{"boundaryCount": 37, "boundaryYearSourceLag": null, "statsArea": 907501.0892985406, "statsVertices": 6467, "statsLineResolution": 5012.406859663604, "statsVertexDensity": 0.19950495400668905, "statsPerimeter": 32415.23516144453}