{
    "boundaryCount": 326,
    "boundaryYearSourceLag": 4,
    "statsArea": 461937.1197658583,
    "statsPerimeter": 66387.45104214732,
    "statsVertices": 125622,
    "statsLineResolution": 528.4699419062531,
    "statsVertexDensity": 1.8922552082960153
}