{
    "boundaryCount": 14,
    "statsArea": 20738.904325919528,
    "statsPerimeter": 4127.455639783464,
    "statsVertices": 66709,
    "statsLineResolution": 61.87254553034019,
    "statsVertexDensity": 16.16225728921455
}