{
    "boundaryCount": 14,
    "statsArea": 20738.904325919888,
    "statsPerimeter": 4127.455639783332,
    "statsVertices": 66709,
    "statsLineResolution": 61.872545530338215,
    "statsVertexDensity": 16.162257289215066
}