{
    "boundaryCount": 18,
    "boundaryYearSourceLag": 14,
    "statsArea": 230024.01034652878,
    "statsPerimeter": 12994.76332761828,
    "statsVertices": 50884,
    "statsLineResolution": 255.38014557853708,
    "statsVertexDensity": 3.9157311847191734
}