{
    "boundaryCount": 1,
    "statsArea": 462646.2174650536,
    "statsPerimeter": 24637.182802529052,
    "statsVertices": 507664,
    "statsLineResolution": 48.53049025049847,
    "statsVertexDensity": 20.60560268067205
}