{
    "boundaryCount": 1,
    "statsArea": 462646.2174650528,
    "statsPerimeter": 24637.182802529023,
    "statsVertices": 507664,
    "statsLineResolution": 48.5304902504984,
    "statsVertexDensity": 20.605602680672074
}