{
    "boundaryCount": 21,
    "statsArea": 108.74215503718995,
    "statsPerimeter": 518.11138130743,
    "statsVertices": 1454,
    "statsLineResolution": 356.33520034898896,
    "statsVertexDensity": 2.806346381218067
}