{
    "boundaryCount": 21,
    "statsArea": 108.74006827635327,
    "statsPerimeter": 518.1166897153286,
    "statsVertices": 1454,
    "statsLineResolution": 356.33885124850656,
    "statsVertexDensity": 2.806317628561393
}