{"boundaryCount": 343, "boundaryYearSourceLag": null, "statsArea": 983764.1844279304, "statsVertices": 125441, "statsLineResolution": 375.1444090346971, "statsVertexDensity": 2.665640153276308, "statsPerimeter": 47058.48981372144}