{
    "boundaryCount": 343,
    "statsArea": 983764.1844279304,
    "statsPerimeter": 47863.65515448044,
    "statsVertices": 125441,
    "statsLineResolution": 381.5630866660856,
    "statsVertexDensity": 2.6207985912304
}