{
    "boundaryCount": 343,
    "statsArea": 983764.1777951423,
    "statsPerimeter": 48228.22369250303,
    "statsVertices": 128728,
    "statsLineResolution": 374.6521634182387,
    "statsVertexDensity": 2.6691424677125415
}