{
    "boundaryCount": 155,
    "statsArea": 47826.50274066261,
    "statsPerimeter": 16333.387258373321,
    "statsVertices": 327773,
    "statsLineResolution": 49.831399347637905,
    "statsVertexDensity": 20.067668439806752
}