{
    "boundaryCount": 155,
    "statsArea": 47826.50274066067,
    "statsPerimeter": 16333.387258373019,
    "statsVertices": 327773,
    "statsLineResolution": 49.83139934763699,
    "statsVertexDensity": 20.06766843980712
}