{
    "boundaryCount": 18,
    "statsArea": 230001.63502085212,
    "statsPerimeter": 12675.473610091689,
    "statsVertices": 63970,
    "statsLineResolution": 198.14715663735637,
    "statsVertexDensity": 5.0467542253466355
}