{
    "boundaryCount": 18,
    "statsArea": 230001.63209493572,
    "statsPerimeter": 12675.478680205884,
    "statsVertices": 60573,
    "statsLineResolution": 209.25954930754435,
    "statsVertexDensity": 4.778754438251805
}