{
    "boundaryCount": 102,
    "statsArea": 290227.2058454119,
    "statsPerimeter": 42281.182131593094,
    "statsVertices": 1026126,
    "statsLineResolution": 41.204668950589976,
    "statsVertexDensity": 24.269094388287318
}