{
    "boundaryCount": 102,
    "statsArea": 290227.2058454105,
    "statsPerimeter": 42281.18213159307,
    "statsVertices": 1026126,
    "statsLineResolution": 41.204668950589955,
    "statsVertexDensity": 24.269094388287332
}