{
    "boundaryCount": 1,
    "boundaryYearSourceLag": 0,
    "statsArea": 620303.4838547934,
    "statsPerimeter": 5442.099865177914,
    "statsVertices": 4396,
    "statsLineResolution": 1237.966302360763,
    "statsVertexDensity": 0.8077764298535682
}