{
    "boundaryCount": 57,
    "statsArea": 141346.54828901423,
    "statsPerimeter": 14894.885324214045,
    "statsVertices": 45433,
    "statsLineResolution": 327.8428746552956,
    "statsVertexDensity": 3.0502416776677905
}