{
    "boundaryCount": 10,
    "statsArea": 750796.1337738895,
    "statsPerimeter": 17606.90967000995,
    "statsVertices": 56250,
    "statsLineResolution": 313.0117274668436,
    "statsVertexDensity": 3.1947684775035374
}