{
    "boundaryCount": 10,
    "statsArea": 750796.1337738885,
    "statsPerimeter": 17606.90967000986,
    "statsVertices": 56250,
    "statsLineResolution": 313.01172746684193,
    "statsVertexDensity": 3.194768477503554
}