{
    "boundaryCount": 1,
    "statsArea": 876538.9303494665,
    "statsPerimeter": 7284.3699503030375,
    "statsVertices": 1147,
    "statsLineResolution": 6350.802049087217,
    "statsVertexDensity": 0.15746042661552132
}