{
    "boundaryCount": 1,
    "statsArea": 872939.2883077484,
    "statsPerimeter": 7582.646955746364,
    "statsVertices": 2141,
    "statsLineResolution": 3541.6379989473908,
    "statsVertexDensity": 0.28235522667681157
}