{
    "boundaryCount": 1,
    "statsArea": 876564.8683712911,
    "statsPerimeter": 7384.677695967957,
    "statsVertices": 1991,
    "statsLineResolution": 3709.0294806468896,
    "statsVertexDensity": 0.2696123083458454
}