{
    "boundaryCount": 1,
    "boundaryYearSourceLag": 1,
    "statsArea": 338523.0991056718,
    "statsPerimeter": 29700.450090883005,
    "statsVertices": 187101,
    "statsLineResolution": 158.740199629521,
    "statsVertexDensity": 6.299601501912371
}