{
    "boundaryCount": 1,
    "statsArea": 338523.34339575213,
    "statsPerimeter": 29701.285486552024,
    "statsVertices": 1611189,
    "statsLineResolution": 18.434389439446285,
    "statsVertexDensity": 54.246439964004416
}