{
    "boundaryCount": 1,
    "statsArea": 291.8651699617717,
    "statsPerimeter": 66.8504549405213,
    "statsVertices": 19,
    "statsLineResolution": 3518.444996869542,
    "statsVertexDensity": 0.2842164651969059
}