{
    "boundaryCount": 1,
    "statsArea": 370.39378015328276,
    "statsPerimeter": 102.29587795724643,
    "statsVertices": 44,
    "statsLineResolution": 2324.906317210146,
    "statsVertexDensity": 0.4301248581921294
}