{
    "boundaryCount": 1,
    "statsArea": 325.688051777713,
    "statsPerimeter": 108.18617464794997,
    "statsVertices": 55,
    "statsLineResolution": 1967.021357235454,
    "statsVertexDensity": 0.5083828888393199
}