{
    "boundaryCount": 37,
    "statsArea": 33907.869016690485,
    "statsPerimeter": 7275.050774225419,
    "statsVertices": 20456,
    "statsLineResolution": 355.6438587321773,
    "statsVertexDensity": 2.8118016815048232
}