{
    "boundaryCount": 37,
    "statsArea": 33907.8703448234,
    "statsPerimeter": 7275.162681280671,
    "statsVertices": 25516,
    "statsLineResolution": 285.121597479255,
    "statsVertexDensity": 3.5072755232888255
}