{"boundaryCount": 37, "boundaryYearSourceLag": null, "statsArea": 33907.869016690485, "statsVertices": 20456, "statsLineResolution": 354.9350194104825, "statsVertexDensity": 2.817417119508007, "statsPerimeter": 7260.55075706083}