{
    "boundaryCount": 18,
    "statsArea": 99614.39308446356,
    "statsPerimeter": 18392.83674741286,
    "statsVertices": 55835,
    "statsLineResolution": 329.4141084877382,
    "statsVertexDensity": 3.0356926866027756
}