{
    "boundaryCount": 130,
    "statsArea": 211202.95119278308,
    "statsPerimeter": 18367.522187501076,
    "statsVertices": 42772,
    "statsLineResolution": 429.4286492916178,
    "statsVertexDensity": 2.3286755591402493
}