{
    "boundaryCount": 314,
    "statsArea": 980608.6229808078,
    "statsPerimeter": 55321.88897450611,
    "statsVertices": 161793,
    "statsLineResolution": 341.9300524405018,
    "statsVertexDensity": 2.9245747569205163
}