{
    "boundaryCount": 1,
    "statsArea": 498.1821755719664,
    "statsPerimeter": 376.31175634794926,
    "statsVertices": 1114,
    "statsLineResolution": 337.8022947468126,
    "statsVertexDensity": 2.960311447112914
}