{
    "boundaryCount": 18,
    "statsArea": 128508.37157057351,
    "statsPerimeter": 9890.764838355348,
    "statsVertices": 26475,
    "statsLineResolution": 373.5888513070953,
    "statsVertexDensity": 2.676739406171374
}