{
    "boundaryCount": 30,
    "statsArea": 12603.991865589569,
    "statsPerimeter": 4023.519021824184,
    "statsVertices": 1679,
    "statsLineResolution": 2396.378214308627,
    "statsVertexDensity": 0.4172963992198984
}