{"boundaryCount": 30, "boundaryYearSourceLag": null, "statsArea": 12603.991865589569, "statsVertices": 1679, "statsLineResolution": 2396.378214308627, "statsVertexDensity": 0.4172963992198984, "statsPerimeter": 4023.519021824184}