{
    "boundaryCount": 1,
    "statsArea": 1035371.5107698861,
    "statsPerimeter": 5883.008303355634,
    "statsVertices": 1532,
    "statsLineResolution": 3840.083748926654,
    "statsVertexDensity": 0.26041098720295125
}