{
    "boundaryCount": 1,
    "statsArea": 548164.915038905,
    "statsPerimeter": 6082.833380762102,
    "statsVertices": 2007,
    "statsLineResolution": 3030.8088593732446,
    "statsVertexDensity": 0.3299449244076694
}