{
    "boundaryCount": 1,
    "statsArea": 548042.4972733182,
    "statsPerimeter": 5878.157973509796,
    "statsVertices": 1016,
    "statsLineResolution": 5785.58855660413,
    "statsVertexDensity": 0.17284326222239235
}