{
    "boundaryCount": 1,
    "statsArea": 316.0077311735893,
    "statsPerimeter": 257.43754912202877,
    "statsVertices": 12699,
    "statsLineResolution": 20.272269400899976,
    "statsVertexDensity": 49.32846837343261
}