{
    "boundaryCount": 1,
    "statsArea": 316.00773117359853,
    "statsPerimeter": 257.4375491221225,
    "statsVertices": 12699,
    "statsLineResolution": 20.272269400907355,
    "statsVertexDensity": 49.32846837341465
}