{
    "boundaryCount": 1,
    "boundaryYearSourceLag": 1,
    "statsArea": 614.3532711456872,
    "statsPerimeter": 177.10567615051625,
    "statsVertices": 500,
    "statsLineResolution": 354.2113523010325,
    "statsVertexDensity": 2.823173208604938
}