{
    "boundaryCount": 1,
    "statsArea": 614.3552079425087,
    "statsPerimeter": 177.10510859638828,
    "statsVertices": 3047,
    "statsLineResolution": 58.12442028105949,
    "statsVertexDensity": 17.204472666815764
}