{
    "boundaryCount": 14,
    "statsArea": 22.151058353720945,
    "statsPerimeter": 85.86233993317659,
    "statsVertices": 2342,
    "statsLineResolution": 36.66197264439649,
    "statsVertexDensity": 27.276219141275327
}