{
    "boundaryCount": 14,
    "statsArea": 22.151057996354304,
    "statsPerimeter": 85.86233736450903,
    "statsVertices": 2342,
    "statsLineResolution": 36.66197154761274,
    "statsVertexDensity": 27.276219957273835
}