{"boundaryCount": 14, "boundaryYearSourceLag": null, "statsArea": 22.151057996354304, "statsVertices": 2342, "statsLineResolution": 36.66197154761274, "statsVertexDensity": 27.276219957273835, "statsPerimeter": 85.86233736450903}