{
    "boundaryCount": 1,
    "statsArea": 210606.4853843904,
    "statsPerimeter": 4511.750682763661,
    "statsVertices": 27585,
    "statsLineResolution": 163.5581179178416,
    "statsVertexDensity": 6.114034648541989
}