{
    "boundaryCount": 110,
    "statsArea": 239092.63776840927,
    "statsPerimeter": 24455.670774053488,
    "statsVertices": 91665,
    "statsLineResolution": 266.793986516702,
    "statsVertexDensity": 3.7482104190433
}