{
    "boundaryCount": 11,
    "statsArea": 444.2225461550509,
    "statsPerimeter": 296.89284418033765,
    "statsVertices": 393,
    "statsLineResolution": 755.4525297209609,
    "statsVertexDensity": 1.3237099098329406
}