{
    "boundaryCount": 1,
    "statsArea": 27041.266297793325,
    "statsPerimeter": 895.6803375418284,
    "statsVertices": 307,
    "statsLineResolution": 2917.52552945221,
    "statsVertexDensity": 0.3427562123810305
}