{
    "boundaryCount": 1,
    "statsArea": 27182.127358989623,
    "statsPerimeter": 862.6186128908797,
    "statsVertices": 257,
    "statsLineResolution": 3356.492657162956,
    "statsVertexDensity": 0.2979300425001497
}