{
    "boundaryCount": 1,
    "statsArea": 27187.679176971764,
    "statsPerimeter": 851.1792901362251,
    "statsVertices": 123,
    "statsLineResolution": 6920.156830375813,
    "statsVertexDensity": 0.1445053955440043
}