{
    "boundaryCount": 1,
    "statsArea": 1270774.6157989982,
    "statsPerimeter": 6406.00019058281,
    "statsVertices": 4479,
    "statsLineResolution": 1430.230004595403,
    "statsVertexDensity": 0.699188240203987
}