{
    "boundaryCount": 1,
    "statsArea": 12207.379742307914,
    "statsPerimeter": 3352.0906416939306,
    "statsVertices": 128061,
    "statsLineResolution": 26.175733765111396,
    "statsVertexDensity": 38.203322549561555
}