{
    "boundaryCount": 1,
    "statsArea": 12207.379742303332,
    "statsPerimeter": 3352.090641693833,
    "statsVertices": 128061,
    "statsLineResolution": 26.175733765110632,
    "statsVertexDensity": 38.20332254956267
}