{
    "boundaryCount": 77,
    "statsArea": 710.7833752617103,
    "statsPerimeter": 1560.4591113143529,
    "statsVertices": 36648,
    "statsLineResolution": 42.57965267720893,
    "statsVertexDensity": 23.485395890400422
}