{
    "boundaryCount": 77,
    "statsArea": 710.7833752626107,
    "statsPerimeter": 1560.4591113143904,
    "statsVertices": 36648,
    "statsLineResolution": 42.57965267720995,
    "statsVertexDensity": 23.485395890399857
}