{
    "boundaryCount": 1,
    "boundaryYearSourceLag": 1,
    "statsArea": 38.657049447538256,
    "statsPerimeter": 45.02816071103327,
    "statsVertices": 102,
    "statsLineResolution": 441.4525559905222,
    "statsVertexDensity": 2.2652490883334457
}