{
    "boundaryCount": 1,
    "statsArea": 38.657538867050434,
    "statsPerimeter": 45.02821775852478,
    "statsVertices": 649,
    "statsLineResolution": 69.38092104549274,
    "statsVertexDensity": 14.413184272147452
}