{
    "boundaryCount": 76,
    "statsArea": 115423.19027099067,
    "statsPerimeter": 12470.959831507667,
    "statsVertices": 12382,
    "statsLineResolution": 1007.1846092317612,
    "statsVertexDensity": 0.9928666411639855
}