{
    "boundaryCount": 77,
    "statsArea": 115268.08154630217,
    "statsPerimeter": 12534.50849216903,
    "statsVertices": 12831,
    "statsLineResolution": 976.8925642716101,
    "statsVertexDensity": 1.0236540194628456
}