{
    "boundaryCount": 1,
    "statsArea": 131757.0929767446,
    "statsPerimeter": 8822.527823816512,
    "statsVertices": 3204,
    "statsLineResolution": 2753.5979475082745,
    "statsVertexDensity": 0.363161223629215
}