{
    "boundaryCount": 1,
    "statsArea": 131353.43566930605,
    "statsPerimeter": 10501.449433555872,
    "statsVertices": 6096,
    "statsLineResolution": 1722.6787128536535,
    "statsVertexDensity": 0.580491296803383
}