{
    "boundaryCount": 1,
    "statsArea": 129913.10834582755,
    "statsPerimeter": 7706.740623930627,
    "statsVertices": 1368,
    "statsLineResolution": 5633.582327434669,
    "statsVertexDensity": 0.17750694706814804
}