{
    "boundaryCount": 25,
    "statsArea": 77598.13365852884,
    "statsPerimeter": 10372.651559384487,
    "statsVertices": 361073,
    "statsLineResolution": 28.727297691559567,
    "statsVertexDensity": 34.8100963319572
}