{
    "boundaryCount": 25,
    "statsArea": 77598.13365852798,
    "statsPerimeter": 10372.6515593845,
    "statsVertices": 361073,
    "statsLineResolution": 28.727297691559603,
    "statsVertexDensity": 34.810096331957155
}