{
    "boundaryCount": 22,
    "boundaryYearSourceLag": 4,
    "statsArea": 1564876.6235260835,
    "statsPerimeter": 31399.97226284331,
    "statsVertices": 76316,
    "statsLineResolution": 411.44677738407813,
    "statsVertexDensity": 2.43044800680628
}