{
    "boundaryCount": 16,
    "boundaryYearSourceLag": 1,
    "statsArea": 483.1954518428758,
    "statsPerimeter": 844.5010931936321,
    "statsVertices": 2750,
    "statsLineResolution": 307.0913066158662,
    "statsVertexDensity": 3.256360497533973
}