{
    "boundaryCount": 16,
    "statsArea": 203.54055882938687,
    "statsPerimeter": 844.5087296768196,
    "statsVertices": 19259,
    "statsLineResolution": 43.85008202278517,
    "statsVertexDensity": 22.804974446350744
}