{
    "boundaryCount": 4,
    "statsArea": 618.3861407554239,
    "statsPerimeter": 312.2053207164842,
    "statsVertices": 1170,
    "statsLineResolution": 266.8421544585335,
    "statsVertexDensity": 3.7475338258648225
}