{
    "boundaryCount": 9,
    "statsArea": 34526.23749354953,
    "statsPerimeter": 5136.804299405477,
    "statsVertices": 85555,
    "statsLineResolution": 60.04095960967187,
    "statsVertexDensity": 16.655296759096306
}