{"boundaryCount": 50, "boundaryYearSourceLag": null, "statsArea": 120457.41400637827, "statsVertices": 98447, "statsLineResolution": 140.4758034497583, "statsVertexDensity": 7.118663680451229, "statsPerimeter": 13829.421422218356}