{
    "boundaryCount": 50,
    "statsArea": 120457.41400637827,
    "statsPerimeter": 13829.421422218356,
    "statsVertices": 98447,
    "statsLineResolution": 140.4758034497583,
    "statsVertexDensity": 7.118663680451229
}