{
    "boundaryCount": 50,
    "statsArea": 120457.4472773506,
    "statsPerimeter": 13829.413155704244,
    "statsVertices": 101460,
    "statsLineResolution": 136.3040918165212,
    "statsVertexDensity": 7.336536905627887
}