{
    "boundaryCount": 70,
    "statsArea": 56630.32640650788,
    "statsPerimeter": 12406.106792691178,
    "statsVertices": 382867,
    "statsLineResolution": 32.403176018542155,
    "statsVertexDensity": 30.861172356307524
}