{
    "boundaryCount": 7,
    "statsArea": 147566.53678576,
    "statsPerimeter": 7963.278635395248,
    "statsVertices": 41378,
    "statsLineResolution": 192.45199466854964,
    "statsVertexDensity": 5.196100989871523
}