{
    "boundaryCount": 7,
    "statsArea": 147566.53678576156,
    "statsPerimeter": 7963.278635395288,
    "statsVertices": 41378,
    "statsLineResolution": 192.4519946685506,
    "statsVertexDensity": 5.196100989871497
}