{"boundaryCount": 26, "boundaryYearSourceLag": null, "statsArea": 41435.795489096134, "statsVertices": 4947, "statsLineResolution": 1185.0804624069026, "statsVertexDensity": 0.8438245602066518, "statsPerimeter": 5862.593047526947}