{
    "boundaryCount": 26,
    "statsArea": 41435.795489096134,
    "statsPerimeter": 5993.32946064448,
    "statsVertices": 4947,
    "statsLineResolution": 1211.5078756103658,
    "statsVertexDensity": 0.8254176635015215
}