{
    "boundaryCount": 155,
    "boundaryYearSourceLag": 4,
    "statsArea": 48068.20319636747,
    "statsPerimeter": 16465.352281864354,
    "statsVertices": 444944,
    "statsLineResolution": 37.00544851006948,
    "statsVertexDensity": 27.023047693311756
}