{
    "boundaryCount": 11,
    "statsArea": 8993.71878328972,
    "statsPerimeter": 2258.4708173417407,
    "statsVertices": 30792,
    "statsLineResolution": 73.34602550473308,
    "statsVertexDensity": 13.634003930253444
}