{
    "boundaryCount": 11,
    "statsArea": 8993.718783290204,
    "statsPerimeter": 2258.4708173417494,
    "statsVertices": 30792,
    "statsLineResolution": 73.34602550473336,
    "statsVertexDensity": 13.63400393025339
}