{
    "boundaryCount": 1,
    "statsArea": 40.028071504497724,
    "statsPerimeter": 180.60660473346329,
    "statsVertices": 2596,
    "statsLineResolution": 69.57111122244349,
    "statsVertexDensity": 14.373782198226586
}