{
    "boundaryCount": 1,
    "boundaryYearSourceLag": 1,
    "statsArea": 40.02609890232891,
    "statsPerimeter": 180.6053117550738,
    "statsVertices": 432,
    "statsLineResolution": 418.0678512848931,
    "statsVertexDensity": 2.39195622654694
}