{
    "boundaryCount": 1,
    "statsArea": 26891.569007692335,
    "statsPerimeter": 1734.9570935191257,
    "statsVertices": 652,
    "statsLineResolution": 2660.9771372992723,
    "statsVertexDensity": 0.37580180076817127
}