{
    "boundaryCount": 1,
    "statsArea": 641852.1555360048,
    "statsPerimeter": 6094.185770799089,
    "statsVertices": 50076,
    "statsLineResolution": 121.698733341303,
    "statsVertexDensity": 8.217012392359985
}