{
    "boundaryCount": 32,
    "boundaryYearSourceLag": 4,
    "statsArea": 48068.20319636748,
    "statsPerimeter": 8815.786223914889,
    "statsVertices": 221647,
    "statsLineResolution": 39.773992988467654,
    "statsVertexDensity": 25.142057029324338
}