{
    "boundaryCount": 17,
    "statsArea": 100309.96764670071,
    "statsPerimeter": 19708.49391084719,
    "statsVertices": 344675,
    "statsLineResolution": 57.17993446245649,
    "statsVertexDensity": 17.488652433776142
}