{"boundaryCount": 17, "boundaryYearSourceLag": null, "statsArea": 100229.23002897445, "statsVertices": 339940, "statsLineResolution": 57.10791954190798, "statsVertexDensity": 17.510706186138712, "statsPerimeter": 19413.2661690762}