{
    "boundaryCount": 17,
    "statsArea": 100229.23002897445,
    "statsPerimeter": 19504.394332247633,
    "statsVertices": 339940,
    "statsLineResolution": 57.37599085793856,
    "statsVertexDensity": 17.42889290532644
}