{
    "boundaryCount": 373,
    "statsArea": 57230.15971338196,
    "statsPerimeter": 21884.15176801778,
    "statsVertices": 30161,
    "statsLineResolution": 725.5777914531276,
    "statsVertexDensity": 1.3782119736565839
}