{
    "boundaryCount": 21,
    "statsArea": 36197.769412823574,
    "statsPerimeter": 4514.560778211235,
    "statsVertices": 1799,
    "statsLineResolution": 2509.4834787166396,
    "statsVertexDensity": 0.3984883775809531
}