{
    "boundaryCount": 21,
    "statsArea": 36197.769412823574,
    "statsPerimeter": 4514.56257672866,
    "statsVertices": 1799,
    "statsLineResolution": 2509.4844784483935,
    "statsVertexDensity": 0.39848821883062485
}