{
    "boundaryCount": 63,
    "statsArea": 329276.3064092498,
    "statsPerimeter": 32284.318533061563,
    "statsVertices": 86152,
    "statsLineResolution": 374.73672733147885,
    "statsVertexDensity": 2.6685401431587876
}