{"boundaryCount": 63, "boundaryYearSourceLag": null, "statsArea": 329276.3064092498, "statsVertices": 86152, "statsLineResolution": 374.7334807146047, "statsVertexDensity": 2.6685632628636013, "statsPerimeter": 32284.038830524623}