{
    "boundaryCount": 63,
    "statsArea": 329276.2985576838,
    "statsPerimeter": 32403.213553197547,
    "statsVertices": 89180,
    "statsLineResolution": 363.3461936891405,
    "statsVertexDensity": 2.7521961626920093
}