{
    "boundaryCount": 1,
    "statsArea": 370.8277518444066,
    "statsPerimeter": 147.98698170593244,
    "statsVertices": 1412,
    "statsLineResolution": 104.80664426765753,
    "statsVertexDensity": 9.541379814109664
}