{
    "boundaryCount": 1,
    "statsArea": 370.8277518443066,
    "statsPerimeter": 147.9869817059152,
    "statsVertices": 1412,
    "statsLineResolution": 104.80664426764534,
    "statsVertexDensity": 9.541379814110776
}