{
    "boundaryCount": 218,
    "statsArea": 399585.8899597703,
    "statsPerimeter": 36287.21298366879,
    "statsVertices": 103472,
    "statsLineResolution": 350.69596590061843,
    "statsVertexDensity": 2.8514727776577384
}