{"boundaryCount": 218, "boundaryYearSourceLag": null, "statsArea": 399585.91792114207, "statsVertices": 100188, "statsLineResolution": 362.1913306004969, "statsVertexDensity": 2.7609716619722646, "statsPerimeter": 36287.225030202586}