{
    "boundaryCount": 218,
    "statsArea": 399585.91792114207,
    "statsPerimeter": 36287.225030202586,
    "statsVertices": 100188,
    "statsLineResolution": 362.1913306004969,
    "statsVertexDensity": 2.7609716619722646
}