{
    "boundaryCount": 1,
    "statsArea": 22158.652622148576,
    "statsPerimeter": 1330.9198174902847,
    "statsVertices": 6757,
    "statsLineResolution": 196.96904210304643,
    "statsVertexDensity": 5.076939956263987
}