{
    "boundaryCount": 1,
    "statsArea": 22158.650575356474,
    "statsPerimeter": 1330.8116825794846,
    "statsVertices": 6624,
    "statsLineResolution": 200.90756077588836,
    "statsVertexDensity": 4.977413473828873
}