{
    "boundaryCount": 1,
    "statsArea": 441.40992201869625,
    "statsPerimeter": 96.5305753239385,
    "statsVertices": 226,
    "statsLineResolution": 427.1264394864536,
    "statsVertexDensity": 2.3412271111156895
}