{
    "boundaryCount": 80,
    "statsArea": 82916.85495966372,
    "statsPerimeter": 16062.872297484435,
    "statsVertices": 33859,
    "statsLineResolution": 474.4048051473592,
    "statsVertexDensity": 2.107904450270863
}