{
    "boundaryCount": 80,
    "statsArea": 82916.8549596638,
    "statsPerimeter": 16062.872297484288,
    "statsVertices": 33859,
    "statsLineResolution": 474.40480514735486,
    "statsVertexDensity": 2.1079044502708824
}