{
    "boundaryCount": 60,
    "boundaryYearSourceLag": 1,
    "statsArea": 21.409155111184184,
    "statsPerimeter": 173.5250838030067,
    "statsVertices": 5174,
    "statsLineResolution": 33.537897913221244,
    "statsVertexDensity": 29.817014846532228
}