{"boundaryCount": 1, "boundaryYearSourceLag": null, "statsArea": 20327.278948193576, "statsVertices": 517, "statsLineResolution": 1815.9099029976016, "statsVertexDensity": 0.5506881141786035, "statsPerimeter": 938.82541984976}