{
    "boundaryCount": 1,
    "statsArea": 20327.278948193576,
    "statsPerimeter": 938.82541984976,
    "statsVertices": 517,
    "statsLineResolution": 1815.9099029976016,
    "statsVertexDensity": 0.5506881141786035
}