{
    "boundaryCount": 1,
    "statsArea": 20327.025598648182,
    "statsPerimeter": 938.6853297597237,
    "statsVertices": 519,
    "statsLineResolution": 1808.6422538723,
    "statsVertexDensity": 0.5529009387340154
}