{
    "boundaryCount": 1,
    "statsArea": 369.3553617241524,
    "statsPerimeter": 283.76369962844456,
    "statsVertices": 24494,
    "statsLineResolution": 11.585028971521375,
    "statsVertexDensity": 86.31829945857075
}