{
    "boundaryCount": 154,
    "boundaryYearSourceLag": 11,
    "statsArea": 24242.67102698433,
    "statsPerimeter": 9651.14819090155,
    "statsVertices": 18824,
    "statsLineResolution": 512.7044300308941,
    "statsVertexDensity": 1.9504415047471757
}