{
    "boundaryCount": 5,
    "statsArea": 180.3048097161811,
    "statsPerimeter": 127.40004096818183,
    "statsVertices": 72,
    "statsLineResolution": 1769.4450134469698,
    "statsVertexDensity": 0.5651489548420319
}