{
    "boundaryCount": 1,
    "statsArea": 2835.4294968388854,
    "statsPerimeter": 554.286157476058,
    "statsVertices": 18608,
    "statsLineResolution": 29.78751921088016,
    "statsVertexDensity": 33.57110717816142
}