{
    "boundaryCount": 1,
    "statsArea": 2835.4294968392796,
    "statsPerimeter": 554.286157476119,
    "statsVertices": 18608,
    "statsLineResolution": 29.78751921088344,
    "statsVertexDensity": 33.571107178157725
}