{
    "boundaryCount": 1,
    "boundaryYearSourceLag": 1,
    "statsArea": 683121.9790306985,
    "statsPerimeter": 6805.7066306868555,
    "statsVertices": 57815,
    "statsLineResolution": 117.7152405203988,
    "statsVertexDensity": 8.495076725657379
}