{
    "boundaryCount": 1,
    "statsArea": 683120.3540357527,
    "statsPerimeter": 6805.7036991380755,
    "statsVertices": 127583,
    "statsLineResolution": 53.34334275834614,
    "statsVertexDensity": 18.74648172181784
}