{
    "boundaryCount": 1,
    "boundaryYearSourceLag": null,
    "statsArea": 2327841.5836939756,
    "statsPerimeter": 10190.423005793498,
    "statsVertices": 6518,
    "statsLineResolution": 1563.4278928802546,
    "statsVertexDensity": 0.6396201606443973
}