{
    "boundaryCount": 30,
    "statsArea": 883947.6105840451,
    "statsPerimeter": 34837.843767908336,
    "statsVertices": 264299,
    "statsLineResolution": 131.8122420739705,
    "statsVertexDensity": 7.58654874741315
}