{
    "boundaryCount": 1,
    "statsArea": 65016.8416834477,
    "statsPerimeter": 1909.645458965455,
    "statsVertices": 11412,
    "statsLineResolution": 167.33661575231818,
    "statsVertexDensity": 5.975978392440667
}