{"boundaryCount": 1, "boundaryYearSourceLag": null, "statsArea": 65016.839873696954, "statsVertices": 10365, "statsLineResolution": 184.11088296628193, "statsVertexDensity": 5.431509446310895, "statsPerimeter": 1908.3093019455123}