{
    "boundaryCount": 1,
    "statsArea": 65016.839873696954,
    "statsPerimeter": 1909.4332331813887,
    "statsVertices": 10365,
    "statsLineResolution": 184.21931820370366,
    "statsVertexDensity": 5.428312349382559
}