{
    "boundaryCount": 1541,
    "statsArea": 2309870.5043955934,
    "statsPerimeter": 164910.2627015451,
    "statsVertices": 997448,
    "statsLineResolution": 165.33219045157753,
    "statsVertexDensity": 6.048428907091023
}