{
    "boundaryCount": 1541,
    "statsArea": 2309870.504395592,
    "statsPerimeter": 164910.2627015454,
    "statsVertices": 997448,
    "statsLineResolution": 165.33219045157784,
    "statsVertexDensity": 6.048428907091012
}