{
    "boundaryCount": 167,
    "boundaryYearSourceLag": 1,
    "statsArea": 72612.77801725575,
    "statsPerimeter": 18780.76213470722,
    "statsVertices": 61409,
    "statsLineResolution": 305.83077618439023,
    "statsVertexDensity": 3.269782107857857
}