{
    "boundaryCount": 7,
    "statsArea": 139384.4461254229,
    "statsPerimeter": 13891.781241232913,
    "statsVertices": 304550,
    "statsLineResolution": 45.614123267880196,
    "statsVertexDensity": 21.923034541895134
}