{
    "boundaryCount": 8,
    "statsArea": 139384.3665127688,
    "statsPerimeter": 14670.778484238237,
    "statsVertices": 364706,
    "statsLineResolution": 40.226315125712865,
    "statsVertexDensity": 24.859348833589653
}