{"boundaryCount": 7, "boundaryYearSourceLag": null, "statsArea": 139384.4461254229, "statsVertices": 304550, "statsLineResolution": 45.595631759770136, "statsVertexDensity": 21.93192552454813, "statsPerimeter": 13886.149652437995}