{
    "boundaryCount": 10,
    "statsArea": 27106.749762854608,
    "statsPerimeter": 4850.601042904468,
    "statsVertices": 57076,
    "statsLineResolution": 84.9849506430806,
    "statsVertexDensity": 11.766789207183226
}