{"boundaryCount": 10, "boundaryYearSourceLag": null, "statsArea": 27106.749762854608, "statsVertices": 57076, "statsLineResolution": 84.94916074818667, "statsVertexDensity": 11.771746668154648, "statsPerimeter": 4848.558298863502}