{
    "boundaryCount": 10,
    "statsArea": 27107.104217446216,
    "statsPerimeter": 4862.067593951192,
    "statsVertices": 58505,
    "statsLineResolution": 83.10516355783594,
    "statsVertexDensity": 12.032946656847178
}