{
    "boundaryCount": 1,
    "statsArea": 642441.0556388951,
    "statsPerimeter": 6051.154831671136,
    "statsVertices": 31269,
    "statsLineResolution": 193.519294882188,
    "statsVertexDensity": 5.1674433839209
}