{
    "boundaryCount": 1,
    "statsArea": 75165.41953697379,
    "statsPerimeter": 7633.967610353453,
    "statsVertices": 196381,
    "statsLineResolution": 38.87324950149685,
    "statsVertexDensity": 25.72463102065841
}