{
    "boundaryCount": 1,
    "statsArea": 75165.41953697414,
    "statsPerimeter": 7633.967610353406,
    "statsVertices": 196381,
    "statsLineResolution": 38.87324950149661,
    "statsVertexDensity": 25.72463102065857
}