{
    "boundaryCount": 195,
    "statsArea": 1286950.079195345,
    "statsPerimeter": 89625.37506369514,
    "statsVertices": 668868,
    "statsLineResolution": 133.9956090943133,
    "statsVertexDensity": 7.462931112139252
}