{
    "boundaryCount": 195,
    "statsArea": 1286950.079195351,
    "statsPerimeter": 89625.37506369533,
    "statsVertices": 668868,
    "statsLineResolution": 133.99560909431358,
    "statsVertexDensity": 7.462931112139237
}