{
    "boundaryCount": 9,
    "statsArea": 102428.01048553747,
    "statsPerimeter": 7568.6016236629375,
    "statsVertices": 4358,
    "statsLineResolution": 1736.714461602326,
    "statsVertexDensity": 0.5757998923308215
}