{
    "boundaryCount": 1,
    "statsArea": 714.7595823131409,
    "statsPerimeter": 1399.0671245183155,
    "statsVertices": 37289,
    "statsLineResolution": 37.519566749398365,
    "statsVertexDensity": 26.652759790091
}