{
    "boundaryCount": 1,
    "statsArea": 714.7595823137303,
    "statsPerimeter": 1399.067124518348,
    "statsVertices": 37289,
    "statsLineResolution": 37.51956674939923,
    "statsVertexDensity": 26.652759790090382
}