{
    "boundaryCount": 45,
    "statsArea": 273368.85386034567,
    "statsPerimeter": 20365.419358414234,
    "statsVertices": 53451,
    "statsLineResolution": 381.01100743511313,
    "statsVertexDensity": 2.624596089052104
}