{
    "boundaryCount": 11,
    "statsArea": 2780.4139606095114,
    "statsPerimeter": 875.7581510766448,
    "statsVertices": 237,
    "statsLineResolution": 3695.1820720533533,
    "statsVertexDensity": 0.27062265958773607
}