{
    "boundaryCount": 1,
    "statsArea": 483.4452040061602,
    "statsPerimeter": 743.707932499634,
    "statsVertices": 2606,
    "statsLineResolution": 285.38293649256866,
    "statsVertexDensity": 3.5040637407767363
}