{
    "boundaryCount": 1,
    "statsArea": 145831.67333883754,
    "statsPerimeter": 2513.1345377074563,
    "statsVertices": 11334,
    "statsLineResolution": 221.73412190819272,
    "statsVertexDensity": 4.50990578894322
}