{
    "boundaryCount": 1,
    "statsArea": 12592.697860537284,
    "statsPerimeter": 3775.5286638657954,
    "statsVertices": 1609,
    "statsLineResolution": 2346.5063168836514,
    "statsVertexDensity": 0.4261654838961099
}