{"boundaryCount": 1, "boundaryYearSourceLag": null, "statsArea": 12592.697860537284, "statsVertices": 1609, "statsLineResolution": 2346.5063168836514, "statsVertexDensity": 0.4261654838961099, "statsPerimeter": 3775.5286638657954}