{
    "boundaryCount": 1,
    "statsArea": 12603.940863073967,
    "statsPerimeter": 3799.719643978281,
    "statsVertices": 1629,
    "statsLineResolution": 2332.547356647195,
    "statsVertexDensity": 0.42871584028090237
}