{"boundaryCount": 1, "boundaryYearSourceLag": null, "statsArea": 74530.30833925519, "statsVertices": 1999, "statsLineResolution": 1967.133273043523, "statsVertexDensity": 0.5083539654905095, "statsPerimeter": 3932.2994128140026}