{
    "boundaryCount": 1,
    "statsArea": 983744.5894850339,
    "statsPerimeter": 6944.161308422312,
    "statsVertices": 35977,
    "statsLineResolution": 193.01668589438563,
    "statsVertexDensity": 5.180899233484806
}