{
    "boundaryCount": 22,
    "statsArea": 991424.226828209,
    "statsPerimeter": 23205.312962808734,
    "statsVertices": 14566,
    "statsLineResolution": 1593.1149912679343,
    "statsVertexDensity": 0.6277010796340045
}