{
    "boundaryCount": 22,
    "boundaryYearSourceLag": 1,
    "statsArea": 1616343.4931263449,
    "statsPerimeter": 23205.31516316788,
    "statsVertices": 6033,
    "statsLineResolution": 3846.3973418146666,
    "statsVertexDensity": 0.259983540735346
}