{
    "boundaryCount": 70,
    "statsArea": 390902.19481560687,
    "statsPerimeter": 32381.82409310376,
    "statsVertices": 718167,
    "statsLineResolution": 45.08954615445121,
    "statsVertexDensity": 22.17808971894654
}