{"boundaryCount": 16, "boundaryYearSourceLag": null, "statsArea": 577870.8230329069, "statsVertices": 47815, "statsLineResolution": 228.19113042656568, "statsVertexDensity": 4.382291275435048, "statsPerimeter": 10910.95890134624}