{
    "boundaryCount": 16,
    "statsArea": 577870.8230329069,
    "statsPerimeter": 11025.756811882384,
    "statsVertices": 47815,
    "statsLineResolution": 230.592006940968,
    "statsVertexDensity": 4.336663760665399
}