{
    "boundaryCount": 16,
    "statsArea": 577870.822967221,
    "statsPerimeter": 11025.756842064584,
    "statsVertices": 47819,
    "statsLineResolution": 230.57271883695987,
    "statsVertexDensity": 4.33702653568096
}