{
    "boundaryCount": 1,
    "boundaryYearSourceLag": 1,
    "statsArea": 71266.20854971634,
    "statsPerimeter": 4913.414905044294,
    "statsVertices": 10802,
    "statsLineResolution": 454.86159091319143,
    "statsVertexDensity": 2.198470963425105
}