{
    "boundaryCount": 1,
    "statsArea": 71266.26072069,
    "statsPerimeter": 4913.432822159616,
    "statsVertices": 71140,
    "statsLineResolution": 69.0670905560812,
    "statsVertexDensity": 14.478675617413167
}