{
    "boundaryCount": 10,
    "statsArea": 632552.1583586951,
    "statsPerimeter": 14307.415394708541,
    "statsVertices": 9052,
    "statsLineResolution": 1580.5805782930338,
    "statsVertexDensity": 0.6326789116186418
}