{
    "boundaryCount": 15,
    "statsArea": 87.41988804170319,
    "statsPerimeter": 181.27729784224655,
    "statsVertices": 181,
    "statsLineResolution": 1001.5320322776054,
    "statsVertexDensity": 0.9984703112549269
}