{
    "boundaryCount": 14,
    "boundaryYearSourceLag": 15,
    "statsArea": 72482.33519108921,
    "statsPerimeter": 6913.622578043842,
    "statsVertices": 23534,
    "statsLineResolution": 293.7716740904156,
    "statsVertexDensity": 3.4040041576378286
}