{
    "boundaryCount": 4,
    "statsArea": 244585.50808946064,
    "statsPerimeter": 30828.618431858205,
    "statsVertices": 1883613,
    "statsLineResolution": 16.366747538830005,
    "statsVertexDensity": 61.099494424747874
}