{
    "boundaryCount": 4,
    "statsArea": 244585.50808945842,
    "statsPerimeter": 30828.618431857834,
    "statsVertices": 1883613,
    "statsLineResolution": 16.36674753882981,
    "statsVertexDensity": 61.09949442474861
}