{
    "boundaryCount": 84,
    "statsArea": 25187.043611523368,
    "statsPerimeter": 7600.004502316286,
    "statsVertices": 9308,
    "statsLineResolution": 816.5024175243109,
    "statsVertexDensity": 1.2247361165592943
}