{
    "boundaryCount": 1,
    "statsArea": 7897.592000297783,
    "statsPerimeter": 1302.2655753836318,
    "statsVertices": 592,
    "statsLineResolution": 2199.77293139127,
    "statsVertexDensity": 0.4545923743899964
}