{
    "boundaryCount": 1,
    "statsArea": 7279.985794302189,
    "statsPerimeter": 1554.0721575698592,
    "statsVertices": 533,
    "statsLineResolution": 2915.7076127014243,
    "statsVertexDensity": 0.34296991771184243
}