{
    "boundaryCount": 12,
    "statsArea": 344888.67646609753,
    "statsPerimeter": 11030.300407853143,
    "statsVertices": 4446,
    "statsLineResolution": 2480.949259526123,
    "statsVertexDensity": 0.4030715244015133
}