{
    "boundaryCount": 1,
    "statsArea": 451.10044466168273,
    "statsPerimeter": 110.98542714757542,
    "statsVertices": 232,
    "statsLineResolution": 478.38546184299753,
    "statsVertexDensity": 2.0903645276916722
}