{
    "boundaryCount": 2,
    "statsArea": 191.57472512452625,
    "statsPerimeter": 570.5660017675934,
    "statsVertices": 455,
    "statsLineResolution": 1253.9912126760296,
    "statsVertexDensity": 0.7974537539748705
}