{
    "boundaryCount": 1,
    "statsArea": 399592.8275687135,
    "statsPerimeter": 3869.0015644399114,
    "statsVertices": 5684,
    "statsLineResolution": 680.68289311047,
    "statsVertexDensity": 1.4691128719723932
}