{
    "boundaryCount": 1,
    "statsArea": 78835.78596121268,
    "statsPerimeter": 2211.1259563267404,
    "statsVertices": 31124,
    "statsLineResolution": 71.0424738570473,
    "statsVertexDensity": 14.076086398852247
}