{
    "boundaryCount": 1,
    "statsArea": 169.35670973573886,
    "statsPerimeter": 437.25557185339255,
    "statsVertices": 7723,
    "statsLineResolution": 56.617321229236374,
    "statsVertexDensity": 17.662439308124917
}