{
    "boundaryCount": 1,
    "boundaryYearSourceLag": 3,
    "statsArea": 21989.448992515223,
    "statsPerimeter": 2753.4338509757035,
    "statsVertices": 45505,
    "statsLineResolution": 60.508380419200165,
    "statsVertexDensity": 16.526636361311134
}