{
    "boundaryCount": 15,
    "boundaryYearSourceLag": 1,
    "statsArea": 683121.9790306988,
    "statsPerimeter": 16533.778949548978,
    "statsVertices": 71254,
    "statsLineResolution": 232.0400110807671,
    "statsVertexDensity": 4.309601586994952
}