{
    "boundaryCount": 15,
    "statsArea": 364988.498056532,
    "statsPerimeter": 16533.77831986543,
    "statsVertices": 91567,
    "statsLineResolution": 180.56481395989198,
    "statsVertexDensity": 5.538177555579158
}