{
    "boundaryCount": 1,
    "statsArea": 325.0250902094725,
    "statsPerimeter": 183.49618553623287,
    "statsVertices": 469,
    "statsLineResolution": 391.2498625506031,
    "statsVertexDensity": 2.5559114410440538
}