{
    "boundaryCount": 1,
    "statsArea": 8472669.678369168,
    "statsPerimeter": 30976.39971212456,
    "statsVertices": 11116,
    "statsLineResolution": 2786.649848158021,
    "statsVertexDensity": 0.3588538404496716
}