{
    "boundaryCount": 1,
    "statsArea": 8473889.682698278,
    "statsPerimeter": 28155.2420596987,
    "statsVertices": 7267,
    "statsLineResolution": 3874.3968707442823,
    "statsVertexDensity": 0.2581046891584695
}