{
    "boundaryCount": 1,
    "statsArea": 8472108.632615458,
    "statsPerimeter": 27117.676411999557,
    "statsVertices": 3898,
    "statsLineResolution": 6956.81796100553,
    "statsVertexDensity": 0.1437438791132981
}