{
    "boundaryCount": 1,
    "statsArea": 181.93840225748082,
    "statsPerimeter": 105.70307755808851,
    "statsVertices": 2161,
    "statsLineResolution": 48.913964626602734,
    "statsVertexDensity": 20.4440594344326
}