{
    "boundaryCount": 6,
    "statsArea": 16709.85212364599,
    "statsPerimeter": 1538.7895494987895,
    "statsVertices": 9134,
    "statsLineResolution": 168.46831065237458,
    "statsVertexDensity": 5.93583443751298
}