{
    "boundaryCount": 6,
    "boundaryYearSourceLag": 1,
    "statsArea": 17466.035558257587,
    "statsPerimeter": 1538.7899078075654,
    "statsVertices": 1776,
    "statsLineResolution": 866.4357589006563,
    "statsVertexDensity": 1.1541536573569073
}