{
    "boundaryCount": 79,
    "boundaryYearSourceLag": 0,
    "statsArea": 642907.7215618272,
    "statsPerimeter": 34994.262702881635,
    "statsVertices": 21856,
    "statsLineResolution": 1601.128417957615,
    "statsVertexDensity": 0.6245595223870868
}