{
    "boundaryCount": 7,
    "statsArea": 93010.39256902659,
    "statsPerimeter": 6181.141300593857,
    "statsVertices": 10975,
    "statsLineResolution": 563.2019408285975,
    "statsVertexDensity": 1.7755620631008016
}