{
    "boundaryCount": 10,
    "statsArea": 65309.856065723856,
    "statsPerimeter": 6076.505219373256,
    "statsVertices": 11687,
    "statsLineResolution": 519.9371283796745,
    "statsVertexDensity": 1.9233094645815876
}