{
    "boundaryCount": 6,
    "boundaryYearSourceLag": 1,
    "statsArea": 20726.595596681498,
    "statsPerimeter": 1772.972267221577,
    "statsVertices": 2182,
    "statsLineResolution": 812.5445770951316,
    "statsVertexDensity": 1.230701709406549
}