{
    "boundaryCount": 34,
    "statsArea": 69445.07621264698,
    "statsPerimeter": 9313.39285927783,
    "statsVertices": 8003,
    "statsLineResolution": 1163.7377057700648,
    "statsVertexDensity": 0.8593001627787621
}