{"boundaryCount": 1, "boundaryYearSourceLag": null, "statsArea": 991.4511408645684, "statsVertices": 20634, "statsLineResolution": 51.97103986145935, "statsVertexDensity": 19.241485309236218, "statsPerimeter": 1072.3704365013523}