{
    "boundaryCount": 56,
    "statsArea": 75229.20080394353,
    "statsPerimeter": 18104.98501025745,
    "statsVertices": 3099514,
    "statsLineResolution": 5.8412334999156155,
    "statsVertexDensity": 171.1967172711802
}