{
    "boundaryCount": 1,
    "statsArea": 8479492.457423553,
    "statsPerimeter": 49569.40359470695,
    "statsVertices": 157741,
    "statsLineResolution": 314.24552649410714,
    "statsVertexDensity": 3.182225093723816
}