{
    "boundaryCount": 7,
    "statsArea": 452.24941815308347,
    "statsPerimeter": 254.56035472367407,
    "statsVertices": 194,
    "statsLineResolution": 1312.166776926155,
    "statsVertexDensity": 0.7620982466440522
}