{"boundaryCount": 22, "boundaryYearSourceLag": null, "statsArea": 4090.9524917929957, "statsVertices": 28903, "statsLineResolution": 67.21659345561413, "statsVertexDensity": 14.877278787719893, "statsPerimeter": 1942.7612006476154}