{
    "boundaryCount": 22,
    "statsArea": 4090.9521794936536,
    "statsPerimeter": 1942.7697453521876,
    "statsVertices": 28963,
    "statsLineResolution": 67.07764200366633,
    "statsVertexDensity": 14.90809709657567
}