{
    "boundaryCount": 83,
    "statsArea": 16942965.926893026,
    "statsPerimeter": 354981.45299651666,
    "statsVertices": 771244,
    "statsLineResolution": 460.27126693564765,
    "statsVertexDensity": 2.1726318191828686
}