{
    "boundaryCount": 8,
    "statsArea": 585702.5843297829,
    "statsPerimeter": 12414.518744453268,
    "statsVertices": 4360,
    "statsLineResolution": 2847.3666845076305,
    "statsVertexDensity": 0.3512016929329638
}