{
    "boundaryCount": 8,
    "statsArea": 585702.5843633575,
    "statsPerimeter": 12414.518744453087,
    "statsVertices": 4358,
    "statsLineResolution": 2848.673415432099,
    "statsVertexDensity": 0.351040591238963
}