{"boundaryCount": 8, "boundaryYearSourceLag": null, "statsArea": 585702.5843633575, "statsVertices": 4358, "statsLineResolution": 2848.673415432099, "statsVertexDensity": 0.351040591238963, "statsPerimeter": 12414.518744453087}