{
    "boundaryCount": 34,
    "statsArea": 244600.59743622376,
    "statsPerimeter": 16761.323509370697,
    "statsVertices": 13361,
    "statsLineResolution": 1254.4961836217872,
    "statsVertexDensity": 0.7971327558071599
}