{
    "boundaryCount": 4,
    "statsArea": 5857.506118953465,
    "statsPerimeter": 957.7011740263601,
    "statsVertices": 9734,
    "statsLineResolution": 98.38721738507913,
    "statsVertexDensity": 10.163921966469342
}