{
    "boundaryCount": 4,
    "statsArea": 5857.506118952899,
    "statsPerimeter": 957.7011740263656,
    "statsVertices": 9734,
    "statsLineResolution": 98.38721738507968,
    "statsVertexDensity": 10.163921966469283
}