{
    "boundaryCount": 1633,
    "statsArea": 181422.19397187373,
    "statsPerimeter": 74259.30067299893,
    "statsVertices": 339538,
    "statsLineResolution": 218.70689193256405,
    "statsVertexDensity": 4.572329619627805
}