{
    "boundaryCount": 1633,
    "statsArea": 181422.19397187498,
    "statsPerimeter": 74259.30067299955,
    "statsVertices": 339538,
    "statsLineResolution": 218.7068919325659,
    "statsVertexDensity": 4.572329619627767
}