{
    "boundaryCount": 51422,
    "statsArea": 68968.52985803544,
    "statsPerimeter": 274293.8338937053,
    "statsVertices": 7130324,
    "statsLineResolution": 38.46863535145181,
    "statsVertexDensity": 25.995203387485383
}