{
    "boundaryCount": 51422,
    "statsArea": 68968.52985803677,
    "statsPerimeter": 274293.83389370126,
    "statsVertices": 7130324,
    "statsLineResolution": 38.46863535145125,
    "statsVertexDensity": 25.995203387485763
}