{
    "boundaryCount": 95,
    "statsArea": 1083392.992114018,
    "statsPerimeter": 55609.91197554644,
    "statsVertices": 80658,
    "statsLineResolution": 689.4531475556851,
    "statsVertexDensity": 1.4504248817273449
}