{
    "boundaryCount": 95,
    "statsArea": 1083673.3130126174,
    "statsPerimeter": 55711.50027424668,
    "statsVertices": 91065,
    "statsLineResolution": 611.7773049387436,
    "statsVertexDensity": 1.6345817210400255
}