{"boundaryCount": 95, "boundaryYearSourceLag": null, "statsArea": 1083392.992114018, "statsVertices": 80658, "statsLineResolution": 689.3314895181471, "statsVertexDensity": 1.4506808628443983, "statsPerimeter": 55600.09928155471}