{
    "boundaryCount": 1,
    "statsArea": 353.53862502562947,
    "statsPerimeter": 254.15032093992235,
    "statsVertices": 7938,
    "statsLineResolution": 32.016921257233854,
    "statsVertexDensity": 31.2334840681804
}