{
    "boundaryCount": 1,
    "statsArea": 353.53862502527136,
    "statsPerimeter": 254.15032093989475,
    "statsVertices": 7938,
    "statsLineResolution": 32.01692125723038,
    "statsVertexDensity": 31.23348406818379
}