{
    "boundaryCount": 1,
    "statsArea": 11556.37807132484,
    "statsPerimeter": 1375.6824379644909,
    "statsVertices": 32874,
    "statsLineResolution": 41.84712654269303,
    "statsVertexDensity": 23.896503359192074
}