{
    "boundaryCount": 1,
    "statsArea": 11556.378071325062,
    "statsPerimeter": 1375.6824379643974,
    "statsVertices": 32874,
    "statsLineResolution": 41.8471265426902,
    "statsVertexDensity": 23.896503359193698
}