{
    "boundaryCount": 1,
    "statsArea": 18963.48357883862,
    "statsPerimeter": 4842.642195236702,
    "statsVertices": 88794,
    "statsLineResolution": 54.537943951581205,
    "statsVertexDensity": 18.335858075027545
}