{
    "boundaryCount": 1,
    "statsArea": 229668.57320603915,
    "statsPerimeter": 5353.092194362475,
    "statsVertices": 35949,
    "statsLineResolution": 148.90795833993923,
    "statsVertexDensity": 6.71555779253328
}