{
    "boundaryCount": 1,
    "statsArea": 229668.57320603912,
    "statsPerimeter": 5353.092194362456,
    "statsVertices": 35949,
    "statsLineResolution": 148.9079583399387,
    "statsVertexDensity": 6.715557792533304
}