{
    "boundaryCount": 1,
    "statsArea": 26959.412475665493,
    "statsPerimeter": 1191.128953872983,
    "statsVertices": 13796,
    "statsLineResolution": 86.338718025006,
    "statsVertexDensity": 11.582289184678109
}