{
    "boundaryCount": 10,
    "statsArea": 750913.1669244844,
    "statsPerimeter": 19138.560851355775,
    "statsVertices": 548381,
    "statsLineResolution": 34.900116618474705,
    "statsVertexDensity": 28.653199384171707
}