{
    "boundaryCount": 4,
    "statsArea": 17364.58822792648,
    "statsPerimeter": 1460.6918494998793,
    "statsVertices": 3743,
    "statsLineResolution": 390.2462862676674,
    "statsVertexDensity": 2.562484346908317
}