{
    "boundaryCount": 4,
    "statsArea": 17364.588227926168,
    "statsPerimeter": 1460.691849499833,
    "statsVertices": 3743,
    "statsLineResolution": 390.24628626765514,
    "statsVertexDensity": 2.562484346908398
}