{
    "boundaryCount": 45,
    "statsArea": 272548.52361200936,
    "statsPerimeter": 20478.56949846198,
    "statsVertices": 124137,
    "statsLineResolution": 164.9674915493526,
    "statsVertexDensity": 6.061800362047904
}