{
    "boundaryCount": 45,
    "statsArea": 272548.52361200994,
    "statsPerimeter": 20478.569498461708,
    "statsVertices": 124137,
    "statsLineResolution": 164.96749154935037,
    "statsVertexDensity": 6.061800362047985
}