{
    "boundaryCount": 13,
    "statsArea": 1041174.279012137,
    "statsPerimeter": 17857.952474047557,
    "statsVertices": 33895,
    "statsLineResolution": 526.8609669286784,
    "statsVertexDensity": 1.8980339458993756
}