{"boundaryCount": 13, "boundaryYearSourceLag": null, "statsArea": 1041174.0522218983, "statsVertices": 33787, "statsLineResolution": 528.5595039232146, "statsVertexDensity": 1.8919345742107267, "statsPerimeter": 17858.439959053652}