{
    "boundaryCount": 365,
    "boundaryYearSourceLag": 11,
    "statsArea": 993900.0124283157,
    "statsPerimeter": 52695.90044975872,
    "statsVertices": 206076,
    "statsLineResolution": 255.71100200779676,
    "statsVertexDensity": 3.91066474319908
}