{
    "boundaryCount": 1,
    "boundaryYearSourceLag": 1,
    "statsArea": 241523.94755220474,
    "statsPerimeter": 2645.6186458531215,
    "statsVertices": 4380,
    "statsLineResolution": 604.0225218842743,
    "statsVertexDensity": 1.655567406461032
}