{
    "boundaryCount": 3643,
    "statsArea": 883885.9631025507,
    "statsPerimeter": 227722.9770947323,
    "statsVertices": 1159263,
    "statsLineResolution": 196.43771697598586,
    "statsVertexDensity": 5.090672073542008
}