{
    "boundaryCount": 1,
    "statsArea": 321683.76044133917,
    "statsPerimeter": 3967.1021855206955,
    "statsVertices": 38175,
    "statsLineResolution": 103.91885227297172,
    "statsVertexDensity": 9.622893037475263
}