{
    "boundaryCount": 1,
    "statsArea": 1653.478508162924,
    "statsPerimeter": 527.3862080997706,
    "statsVertices": 15499,
    "statsLineResolution": 34.02711194914321,
    "statsVertexDensity": 29.388330149634687
}