{
    "boundaryCount": 2408,
    "statsArea": 9382251.398954185,
    "statsPerimeter": 737901.332574341,
    "statsVertices": 1760102,
    "statsLineResolution": 419.23782404334577,
    "statsVertexDensity": 2.3852809614253894
}