{
    "boundaryCount": 2421,
    "statsArea": 9384895.524313774,
    "statsPerimeter": 740947.8738328577,
    "statsVertices": 1841557,
    "statsLineResolution": 402.348596232893,
    "statsVertexDensity": 2.4854069564621177
}