{"boundaryCount": 2408, "boundaryYearSourceLag": null, "statsArea": 9382251.398954185, "statsVertices": 1760102, "statsLineResolution": 418.14186236355613, "statsVertexDensity": 2.391532850472033, "statsPerimeter": 735972.3282298199}