{
    "boundaryCount": 1,
    "statsArea": 574.8173931680435,
    "statsPerimeter": 119.74092312846408,
    "statsVertices": 73,
    "statsLineResolution": 1640.286618198138,
    "statsVertexDensity": 0.6096495508196637
}