{
    "boundaryCount": 842,
    "statsArea": 534902.56452402,
    "statsPerimeter": 115334.60866683499,
    "statsVertices": 215223,
    "statsLineResolution": 535.8842162168309,
    "statsVertexDensity": 1.8660747410320766
}