{"boundaryCount": 14, "boundaryYearSourceLag": null, "statsArea": 147105.4897151643, "statsVertices": 3295, "statsLineResolution": 2418.8725316022833, "statsVertexDensity": 0.4134157492530583, "statsPerimeter": 7970.184991629524}