{
    "boundaryCount": 14,
    "statsArea": 147105.49055831018,
    "statsPerimeter": 7970.179509382087,
    "statsVertices": 3296,
    "statsLineResolution": 2418.136987069808,
    "statsVertexDensity": 0.4135415013074822
}