{
    "boundaryCount": 333,
    "statsArea": 452913.01759634446,
    "statsPerimeter": 46383.6381295474,
    "statsVertices": 42888,
    "statsLineResolution": 1081.5062052216797,
    "statsVertexDensity": 0.9246363961407201
}