{
    "boundaryCount": 333,
    "boundaryYearSourceLag": 0,
    "statsArea": 452913.01759634435,
    "statsPerimeter": 46383.63812954735,
    "statsVertices": 42888,
    "statsLineResolution": 1081.5062052216786,
    "statsVertexDensity": 0.9246363961407211
}