{
    "boundaryCount": 33,
    "statsArea": 1137683.290609588,
    "statsPerimeter": 44599.172717728965,
    "statsVertices": 327514,
    "statsLineResolution": 136.17485883879456,
    "statsVertexDensity": 7.343499442755523
}