{
    "boundaryCount": 33,
    "statsArea": 1137683.2906095884,
    "statsPerimeter": 44599.17271772908,
    "statsVertices": 327514,
    "statsLineResolution": 136.17485883879493,
    "statsVertexDensity": 7.343499442755505
}