{
    "boundaryCount": 1,
    "statsArea": 2011.8153319151952,
    "statsPerimeter": 658.9547544314242,
    "statsVertices": 40814,
    "statsLineResolution": 16.145311766340573,
    "statsVertexDensity": 61.93748466875567
}