{
    "boundaryCount": 1,
    "statsArea": 2011.8153319152009,
    "statsPerimeter": 658.9547544314444,
    "statsVertices": 40814,
    "statsLineResolution": 16.145311766341067,
    "statsVertexDensity": 61.93748466875378
}