{
    "boundaryCount": 1,
    "statsArea": 51177.913947831395,
    "statsPerimeter": 2626.9760011003978,
    "statsVertices": 44565,
    "statsLineResolution": 58.947066107941154,
    "statsVertexDensity": 16.964372716512234
}