{
    "boundaryCount": 131,
    "statsArea": 1183670.7322044568,
    "statsPerimeter": 38477.833857236554,
    "statsVertices": 23115,
    "statsLineResolution": 1664.6261673041988,
    "statsVertexDensity": 0.6007354802186388
}