{
    "boundaryCount": 131,
    "statsArea": 1183670.9877770985,
    "statsPerimeter": 38477.83368894945,
    "statsVertices": 23333,
    "statsLineResolution": 1649.073573434597,
    "statsVertexDensity": 0.6064010824679318
}