{"boundaryCount": 131, "boundaryYearSourceLag": null, "statsArea": 1183670.7322044568, "statsVertices": 23115, "statsLineResolution": 1648.4871051596224, "statsVertexDensity": 0.606616816637562, "statsPerimeter": 38104.77943576467}