{
    "boundaryCount": 1,
    "statsArea": 115233.26684078941,
    "statsPerimeter": 2342.667608012212,
    "statsVertices": 22317,
    "statsLineResolution": 104.97233535028059,
    "statsVertexDensity": 9.526319450387716
}