{
    "boundaryCount": 1,
    "statsArea": 115233.26684078929,
    "statsPerimeter": 2342.6676080122957,
    "statsVertices": 22317,
    "statsLineResolution": 104.97233535028435,
    "statsVertexDensity": 9.526319450387376
}