{
    "boundaryCount": 10,
    "statsArea": 238779.71176750833,
    "statsPerimeter": 10965.772756534518,
    "statsVertices": 320472,
    "statsLineResolution": 34.21756894996916,
    "statsVertexDensity": 29.22475297593873
}