{
    "boundaryCount": 1,
    "statsArea": 108917.62166143999,
    "statsPerimeter": 2154.746637252401,
    "statsVertices": 14189,
    "statsLineResolution": 151.860359239721,
    "statsVertexDensity": 6.584996934067818
}