{
    "boundaryCount": 1,
    "statsArea": 108917.62166143964,
    "statsPerimeter": 2154.7466372523854,
    "statsVertices": 14189,
    "statsLineResolution": 151.86035923971988,
    "statsVertexDensity": 6.584996934067865
}