{
    "boundaryCount": 1,
    "statsArea": 13388.080222459594,
    "statsPerimeter": 13400.984198118189,
    "statsVertices": 275024,
    "statsLineResolution": 48.72659912632421,
    "statsVertexDensity": 20.52267176306497
}