{
    "boundaryCount": 36,
    "statsArea": 3151364.0373922065,
    "statsPerimeter": 94933.70443593386,
    "statsVertices": 651664,
    "statsLineResolution": 145.67891495607225,
    "statsVertexDensity": 6.864411368670189
}