{
    "boundaryCount": 36,
    "statsArea": 3151364.0373922116,
    "statsPerimeter": 94933.70443593423,
    "statsVertices": 651664,
    "statsLineResolution": 145.67891495607282,
    "statsVertexDensity": 6.864411368670163
}