{
    "boundaryCount": 1,
    "statsArea": 326860.6816755428,
    "statsPerimeter": 19369.865227809885,
    "statsVertices": 216160,
    "statsLineResolution": 89.60892499912049,
    "statsVertexDensity": 11.15960268477515
}