{
    "boundaryCount": 1,
    "boundaryYearSourceLag": 1,
    "statsArea": 326860.4710047111,
    "statsPerimeter": 19369.8164336672,
    "statsVertices": 37372,
    "statsLineResolution": 518.2975605712085,
    "statsVertexDensity": 1.9293936072126485
}