{
    "boundaryCount": 36,
    "statsArea": 10657.839284008724,
    "statsPerimeter": 3214.5708373151256,
    "statsVertices": 6448,
    "statsLineResolution": 498.5376608739338,
    "statsVertexDensity": 2.0058665141706755
}