{
    "boundaryCount": 714,
    "boundaryYearSourceLag": 2,
    "statsArea": 154821.79799956596,
    "statsPerimeter": 45701.70306945492,
    "statsVertices": 44304,
    "statsLineResolution": 1031.5480107767903,
    "statsVertexDensity": 0.9694168274794757
}