{
    "boundaryCount": 1,
    "statsArea": 1247385.2312294408,
    "statsPerimeter": 7907.98736454279,
    "statsVertices": 83564,
    "statsLineResolution": 94.63390173451235,
    "statsVertexDensity": 10.567037622578619
}