{
    "boundaryCount": 1,
    "statsArea": 1247385.231229442,
    "statsPerimeter": 7907.987364542816,
    "statsVertices": 83564,
    "statsLineResolution": 94.63390173451266,
    "statsVertexDensity": 10.567037622578583
}