{
    "boundaryCount": 1,
    "statsArea": 26949.44170367184,
    "statsPerimeter": 2574.965484211021,
    "statsVertices": 79988,
    "statsLineResolution": 32.191897337238345,
    "statsVertexDensity": 31.06371735484005
}