{
    "boundaryCount": 1,
    "statsArea": 26949.44170367269,
    "statsPerimeter": 2574.9654842111026,
    "statsVertices": 79988,
    "statsLineResolution": 32.19189733723937,
    "statsVertexDensity": 31.063717354839063
}