{
    "boundaryCount": 78,
    "statsArea": 86563.12043061377,
    "statsPerimeter": 14808.78071036992,
    "statsVertices": 43484,
    "statsLineResolution": 340.5570028141367,
    "statsVertexDensity": 2.936365987886506
}