{
    "boundaryCount": 5,
    "statsArea": 72624.5073229195,
    "statsPerimeter": 4403.821849943036,
    "statsVertices": 29298,
    "statsLineResolution": 150.31134718899025,
    "statsVertexDensity": 6.65285767642462
}