{
    "boundaryCount": 5,
    "statsArea": 72624.50732292054,
    "statsPerimeter": 4403.821849942995,
    "statsVertices": 29298,
    "statsLineResolution": 150.31134718898883,
    "statsVertexDensity": 6.6528576764246825
}