{
    "boundaryCount": 1,
    "statsArea": 12.532519773213387,
    "statsPerimeter": 14.0457107038223,
    "statsVertices": 15,
    "statsLineResolution": 936.3807135881533,
    "statsVertexDensity": 1.0679416881281776
}