{
    "boundaryCount": 1,
    "statsArea": 18.8396802661587,
    "statsPerimeter": 16.615158073372957,
    "statsVertices": 12,
    "statsLineResolution": 1384.5965061144132,
    "statsVertexDensity": 0.7222320694758183
}