{
    "boundaryCount": 1,
    "statsArea": 822713.0501885457,
    "statsPerimeter": 5366.127635398735,
    "statsVertices": 1183,
    "statsLineResolution": 4536.033504140943,
    "statsVertexDensity": 0.22045692543652964
}