{
    "boundaryCount": 1,
    "statsArea": 824757.6549019251,
    "statsPerimeter": 5259.162352683788,
    "statsVertices": 621,
    "statsLineResolution": 8468.860471310449,
    "statsVertexDensity": 0.11807964051216241
}