{
    "boundaryCount": 1,
    "statsArea": 824741.3496797908,
    "statsPerimeter": 5287.189831703793,
    "statsVertices": 890,
    "statsLineResolution": 5940.662732251453,
    "statsVertexDensity": 0.16833138743444703
}