{
    "boundaryCount": 15,
    "statsArea": 187815.33097275236,
    "statsPerimeter": 8052.252124730924,
    "statsVertices": 25670,
    "statsLineResolution": 313.68337065566516,
    "statsVertexDensity": 3.1879279985731688
}