{
    "boundaryCount": 74,
    "statsArea": 752998.5532126228,
    "statsPerimeter": 36883.71185797103,
    "statsVertices": 94899,
    "statsLineResolution": 388.6628084381398,
    "statsVertexDensity": 2.572924340300396
}