{"boundaryCount": 115, "boundaryYearSourceLag": 0, "statsArea": 751169.4691111376, "statsVertices": 229333, "statsLineResolution": 223.19515497239811, "statsVertexDensity": 4.480383994552511, "statsPerimeter": 51186.01447528498}