{
    "boundaryCount": 115,
    "statsArea": 751169.4691111376,
    "statsPerimeter": 51186.01447528498,
    "statsVertices": 229333,
    "statsLineResolution": 223.19515497239811,
    "statsVertexDensity": 4.480383994552511
}