{
    "boundaryCount": 193,
    "statsArea": 20327.031708763086,
    "statsPerimeter": 8601.10881895195,
    "statsVertices": 6911,
    "statsLineResolution": 1244.5534392927148,
    "statsVertexDensity": 0.8035010538143742
}