{"boundaryCount": 193, "boundaryYearSourceLag": null, "statsArea": 20327.267842171343, "statsVertices": 6909, "statsLineResolution": 1244.9337790263564, "statsVertexDensity": 0.8032555761978638, "statsPerimeter": 8601.247479293097}