{
    "boundaryCount": 6,
    "statsArea": 10004.094056034006,
    "statsPerimeter": 1358.0408097841791,
    "statsVertices": 1039,
    "statsLineResolution": 1307.0652644698548,
    "statsVertexDensity": 0.7650727375159798
}