{
    "boundaryCount": 169,
    "statsArea": 110784.13143066183,
    "statsPerimeter": 30878.535883752604,
    "statsVertices": 148892,
    "statsLineResolution": 207.38881796035116,
    "statsVertexDensity": 4.821860743674142
}