{
    "boundaryCount": 169,
    "statsArea": 110784.13143066182,
    "statsPerimeter": 30878.535883752586,
    "statsVertices": 148892,
    "statsLineResolution": 207.38881796035102,
    "statsVertexDensity": 4.8218607436741445
}