{
    "boundaryCount": 11,
    "statsArea": 160.52316338947531,
    "statsPerimeter": 347.3390235444473,
    "statsVertices": 6799,
    "statsLineResolution": 51.08678093020257,
    "statsVertexDensity": 19.574535364955803
}