{
    "boundaryCount": 11,
    "statsArea": 160.52316338946233,
    "statsPerimeter": 347.33902354451544,
    "statsVertices": 6799,
    "statsLineResolution": 51.08678093021259,
    "statsVertexDensity": 19.574535364951963
}