{
    "boundaryCount": 32,
    "statsArea": 9382477.994227452,
    "statsPerimeter": 145925.30292850622,
    "statsVertices": 437970,
    "statsLineResolution": 333.1856130066128,
    "statsVertexDensity": 3.0013300723766627
}