{
    "boundaryCount": 1,
    "statsArea": 592482.4591609099,
    "statsPerimeter": 4966.968210102109,
    "statsVertices": 30103,
    "statsLineResolution": 164.99911005886818,
    "statsVertexDensity": 6.060638749161867
}