{
    "boundaryCount": 1,
    "statsArea": 3151983.2577526993,
    "statsPerimeter": 30043.054936859608,
    "statsVertices": 416427,
    "statsLineResolution": 72.14482955442276,
    "statsVertexDensity": 13.861007173710844
}