{
    "boundaryCount": 1,
    "statsArea": 3151983.2577527035,
    "statsPerimeter": 30043.054936859455,
    "statsVertices": 416427,
    "statsLineResolution": 72.1448295544224,
    "statsVertexDensity": 13.861007173710915
}