{
    "boundaryCount": 1,
    "boundaryYearSourceLag": 3,
    "statsArea": 399604.24896862864,
    "statsPerimeter": 4165.723449474027,
    "statsVertices": 36068,
    "statsLineResolution": 115.49638043345976,
    "statsVertexDensity": 8.658279993251599
}