{
    "boundaryCount": 6,
    "boundaryYearSourceLag": 1,
    "statsArea": 469870.39643189963,
    "statsPerimeter": 11365.954412167433,
    "statsVertices": 8679,
    "statsLineResolution": 1309.592627280497,
    "statsVertexDensity": 0.7635962353244171
}