{
    "boundaryCount": 6,
    "statsArea": 234245.99275905883,
    "statsPerimeter": 11365.953617865322,
    "statsVertices": 31582,
    "statsLineResolution": 359.88707548177194,
    "statsVertexDensity": 2.778649382341182
}