{
    "boundaryCount": 1,
    "statsArea": 33819.50198503969,
    "statsPerimeter": 1895.6720981573785,
    "statsVertices": 12610,
    "statsLineResolution": 150.3308563170007,
    "statsVertexDensity": 6.651994304424857
}