{
    "boundaryCount": 1,
    "statsArea": 1127529.868964884,
    "statsPerimeter": 5177.20167182536,
    "statsVertices": 920,
    "statsLineResolution": 5627.393121549304,
    "statsVertexDensity": 0.17770217548346529
}