{
    "boundaryCount": 1,
    "statsArea": 1127555.4467849585,
    "statsPerimeter": 5159.186177140304,
    "statsVertices": 560,
    "statsLineResolution": 9212.832459179113,
    "statsVertexDensity": 0.10854425112264578
}