{
    "boundaryCount": 1,
    "statsArea": 1127375.9797130458,
    "statsPerimeter": 5222.43286507807,
    "statsVertices": 1074,
    "statsLineResolution": 4862.6004330335845,
    "statsVertexDensity": 0.20565127934563593
}