{
    "boundaryCount": 77,
    "statsArea": 147565.9850378875,
    "statsPerimeter": 20325.933098180933,
    "statsVertices": 112590,
    "statsLineResolution": 180.53053644356453,
    "statsVertexDensity": 5.539229094977009
}