{
    "boundaryCount": 77,
    "statsArea": 147565.9850378891,
    "statsPerimeter": 20325.933098181045,
    "statsVertices": 112590,
    "statsLineResolution": 180.53053644356555,
    "statsVertexDensity": 5.539229094976978
}