{
    "boundaryCount": 1,
    "statsArea": 177726.76021627555,
    "statsPerimeter": 2500.5798471734315,
    "statsVertices": 10452,
    "statsLineResolution": 239.244149174649,
    "statsVertexDensity": 4.179830534831582
}