{
    "boundaryCount": 15,
    "statsArea": 45819.04319422049,
    "statsPerimeter": 4766.851815933547,
    "statsVertices": 2763,
    "statsLineResolution": 1725.2449569068212,
    "statsVertexDensity": 0.5796278354540984
}