{
    "boundaryCount": 7,
    "statsArea": 451.95081830851615,
    "statsPerimeter": 264.7359385272935,
    "statsVertices": 756,
    "statsLineResolution": 350.17981286679037,
    "statsVertexDensity": 2.855675750733248
}