{"boundaryCount": 7, "boundaryYearSourceLag": null, "statsArea": 451.95081830851615, "statsVertices": 756, "statsLineResolution": 350.17981286679037, "statsVertexDensity": 2.855675750733248, "statsPerimeter": 264.7359385272935}