{
    "boundaryCount": 7,
    "statsArea": 451.1004446616827,
    "statsPerimeter": 258.1472715054203,
    "statsVertices": 498,
    "statsLineResolution": 518.3680150711251,
    "statsVertexDensity": 1.929131371778003
}