{
    "boundaryCount": 8,
    "statsArea": 451.84934663087523,
    "statsPerimeter": 290.7864544149962,
    "statsVertices": 189,
    "statsLineResolution": 1538.5526688624134,
    "statsVertexDensity": 0.6499614996861871
}