{
    "boundaryCount": 9,
    "statsArea": 198317.20991859614,
    "statsPerimeter": 9234.835356487292,
    "statsVertices": 48903,
    "statsLineResolution": 188.83985351588436,
    "statsVertexDensity": 5.295492351755529
}