{
    "boundaryCount": 33,
    "statsArea": 321712.79565761343,
    "statsPerimeter": 19953.015795504365,
    "statsVertices": 62872,
    "statsLineResolution": 317.35932999593405,
    "statsVertexDensity": 3.151002366978818
}