{
    "boundaryCount": 11,
    "statsArea": 787085.2447169707,
    "statsPerimeter": 19496.010884282572,
    "statsVertices": 161801,
    "statsLineResolution": 120.49376013919921,
    "statsVertexDensity": 8.299184944056522
}