{
    "boundaryCount": 1,
    "statsArea": 211055.72414570666,
    "statsPerimeter": 4115.517286602654,
    "statsVertices": 16982,
    "statsLineResolution": 242.3458536451922,
    "statsVertexDensity": 4.126334265508233
}