{
    "boundaryCount": 1,
    "statsArea": 128219.83453173134,
    "statsPerimeter": 3565.7677620373574,
    "statsVertices": 55699,
    "statsLineResolution": 64.01852388799364,
    "statsVertexDensity": 15.620478874983014
}