{
    "boundaryCount": 8,
    "statsArea": 199637.67348948366,
    "statsPerimeter": 8682.173528263504,
    "statsVertices": 8187,
    "statsLineResolution": 1060.4829031713086,
    "statsVertexDensity": 0.9429666400180161
}