{
    "boundaryCount": 310,
    "statsArea": 998484.818283128,
    "statsPerimeter": 44944.87396680884,
    "statsVertices": 81703,
    "statsLineResolution": 550.1006568523658,
    "statsVertexDensity": 1.8178491291428813
}