{
    "boundaryCount": 1,
    "statsArea": 251.9274301054867,
    "statsPerimeter": 438.3493617233819,
    "statsVertices": 1631,
    "statsLineResolution": 268.7611046740539,
    "statsVertexDensity": 3.720776491124981
}