{
    "boundaryCount": 26,
    "statsArea": 70266.24252494184,
    "statsPerimeter": 14972.802758421367,
    "statsVertices": 125428,
    "statsLineResolution": 119.37368656457383,
    "statsVertexDensity": 8.377055520179997
}