{
    "boundaryCount": 26,
    "statsArea": 70366.7663220166,
    "statsPerimeter": 13737.006847623063,
    "statsVertices": 169288,
    "statsLineResolution": 81.14578025390496,
    "statsVertexDensity": 12.323499717064797
}