{"boundaryCount": 26, "boundaryYearSourceLag": null, "statsArea": 70366.7663220166, "statsVertices": 169288, "statsLineResolution": 81.14578025390496, "statsVertexDensity": 12.323499717064797, "statsPerimeter": 13737.006847623063}