{"boundaryCount": 21, "boundaryYearSourceLag": null, "statsArea": 452238.14368950255, "statsVertices": 95639, "statsLineResolution": 173.2403862581783, "statsVertexDensity": 5.7723260816892354, "statsPerimeter": 16568.537301345914}