{
    "boundaryCount": 21,
    "statsArea": 452194.7959991868,
    "statsPerimeter": 16798.245960424912,
    "statsVertices": 97377,
    "statsLineResolution": 172.50732678584174,
    "statsVertexDensity": 5.796855232945812
}