{
    "boundaryCount": 21,
    "statsArea": 452238.14368950255,
    "statsPerimeter": 16707.319749260078,
    "statsVertices": 95639,
    "statsLineResolution": 174.69149352523633,
    "statsVertexDensity": 5.724377185289436
}