{
    "boundaryCount": 6,
    "statsArea": 56829.79778534627,
    "statsPerimeter": 3228.6121587390717,
    "statsVertices": 23578,
    "statsLineResolution": 136.93324958601542,
    "statsVertexDensity": 7.302828224870572
}