{
    "boundaryCount": 6,
    "statsArea": 56829.79778534716,
    "statsPerimeter": 3228.6121587391253,
    "statsVertices": 23578,
    "statsLineResolution": 136.9332495860177,
    "statsVertexDensity": 7.30282822487045
}