{
    "boundaryCount": 1,
    "statsArea": 1024.2546471363692,
    "statsPerimeter": 1952.0877758507063,
    "statsVertices": 6180,
    "statsLineResolution": 315.8718083900819,
    "statsVertexDensity": 3.1658412477414335
}