{
    "boundaryCount": 20,
    "boundaryYearSourceLag": 1,
    "statsArea": 91890.27103112746,
    "statsPerimeter": 9825.367211610203,
    "statsVertices": 16348,
    "statsLineResolution": 601.013409078187,
    "statsVertexDensity": 1.6638563880525798
}