{
    "boundaryCount": 20,
    "statsArea": 29809.647517359146,
    "statsPerimeter": 9825.36589749172,
    "statsVertices": 50518,
    "statsLineResolution": 194.4923769248925,
    "statsVertexDensity": 5.141589690099638
}