{
    "boundaryCount": 1,
    "boundaryYearSourceLag": 1,
    "statsArea": 60.537574629900945,
    "statsPerimeter": 273.77916076469785,
    "statsVertices": 649,
    "statsLineResolution": 421.84770533851747,
    "statsVertexDensity": 2.3705237395982426
}