{
    "boundaryCount": 1,
    "statsArea": 60.54060250283212,
    "statsPerimeter": 273.78215991020846,
    "statsVertices": 4444,
    "statsLineResolution": 61.60714669446636,
    "statsVertexDensity": 16.231883046935877
}