{"boundaryCount": 1, "boundaryYearSourceLag": null, "statsArea": 169.35670734173414, "statsVertices": 7723, "statsLineResolution": 56.617322012090085, "statsVertexDensity": 17.662439063904497, "statsPerimeter": 437.25557789937176}