{
    "boundaryCount": 9,
    "statsArea": 1083684.3158276447,
    "statsPerimeter": 21459.464054131753,
    "statsVertices": 88082,
    "statsLineResolution": 243.63052671523982,
    "statsVertexDensity": 4.104575947368122
}