{
    "boundaryCount": 48,
    "statsArea": 65016.8416834477,
    "statsPerimeter": 11820.537913331145,
    "statsVertices": 36393,
    "statsLineResolution": 324.80251458607825,
    "statsVertexDensity": 3.07879389811492
}