{"boundaryCount": 48, "boundaryYearSourceLag": null, "statsArea": 65016.83986126133, "statsVertices": 30620, "statsLineResolution": 385.3099486825577, "statsVertexDensity": 2.59531321062219, "statsPerimeter": 11798.190628659917}