{
    "boundaryCount": 48,
    "statsArea": 65016.83986126133,
    "statsPerimeter": 11821.338656790947,
    "statsVertices": 30620,
    "statsLineResolution": 386.06592608722883,
    "statsVertexDensity": 2.5902311818475714
}