{
    "boundaryCount": 19,
    "statsArea": 338455.01964131,
    "statsPerimeter": 54048.99175976565,
    "statsVertices": 2519418,
    "statsLineResolution": 21.452967216938855,
    "statsVertexDensity": 46.61359847743668
}