{
    "boundaryCount": 19,
    "statsArea": 338455.0196413115,
    "statsPerimeter": 54048.991759765995,
    "statsVertices": 2519418,
    "statsLineResolution": 21.45296721693899,
    "statsVertexDensity": 46.61359847743638
}