{
    "boundaryCount": 1,
    "statsArea": 24306.127477726925,
    "statsPerimeter": 1455.268062657776,
    "statsVertices": 40827,
    "statsLineResolution": 35.64474643392304,
    "statsVertexDensity": 28.054625156438252
}