{
    "boundaryCount": 433,
    "statsArea": 795247.2743072213,
    "statsPerimeter": 93143.85061287509,
    "statsVertices": 134234,
    "statsLineResolution": 693.89164155784,
    "statsVertexDensity": 1.4411472052825471
}