{
    "boundaryCount": 234,
    "statsArea": 1219709.077196943,
    "statsPerimeter": 104868.47700897433,
    "statsVertices": 1000436,
    "statsLineResolution": 104.82277427938851,
    "statsVertexDensity": 9.5399115972132
}