{"boundaryCount": 234, "boundaryYearSourceLag": null, "statsArea": 1219709.077196943, "statsVertices": 1000436, "statsLineResolution": 104.82253616908142, "statsVertexDensity": 9.539933267660825, "statsPerimeter": 104868.23879485115}