{
    "boundaryCount": 234,
    "statsArea": 1219709.0735048938,
    "statsPerimeter": 104878.36894315862,
    "statsVertices": 1051423,
    "statsLineResolution": 99.74897728426963,
    "statsVertexDensity": 10.025165442550353
}