{
    "boundaryCount": 1,
    "boundaryYearSourceLag": 1,
    "statsArea": 41270.476880315575,
    "statsPerimeter": 1717.161727820919,
    "statsVertices": 2607,
    "statsLineResolution": 658.6734667514073,
    "statsVertexDensity": 1.5182029495313103
}