{
    "boundaryCount": 38,
    "statsArea": 3155052.1068450576,
    "statsPerimeter": 92485.82803883274,
    "statsVertices": 360987,
    "statsLineResolution": 256.20265560486314,
    "statsVertexDensity": 3.903160166857452
}