{
    "boundaryCount": 27,
    "statsArea": 8510250.786821142,
    "statsPerimeter": 94358.98720549354,
    "statsVertices": 142791,
    "statsLineResolution": 660.818869575068,
    "statsVertexDensity": 1.5132739787576563
}