{
    "boundaryCount": 79,
    "statsArea": 43468.504149789514,
    "statsPerimeter": 14623.5911077297,
    "statsVertices": 1163431,
    "statsLineResolution": 12.569366905067598,
    "statsVertexDensity": 79.55850183646318
}