{
    "boundaryCount": 272,
    "boundaryYearSourceLag": 3,
    "statsArea": 188110.81860764264,
    "statsPerimeter": 29191.604748860987,
    "statsVertices": 129065,
    "statsLineResolution": 226.17754425181877,
    "statsVertexDensity": 4.421305409906796
}