{
    "boundaryCount": 3244,
    "statsArea": 9457846.19607207,
    "statsPerimeter": 886360.8639114016,
    "statsVertices": 10050968,
    "statsLineResolution": 88.18661684241773,
    "statsVertexDensity": 11.33958911006778
}