{
    "boundaryCount": 3244,
    "statsArea": 9457846.196072087,
    "statsPerimeter": 886360.8639114012,
    "statsVertices": 10050968,
    "statsLineResolution": 88.18661684241769,
    "statsVertexDensity": 11.339589110067786
}