{
    "boundaryCount": 145,
    "statsArea": 329714.8526049375,
    "statsPerimeter": 39091.816527056275,
    "statsVertices": 100087,
    "statsLineResolution": 390.57836209553966,
    "statsVertexDensity": 2.560305682667053
}