{
    "boundaryCount": 34,
    "statsArea": 244302.12537869622,
    "statsPerimeter": 14500.211402874755,
    "statsVertices": 4223,
    "statsLineResolution": 3433.628084980998,
    "statsVertexDensity": 0.2912371332160554
}