{
    "boundaryCount": 11,
    "statsArea": 311213.46773925,
    "statsPerimeter": 7904.995664358891,
    "statsVertices": 1195,
    "statsLineResolution": 6615.059133354721,
    "statsVertexDensity": 0.1511702283896087
}