{"boundaryCount": 11, "boundaryYearSourceLag": null, "statsArea": 311213.4689255444, "statsVertices": 1195, "statsLineResolution": 6606.287931375217, "statsVertexDensity": 0.15137093786825487, "statsPerimeter": 7894.5140779933845}