{
    "boundaryCount": 11,
    "statsArea": 311213.4689255444,
    "statsPerimeter": 7904.9961428599145,
    "statsVertices": 1195,
    "statsLineResolution": 6615.059533773987,
    "statsVertexDensity": 0.1511702192390528
}