{
    "boundaryCount": 11,
    "statsArea": 787115.7201974347,
    "statsPerimeter": 19496.358227324257,
    "statsVertices": 161848,
    "statsLineResolution": 120.46091534850143,
    "statsVertexDensity": 8.301447794140811
}