{
    "boundaryCount": 1,
    "statsArea": 10684.416646540807,
    "statsPerimeter": 1246.725625984714,
    "statsVertices": 2127,
    "statsLineResolution": 586.1427484648398,
    "statsVertexDensity": 1.7060690465233759
}