{
    "boundaryCount": 78,
    "statsArea": 514627.41524093115,
    "statsPerimeter": 34861.36007901895,
    "statsVertices": 26709,
    "statsLineResolution": 1305.2289520019076,
    "statsVertexDensity": 0.7661491100593809
}