{
    "boundaryCount": 140,
    "boundaryYearSourceLag": 1,
    "statsArea": 26942.35270956602,
    "statsPerimeter": 11098.401652193617,
    "statsVertices": 52782,
    "statsLineResolution": 210.26868349425214,
    "statsVertexDensity": 4.755819950845584
}