{
    "boundaryCount": 1,
    "statsArea": 1652.4397547785325,
    "statsPerimeter": 517.7341024221167,
    "statsVertices": 23079,
    "statsLineResolution": 22.433125457000596,
    "statsVertexDensity": 44.576936099108515
}