{
    "boundaryCount": 1,
    "statsArea": 1652.4397547788467,
    "statsPerimeter": 517.7341024221159,
    "statsVertices": 23079,
    "statsLineResolution": 22.43312545700056,
    "statsVertexDensity": 44.57693609910858
}