{
    "boundaryCount": 1,
    "boundaryYearSourceLag": 1,
    "statsArea": 24.221025319969446,
    "statsPerimeter": 59.486804788952675,
    "statsVertices": 217,
    "statsLineResolution": 274.13274096291553,
    "statsVertexDensity": 3.6478678047992785
}