{
    "boundaryCount": 1,
    "statsArea": 24.22166893904908,
    "statsPerimeter": 59.48747110218136,
    "statsVertices": 1594,
    "statsLineResolution": 37.3196180063873,
    "statsVertexDensity": 26.795558299360103
}