{
    "boundaryCount": 2352,
    "boundaryYearSourceLag": 4,
    "statsArea": 9482753.241612071,
    "statsPerimeter": 653126.3050314557,
    "statsVertices": 6803586,
    "statsLineResolution": 95.99736154308269,
    "statsVertexDensity": 10.416952965433428
}