{"boundaryCount": 1, "boundaryYearSourceLag": null, "statsArea": 198990.45591109927, "statsVertices": 1206, "statsLineResolution": 2945.7235232513053, "statsVertexDensity": 0.33947517209499095, "statsPerimeter": 3552.5425690410743}