{
    "boundaryCount": 1,
    "statsArea": 198990.45591109927,
    "statsPerimeter": 3742.7468172997305,
    "statsVertices": 1206,
    "statsLineResolution": 3103.4384886399093,
    "statsVertexDensity": 0.3222232384049129
}