{"boundaryCount": 1, "boundaryYearSourceLag": null, "statsArea": 2512.6520680838144, "statsVertices": 5208, "statsLineResolution": 53.571753037160036, "statsVertexDensity": 18.666553609069883, "statsPerimeter": 279.00168981752944}