{
    "boundaryCount": 1,
    "statsArea": 2512.6520680838144,
    "statsPerimeter": 279.00168981752944,
    "statsVertices": 5208,
    "statsLineResolution": 53.571753037160036,
    "statsVertexDensity": 18.666553609069883
}