{
    "boundaryCount": 1,
    "statsArea": 15.707990621109483,
    "statsPerimeter": 268.89144441887623,
    "statsVertices": 6572,
    "statsLineResolution": 40.914705480656764,
    "statsVertexDensity": 24.441090025022174
}