{
    "boundaryCount": 1,
    "statsArea": 15.707990620995353,
    "statsPerimeter": 268.8914444188733,
    "statsVertices": 6572,
    "statsLineResolution": 40.914705480656316,
    "statsVertexDensity": 24.44109002502244
}