{
    "boundaryCount": 1,
    "statsArea": 112236.69460143393,
    "statsPerimeter": 2813.1716805679766,
    "statsVertices": 1184,
    "statsLineResolution": 2375.9895950743044,
    "statsVertexDensity": 0.42087726397165764
}