{"boundaryCount": 1, "boundaryYearSourceLag": null, "statsArea": 112236.73140533225, "statsVertices": 1184, "statsLineResolution": 2375.9895688169577, "statsVertexDensity": 0.420877268622823, "statsPerimeter": 2813.1716494792777}