{
    "boundaryCount": 1,
    "statsArea": 72601.13964415019,
    "statsPerimeter": 2752.318432919867,
    "statsVertices": 43583,
    "statsLineResolution": 63.151192733861066,
    "statsVertexDensity": 15.835013666555968
}