{
    "boundaryCount": 1,
    "statsArea": 72601.13917296306,
    "statsPerimeter": 2738.07615919246,
    "statsVertices": 43434,
    "statsLineResolution": 63.03992630640651,
    "statsVertexDensity": 15.862962706198052
}