{
    "boundaryCount": 16,
    "boundaryYearSourceLag": 3,
    "statsArea": 110730.65375823287,
    "statsPerimeter": 23015.013531175562,
    "statsVertices": 385593,
    "statsLineResolution": 59.68732194613378,
    "statsVertexDensity": 16.753976680382365
}