{
    "boundaryCount": 93,
    "boundaryYearSourceLag": 9,
    "statsArea": 48353.11969117986,
    "statsPerimeter": 13281.101415361543,
    "statsVertices": 304502,
    "statsLineResolution": 43.615810127229196,
    "statsVertexDensity": 22.927465913918763
}