{
    "boundaryCount": 4,
    "statsArea": 5716.696796621466,
    "statsPerimeter": 737.6005067701533,
    "statsVertices": 214,
    "statsLineResolution": 3446.7313400474454,
    "statsVertexDensity": 0.2901299525092184
}