{
    "boundaryCount": 4,
    "statsArea": 5716.696796621466,
    "statsPerimeter": 737.6005067701593,
    "statsVertices": 214,
    "statsLineResolution": 3446.7313400474736,
    "statsVertexDensity": 0.290129952509216
}