{
    "boundaryCount": 1,
    "statsArea": 824100.0723623133,
    "statsPerimeter": 5893.0540279243005,
    "statsVertices": 31722,
    "statsLineResolution": 185.77183115580038,
    "statsVertexDensity": 5.382947424151375
}