{
    "boundaryCount": 18,
    "statsArea": 229668.57320754722,
    "statsPerimeter": 13927.897215748228,
    "statsVertices": 65096,
    "statsLineResolution": 213.9593402935392,
    "statsVertexDensity": 4.673785209040469
}