{
    "boundaryCount": 18,
    "statsArea": 229668.57320754728,
    "statsPerimeter": 13927.897215748226,
    "statsVertices": 65096,
    "statsLineResolution": 213.95934029353919,
    "statsVertexDensity": 4.67378520904047
}