{"boundaryCount": 1, "boundaryYearSourceLag": null, "statsArea": 69445.01466845616, "statsVertices": 2394, "statsLineResolution": 1600.0418036912824, "statsVertexDensity": 0.6249836708597292, "statsPerimeter": 3830.5000780369305}