{
    "boundaryCount": 1,
    "statsArea": 69445.01466845616,
    "statsPerimeter": 3830.5000780369305,
    "statsVertices": 2394,
    "statsLineResolution": 1600.0418036912824,
    "statsVertexDensity": 0.6249836708597292
}