{
    "boundaryCount": 246,
    "statsArea": 399657.1994582217,
    "statsPerimeter": 47450.0681215709,
    "statsVertices": 1027233,
    "statsLineResolution": 46.19211816751496,
    "statsVertexDensity": 21.648714968504287
}