{"boundaryCount": 1, "boundaryYearSourceLag": null, "statsArea": 788448.5360396336, "statsVertices": 2335, "statsLineResolution": 3496.2149018416217, "statsVertexDensity": 0.28602360783750813, "statsPerimeter": 8163.661795800187}