{
    "boundaryCount": 1,
    "statsArea": 788448.5360396336,
    "statsPerimeter": 8237.352760276077,
    "statsVertices": 2335,
    "statsLineResolution": 3527.774201403031,
    "statsVertexDensity": 0.2834648542988636
}