{
    "boundaryCount": 1,
    "statsArea": 788448.5360396336,
    "statsPerimeter": 8237.352760276079,
    "statsVertices": 2335,
    "statsLineResolution": 3527.7742014030314,
    "statsVertexDensity": 0.28346485429886353
}