{
    "boundaryCount": 1,
    "statsArea": 85.23115428071594,
    "statsPerimeter": 107.05695732526303,
    "statsVertices": 253,
    "statsLineResolution": 423.1500289536088,
    "statsVertexDensity": 2.3632280079783072
}