{
    "boundaryCount": 32,
    "statsArea": 4060.3817653470096,
    "statsPerimeter": 2381.798480276715,
    "statsVertices": 331374,
    "statsLineResolution": 7.18764441469975,
    "statsVertexDensity": 139.12763936330217
}