{
    "boundaryCount": 87,
    "statsArea": 16995654.790984046,
    "statsPerimeter": 341995.5218771342,
    "statsVertices": 3663221,
    "statsLineResolution": 93.35923818877818,
    "statsVertexDensity": 10.71131276776207
}