{
    "boundaryCount": 87,
    "statsArea": 16995654.790984042,
    "statsPerimeter": 341995.52187713375,
    "statsVertices": 3663221,
    "statsLineResolution": 93.35923818877805,
    "statsVertexDensity": 10.711312767762085
}