{
    "boundaryCount": 1,
    "statsArea": 40035.14625933054,
    "statsPerimeter": 1160.5040959436162,
    "statsVertices": 1512,
    "statsLineResolution": 767.5291639838732,
    "statsVertexDensity": 1.3028820882967926
}