{
    "boundaryCount": 1,
    "boundaryYearSourceLag": 4,
    "statsArea": 295280.47590696474,
    "statsPerimeter": 42948.73227611814,
    "statsVertices": 12959917,
    "statsLineResolution": 3.31396661538173,
    "statsVertexDensity": 301.75319068047156
}