{
    "boundaryCount": 1,
    "boundaryYearSourceLag": 1,
    "statsArea": 72327.70512515488,
    "statsPerimeter": 3293.8304683713573,
    "statsVertices": 6696,
    "statsLineResolution": 491.9101655273831,
    "statsVertexDensity": 2.0328915116602384
}