{
    "boundaryCount": 1,
    "statsArea": 72327.74158884613,
    "statsPerimeter": 3293.1199683175305,
    "statsVertices": 30434,
    "statsLineResolution": 108.20529566660743,
    "statsVertexDensity": 9.241691858419863
}