{
    "boundaryCount": 1,
    "statsArea": 26825.921681415577,
    "statsPerimeter": 1145.937921726338,
    "statsVertices": 10325,
    "statsLineResolution": 110.9867236538826,
    "statsVertexDensity": 9.010086675939256
}