{
    "boundaryCount": 88,
    "statsArea": 11777.509455233312,
    "statsPerimeter": 3600.7339730780886,
    "statsVertices": 25168,
    "statsLineResolution": 143.067942350528,
    "statsVertexDensity": 6.989686044060935
}