{"boundaryCount": 1, "boundaryYearSourceLag": null, "statsArea": 11.937648749714095, "statsVertices": 98, "statsLineResolution": 435.90443997048004, "statsVertexDensity": 2.294080785384341, "statsPerimeter": 42.71863511710704}