{
    "boundaryCount": 1,
    "statsArea": 11.937648749714095,
    "statsPerimeter": 42.71863511710704,
    "statsVertices": 98,
    "statsLineResolution": 435.90443997048004,
    "statsVertexDensity": 2.294080785384341
}