{
    "boundaryCount": 32,
    "boundaryYearSourceLag": 4,
    "statsArea": 1957075.9767087891,
    "statsPerimeter": 71341.81146843493,
    "statsVertices": 646838,
    "statsLineResolution": 110.29316686470945,
    "statsVertexDensity": 9.06674482587525
}