{
    "boundaryCount": 99,
    "boundaryYearSourceLag": 2,
    "statsArea": 83917.73510235867,
    "statsPerimeter": 18168.063090783096,
    "statsVertices": 29196,
    "statsLineResolution": 622.2791851891731,
    "statsVertexDensity": 1.6069957404986954
}