{
    "boundaryCount": 120,
    "statsArea": 207600.94213911056,
    "statsPerimeter": 33480.13206888887,
    "statsVertices": 89762,
    "statsLineResolution": 372.9878129819843,
    "statsVertexDensity": 2.681052745410481
}