{"boundaryCount": 1568, "boundaryYearSourceLag": null, "statsArea": 10238.058037915105, "statsVertices": 438935, "statsLineResolution": 44.25542204650931, "statsVertexDensity": 22.59610130819837, "statsPerimeter": 19425.253675984564}