{
    "boundaryCount": 1568,
    "statsArea": 10238.058037915105,
    "statsPerimeter": 19444.255265075568,
    "statsVertices": 438935,
    "statsLineResolution": 44.29871225825138,
    "statsVertexDensity": 22.574019627709003
}