{
    "boundaryCount": 1565,
    "statsArea": 10238.05687538222,
    "statsPerimeter": 19347.993029417183,
    "statsVertices": 454693,
    "statsLineResolution": 42.55177235940994,
    "statsVertexDensity": 23.50078374065326
}