{
    "boundaryCount": 1,
    "statsArea": 386652.0676135014,
    "statsPerimeter": 65039.42349998044,
    "statsVertices": 2070026,
    "statsLineResolution": 31.41961671011883,
    "statsVertexDensity": 31.827250129309995
}