{
    "boundaryCount": 1,
    "boundaryYearSourceLag": 1,
    "statsArea": 386651.5508505127,
    "statsPerimeter": 65042.85601858925,
    "statsVertices": 264374,
    "statsLineResolution": 246.02591789884502,
    "statsVertexDensity": 4.064612413766731
}