{
    "boundaryCount": 42,
    "boundaryYearSourceLag": 16,
    "statsArea": 27142.506056921455,
    "statsPerimeter": 6930.40029048276,
    "statsVertices": 32486,
    "statsLineResolution": 213.3349840079653,
    "statsVertexDensity": 4.687463730574367
}