{
    "boundaryCount": 3,
    "statsArea": 450.62040561486185,
    "statsPerimeter": 318.43470304139066,
    "statsVertices": 11234,
    "statsLineResolution": 28.345620708687083,
    "statsVertexDensity": 35.27881820889285
}