{
    "boundaryCount": 3,
    "statsArea": 450.6204056140587,
    "statsPerimeter": 318.43470304144245,
    "statsVertices": 11234,
    "statsLineResolution": 28.34562070869169,
    "statsVertexDensity": 35.27881820888711
}