{
    "boundaryCount": 1,
    "statsArea": 10906.88216724658,
    "statsPerimeter": 742.2451459975357,
    "statsVertices": 19147,
    "statsLineResolution": 38.765610591608905,
    "statsVertexDensity": 25.79605956771534
}