{
    "boundaryCount": 1,
    "statsArea": 10906.882167246631,
    "statsPerimeter": 742.2451459975605,
    "statsVertices": 19147,
    "statsLineResolution": 38.7656105916102,
    "statsVertexDensity": 25.79605956771448
}