{
    "boundaryCount": 36,
    "statsArea": 623748.6218926877,
    "statsPerimeter": 94025.14477767468,
    "statsVertices": 374808,
    "statsLineResolution": 250.8621608334792,
    "statsVertexDensity": 3.98625283573075
}