{
    "boundaryCount": 36,
    "boundaryYearSourceLag": 1,
    "statsArea": 3153607.756127319,
    "statsPerimeter": 94025.14915698992,
    "statsVertices": 113682,
    "statsLineResolution": 827.0891535774346,
    "statsVertexDensity": 1.209059501838065
}