{"boundaryCount": 110, "boundaryYearSourceLag": null, "statsArea": 301184.74452981574, "statsVertices": 19348, "statsLineResolution": 1658.7269926722618, "statsVertexDensity": 0.6028719641132555, "statsPerimeter": 32093.04985422292}