{
    "boundaryCount": 110,
    "statsArea": 301184.74452981574,
    "statsPerimeter": 32180.351193033,
    "statsVertices": 19348,
    "statsLineResolution": 1663.2391561418751,
    "statsVertexDensity": 0.6012364465490612
}