{
    "boundaryCount": 404,
    "statsArea": 410270.10306185775,
    "statsPerimeter": 52751.62221253966,
    "statsVertices": 122582,
    "statsLineResolution": 430.3374248465489,
    "statsVertexDensity": 2.3237579217205733
}