{
    "boundaryCount": 30,
    "statsArea": 57331.97723764473,
    "statsPerimeter": 6496.185212608263,
    "statsVertices": 9488,
    "statsLineResolution": 684.6738208904155,
    "statsVertexDensity": 1.4605494901199874
}