{
    "boundaryCount": 16,
    "statsArea": 312701.0366760589,
    "statsPerimeter": 17013.09992270945,
    "statsVertices": 439457,
    "statsLineResolution": 38.7139126756644,
    "statsVertexDensity": 25.830507197186527
}