{
    "boundaryCount": 72,
    "boundaryYearSourceLag": 0,
    "statsArea": 620303.4838547932,
    "statsPerimeter": 35007.89230821844,
    "statsVertices": 49117,
    "statsLineResolution": 712.7449214776644,
    "statsVertexDensity": 1.4030264823589311
}