{
    "boundaryCount": 1,
    "statsArea": 3980.943376693469,
    "statsPerimeter": 1469.7771171903896,
    "statsVertices": 5039,
    "statsLineResolution": 291.68031696574513,
    "statsVertexDensity": 3.4284109754222456
}