{
    "boundaryCount": 58,
    "statsArea": 2309870.9877541093,
    "statsPerimeter": 50745.286047619535,
    "statsVertices": 284846,
    "statsLineResolution": 178.14989870884455,
    "statsVertexDensity": 5.613250455080688
}