{
    "boundaryCount": 58,
    "statsArea": 2309870.9877541093,
    "statsPerimeter": 50745.28604761961,
    "statsVertices": 284846,
    "statsLineResolution": 178.14989870884483,
    "statsVertexDensity": 5.613250455080679
}