{
    "boundaryCount": 32,
    "statsArea": 47934.77787421119,
    "statsPerimeter": 8742.871054681384,
    "statsVertices": 168667,
    "statsLineResolution": 51.83510144059824,
    "statsVertexDensity": 19.2919464264187
}