{
    "boundaryCount": 32,
    "statsArea": 47934.7778742129,
    "statsPerimeter": 8742.871054681658,
    "statsVertices": 168667,
    "statsLineResolution": 51.83510144059987,
    "statsVertexDensity": 19.291946426418093
}