{
    "boundaryCount": 1,
    "statsArea": 231.16068362829273,
    "statsPerimeter": 205.47319955812077,
    "statsVertices": 5176,
    "statsLineResolution": 39.69729512328454,
    "statsVertexDensity": 25.190633187837722
}