{
    "boundaryCount": 1,
    "statsArea": 231.1606836281439,
    "statsPerimeter": 205.47319955813992,
    "statsVertices": 5176,
    "statsLineResolution": 39.69729512328824,
    "statsVertexDensity": 25.190633187835374
}