{
    "boundaryCount": 18,
    "boundaryYearSourceLag": 0,
    "statsArea": 436269.2618935326,
    "statsPerimeter": 13746.607660469712,
    "statsVertices": 9502,
    "statsLineResolution": 1446.7067628362147,
    "statsVertexDensity": 0.6912250814667772
}