{
    "boundaryCount": 1,
    "statsArea": 910239.7268479023,
    "statsPerimeter": 5842.783985747342,
    "statsVertices": 49524,
    "statsLineResolution": 117.97883825513573,
    "statsVertexDensity": 8.47609634735888
}