{
    "boundaryCount": 1,
    "statsArea": 910239.7268479028,
    "statsPerimeter": 5842.783985747366,
    "statsVertices": 49524,
    "statsLineResolution": 117.97883825513622,
    "statsVertexDensity": 8.476096347358844
}