{
    "boundaryCount": 42,
    "statsArea": 26928.3912453675,
    "statsPerimeter": 7078.4596572766795,
    "statsVertices": 89629,
    "statsLineResolution": 78.97510467902889,
    "statsVertexDensity": 12.662218101061168
}