{
    "boundaryCount": 42,
    "statsArea": 26928.391245367395,
    "statsPerimeter": 7078.459657276702,
    "statsVertices": 89629,
    "statsLineResolution": 78.97510467902913,
    "statsVertexDensity": 12.662218101061127
}