{
    "boundaryCount": 1,
    "statsArea": 344888.67673587555,
    "statsPerimeter": 4387.7081227317785,
    "statsVertices": 1345,
    "statsLineResolution": 3262.236522477159,
    "statsVertexDensity": 0.3065381657981857
}