{
    "boundaryCount": 1,
    "statsArea": 344043.5949207506,
    "statsPerimeter": 4233.157701046827,
    "statsVertices": 1056,
    "statsLineResolution": 4008.672065385253,
    "statsVertexDensity": 0.24945916844507338
}