{
    "boundaryCount": 1,
    "statsArea": 344022.0636065734,
    "statsPerimeter": 4193.071725516263,
    "statsVertices": 577,
    "statsLineResolution": 7267.022054620906,
    "statsVertexDensity": 0.13760794896227493
}