{
    "boundaryCount": 333,
    "statsArea": 452868.3099692643,
    "statsPerimeter": 47148.77744381653,
    "statsVertices": 117405,
    "statsLineResolution": 401.5908815111497,
    "statsVertexDensity": 2.4900963792730844
}