{
    "boundaryCount": 333,
    "statsArea": 452868.30996926053,
    "statsPerimeter": 47148.777443816434,
    "statsVertices": 117405,
    "statsLineResolution": 401.59088151114884,
    "statsVertexDensity": 2.4900963792730892
}