{
    "boundaryCount": 1,
    "statsArea": 1956765.9095438786,
    "statsPerimeter": 15757.726727370908,
    "statsVertices": 2146,
    "statsLineResolution": 7342.836312847581,
    "statsVertexDensity": 0.1361871567598919
}