{
    "boundaryCount": 1,
    "statsArea": 1957847.0583915883,
    "statsPerimeter": 19239.857180519575,
    "statsVertices": 7419,
    "statsLineResolution": 2593.3221701738203,
    "statsVertexDensity": 0.3856057729738121
}