{
    "boundaryCount": 1,
    "statsArea": 1957528.726627392,
    "statsPerimeter": 16513.818874832916,
    "statsVertices": 4134,
    "statsLineResolution": 3994.6344641589053,
    "statsVertexDensity": 0.25033579642200277
}