{
    "boundaryCount": 1,
    "statsArea": 325.02697550288093,
    "statsPerimeter": 183.49563012488665,
    "statsVertices": 2786,
    "statsLineResolution": 65.86347097088537,
    "statsVertexDensity": 15.182922874533064
}