{
    "boundaryCount": 1,
    "boundaryYearSourceLag": 0,
    "statsArea": 2330346.52918323,
    "statsPerimeter": 10196.291565075304,
    "statsVertices": 13476,
    "statsLineResolution": 756.6259695069238,
    "statsVertexDensity": 1.321656988130711
}