{
    "boundaryCount": 1,
    "boundaryYearSourceLag": 2,
    "statsArea": 8970.473756750085,
    "statsPerimeter": 1356.2408181686476,
    "statsVertices": 24905,
    "statsLineResolution": 54.4565676839449,
    "statsVertexDensity": 18.36325796006464
}