{
    "boundaryCount": 18,
    "statsArea": 224529.38936062373,
    "statsPerimeter": 23321.994412583812,
    "statsVertices": 671612,
    "statsLineResolution": 34.72539861197211,
    "statsVertexDensity": 28.797365616279343
}