{
    "boundaryCount": 18,
    "boundaryYearSourceLag": 1,
    "statsArea": 269585.0164854847,
    "statsPerimeter": 23321.967948194924,
    "statsVertices": 259394,
    "statsLineResolution": 89.90943486817322,
    "statsVertexDensity": 11.122303254004626
}