{
    "boundaryCount": 14,
    "boundaryYearSourceLag": 1,
    "statsArea": 195196.51735865817,
    "statsPerimeter": 12213.962992800665,
    "statsVertices": 14021,
    "statsLineResolution": 871.1192491834153,
    "statsVertexDensity": 1.147948459338256
}