{
    "boundaryCount": 14,
    "statsArea": 35459.42555989198,
    "statsPerimeter": 12213.960338517727,
    "statsVertices": 48946,
    "statsLineResolution": 249.53949941808784,
    "statsVertexDensity": 4.007381606246483
}