{
    "boundaryCount": 1,
    "statsArea": 141185.19454739863,
    "statsPerimeter": 4159.3446704687385,
    "statsVertices": 15903,
    "statsLineResolution": 261.5446563836218,
    "statsVertexDensity": 3.823438849131925
}