{
    "boundaryCount": 1,
    "statsArea": 141185.19454739938,
    "statsPerimeter": 4159.344670468722,
    "statsVertices": 15903,
    "statsLineResolution": 261.5446563836208,
    "statsVertexDensity": 3.82343884913194
}