{
    "boundaryCount": 61,
    "statsArea": 28669.98500235956,
    "statsPerimeter": 7088.35726889492,
    "statsVertices": 32207,
    "statsLineResolution": 220.08747380677866,
    "statsVertexDensity": 4.543647953712849
}