{
    "boundaryCount": 11,
    "statsArea": 202042.16099324593,
    "statsPerimeter": 22121.08595001318,
    "statsVertices": 139547,
    "statsLineResolution": 158.52068442899653,
    "statsVertexDensity": 6.308325021444838
}