{
    "boundaryCount": 11,
    "boundaryYearSourceLag": 1,
    "statsArea": 786261.6371322133,
    "statsPerimeter": 22121.089866739796,
    "statsVertices": 33449,
    "statsLineResolution": 661.3378536500283,
    "statsVertexDensity": 1.5120864388464108
}