{
    "boundaryCount": 74,
    "statsArea": 635478.1994312587,
    "statsPerimeter": 29578.622827666106,
    "statsVertices": 80432,
    "statsLineResolution": 367.7469518060735,
    "statsVertexDensity": 2.719261152509394
}