{
    "boundaryCount": 74,
    "statsArea": 635478.1994312603,
    "statsPerimeter": 29578.62282766615,
    "statsVertices": 80432,
    "statsLineResolution": 367.74695180607404,
    "statsVertexDensity": 2.71926115250939
}