{
    "boundaryCount": 345,
    "boundaryYearSourceLag": 0,
    "statsArea": 754774.4085523804,
    "statsPerimeter": 156596.31174890994,
    "statsVertices": 3990788,
    "statsLineResolution": 39.2394463822458,
    "statsVertexDensity": 25.48455934517104
}