{
    "boundaryCount": 14,
    "statsArea": 186499.85065227613,
    "statsPerimeter": 8026.494297963416,
    "statsVertices": 18657,
    "statsLineResolution": 430.2135551248012,
    "statsVertexDensity": 2.3244269923338625
}