{
    "boundaryCount": 14,
    "statsArea": 186499.85065227625,
    "statsPerimeter": 8026.494297963356,
    "statsVertices": 18657,
    "statsLineResolution": 430.21355512479795,
    "statsVertexDensity": 2.32442699233388
}