{
    "boundaryCount": 1,
    "statsArea": 784.7813220274361,
    "statsPerimeter": 472.03145528449517,
    "statsVertices": 23697,
    "statsLineResolution": 19.9194604922351,
    "statsVertexDensity": 50.2021628743316
}