{
    "boundaryCount": 1,
    "statsArea": 1128902.3948428945,
    "statsPerimeter": 5933.940437387528,
    "statsVertices": 26457,
    "statsLineResolution": 224.28621678147667,
    "statsVertexDensity": 4.458588736972214
}