{
    "boundaryCount": 15,
    "statsArea": 95711.09483427196,
    "statsPerimeter": 7063.1618352675405,
    "statsVertices": 5762,
    "statsLineResolution": 1225.8177430176224,
    "statsVertexDensity": 0.8157819591828375
}