{
    "boundaryCount": 1,
    "statsArea": 2.0870244659936454,
    "statsPerimeter": 15.832679255424317,
    "statsVertices": 881,
    "statsLineResolution": 17.97125908674724,
    "statsVertexDensity": 55.644403943708205
}