{
    "boundaryCount": 13,
    "statsArea": 1038324.150351084,
    "statsPerimeter": 17421.479245523016,
    "statsVertices": 27370,
    "statsLineResolution": 636.5173272021563,
    "statsVertexDensity": 1.5710491407917362
}