{
    "boundaryCount": 13,
    "statsArea": 1038324.1503510836,
    "statsPerimeter": 17421.479245523118,
    "statsVertices": 27370,
    "statsLineResolution": 636.5173272021599,
    "statsVertexDensity": 1.571049140791727
}