{
    "boundaryCount": 1,
    "statsArea": 437156.30657301337,
    "statsPerimeter": 3856.4018795045063,
    "statsVertices": 12261,
    "statsLineResolution": 314.5258852870489,
    "statsVertexDensity": 3.1793885552133814
}