{
    "boundaryCount": 1,
    "boundaryYearSourceLag": 1,
    "statsArea": 28480.869489038516,
    "statsPerimeter": 9684.762843668404,
    "statsVertices": 26280,
    "statsLineResolution": 368.522178221781,
    "statsVertexDensity": 2.713540891420077
}