{
    "boundaryCount": 1,
    "statsArea": 28480.9763451799,
    "statsPerimeter": 9684.827886367146,
    "statsVertices": 170651,
    "statsLineResolution": 56.75224807570507,
    "statsVertexDensity": 17.62044736388315
}