{
    "boundaryCount": 77,
    "statsArea": 514961.7339101534,
    "statsPerimeter": 46009.16323710955,
    "statsVertices": 502777,
    "statsLineResolution": 91.51007949271656,
    "statsVertexDensity": 10.927757964406444
}