{
    "boundaryCount": 1,
    "statsArea": 263132.88810369564,
    "statsPerimeter": 3692.1101467151007,
    "statsVertices": 26234,
    "statsLineResolution": 140.7375980298506,
    "statsVertexDensity": 7.105421820456954
}