{
    "boundaryCount": 1,
    "statsArea": 263132.88810369524,
    "statsPerimeter": 3692.110146715111,
    "statsVertices": 26234,
    "statsLineResolution": 140.737598029851,
    "statsVertexDensity": 7.105421820456933
}