{
    "boundaryCount": 16,
    "statsArea": 591745.1821477738,
    "statsPerimeter": 15250.966669666726,
    "statsVertices": 2675,
    "statsLineResolution": 5701.29595127728,
    "statsVertexDensity": 0.1753987178609745
}