{
    "boundaryCount": 27,
    "statsArea": 598898.9844695379,
    "statsPerimeter": 31145.161425951468,
    "statsVertices": 71188,
    "statsLineResolution": 437.5057794284356,
    "statsVertexDensity": 2.2856840915482666
}