{
    "boundaryCount": 9,
    "statsArea": 3766.7873761929727,
    "statsPerimeter": 6907.3327701886665,
    "statsVertices": 187045,
    "statsLineResolution": 36.928721805921924,
    "statsVertexDensity": 27.079193405487405
}