{
    "boundaryCount": 9,
    "boundaryYearSourceLag": 1,
    "statsArea": 33741.36416278114,
    "statsPerimeter": 6907.326802656986,
    "statsVertices": 83796,
    "statsLineResolution": 82.43026877961938,
    "statsVertexDensity": 12.131465962746525
}