{"boundaryCount": 168, "boundaryYearSourceLag": null, "statsArea": 110730.65375823285, "statsVertices": 389812, "statsLineResolution": 89.33682921266468, "statsVertexDensity": 11.193591812168735, "statsPerimeter": 34824.56806904724}