{
    "boundaryCount": 168,
    "statsArea": 110730.64978192566,
    "statsPerimeter": 34837.85836983086,
    "statsVertices": 393178,
    "statsLineResolution": 88.60581815317961,
    "statsVertexDensity": 11.285940594456493
}