{
    "boundaryCount": 47,
    "boundaryYearSourceLag": 0,
    "statsArea": 378255.10785061505,
    "statsPerimeter": 37951.305307149996,
    "statsVertices": 70653,
    "statsLineResolution": 537.1506561242976,
    "statsVertexDensity": 1.8616750972907652
}