{
    "boundaryCount": 2,
    "statsArea": 350.62431312615774,
    "statsPerimeter": 453.96759096941213,
    "statsVertices": 17854,
    "statsLineResolution": 25.4266601864799,
    "statsVertexDensity": 39.328798696563744
}