{
    "boundaryCount": 2,
    "statsArea": 350.6243131266198,
    "statsPerimeter": 453.96759096942736,
    "statsVertices": 17854,
    "statsLineResolution": 25.426660186480753,
    "statsVertexDensity": 39.32879869656243
}