{
    "boundaryCount": 53,
    "statsArea": 17357.16728490364,
    "statsPerimeter": 4596.462426258791,
    "statsVertices": 7662,
    "statsLineResolution": 599.9037361340108,
    "statsVertexDensity": 1.666934109202835
}