{"boundaryCount": 20, "boundaryYearSourceLag": null, "statsArea": 300755.0632791868, "statsVertices": 300445, "statsLineResolution": 76.38403509964427, "statsVertexDensity": 13.091740946854708, "statsPerimeter": 22949.20142551262}