{
    "boundaryCount": 20,
    "statsArea": 300755.0632791868,
    "statsPerimeter": 22990.05314271333,
    "statsVertices": 300445,
    "statsLineResolution": 76.52000580044043,
    "statsVertexDensity": 13.068477838435346
}