{
    "boundaryCount": 20,
    "statsArea": 300755.06201057177,
    "statsPerimeter": 23085.887275781242,
    "statsVertices": 307173,
    "statsLineResolution": 75.15597814840902,
    "statsVertexDensity": 13.305661434215118
}