{"boundaryCount": 155, "boundaryYearSourceLag": null, "statsArea": 48092.09234044706, "statsVertices": 102437, "statsLineResolution": 143.7074172983561, "statsVertexDensity": 6.95858306272295, "statsPerimeter": 14720.956705791705}