{
    "boundaryCount": 155,
    "statsArea": 48092.054259532226,
    "statsPerimeter": 14767.639135072332,
    "statsVertices": 107448,
    "statsLineResolution": 137.43986984469075,
    "statsVertexDensity": 7.275909102140565
}