{
    "boundaryCount": 155,
    "statsArea": 48092.09234044706,
    "statsPerimeter": 14767.717909050043,
    "statsVertices": 102437,
    "statsLineResolution": 144.1639047321773,
    "statsVertexDensity": 6.936549074872559
}