{
    "boundaryCount": 28,
    "statsArea": 110975.11936309809,
    "statsPerimeter": 12733.195388303302,
    "statsVertices": 124976,
    "statsLineResolution": 101.8851250504361,
    "statsVertexDensity": 9.814975439299612
}