{
    "boundaryCount": 28,
    "statsArea": 110975.11936309788,
    "statsPerimeter": 12733.195388303147,
    "statsVertices": 124976,
    "statsLineResolution": 101.88512505043487,
    "statsVertexDensity": 9.814975439299731
}