{
    "boundaryCount": 1,
    "statsArea": 41.72560257556038,
    "statsPerimeter": 258.4875581408837,
    "statsVertices": 3834,
    "statsLineResolution": 67.41981172167024,
    "statsVertexDensity": 14.83243536971459
}