{
    "boundaryCount": 1,
    "statsArea": 41.72576713668783,
    "statsPerimeter": 258.48922280643245,
    "statsVertices": 3834,
    "statsLineResolution": 67.42024590673773,
    "statsVertexDensity": 14.832339849120363
}