{"boundaryCount": 1, "boundaryYearSourceLag": null, "statsArea": 41.72560257556038, "statsVertices": 3834, "statsLineResolution": 67.41981172167024, "statsVertexDensity": 14.83243536971459, "statsPerimeter": 258.4875581408837}