{
    "boundaryCount": 1,
    "statsArea": 34090.0478607492,
    "statsPerimeter": 3925.5816114797217,
    "statsVertices": 12631,
    "statsLineResolution": 310.78945542551827,
    "statsVertexDensity": 3.2176123820894986
}