{
    "boundaryCount": 17465,
    "boundaryYearSourceLag": 10,
    "statsArea": 592192.5818008303,
    "statsPerimeter": 393070.331293326,
    "statsVertices": 1692102,
    "statsLineResolution": 232.29706678044585,
    "statsVertexDensity": 4.304832660436233
}