{
    "boundaryCount": 1,
    "statsArea": 1622510.186686936,
    "statsPerimeter": 8405.368456307173,
    "statsVertices": 2728,
    "statsLineResolution": 3081.146794834008,
    "statsVertexDensity": 0.3245544813627984
}