{
    "boundaryCount": 1,
    "statsArea": 1622510.178280155,
    "statsPerimeter": 8405.366852730838,
    "statsVertices": 2728,
    "statsLineResolution": 3081.146207012771,
    "statsVertexDensity": 0.3245545432813196
}