{
    "boundaryCount": 56,
    "statsArea": 9495750.4104493,
    "statsPerimeter": 261285.23244047246,
    "statsVertices": 7421601,
    "statsLineResolution": 35.20604684090029,
    "statsVertexDensity": 28.40421148443907
}