{
    "boundaryCount": 56,
    "statsArea": 9495750.410449315,
    "statsPerimeter": 261285.2324404728,
    "statsVertices": 7421601,
    "statsLineResolution": 35.20604684090034,
    "statsVertexDensity": 28.40421148443903
}