{
    "boundaryCount": 1,
    "statsArea": 9412882.54805463,
    "statsPerimeter": 61996.5694946032,
    "statsVertices": 640513,
    "statsLineResolution": 96.79205495376863,
    "statsVertexDensity": 10.33142648410178
}