{
    "boundaryCount": 1,
    "boundaryYearSourceLag": 1,
    "statsArea": 9412881.910024662,
    "statsPerimeter": 61996.51243689132,
    "statsVertices": 114703,
    "statsLineResolution": 540.4959978107923,
    "statsVertexDensity": 1.8501524600558892
}