{
    "boundaryCount": 1,
    "statsArea": 48313.868704795736,
    "statsPerimeter": 1414.6721120338593,
    "statsVertices": 302,
    "statsLineResolution": 4684.344741833971,
    "statsVertexDensity": 0.21347702936323368
}