{
    "boundaryCount": 1,
    "statsArea": 48417.51852563365,
    "statsPerimeter": 1454.9489415667972,
    "statsVertices": 473,
    "statsLineResolution": 3076.0019906274783,
    "statsVertexDensity": 0.32509731887267357
}