{
    "boundaryCount": 1,
    "statsArea": 48439.79010899443,
    "statsPerimeter": 1552.9982942837923,
    "statsVertices": 580,
    "statsLineResolution": 2677.5832660065385,
    "statsVertexDensity": 0.37347111206421696
}