{
    "boundaryCount": 6,
    "statsArea": 12296.604515874578,
    "statsPerimeter": 2262.149363310392,
    "statsVertices": 1015,
    "statsLineResolution": 2228.718584542258,
    "statsVertexDensity": 0.4486883211436869
}