{
    "boundaryCount": 1,
    "statsArea": 300.2830240947809,
    "statsPerimeter": 2444.3706092777766,
    "statsVertices": 34314,
    "statsLineResolution": 71.23537358739222,
    "statsVertexDensity": 14.037969475561052
}