{
    "boundaryCount": 4713,
    "statsArea": 43468.504137526375,
    "statsPerimeter": 72352.53944688811,
    "statsVertices": 1796149,
    "statsLineResolution": 40.282036427316505,
    "statsVertexDensity": 24.82496141436059
}