{
    "boundaryCount": 3,
    "statsArea": 1672.2272284587732,
    "statsPerimeter": 342.26719383598083,
    "statsVertices": 127,
    "statsLineResolution": 2695.0172742990617,
    "statsVertexDensity": 0.37105513554086095
}