{
    "boundaryCount": 1,
    "statsArea": 1564910.6960437328,
    "statsPerimeter": 8131.710703646228,
    "statsVertices": 22616,
    "statsLineResolution": 359.55565544951486,
    "statsVertexDensity": 2.7812105993710614
}