{
    "boundaryCount": 1,
    "statsArea": 56863.4773412538,
    "statsPerimeter": 1652.1104284988155,
    "statsVertices": 486,
    "statsLineResolution": 3399.4041738658757,
    "statsVertexDensity": 0.29416919814591463
}