{
    "boundaryCount": 30,
    "boundaryYearSourceLag": 8,
    "statsArea": 92105.49578994344,
    "statsPerimeter": 10991.624402605807,
    "statsVertices": 18314,
    "statsLineResolution": 600.1760621713338,
    "statsVertexDensity": 1.6661777485462717
}