{
    "boundaryCount": 1,
    "statsArea": 5894.864501425849,
    "statsPerimeter": 725.4031034800395,
    "statsVertices": 3335,
    "statsLineResolution": 217.51217495653358,
    "statsVertexDensity": 4.5974437991796755
}