{
    "boundaryCount": 26,
    "statsArea": 69943.9858088657,
    "statsPerimeter": 16132.310715720112,
    "statsVertices": 502443,
    "statsLineResolution": 32.107742999146396,
    "statsVertexDensity": 31.145135303549228
}