{
    "boundaryCount": 26,
    "statsArea": 69943.98580886364,
    "statsPerimeter": 16132.310715720405,
    "statsVertices": 502443,
    "statsLineResolution": 32.10774299914698,
    "statsVertexDensity": 31.145135303548663
}