{
    "boundaryCount": 34,
    "statsArea": 643838.7315651287,
    "statsPerimeter": 24475.2702487252,
    "statsVertices": 18736,
    "statsLineResolution": 1306.3231345391332,
    "statsVertexDensity": 0.7655073798817755
}