{"boundaryCount": 34, "boundaryYearSourceLag": null, "statsArea": 643859.325186457, "statsVertices": 21130, "statsLineResolution": 1162.3798798403218, "statsVertexDensity": 0.8603039482560312, "statsPerimeter": 24561.086861026}