{
    "boundaryCount": 1,
    "statsArea": 239473.29428959062,
    "statsPerimeter": 2787.5953854855875,
    "statsVertices": 4368,
    "statsLineResolution": 638.1857567503635,
    "statsVertexDensity": 1.5669418964973327
}