{
    "boundaryCount": 8,
    "boundaryYearSourceLag": 1,
    "statsArea": 297.58766741871136,
    "statsPerimeter": 1965.148307001775,
    "statsVertices": 32310,
    "statsLineResolution": 60.82167462091535,
    "statsVertexDensity": 16.441507180338636
}