{
    "boundaryCount": 8,
    "statsArea": 292.48285798114813,
    "statsPerimeter": 1965.20190417724,
    "statsVertices": 105753,
    "statsLineResolution": 18.582942367377193,
    "statsVertexDensity": 53.812791334677144
}