{
    "boundaryCount": 12,
    "statsArea": 343276.34175243496,
    "statsPerimeter": 11621.163025435993,
    "statsVertices": 18758,
    "statsLineResolution": 619.5310281179227,
    "statsVertexDensity": 1.6141241594273437
}