{
    "boundaryCount": 12,
    "statsArea": 343276.3417524352,
    "statsPerimeter": 11621.163025436002,
    "statsVertices": 18758,
    "statsLineResolution": 619.5310281179231,
    "statsVertexDensity": 1.6141241594273426
}