{
    "boundaryCount": 166,
    "statsArea": 241440.00185672104,
    "statsPerimeter": 39642.707374333746,
    "statsVertices": 488460,
    "statsLineResolution": 81.15855417912162,
    "statsVertexDensity": 12.321560063686475
}