{"boundaryCount": 166, "boundaryYearSourceLag": null, "statsArea": 241440.06915681015, "statsVertices": 452501, "statsLineResolution": 82.387649411537, "statsVertexDensity": 12.137741604993126, "statsPerimeter": 37280.4937463699}