{
    "boundaryCount": 166,
    "statsArea": 241440.06915681015,
    "statsPerimeter": 39648.90655780227,
    "statsVertices": 452501,
    "statsLineResolution": 87.62169930630489,
    "statsVertexDensity": 11.412698086397922
}