{
    "boundaryCount": 25,
    "statsArea": 66291.11146876759,
    "statsPerimeter": 7789.193773065628,
    "statsVertices": 3109,
    "statsLineResolution": 2505.369499216992,
    "statsVertexDensity": 0.3991427213880156
}