{"boundaryCount": 25, "boundaryYearSourceLag": null, "statsArea": 66291.14495637214, "statsVertices": 3109, "statsLineResolution": 2505.3617534313744, "statsVertexDensity": 0.39914395541098513, "statsPerimeter": 7789.169691418143}