{
    "boundaryCount": 1,
    "statsArea": 83710.79038265844,
    "statsPerimeter": 1337.5775436495273,
    "statsVertices": 191,
    "statsLineResolution": 7003.02378874098,
    "statsVertexDensity": 0.14279545952817366
}