{
    "boundaryCount": 1,
    "statsArea": 83625.42211197528,
    "statsPerimeter": 1365.1687127131984,
    "statsVertices": 336,
    "statsLineResolution": 4063.002121170233,
    "statsVertexDensity": 0.24612342553047406
}