{
    "boundaryCount": 4,
    "statsArea": 687.9612939231937,
    "statsPerimeter": 1084.5181521111037,
    "statsVertices": 46528,
    "statsLineResolution": 23.3089355250839,
    "statsVertexDensity": 42.90200206370859
}