{
    "boundaryCount": 1,
    "statsArea": 2853.3588327395137,
    "statsPerimeter": 525.7100321337717,
    "statsVertices": 8629,
    "statsLineResolution": 60.92363334497296,
    "statsVertexDensity": 16.413991502076325
}