{
    "boundaryCount": 1,
    "statsArea": 1117.98246930872,
    "statsPerimeter": 497.4104922993215,
    "statsVertices": 9319,
    "statsLineResolution": 53.37595152906122,
    "statsVertexDensity": 18.73502900375532
}