{"boundaryCount": 1, "boundaryYearSourceLag": null, "statsArea": 1117.98246930872, "statsVertices": 9319, "statsLineResolution": 53.37595152906122, "statsVertexDensity": 18.73502900375532, "statsPerimeter": 497.4104922993215}