{
    "boundaryCount": 23,
    "statsArea": 109009.14106195747,
    "statsPerimeter": 8803.658657743938,
    "statsVertices": 20039,
    "statsLineResolution": 439.32624670612,
    "statsVertexDensity": 2.276212740526139
}