{
    "boundaryCount": 30,
    "statsArea": 940576.0543297081,
    "statsPerimeter": 32602.25003216883,
    "statsVertices": 201359,
    "statsLineResolution": 161.91106447771807,
    "statsVertexDensity": 6.176230162069118
}