{"boundaryCount": 30, "boundaryYearSourceLag": null, "statsArea": 940576.0543297081, "statsVertices": 201359, "statsLineResolution": 161.17415681528684, "statsVertexDensity": 6.204468630452008, "statsPerimeter": 32453.867042169342}