{
    "boundaryCount": 31,
    "statsArea": 940576.119218556,
    "statsPerimeter": 32764.982904572298,
    "statsVertices": 202123,
    "statsLineResolution": 162.10417866631852,
    "statsVertexDensity": 6.1688724388680845
}