{
    "boundaryCount": 1,
    "statsArea": 142285.6963717501,
    "statsPerimeter": 9323.674985446332,
    "statsVertices": 132248,
    "statsLineResolution": 70.50144414619754,
    "statsVertexDensity": 14.184106611012371
}