{
    "boundaryCount": 1,
    "statsArea": 142285.69637174855,
    "statsPerimeter": 9323.674985446421,
    "statsVertices": 132248,
    "statsLineResolution": 70.50144414619821,
    "statsVertexDensity": 14.184106611012236
}