{
    "boundaryCount": 68,
    "statsArea": 267904.56656054175,
    "statsPerimeter": 37886.81508540078,
    "statsVertices": 1158774,
    "statsLineResolution": 32.69560335785993,
    "statsVertexDensity": 30.585152047961913
}