{"boundaryCount": 77, "boundaryYearSourceLag": 0, "statsArea": 267904.533497685, "statsVertices": 1085637, "statsLineResolution": 35.680806798344705, "statsVertexDensity": 28.026272097815678, "statsPerimeter": 38736.404050134544}