{
    "boundaryCount": 77,
    "statsArea": 267904.533497685,
    "statsPerimeter": 38916.46200223868,
    "statsVertices": 1085637,
    "statsLineResolution": 35.846661455199744,
    "statsVertexDensity": 27.89660067088186
}