{
    "boundaryCount": 30,
    "boundaryYearSourceLag": 2,
    "statsArea": 24306.127477726382,
    "statsPerimeter": 5563.967093178257,
    "statsVertices": 181963,
    "statsLineResolution": 30.577464062354746,
    "statsVertexDensity": 32.703823899874806
}