{
    "boundaryCount": 1,
    "statsArea": 78907.59893183684,
    "statsPerimeter": 2117.3440949776027,
    "statsVertices": 5783,
    "statsLineResolution": 366.13247362573105,
    "statsVertexDensity": 2.7312518611015717
}