{"boundaryCount": 21, "boundaryYearSourceLag": null, "statsArea": 336940.1018694312, "statsVertices": 207042, "statsLineResolution": 143.99312255913492, "statsVertexDensity": 6.94477612699399, "statsPerimeter": 29812.624080888414}