{
    "boundaryCount": 21,
    "statsArea": 336940.10158410564,
    "statsPerimeter": 29828.253933726333,
    "statsVertices": 215935,
    "statsLineResolution": 138.13533671580026,
    "statsVertexDensity": 7.23927724632402
}