{
    "boundaryCount": 21,
    "statsArea": 336940.1018694312,
    "statsPerimeter": 29818.638572429125,
    "statsVertices": 207042,
    "statsLineResolution": 144.02217217969843,
    "statsVertexDensity": 6.943375348847581
}