{"boundaryCount": 8, "boundaryYearSourceLag": null, "statsArea": 48457.7512342864, "statsVertices": 3532, "statsLineResolution": 1032.2717086280234, "statsVertexDensity": 0.9687371954900176, "statsPerimeter": 3645.9836748741786}