{
    "boundaryCount": 8,
    "statsArea": 48457.7512342864,
    "statsPerimeter": 3645.9836748741786,
    "statsVertices": 3532,
    "statsLineResolution": 1032.2717086280234,
    "statsVertexDensity": 0.9687371954900176
}