{
    "boundaryCount": 1,
    "statsArea": 912498.1621751494,
    "statsPerimeter": 12085.765655726802,
    "statsVertices": 50546,
    "statsLineResolution": 239.10429422163577,
    "statsVertexDensity": 4.18227536755596
}