{
    "boundaryCount": 4,
    "statsArea": 17357.167302218448,
    "statsPerimeter": 1358.4367548345658,
    "statsVertices": 2159,
    "statsLineResolution": 629.1972000160101,
    "statsVertexDensity": 1.589326843753524
}