{
    "boundaryCount": 1,
    "statsArea": 228113.97485048883,
    "statsPerimeter": 4388.59563613588,
    "statsVertices": 1761,
    "statsLineResolution": 2492.104279463873,
    "statsVertexDensity": 0.40126731784078085
}