{
    "boundaryCount": 1,
    "statsArea": 228113.97399123502,
    "statsPerimeter": 4388.5964321636875,
    "statsVertices": 1761,
    "statsLineResolution": 2492.1047314955636,
    "statsVertexDensity": 0.40126724505670325
}