{
    "boundaryCount": 1,
    "statsArea": 1252394.0205590958,
    "statsPerimeter": 7952.199978566122,
    "statsVertices": 18157,
    "statsLineResolution": 437.9688262689939,
    "statsVertexDensity": 2.2832675296068103
}