{
    "boundaryCount": 78,
    "boundaryYearSourceLag": 2,
    "statsArea": 8970.473756750076,
    "statsPerimeter": 4855.9798855065455,
    "statsVertices": 31117,
    "statsLineResolution": 156.05552866621284,
    "statsVertexDensity": 6.407975472236552
}