{
    "boundaryCount": 1,
    "statsArea": 9464228.290040951,
    "statsPerimeter": 78748.72085097617,
    "statsVertices": 35981,
    "statsLineResolution": 2188.6195728572347,
    "statsVertexDensity": 0.45690900894873365
}