{"boundaryCount": 1, "boundaryYearSourceLag": null, "statsArea": 9464330.06777406, "statsVertices": 36018, "statsLineResolution": 2187.840801500207, "statsVertexDensity": 0.45707164767852304, "statsPerimeter": 78801.64998843445}