{
    "boundaryCount": 1,
    "statsArea": 9464330.06777406,
    "statsPerimeter": 78801.64998843445,
    "statsVertices": 36018,
    "statsLineResolution": 2187.840801500207,
    "statsVertexDensity": 0.45707164767852304
}