{
    "boundaryCount": 1,
    "statsArea": 448209.83678569284,
    "statsPerimeter": 6932.362699005822,
    "statsVertices": 15871,
    "statsLineResolution": 436.79432291637715,
    "statsVertexDensity": 2.289407044769322
}