{
    "boundaryCount": 1,
    "statsArea": 448209.8367856931,
    "statsPerimeter": 6932.362699005796,
    "statsVertices": 15871,
    "statsLineResolution": 436.7943229163755,
    "statsVertexDensity": 2.2894070447693307
}