{
    "boundaryCount": 22,
    "statsArea": 531597.0386753567,
    "statsPerimeter": 16912.65007316037,
    "statsVertices": 15537,
    "statsLineResolution": 1088.5402634459915,
    "statsVertexDensity": 0.9186614713123246
}