{
    "boundaryCount": 14,
    "statsArea": 11000.033973456293,
    "statsPerimeter": 2324.223476240702,
    "statsVertices": 24538,
    "statsLineResolution": 94.71935268728919,
    "statsVertexDensity": 10.557504581998632
}