{
    "boundaryCount": 1,
    "statsArea": 622.5394805881493,
    "statsPerimeter": 111.18306466856626,
    "statsVertices": 42,
    "statsLineResolution": 2647.2158254420538,
    "statsVertexDensity": 0.3777553724139632
}