{
    "boundaryCount": 1,
    "statsArea": 574.8173930195699,
    "statsPerimeter": 119.74092322937071,
    "statsVertices": 73,
    "statsLineResolution": 1640.2866195804206,
    "statsVertexDensity": 0.6096495503059072
}