{
    "boundaryCount": 1,
    "boundaryYearSourceLag": 1,
    "statsArea": 238416.04501198925,
    "statsPerimeter": 3494.0792948892176,
    "statsVertices": 4767,
    "statsLineResolution": 732.9723714892423,
    "statsVertexDensity": 1.3643079042232042
}