{
    "boundaryCount": 1,
    "statsArea": 238416.08359773588,
    "statsPerimeter": 3494.0788833858446,
    "statsVertices": 22829,
    "statsLineResolution": 153.05439937736406,
    "statsVertexDensity": 6.533624672456782
}