{
    "boundaryCount": 4646,
    "statsArea": 357188.4012538324,
    "statsPerimeter": 250940.48314781627,
    "statsVertices": 1399400,
    "statsLineResolution": 179.3200537000259,
    "statsVertexDensity": 5.576621127232327
}