{
    "boundaryCount": 18,
    "statsArea": 399585.8899597702,
    "statsPerimeter": 13924.016204850628,
    "statsVertices": 37950,
    "statsLineResolution": 366.904247822151,
    "statsVertexDensity": 2.7255067389809255
}