{"boundaryCount": 18, "boundaryYearSourceLag": null, "statsArea": 399585.9179402779, "statsVertices": 35306, "statsLineResolution": 394.3811074786737, "statsVertexDensity": 2.535618418420501, "statsPerimeter": 13924.019380642052}