{
    "boundaryCount": 18,
    "statsArea": 399585.9179402779,
    "statsPerimeter": 13924.019380642052,
    "statsVertices": 35306,
    "statsLineResolution": 394.3811074786737,
    "statsVertexDensity": 2.535618418420501
}