{
    "boundaryCount": 1,
    "boundaryYearSourceLag": 0,
    "statsArea": 25099.34001301712,
    "statsPerimeter": 1160.5642156698318,
    "statsVertices": 9046,
    "statsLineResolution": 128.29584519896437,
    "statsVertexDensity": 7.794484680693869
}