{
    "boundaryCount": 32,
    "statsArea": 95777.68503953902,
    "statsPerimeter": 10463.505942239322,
    "statsVertices": 144539,
    "statsLineResolution": 72.39226743120764,
    "statsVertexDensity": 13.813630039289377
}