{
    "boundaryCount": 1,
    "statsArea": 238383.1228985176,
    "statsPerimeter": 3177.8305121742064,
    "statsVertices": 32670,
    "statsLineResolution": 97.27060031142352,
    "statsVertexDensity": 10.280598626906587
}