{
    "boundaryCount": 64,
    "statsArea": 139906.01311108438,
    "statsPerimeter": 25849.06682237368,
    "statsVertices": 84959,
    "statsLineResolution": 304.25342603342415,
    "statsVertexDensity": 3.286733737190995
}