{
    "boundaryCount": 14,
    "boundaryYearSourceLag": 2,
    "statsArea": 147501.0061500215,
    "statsPerimeter": 8628.12220201325,
    "statsVertices": 5405,
    "statsLineResolution": 1596.3223315473174,
    "statsVertexDensity": 0.6264398989085737
}