{
    "boundaryCount": 42,
    "statsArea": 512591.2065329099,
    "statsPerimeter": 26643.60481676281,
    "statsVertices": 79020,
    "statsLineResolution": 337.17545958950654,
    "statsVertexDensity": 2.965814894172451
}