{
    "boundaryCount": 42,
    "boundaryYearSourceLag": null,
    "statsArea": 592482.4525142661,
    "statsPerimeter": 26643.604816762803,
    "statsVertices": 79020,
    "statsLineResolution": 337.17545958950654,
    "statsVertexDensity": 2.9658148941724516
}