{
    "boundaryCount": 96,
    "boundaryYearSourceLag": 2,
    "statsArea": 548522.0857295434,
    "statsPerimeter": 48770.791600561,
    "statsVertices": 49506,
    "statsLineResolution": 985.1491051703026,
    "statsVertexDensity": 1.0150747686332517
}