{
    "boundaryCount": 11,
    "statsArea": 7688039.743925306,
    "statsPerimeter": 82833.86507484168,
    "statsVertices": 1426114,
    "statsLineResolution": 58.08362099722861,
    "statsVertexDensity": 17.216557487828002
}