{
    "boundaryCount": 11,
    "statsArea": 7688058.227779885,
    "statsPerimeter": 82880.05094869602,
    "statsVertices": 1443886,
    "statsLineResolution": 57.400688800013306,
    "statsVertexDensity": 17.421393730727637
}