{"boundaryCount": 11, "boundaryYearSourceLag": null, "statsArea": 7688039.743925306, "statsVertices": 1426114, "statsLineResolution": 57.86837507258179, "statsVertexDensity": 17.280595813270086, "statsPerimeter": 82526.89984825991}