{
    "boundaryCount": 1,
    "statsArea": 755.1534272418984,
    "statsPerimeter": 154.056095162098,
    "statsVertices": 348,
    "statsLineResolution": 442.6899286267183,
    "statsVertexDensity": 2.2589174393511273
}