{
    "boundaryCount": 1,
    "statsArea": 74530.30833886623,
    "statsPerimeter": 3932.2994141485465,
    "statsVertices": 1999,
    "statsLineResolution": 1967.1332737111288,
    "statsVertexDensity": 0.5083539653179843
}