{
    "boundaryCount": 1,
    "statsArea": 74108.41147981494,
    "statsPerimeter": 2783.5982090202715,
    "statsVertices": 410,
    "statsLineResolution": 6789.263924439686,
    "statsVertexDensity": 0.1472913722502737
}