{
    "boundaryCount": 1,
    "statsArea": 74532.23365740462,
    "statsPerimeter": 3098.5237961820317,
    "statsVertices": 991,
    "statsLineResolution": 3126.6637701130494,
    "statsVertexDensity": 0.3198297205982732
}