{
    "boundaryCount": 77,
    "statsArea": 78873.98399939806,
    "statsPerimeter": 20102.119930806777,
    "statsVertices": 643557,
    "statsLineResolution": 31.23595878967485,
    "statsVertexDensity": 32.014384662671326
}