{
    "boundaryCount": 77,
    "statsArea": 78873.9839993992,
    "statsPerimeter": 20102.11993080651,
    "statsVertices": 643557,
    "statsLineResolution": 31.235958789674434,
    "statsVertexDensity": 32.014384662671745
}