{
    "boundaryCount": 1076,
    "statsArea": 1622021.0749601405,
    "statsPerimeter": 188468.1290886543,
    "statsVertices": 417397,
    "statsLineResolution": 451.532064410272,
    "statsVertexDensity": 2.214682142908411
}