{
    "boundaryCount": 1076,
    "statsArea": 1622021.0749601403,
    "statsPerimeter": 188468.12908865398,
    "statsVertices": 417397,
    "statsLineResolution": 451.53206441027123,
    "statsVertexDensity": 2.214682142908415
}