{
    "boundaryCount": 1,
    "statsArea": 1890242.9065874582,
    "statsPerimeter": 102987.26229655338,
    "statsVertices": 1477149,
    "statsLineResolution": 69.72029382042935,
    "statsVertexDensity": 14.343026186544575
}