{
    "boundaryCount": 1,
    "statsArea": 24.70777165198613,
    "statsPerimeter": 79.14839220872494,
    "statsVertices": 1501,
    "statsLineResolution": 52.73044117836438,
    "statsVertexDensity": 18.964377647010963
}