{
    "boundaryCount": 11719,
    "statsArea": 237236.7416780278,
    "statsPerimeter": 244372.9533180995,
    "statsVertices": 10392598,
    "statsLineResolution": 23.514135090965656,
    "statsVertexDensity": 42.5276114188954
}