{
    "boundaryCount": 213,
    "statsArea": 1220812.7318709863,
    "statsPerimeter": 100007.66731480739,
    "statsVertices": 1173387,
    "statsLineResolution": 85.22990907075618,
    "statsVertexDensity": 11.732970396223465
}