{
    "boundaryCount": 28,
    "statsArea": 1426790.30747081,
    "statsPerimeter": 42705.33856904934,
    "statsVertices": 250475,
    "statsLineResolution": 170.49740919871977,
    "statsVertexDensity": 5.865191762735059
}