{
    "boundaryCount": 23,
    "statsArea": 300.28302409478096,
    "statsPerimeter": 2444.370609277776,
    "statsVertices": 34314,
    "statsLineResolution": 71.2353735873922,
    "statsVertexDensity": 14.037969475561056
}