{
    "boundaryCount": 1,
    "statsArea": 33855.98484409627,
    "statsPerimeter": 1813.9299570498388,
    "statsVertices": 6072,
    "statsLineResolution": 298.736817695955,
    "statsVertexDensity": 3.3474280395453926
}