{
    "boundaryCount": 139,
    "statsArea": 128178.85162317345,
    "statsPerimeter": 20008.827628588955,
    "statsVertices": 107204,
    "statsLineResolution": 186.64254718656912,
    "statsVertexDensity": 5.357835151062279
}