{
    "boundaryCount": 139,
    "statsArea": 128219.77231662463,
    "statsPerimeter": 20095.619897284192,
    "statsVertices": 91129,
    "statsLineResolution": 220.51838489706012,
    "statsVertexDensity": 4.534769291307882
}