{
    "boundaryCount": 41,
    "statsArea": 26952.558749169588,
    "statsPerimeter": 6839.611650101611,
    "statsVertices": 33102,
    "statsLineResolution": 206.62230832280864,
    "statsVertexDensity": 4.839748467225946
}