{
    "boundaryCount": 41,
    "statsArea": 26952.558749169595,
    "statsPerimeter": 6839.61165010161,
    "statsVertices": 33102,
    "statsLineResolution": 206.6223083228086,
    "statsVertexDensity": 4.839748467225947
}