{
    "boundaryCount": 34,
    "statsArea": 642181.6703157366,
    "statsPerimeter": 24124.30813914265,
    "statsVertices": 11179,
    "statsLineResolution": 2158.002338236215,
    "statsVertexDensity": 0.4633915275630901
}