{
    "boundaryCount": 78,
    "statsArea": 115293.51162585871,
    "statsPerimeter": 12683.097103877042,
    "statsVertices": 44037,
    "statsLineResolution": 288.0100166650099,
    "statsVertexDensity": 3.4721014622318482
}