{"boundaryCount": 25, "boundaryYearSourceLag": null, "statsArea": 77573.62386052808, "statsVertices": 13711, "statsLineResolution": 581.6532518416955, "statsVertexDensity": 1.7192373580542846, "statsPerimeter": 7975.047736001487}