{
    "boundaryCount": 25,
    "statsArea": 77573.62386052808,
    "statsPerimeter": 7975.047736001487,
    "statsVertices": 13711,
    "statsLineResolution": 581.6532518416955,
    "statsVertexDensity": 1.7192373580542846
}