{
    "boundaryCount": 25,
    "statsArea": 77628.7256450846,
    "statsPerimeter": 7975.2161997813,
    "statsVertices": 13716,
    "statsLineResolution": 581.4534995466098,
    "statsVertexDensity": 1.7198279841462012
}