{
    "boundaryCount": 774,
    "statsArea": 909953.3518727606,
    "statsPerimeter": 119043.74367014976,
    "statsVertices": 118088,
    "statsLineResolution": 1008.0934868077176,
    "statsVertexDensity": 0.9919714918173443
}