{
    "boundaryCount": 1,
    "boundaryYearSourceLag": 1,
    "statsArea": 702.5301776865655,
    "statsPerimeter": 484.75188711487505,
    "statsVertices": 1175,
    "statsLineResolution": 412.55479754457446,
    "statsVertexDensity": 2.4239204245151336
}