{
    "boundaryCount": 1,
    "statsArea": 702.5355535622588,
    "statsPerimeter": 484.75327101229027,
    "statsVertices": 7450,
    "statsLineResolution": 65.06755315601211,
    "statsVertexDensity": 15.36864307164441
}