{
    "boundaryCount": 1,
    "boundaryYearSourceLag": 1,
    "statsArea": 435.648254466261,
    "statsPerimeter": 313.9987652763622,
    "statsVertices": 913,
    "statsLineResolution": 343.9197867210977,
    "statsVertexDensity": 2.9076547457007806
}