{
    "boundaryCount": 1,
    "statsArea": 435.65165913528506,
    "statsPerimeter": 313.99739449700127,
    "statsVertices": 6136,
    "statsLineResolution": 51.17297824266644,
    "statsVertexDensity": 19.541563425484412
}