{
    "boundaryCount": 141,
    "statsArea": 51068.85313295383,
    "statsPerimeter": 13099.87768442075,
    "statsVertices": 30403,
    "statsLineResolution": 430.87450858207245,
    "statsVertexDensity": 2.320861364694823
}