{
    "boundaryCount": 141,
    "statsArea": 51068.85436543103,
    "statsPerimeter": 13101.076998244384,
    "statsVertices": 31190,
    "statsLineResolution": 420.04094255352305,
    "statsVertexDensity": 2.3807203029323185
}