{"boundaryCount": 141, "boundaryYearSourceLag": null, "statsArea": 51068.85313295383, "statsVertices": 30403, "statsLineResolution": 430.87450858207245, "statsVertexDensity": 2.320861364694823, "statsPerimeter": 13099.87768442075}