{
    "boundaryCount": 1,
    "boundaryYearSourceLag": 1,
    "statsArea": 751181.2914927349,
    "statsPerimeter": 6119.189629285269,
    "statsVertices": 4852,
    "statsLineResolution": 1261.1685138675327,
    "statsVertexDensity": 0.7929154502385836
}