{"boundaryCount": 704, "boundaryYearSourceLag": null, "statsArea": 1251194.0727722049, "statsVertices": 123447, "statsLineResolution": 832.602622411102, "statsVertexDensity": 1.201053147183393, "statsPerimeter": 102782.2959287833}