{
    "boundaryCount": 704,
    "statsArea": 1251195.7262816902,
    "statsPerimeter": 102898.36471400334,
    "statsVertices": 124176,
    "statsLineResolution": 828.6493743879923,
    "statsVertexDensity": 1.2067830265829385
}