{
    "boundaryCount": 704,
    "statsArea": 1251194.0727722049,
    "statsPerimeter": 102899.18954849978,
    "statsVertices": 123447,
    "statsLineResolution": 833.5495358210388,
    "statsVertexDensity": 1.1996887491695487
}