{
    "boundaryCount": 1,
    "statsArea": 13915.57574671904,
    "statsPerimeter": 963.5402081970997,
    "statsVertices": 6361,
    "statsLineResolution": 151.47621572034265,
    "statsVertexDensity": 6.601696479176724
}