{
    "boundaryCount": 1,
    "statsArea": 389856.0653822371,
    "statsPerimeter": 2825.1436840399774,
    "statsVertices": 337,
    "statsLineResolution": 8383.21567964385,
    "statsVertexDensity": 0.11928596832218012
}