{
    "boundaryCount": 1,
    "statsArea": 389337.48110932927,
    "statsPerimeter": 2897.557956691981,
    "statsVertices": 766,
    "statsLineResolution": 3782.712737195797,
    "statsVertexDensity": 0.26436054479286747
}