{
    "boundaryCount": 1,
    "statsArea": 389859.3682742162,
    "statsPerimeter": 2848.311405392099,
    "statsVertices": 623,
    "statsLineResolution": 4571.928419569983,
    "statsVertexDensity": 0.21872608410042782
}