{
    "boundaryCount": 1,
    "statsArea": 18830.977125815003,
    "statsPerimeter": 3252.9948348041426,
    "statsVertices": 50719,
    "statsLineResolution": 64.13759803632055,
    "statsVertexDensity": 15.59147879896763
}