{
    "boundaryCount": 1,
    "boundaryYearSourceLag": 1,
    "statsArea": 18830.94219931542,
    "statsPerimeter": 3252.9765458299776,
    "statsVertices": 8344,
    "statsLineResolution": 389.8581670457787,
    "statsVertexDensity": 2.56503540140683
}