{
    "boundaryCount": 6,
    "statsArea": 390.4977018875947,
    "statsPerimeter": 409.5075900926823,
    "statsVertices": 10505,
    "statsLineResolution": 38.98215993266847,
    "statsVertexDensity": 25.65276017868788
}