{
    "boundaryCount": 6,
    "statsArea": 390.4977018867604,
    "statsPerimeter": 409.50759009270547,
    "statsVertices": 10505,
    "statsLineResolution": 38.982159932670676,
    "statsVertexDensity": 25.652760178686428
}