{
    "boundaryCount": 1,
    "statsArea": 57242.11022305235,
    "statsPerimeter": 1718.1580387539832,
    "statsVertices": 1708,
    "statsLineResolution": 1005.9473294812548,
    "statsVertexDensity": 0.9940878321290224
}