{
    "boundaryCount": 1,
    "statsArea": 21989.446961439964,
    "statsPerimeter": 2753.5347755948665,
    "statsVertices": 45644,
    "statsLineResolution": 60.32632494073408,
    "statsVertexDensity": 16.576511182844673
}