{
    "boundaryCount": 1,
    "boundaryYearSourceLag": 1,
    "statsArea": 11613.21911199361,
    "statsPerimeter": 964.4091419751695,
    "statsVertices": 1946,
    "statsLineResolution": 495.5853761434581,
    "statsVertexDensity": 2.0178157954978233
}