{
    "boundaryCount": 1,
    "statsArea": 11613.229242299105,
    "statsPerimeter": 964.4074349827621,
    "statsVertices": 11454,
    "statsLineResolution": 84.19830932274857,
    "statsVertexDensity": 11.876723036881948
}