{"boundaryCount": 8, "boundaryYearSourceLag": null, "statsArea": 435.8099478646435, "statsVertices": 8314, "statsLineResolution": 64.05545515925176, "statsVertexDensity": 15.611472863846574, "statsPerimeter": 532.5570541940192}