{
    "boundaryCount": 8,
    "statsArea": 435.81015369020776,
    "statsPerimeter": 532.5552284126376,
    "statsVertices": 8485,
    "statsLineResolution": 62.76431684297438,
    "statsVertexDensity": 15.93261984356222
}