{
    "boundaryCount": 1,
    "statsArea": 1136625.9575069728,
    "statsPerimeter": 12623.972721420374,
    "statsVertices": 44890,
    "statsLineResolution": 281.22015418624136,
    "statsVertexDensity": 3.5559329056399647
}