{
    "boundaryCount": 26,
    "statsArea": 41270.476880341506,
    "statsPerimeter": 6610.448814783291,
    "statsVertices": 6344,
    "statsLineResolution": 1042.000128433684,
    "statsVertexDensity": 0.9596927799838012
}