{
    "boundaryCount": 1,
    "statsArea": 57078.57573797484,
    "statsPerimeter": 8829.610254608575,
    "statsVertices": 195139,
    "statsLineResolution": 45.24779902842884,
    "statsVertexDensity": 22.100522488877477
}