{
    "boundaryCount": 1,
    "statsArea": 57078.57271970193,
    "statsPerimeter": 8862.882973350257,
    "statsVertices": 195507,
    "statsLineResolution": 45.33281659147885,
    "statsVertexDensity": 22.059074974573022
}