{"boundaryCount": 1, "boundaryYearSourceLag": null, "statsArea": 57078.57573797484, "statsVertices": 195139, "statsLineResolution": 45.24779902842884, "statsVertexDensity": 22.100522488877477, "statsPerimeter": 8829.610254608575}