{"boundaryCount": 240, "boundaryYearSourceLag": null, "statsArea": 2329130.057279963, "statsVertices": 155105, "statsLineResolution": 730.1890324205576, "statsVertexDensity": 1.3695083815283093, "statsPerimeter": 113255.96987359058}