{
    "boundaryCount": 240,
    "statsArea": 2329130.057279963,
    "statsPerimeter": 114996.07057168159,
    "statsVertices": 155105,
    "statsLineResolution": 741.4078886669133,
    "statsVertexDensity": 1.3487852169984968
}