{
    "boundaryCount": 240,
    "statsArea": 2329142.808493481,
    "statsPerimeter": 114971.61028780305,
    "statsVertices": 169266,
    "statsLineResolution": 679.2362925088503,
    "statsVertexDensity": 1.4722417088556414
}