{
    "boundaryCount": 26,
    "statsArea": 41245.711749221744,
    "statsPerimeter": 7119.997424729222,
    "statsVertices": 47550,
    "statsLineResolution": 149.73706466307513,
    "statsVertexDensity": 6.67837320205328
}