{
    "boundaryCount": 26,
    "statsArea": 41245.711150923715,
    "statsPerimeter": 7123.7360553616845,
    "statsVertices": 51475,
    "statsLineResolution": 138.39215260537512,
    "statsVertexDensity": 7.2258432373076635
}