{"boundaryCount": 26, "boundaryYearSourceLag": null, "statsArea": 41245.711749221744, "statsVertices": 47550, "statsLineResolution": 146.28308722192503, "statsVertexDensity": 6.836060265004574, "statsPerimeter": 6955.760797402535}