{
    "boundaryCount": 81912,
    "statsArea": 1891083.3777618571,
    "statsPerimeter": 1533340.280673808,
    "statsVertices": 15787661,
    "statsLineResolution": 97.12270111917198,
    "statsVertexDensity": 10.29625400114207
}