{
    "boundaryCount": 81912,
    "statsArea": 1891083.3777618413,
    "statsPerimeter": 1533340.280673806,
    "statsVertices": 15787661,
    "statsLineResolution": 97.12270111917188,
    "statsVertexDensity": 10.296254001142083
}