{
    "boundaryCount": 32,
    "statsArea": 239654.11978419355,
    "statsPerimeter": 68455.10739737783,
    "statsVertices": 409349,
    "statsLineResolution": 167.22920392471417,
    "statsVertexDensity": 5.979816781584366
}