{
    "boundaryCount": 32,
    "boundaryYearSourceLag": 1,
    "statsArea": 1951687.2609941808,
    "statsPerimeter": 68455.11583106272,
    "statsVertices": 91081,
    "statsLineResolution": 751.5850268559054,
    "statsVertexDensity": 1.3305214503584315
}