{"boundaryCount": 10, "boundaryYearSourceLag": null, "statsArea": 389337.4811095276, "statsVertices": 5555, "statsLineResolution": 1990.7798352365733, "statsVertexDensity": 0.5023157168362445, "statsPerimeter": 11058.781984739164}