{
    "boundaryCount": 22,
    "statsArea": 1564648.9906333562,
    "statsPerimeter": 28115.86247611398,
    "statsVertices": 5737,
    "statsLineResolution": 4900.795272113296,
    "statsVertexDensity": 0.20404851549099398
}