{"boundaryCount": 22, "boundaryYearSourceLag": null, "statsArea": 1564648.9906333562, "statsVertices": 5737, "statsLineResolution": 4800.2220975132595, "statsVertexDensity": 0.20832369413032928, "statsPerimeter": 27538.87417343357}