{
    "boundaryCount": 1,
    "statsArea": 505980.67055012065,
    "statsPerimeter": 11990.848507370845,
    "statsVertices": 626322,
    "statsLineResolution": 19.14486239884731,
    "statsVertexDensity": 52.233334414574266
}