{
    "boundaryCount": 1,
    "statsArea": 505980.670550123,
    "statsPerimeter": 11990.848507370394,
    "statsVertices": 626322,
    "statsLineResolution": 19.14486239884659,
    "statsVertexDensity": 52.23333441457623
}