{
    "boundaryCount": 1,
    "statsArea": 95844.78354444573,
    "statsPerimeter": 2317.184219586755,
    "statsVertices": 5503,
    "statsLineResolution": 421.07654362833995,
    "statsVertexDensity": 2.3748651287558835
}