{
    "boundaryCount": 26,
    "statsArea": 41287.17172190024,
    "statsPerimeter": 7875.970295319474,
    "statsVertices": 193771,
    "statsLineResolution": 40.645763789831676,
    "statsVertexDensity": 24.602809905866977
}