{
    "boundaryCount": 146,
    "statsArea": 231728.49229318902,
    "statsPerimeter": 27784.45218839585,
    "statsVertices": 82897,
    "statsLineResolution": 335.16836783473286,
    "statsVertexDensity": 2.9835751102057664
}