{
    "boundaryCount": 17,
    "statsArea": 578160.2569919758,
    "statsPerimeter": 11566.096199075173,
    "statsVertices": 49421,
    "statsLineResolution": 234.03201471186688,
    "statsVertexDensity": 4.27291967396499
}