{
    "boundaryCount": 1,
    "statsArea": 1037.1561373052962,
    "statsPerimeter": 184.68899999294237,
    "statsVertices": 96,
    "statsLineResolution": 1923.843749926483,
    "statsVertexDensity": 0.5197927326677199
}