{
    "boundaryCount": 1,
    "statsArea": 1146.2067720050031,
    "statsPerimeter": 169.84305663318415,
    "statsVertices": 42,
    "statsLineResolution": 4043.8823007900987,
    "statsVertexDensity": 0.24728711807577058
}