{
    "boundaryCount": 1,
    "boundaryYearSourceLag": 1,
    "statsArea": 100.49417061857287,
    "statsPerimeter": 45.85293205678056,
    "statsVertices": 93,
    "statsLineResolution": 493.04228018043614,
    "statsVertexDensity": 2.0282236234061615
}