{"boundaryCount": 1, "boundaryYearSourceLag": null, "statsArea": 585702.5843625257, "statsVertices": 874, "statsLineResolution": 4702.560510768693, "statsVertexDensity": 0.21265010789548291, "statsPerimeter": 4110.037886411838}