{
    "boundaryCount": 1,
    "statsArea": 585702.5843288939,
    "statsPerimeter": 4110.037886412021,
    "statsVertices": 876,
    "statsLineResolution": 4691.8240712465995,
    "statsVertexDensity": 0.21313672141468507
}