{
    "boundaryCount": 12,
    "statsArea": 13169.036863347199,
    "statsPerimeter": 3800.5471183888158,
    "statsVertices": 29685,
    "statsLineResolution": 128.02921065820502,
    "statsVertexDensity": 7.8107175296867535
}