{
    "boundaryCount": 12,
    "boundaryYearSourceLag": 1,
    "statsArea": 28753.430667818957,
    "statsPerimeter": 3800.547171913618,
    "statsVertices": 16666,
    "statsLineResolution": 228.0419519928968,
    "statsVertexDensity": 4.385158043337345
}