{
    "boundaryCount": 102,
    "statsArea": 745524.8295946709,
    "statsPerimeter": 48251.892111142704,
    "statsVertices": 118475,
    "statsLineResolution": 407.2748859349458,
    "statsVertexDensity": 2.4553441288293194
}