{
    "boundaryCount": 102,
    "statsArea": 745524.82959467,
    "statsPerimeter": 48251.892111142675,
    "statsVertices": 118475,
    "statsLineResolution": 407.27488593494553,
    "statsVertexDensity": 2.455344128829321
}