{
    "boundaryCount": 35,
    "statsArea": 1951875.6619115723,
    "statsPerimeter": 74498.58289027486,
    "statsVertices": 1234110,
    "statsLineResolution": 60.366241980273124,
    "statsVertexDensity": 16.565550002711557
}