{
    "boundaryCount": 35,
    "statsArea": 1951875.6619115726,
    "statsPerimeter": 74498.58289027576,
    "statsVertices": 1234110,
    "statsLineResolution": 60.36624198027385,
    "statsVertexDensity": 16.56555000271136
}