{
    "boundaryCount": 1,
    "boundaryYearSourceLag": 3,
    "statsArea": 323.6944355495509,
    "statsPerimeter": 200.1006243433669,
    "statsVertices": 3603,
    "statsLineResolution": 55.53722574059586,
    "statsVertexDensity": 18.00594082014135
}