{
    "boundaryCount": 2,
    "statsArea": 262.1321542519134,
    "statsPerimeter": 133.9746328084426,
    "statsVertices": 3585,
    "statsLineResolution": 37.37088781267576,
    "statsVertexDensity": 26.75879698155878
}