{
    "boundaryCount": 2,
    "statsArea": 262.13215425237263,
    "statsPerimeter": 133.9746328084197,
    "statsVertices": 3585,
    "statsLineResolution": 37.37088781266937,
    "statsVertexDensity": 26.758796981563357
}