{
    "boundaryCount": 2,
    "statsArea": 1002.2340004676738,
    "statsPerimeter": 362.5829472645033,
    "statsVertices": 6848,
    "statsLineResolution": 52.94727617764359,
    "statsVertexDensity": 18.88671282437451
}