{
    "boundaryCount": 2,
    "statsArea": 1002.2340299545729,
    "statsPerimeter": 363.67397861237845,
    "statsVertices": 6856,
    "statsLineResolution": 53.04462931919173,
    "statsVertexDensity": 18.85204992163451
}