{
    "boundaryCount": 1,
    "statsArea": 155358.05884906655,
    "statsPerimeter": 2545.4320932960977,
    "statsVertices": 511,
    "statsLineResolution": 4981.276112125435,
    "statsVertexDensity": 0.20075177072915057
}