{
    "boundaryCount": 1,
    "statsArea": 156611.69360541433,
    "statsPerimeter": 2753.141648312531,
    "statsVertices": 700,
    "statsLineResolution": 3933.05949758933,
    "statsVertexDensity": 0.25425498917901573
}