{
    "boundaryCount": 1,
    "statsArea": 155382.62982085903,
    "statsPerimeter": 2618.138866249836,
    "statsVertices": 762,
    "statsLineResolution": 3435.877777230756,
    "statsVertexDensity": 0.2910464413568222
}