{
    "boundaryCount": 1,
    "statsArea": 22.67380723828321,
    "statsPerimeter": 18.235179832522206,
    "statsVertices": 40,
    "statsLineResolution": 455.8794958130552,
    "statsVertexDensity": 2.193562134696392
}