{
    "boundaryCount": 1,
    "boundaryYearSourceLag": 1,
    "statsArea": 295719.4836392553,
    "statsPerimeter": 34036.10088147046,
    "statsVertices": 518421,
    "statsLineResolution": 65.65339922856224,
    "statsVertexDensity": 15.231503802547275
}