{
    "boundaryCount": 1,
    "statsArea": 295719.857347813,
    "statsPerimeter": 34036.21464826919,
    "statsVertices": 1339465,
    "statsLineResolution": 25.41030534449888,
    "statsVertexDensity": 39.354111902338545
}