{
    "boundaryCount": 2103,
    "statsArea": 83915.04761555152,
    "statsPerimeter": 74290.04451616913,
    "statsVertices": 2144225,
    "statsLineResolution": 34.64657137948169,
    "statsVertexDensity": 28.862884844998472
}