{"boundaryCount": 2, "boundaryYearSourceLag": null, "statsArea": 6278.916419024304, "statsVertices": 183, "statsLineResolution": 2792.2169604747032, "statsVertexDensity": 0.35813835892966944, "statsPerimeter": 510.9757037668707}