{
    "boundaryCount": 24,
    "statsArea": 2512.6520707986774,
    "statsPerimeter": 1203.59218500755,
    "statsVertices": 10953,
    "statsLineResolution": 109.88698849699168,
    "statsVertexDensity": 9.100258489906441
}