{
    "boundaryCount": 14,
    "statsArea": 196540.6159926944,
    "statsPerimeter": 9235.16746810579,
    "statsVertices": 54008,
    "statsLineResolution": 170.99628699647815,
    "statsVertexDensity": 5.8480801984934105
}