{
    "boundaryCount": 14,
    "statsArea": 196540.61599269745,
    "statsPerimeter": 9235.167468105758,
    "statsVertices": 54008,
    "statsLineResolution": 170.99628699647752,
    "statsVertexDensity": 5.848080198493432
}