{
    "boundaryCount": 1,
    "statsArea": 33907.8703448234,
    "statsPerimeter": 1787.524785498454,
    "statsVertices": 17851,
    "statsLineResolution": 100.13583471505541,
    "statsVertexDensity": 9.986434954535314
}