{
    "boundaryCount": 13,
    "statsArea": 9975252.280725162,
    "statsPerimeter": 253077.61680857718,
    "statsVertices": 1643290,
    "statsLineResolution": 154.00666760497367,
    "statsVertexDensity": 6.493225361936894
}