{
    "boundaryCount": 1,
    "statsArea": 241384.592473615,
    "statsPerimeter": 2785.004461900564,
    "statsVertices": 15277,
    "statsLineResolution": 182.3004818943879,
    "statsVertexDensity": 5.485449021354369
}