{
    "boundaryCount": 37,
    "statsArea": 34246.5532388495,
    "statsPerimeter": 7733.716359742901,
    "statsVertices": 98208,
    "statsLineResolution": 78.74833373801422,
    "statsVertexDensity": 12.69868138831831
}