{
    "boundaryCount": 37,
    "statsArea": 34246.55323884607,
    "statsPerimeter": 7733.716359743042,
    "statsVertices": 98208,
    "statsLineResolution": 78.74833373801566,
    "statsVertexDensity": 12.698681388318079
}