{
    "boundaryCount": 1,
    "statsArea": 447830.1594442553,
    "statsPerimeter": 6085.273760678984,
    "statsVertices": 1666,
    "statsLineResolution": 3652.6253065300025,
    "statsVertexDensity": 0.2737756862748128
}