{
    "boundaryCount": 1,
    "statsArea": 446706.1313590736,
    "statsPerimeter": 5694.948427527224,
    "statsVertices": 1428,
    "statsLineResolution": 3988.0591229182246,
    "statsVertexDensity": 0.2507485393717683
}