{
    "boundaryCount": 1,
    "statsArea": 446675.0439519321,
    "statsPerimeter": 5658.547055278086,
    "statsVertices": 796,
    "statsLineResolution": 7108.727456379505,
    "statsVertexDensity": 0.1406721535093572
}