{
    "boundaryCount": 12,
    "statsArea": 88863.07580496909,
    "statsPerimeter": 4181.962911269825,
    "statsVertices": 1055,
    "statsLineResolution": 3963.94588745955,
    "statsVertexDensity": 0.252273877694352
}