{"boundaryCount": 1, "boundaryYearSourceLag": null, "statsArea": 10913.074411513126, "statsVertices": 271, "statsLineResolution": 2064.05408791474, "statsVertexDensity": 0.4844834279562285, "statsPerimeter": 559.3586578248946}