{
    "boundaryCount": 1,
    "statsArea": 64710.101951851575,
    "statsPerimeter": 2058.5076089693375,
    "statsVertices": 15809,
    "statsLineResolution": 130.21112081531643,
    "statsVertexDensity": 7.679835591142322
}