{
    "boundaryCount": 1,
    "statsArea": 64710.10358901429,
    "statsPerimeter": 2058.931862829556,
    "statsVertices": 17625,
    "statsLineResolution": 116.81882909671239,
    "statsVertexDensity": 8.56026385243184
}