{"boundaryCount": 1, "boundaryYearSourceLag": null, "statsArea": 64710.101951851575, "statsVertices": 15809, "statsLineResolution": 130.21112081531643, "statsVertexDensity": 7.679835591142322, "statsPerimeter": 2058.5076089693375}