{
    "boundaryCount": 119,
    "statsArea": 63866.11652394949,
    "statsPerimeter": 17543.227118537245,
    "statsVertices": 33055,
    "statsLineResolution": 530.7283956598773,
    "statsVertexDensity": 1.8842029335111365
}