{
    "boundaryCount": 119,
    "boundaryYearSourceLag": 1,
    "statsArea": 64550.42294775652,
    "statsPerimeter": 17543.227435333174,
    "statsVertices": 30471,
    "statsLineResolution": 575.7352051239924,
    "statsVertexDensity": 1.7369095915971238
}