{
    "boundaryCount": 14,
    "statsArea": 21622.423129021616,
    "statsPerimeter": 2435.494957585252,
    "statsVertices": 6601,
    "statsLineResolution": 368.95848471220296,
    "statsVertexDensity": 2.7103320331012997
}