{
    "boundaryCount": 24,
    "statsArea": 1465769.8604449818,
    "statsPerimeter": 26034.745577552843,
    "statsVertices": 6157,
    "statsLineResolution": 4228.47906083366,
    "statsVertexDensity": 0.23649165234434114
}