{
    "boundaryCount": 1,
    "statsArea": 2329142.808493481,
    "statsPerimeter": 10386.037384174419,
    "statsVertices": 26747,
    "statsLineResolution": 388.30662818912094,
    "statsVertexDensity": 2.5752843948699216
}