{
    "boundaryCount": 1,
    "statsArea": 2329130.057215739,
    "statsPerimeter": 10414.899631546594,
    "statsVertices": 20269,
    "statsLineResolution": 513.8339154149979,
    "statsVertexDensity": 1.9461541365800075
}