{
    "boundaryCount": 6,
    "statsArea": 1398.9903557566697,
    "statsPerimeter": 1151.7725323560408,
    "statsVertices": 39428,
    "statsLineResolution": 29.212045560414953,
    "statsVertexDensity": 34.23245379827468
}