{
    "boundaryCount": 6,
    "statsArea": 1398.9903557571142,
    "statsPerimeter": 1151.7725323560896,
    "statsVertices": 39428,
    "statsLineResolution": 29.212045560416193,
    "statsVertexDensity": 34.232453798273234
}