{
    "boundaryCount": 1,
    "boundaryYearSourceLag": 0,
    "statsArea": 787085.2447169706,
    "statsPerimeter": 10493.118696707534,
    "statsVertices": 84454,
    "statsLineResolution": 124.24655666644011,
    "statsVertexDensity": 8.04851278643207
}