{
    "boundaryCount": 1,
    "boundaryYearSourceLag": 1,
    "statsArea": 780161.5950428719,
    "statsPerimeter": 10530.64559030904,
    "statsVertices": 20469,
    "statsLineResolution": 514.4680048028257,
    "statsVertexDensity": 1.9437554729632966
}