{
    "boundaryCount": 1,
    "statsArea": 780161.7014333566,
    "statsPerimeter": 10530.644909367435,
    "statsVertices": 107678,
    "statsLineResolution": 97.79755297616444,
    "statsVertexDensity": 10.22520471697
}