{"boundaryCount": 52, "boundaryYearSourceLag": null, "statsArea": 506883.4907914277, "statsVertices": 14482, "statsLineResolution": 2017.7526665888975, "statsVertexDensity": 0.4956008813957092, "statsPerimeter": 29221.09411754041}