{
    "boundaryCount": 52,
    "statsArea": 506883.49079142767,
    "statsPerimeter": 29375.713819413388,
    "statsVertices": 14482,
    "statsLineResolution": 2028.4293481158256,
    "statsVertexDensity": 0.4929922754908291
}