{
    "boundaryCount": 1,
    "statsArea": 751093.3708358415,
    "statsPerimeter": 6065.274252266595,
    "statsVertices": 21104,
    "statsLineResolution": 287.39927275713586,
    "statsVertexDensity": 3.479479924937183
}