{
    "boundaryCount": 1,
    "statsArea": 169.76642326063825,
    "statsPerimeter": 71.53127821838297,
    "statsVertices": 26,
    "statsLineResolution": 2751.203008399345,
    "statsVertexDensity": 0.3634773577038947
}