{
    "boundaryCount": 308,
    "statsArea": 91878.03270818571,
    "statsPerimeter": 31758.70969490526,
    "statsVertices": 1492381,
    "statsLineResolution": 21.280564209076143,
    "statsVertexDensity": 46.991235296924174
}