{"boundaryCount": 308, "boundaryYearSourceLag": null, "statsArea": 91878.03316218388, "statsVertices": 1440042, "statsLineResolution": 22.04790727788361, "statsVertexDensity": 45.35577855060676, "statsPerimeter": 31749.912492258067}