{
    "boundaryCount": 308,
    "statsArea": 91878.03316218388,
    "statsPerimeter": 31751.385931842233,
    "statsVertices": 1440042,
    "statsLineResolution": 22.048930469973953,
    "statsVertexDensity": 45.35367379210486
}