{
    "boundaryCount": 1,
    "boundaryYearSourceLag": 1,
    "statsArea": 118497.89511572964,
    "statsPerimeter": 3012.8721456814824,
    "statsVertices": 11754,
    "statsLineResolution": 256.3273903081064,
    "statsVertexDensity": 3.9012608008765532
}