{
    "boundaryCount": 1520,
    "statsArea": 241512.3731249204,
    "statsPerimeter": 90957.79338911388,
    "statsVertices": 1116677,
    "statsLineResolution": 81.4539865951514,
    "statsVertexDensity": 12.27686994585389
}