{"boundaryCount": 2562, "boundaryYearSourceLag": null, "statsArea": 16925822.820183266, "statsVertices": 1851844, "statsLineResolution": 450.6826582491972, "statsVertexDensity": 2.2188561767270563, "statsPerimeter": 834593.9765828262}