{
    "boundaryCount": 2562,
    "statsArea": 16925822.849768568,
    "statsPerimeter": 842573.0533560826,
    "statsVertices": 1883626,
    "statsLineResolution": 447.3144102683243,
    "statsVertexDensity": 2.235564017265046
}