{
    "boundaryCount": 2562,
    "statsArea": 16925822.820183266,
    "statsPerimeter": 842502.0622257671,
    "statsVertices": 1851844,
    "statsLineResolution": 454.95304260281483,
    "statsVertexDensity": 2.1980290411488124
}