{
    "boundaryCount": 101,
    "statsArea": 636758.5017914949,
    "statsPerimeter": 42261.77986676428,
    "statsVertices": 22909,
    "statsLineResolution": 1844.767552785555,
    "statsVertexDensity": 0.542073714647693
}