{"boundaryCount": 101, "boundaryYearSourceLag": null, "statsArea": 636758.5017914949, "statsVertices": 22909, "statsLineResolution": 1840.0437344714314, "statsVertexDensity": 0.5434653433861226, "statsPerimeter": 42153.56191300602}