{
    "boundaryCount": 508,
    "statsArea": 8479173.90396546,
    "statsPerimeter": 415231.45104178507,
    "statsVertices": 2506684,
    "statsLineResolution": 165.64969938045044,
    "statsVertexDensity": 6.036835585818258
}