{
    "boundaryCount": 508,
    "statsArea": 8479173.90396548,
    "statsPerimeter": 415231.45104178373,
    "statsVertices": 2506684,
    "statsLineResolution": 165.64969938044993,
    "statsVertexDensity": 6.036835585818277
}