{
    "boundaryCount": 1,
    "statsArea": 2165630.145117071,
    "statsPerimeter": 53964.26967921297,
    "statsVertices": 41577,
    "statsLineResolution": 1297.9356297763902,
    "statsVertexDensity": 0.770454232905434
}