{
    "boundaryCount": 27,
    "statsArea": 448.00684399451325,
    "statsPerimeter": 1394.9628264001876,
    "statsVertices": 526629,
    "statsLineResolution": 2.6488530377176107,
    "statsVertexDensity": 377.52188806278656
}