{
    "boundaryCount": 35,
    "statsArea": 3188349.5140746613,
    "statsPerimeter": 90203.9452474193,
    "statsVertices": 213710,
    "statsLineResolution": 422.08574819811565,
    "statsVertexDensity": 2.369186840041391
}