{
    "boundaryCount": 1,
    "statsArea": 99532.19709384168,
    "statsPerimeter": 12778.58655453215,
    "statsVertices": 47192,
    "statsLineResolution": 270.7786606741005,
    "statsVertexDensity": 3.6930532026065532
}