{
    "boundaryCount": 10,
    "statsArea": 751.2619631517715,
    "statsPerimeter": 440.9416550567551,
    "statsVertices": 9804,
    "statsLineResolution": 44.97568901027694,
    "statsVertexDensity": 22.234234138614312
}