{
    "boundaryCount": 10,
    "statsArea": 751.2619631523648,
    "statsPerimeter": 440.94165505683003,
    "statsVertices": 9804,
    "statsLineResolution": 44.97568901028458,
    "statsVertexDensity": 22.23423413861053
}