{
    "boundaryCount": 17,
    "boundaryYearSourceLag": 4,
    "statsArea": 294410.2572318933,
    "statsPerimeter": 50725.45805495978,
    "statsVertices": 13046063,
    "statsLineResolution": 3.8881812892487013,
    "statsVertexDensity": 257.18965387882577
}