{
    "boundaryCount": 31,
    "statsArea": 9390955.16406239,
    "statsPerimeter": 164913.28226941032,
    "statsVertices": 1248002,
    "statsLineResolution": 132.14184133471767,
    "statsVertexDensity": 7.567625741395429
}