{
    "boundaryCount": 31,
    "statsArea": 9390955.164062388,
    "statsPerimeter": 164913.28226941027,
    "statsVertices": 1248002,
    "statsLineResolution": 132.1418413347176,
    "statsVertexDensity": 7.567625741395432
}