{
    "boundaryCount": 11,
    "statsArea": 432.91455989234964,
    "statsPerimeter": 370.8564405395802,
    "statsVertices": 9628,
    "statsLineResolution": 38.518533500164125,
    "statsVertexDensity": 25.961528363891087
}