{
    "boundaryCount": 11,
    "statsArea": 432.9145598928608,
    "statsPerimeter": 370.8564405395421,
    "statsVertices": 9628,
    "statsLineResolution": 38.51853350016017,
    "statsVertexDensity": 25.961528363893752
}