{
    "boundaryCount": 1,
    "statsArea": 1888229.9177613275,
    "statsPerimeter": 116990.77598599103,
    "statsVertices": 4338316,
    "statsLineResolution": 26.966863636948307,
    "statsVertexDensity": 37.082547435359245
}