{
    "boundaryCount": 1,
    "boundaryYearSourceLag": 1,
    "statsArea": 1888228.621712706,
    "statsPerimeter": 116990.49096043725,
    "statsVertices": 1739672,
    "statsLineResolution": 67.24859109098568,
    "statsVertexDensity": 14.870200011283874
}