{
    "boundaryCount": 1,
    "statsArea": 301185.0685932919,
    "statsPerimeter": 7565.182842444441,
    "statsVertices": 3361,
    "statsLineResolution": 2250.8726100697536,
    "statsVertexDensity": 0.4442721438460307
}