{"boundaryCount": 1, "boundaryYearSourceLag": null, "statsArea": 301185.0685932919, "statsVertices": 3361, "statsLineResolution": 2242.025060636379, "statsVertexDensity": 0.4460253444786022, "statsPerimeter": 7535.44622879887}