{
    "boundaryCount": 1,
    "statsArea": 135.57811557180563,
    "statsPerimeter": 77.7680953349256,
    "statsVertices": 2862,
    "statsLineResolution": 27.17263987942893,
    "statsVertexDensity": 36.8017242504675
}