{
    "boundaryCount": 1,
    "statsArea": 135.57811557242027,
    "statsPerimeter": 77.76809533492177,
    "statsVertices": 2862,
    "statsLineResolution": 27.172639879427596,
    "statsVertexDensity": 36.80172425046931
}