{
    "boundaryCount": 24,
    "boundaryYearSourceLag": 1,
    "statsArea": 661659.8435229587,
    "statsPerimeter": 37664.932683564664,
    "statsVertices": 217255,
    "statsLineResolution": 173.36739169899272,
    "statsVertexDensity": 5.768097392479892
}