{
    "boundaryCount": 24,
    "statsArea": 135604.96221470527,
    "statsPerimeter": 37665.00586717477,
    "statsVertices": 642795,
    "statsLineResolution": 58.59567337514257,
    "statsVertexDensity": 17.06610646144088
}