{"boundaryCount": 1, "boundaryYearSourceLag": null, "statsArea": 1616054.2476124617, "statsVertices": 67279, "statsLineResolution": 104.89130613397383, "statsVertexDensity": 9.533678594131876, "statsPerimeter": 7056.982185387626}