{
    "boundaryCount": 1,
    "statsArea": 1616058.3253881687,
    "statsPerimeter": 7055.5251189359105,
    "statsVertices": 67569,
    "statsLineResolution": 104.41955806562049,
    "statsVertexDensity": 9.576749974095552
}