{
    "boundaryCount": 410,
    "statsArea": 77318.22784176773,
    "statsPerimeter": 24701.951946552013,
    "statsVertices": 162130,
    "statsLineResolution": 152.35892152317282,
    "statsVertexDensity": 6.563448927064676
}