{
    "boundaryCount": 10,
    "statsArea": 390772.6295812988,
    "statsPerimeter": 12843.992783737589,
    "statsVertices": 161721,
    "statsLineResolution": 79.42068614303392,
    "statsVertexDensity": 12.591178048991347
}