{"boundaryCount": 16, "boundaryYearSourceLag": null, "statsArea": 5122.938955974581, "statsVertices": 583, "statsLineResolution": 2036.5975494950733, "statsVertexDensity": 0.49101502663004115, "statsPerimeter": 1187.3363713556278}