{
    "boundaryCount": 16,
    "statsArea": 5122.938955974581,
    "statsPerimeter": 1201.2912374754728,
    "statsVertices": 583,
    "statsLineResolution": 2060.5338550179636,
    "statsVertexDensity": 0.48531112340849264
}