{
    "boundaryCount": 123,
    "statsArea": 196889.70468387575,
    "statsPerimeter": 24633.56151256143,
    "statsVertices": 89178,
    "statsLineResolution": 276.22913176524963,
    "statsVertexDensity": 3.620182974943567
}