{
    "boundaryCount": 1,
    "boundaryYearSourceLag": 1,
    "statsArea": 632680.6043475011,
    "statsPerimeter": 6089.207317860721,
    "statsVertices": 4861,
    "statsLineResolution": 1252.6655663157212,
    "statsVertexDensity": 0.7982976677016446
}