{
    "boundaryCount": 1,
    "statsArea": 632680.6716709876,
    "statsPerimeter": 6089.208509158249,
    "statsVertices": 20670,
    "statsLineResolution": 294.5916066356192,
    "statsVertexDensity": 3.3945298422466648
}