{
    "boundaryCount": 33,
    "statsArea": 1137241.2263398834,
    "statsPerimeter": 47531.92832318099,
    "statsVertices": 602181,
    "statsLineResolution": 78.93295923182728,
    "statsVertexDensity": 12.668978963058827
}