{
    "boundaryCount": 1,
    "statsArea": 2581.554296893831,
    "statsPerimeter": 314.5897171111992,
    "statsVertices": 1791,
    "statsLineResolution": 175.65031664500236,
    "statsVertexDensity": 5.69312950355249
}