{
    "boundaryCount": 1,
    "boundaryYearSourceLag": 1,
    "statsArea": 12677131.708371352,
    "statsPerimeter": 55789.689261484644,
    "statsVertices": 25936,
    "statsLineResolution": 2151.0521769542197,
    "statsVertexDensity": 0.4648887696513011
}