{
    "boundaryCount": 1,
    "statsArea": 79.67943770562083,
    "statsPerimeter": 191.2080065684435,
    "statsVertices": 9660,
    "statsLineResolution": 19.793789499838873,
    "statsVertexDensity": 50.5208969716557
}