{
    "boundaryCount": 1,
    "statsArea": 79.67943770584509,
    "statsPerimeter": 191.2080065684679,
    "statsVertices": 9660,
    "statsLineResolution": 19.7937894998414,
    "statsVertexDensity": 50.52089697164925
}