{
    "boundaryCount": 1,
    "statsArea": 22101.43443384608,
    "statsPerimeter": 1268.6813415369872,
    "statsVertices": 471,
    "statsLineResolution": 2693.5909586772555,
    "statsVertexDensity": 0.37125161739148066
}