{"boundaryCount": 1, "boundaryYearSourceLag": null, "statsArea": 21900.93235055847, "statsVertices": 417, "statsLineResolution": 2952.8792931123767, "statsVertexDensity": 0.33865251530345686, "statsPerimeter": 1231.350665227861}