{
    "boundaryCount": 1,
    "statsArea": 21900.93235055847,
    "statsPerimeter": 1231.350665227861,
    "statsVertices": 417,
    "statsLineResolution": 2952.8792931123767,
    "statsVertexDensity": 0.33865251530345686
}