{
    "boundaryCount": 1,
    "statsArea": 9246.989499276006,
    "statsPerimeter": 713.6344259707355,
    "statsVertices": 10836,
    "statsLineResolution": 65.85773587769799,
    "statsVertexDensity": 15.184245049921904
}