{
    "boundaryCount": 1,
    "statsArea": 181750.92432800023,
    "statsPerimeter": 2406.179973799954,
    "statsVertices": 393,
    "statsLineResolution": 6122.595353180545,
    "statsVertexDensity": 0.16332942850461668
}