{
    "boundaryCount": 1,
    "statsArea": 182007.90170735327,
    "statsPerimeter": 2572.671420404615,
    "statsVertices": 776,
    "statsLineResolution": 3315.298222170896,
    "statsVertexDensity": 0.30163198994061785
}