{
    "boundaryCount": 1,
    "statsArea": 181059.61083015084,
    "statsPerimeter": 2855.1300998308398,
    "statsVertices": 1209,
    "statsLineResolution": 2361.5633580073118,
    "statsVertexDensity": 0.42344830453492494
}