{
    "boundaryCount": 1,
    "statsArea": 1952030.9551816194,
    "statsPerimeter": 31865.2964760336,
    "statsVertices": 929253,
    "statsLineResolution": 34.29130331140561,
    "statsVertexDensity": 29.161912888490026
}