{
    "boundaryCount": 1,
    "statsArea": 1952030.955181624,
    "statsPerimeter": 31865.29647603316,
    "statsVertices": 929253,
    "statsLineResolution": 34.29130331140514,
    "statsVertexDensity": 29.161912888490427
}