{
    "boundaryCount": 1,
    "statsArea": 633.8453645211131,
    "statsPerimeter": 344.0088506583894,
    "statsVertices": 254,
    "statsLineResolution": 1354.3655537731865,
    "statsVertexDensity": 0.7383530961888805
}