{
    "boundaryCount": 1,
    "statsArea": 17357.335927764256,
    "statsPerimeter": 550.9856217598513,
    "statsVertices": 764,
    "statsLineResolution": 721.1853687956168,
    "statsVertexDensity": 1.3866060561794327
}