{
    "boundaryCount": 32,
    "statsArea": 940553.198751217,
    "statsPerimeter": 28497.154799293352,
    "statsVertices": 124824,
    "statsLineResolution": 228.2986829399262,
    "statsVertexDensity": 4.38022675874629
}