{
    "boundaryCount": 32,
    "statsArea": 940553.1987512142,
    "statsPerimeter": 28497.154799293414,
    "statsVertices": 124824,
    "statsLineResolution": 228.29868293992672,
    "statsVertexDensity": 4.38022675874628
}