{
    "boundaryCount": 1,
    "statsArea": 41245.71115092373,
    "statsPerimeter": 1827.6154398683038,
    "statsVertices": 13109,
    "statsLineResolution": 139.41684643132993,
    "statsVertexDensity": 7.172734325851735
}