{
    "boundaryCount": 1,
    "statsArea": 41245.711749221744,
    "statsPerimeter": 1827.1938638720294,
    "statsVertices": 11782,
    "statsLineResolution": 155.0835056757791,
    "statsVertexDensity": 6.448138992231846
}