{"boundaryCount": 1, "boundaryYearSourceLag": null, "statsArea": 41245.711749221744, "statsVertices": 11782, "statsLineResolution": 153.64852055453454, "statsVertexDensity": 6.508360746923492, "statsPerimeter": 1810.2868691735262}