{
    "boundaryCount": 10,
    "boundaryYearSourceLag": 1,
    "statsArea": 755.1534272418985,
    "statsPerimeter": 399.03425394614965,
    "statsVertices": 649,
    "statsLineResolution": 614.8447672513862,
    "statsVertexDensity": 1.6264267881312857
}