{
    "boundaryCount": 1,
    "statsArea": 1252723.6398542495,
    "statsPerimeter": 7242.1334132166685,
    "statsVertices": 1747,
    "statsLineResolution": 4145.468467782866,
    "statsVertexDensity": 0.24122726002420491
}