{"boundaryCount": 1, "boundaryYearSourceLag": null, "statsArea": 1252723.6572905614, "statsVertices": 1747, "statsLineResolution": 4145.4684420748945, "statsVertexDensity": 0.24122726152016705, "statsPerimeter": 7242.133368304841}