{
    "boundaryCount": 539,
    "statsArea": 1247686.1569808945,
    "statsPerimeter": 113004.76805498755,
    "statsVertices": 126439,
    "statsLineResolution": 893.7493024698673,
    "statsVertexDensity": 1.1188819921162567
}