{
    "boundaryCount": 3,
    "statsArea": 30664.798356086405,
    "statsPerimeter": 2233.8811064045544,
    "statsVertices": 5634,
    "statsLineResolution": 396.5000188861474,
    "statsVertexDensity": 2.522067975707068
}