{
    "boundaryCount": 91,
    "statsArea": 390772.6295812987,
    "statsPerimeter": 31005.169990625207,
    "statsVertices": 387677,
    "statsLineResolution": 79.97681056814102,
    "statsVertexDensity": 12.50362439932498
}