{
    "boundaryCount": 77473,
    "statsArea": 1890242.9065874452,
    "statsPerimeter": 1479354.4814720205,
    "statsVertices": 13535997,
    "statsLineResolution": 109.29039667133647,
    "statsVertexDensity": 9.149934765149126
}