{"boundaryCount": 77474, "boundaryYearSourceLag": null, "statsArea": 1890244.7859970413, "statsVertices": 12877805, "statsLineResolution": 114.76099518820224, "statsVertexDensity": 8.713762009122094, "statsPerimeter": 1477869.7176396067}