{
    "boundaryCount": 77474,
    "statsArea": 1890244.7859970413,
    "statsPerimeter": 1479249.7750769844,
    "statsVertices": 12877805,
    "statsLineResolution": 114.86816076784703,
    "statsVertexDensity": 8.705632555752663
}