{
    "boundaryCount": 1,
    "boundaryYearSourceLag": 2,
    "statsArea": 1138269.9155926201,
    "statsPerimeter": 10815.857962311096,
    "statsVertices": 272613,
    "statsLineResolution": 39.674769590265676,
    "statsVertexDensity": 25.204935285757855
}