{
    "boundaryCount": 1,
    "statsArea": 347.2632613719928,
    "statsPerimeter": 113.97761592352865,
    "statsVertices": 64,
    "statsLineResolution": 1780.900248805135,
    "statsVertexDensity": 0.5615137628684892
}