{
    "boundaryCount": 1,
    "statsArea": 413.49268095260305,
    "statsPerimeter": 113.61241918158096,
    "statsVertices": 55,
    "statsLineResolution": 2065.6803487560173,
    "statsVertexDensity": 0.48410200571555734
}