{
    "boundaryCount": 1,
    "statsArea": 177598.80077764494,
    "statsPerimeter": 2480.50225528584,
    "statsVertices": 26608,
    "statsLineResolution": 93.22392721308779,
    "statsVertexDensity": 10.726859829818553
}