{
    "boundaryCount": 12,
    "statsArea": 116113.4570528738,
    "statsPerimeter": 4806.143734845404,
    "statsVertices": 1371,
    "statsLineResolution": 3505.5752989390253,
    "statsVertexDensity": 0.2852598831075326
}