{
    "boundaryCount": 8,
    "statsArea": 1184167.7128559807,
    "statsPerimeter": 12699.878483965635,
    "statsVertices": 4672,
    "statsLineResolution": 2718.2959083830556,
    "statsVertexDensity": 0.3678775356708084
}