{
    "boundaryCount": 6,
    "statsArea": 120433.11481166669,
    "statsPerimeter": 7405.902588587155,
    "statsVertices": 145369,
    "statsLineResolution": 50.94554264380408,
    "statsVertexDensity": 19.62880260186253
}