{
    "boundaryCount": 1,
    "statsArea": 28335.851064178692,
    "statsPerimeter": 1090.183864012208,
    "statsVertices": 554,
    "statsLineResolution": 1967.8409097693286,
    "statsVertexDensity": 0.5081711611114034
}