{"boundaryCount": 1, "boundaryYearSourceLag": null, "statsArea": 28335.845163975762, "statsVertices": 554, "statsLineResolution": 1967.8389511630132, "statsVertexDensity": 0.5081716668983454, "statsPerimeter": 1090.1827789443093}