{
    "boundaryCount": 9,
    "statsArea": 1252394.384008646,
    "statsPerimeter": 18108.732738667637,
    "statsVertices": 29126,
    "statsLineResolution": 621.7377167708452,
    "statsVertexDensity": 1.6083952654404776
}