{
    "boundaryCount": 15,
    "statsArea": 185939.02211727193,
    "statsPerimeter": 7284.220892994089,
    "statsVertices": 3637,
    "statsLineResolution": 2002.8102537789632,
    "statsVertexDensity": 0.499298422360865
}