{
    "boundaryCount": 15,
    "statsArea": 185939.02541930365,
    "statsPerimeter": 7284.219929223948,
    "statsVertices": 3637,
    "statsLineResolution": 2002.8099887885478,
    "statsVertexDensity": 0.4992984884226967
}