{
    "boundaryCount": 111,
    "boundaryYearSourceLag": 18,
    "statsArea": 112208.05282297042,
    "statsPerimeter": 19615.93587437576,
    "statsVertices": 116575,
    "statsLineResolution": 168.26880441240195,
    "statsVertexDensity": 5.94287220077435
}