{"boundaryCount": 43, "boundaryYearSourceLag": null, "statsArea": 93200.95298762368, "statsVertices": 3398, "statsLineResolution": 2677.0436474256094, "statsVertexDensity": 0.3735463935978983, "statsPerimeter": 9096.59431395222}