{
    "boundaryCount": 43,
    "statsArea": 93200.95334738053,
    "statsPerimeter": 9859.363201537726,
    "statsVertices": 3398,
    "statsLineResolution": 2901.5194825008025,
    "statsVertexDensity": 0.3446470051402536
}