{
    "boundaryCount": 43,
    "statsArea": 93200.95298762368,
    "statsPerimeter": 9859.363177900159,
    "statsVertices": 3398,
    "statsLineResolution": 2901.519475544485,
    "statsVertexDensity": 0.34464700596653586
}