{
    "boundaryCount": 18,
    "statsArea": 1872128.426052499,
    "statsPerimeter": 28593.81822254029,
    "statsVertices": 52374,
    "statsLineResolution": 545.954447293319,
    "statsVertexDensity": 1.8316546462030026
}