{
    "boundaryCount": 18,
    "statsArea": 1872128.4257925916,
    "statsPerimeter": 28592.309371054223,
    "statsVertices": 51834,
    "statsLineResolution": 551.6130217821164,
    "statsVertexDensity": 1.8128651074430102
}