{
    "boundaryCount": 3126,
    "statsArea": 118028.70947198177,
    "statsPerimeter": 81119.25372493821,
    "statsVertices": 886261,
    "statsLineResolution": 91.52975672509363,
    "statsVertexDensity": 10.925408695266878
}