{
    "boundaryCount": 3126,
    "statsArea": 118028.7099509103,
    "statsPerimeter": 81118.34913540528,
    "statsVertices": 872187,
    "statsLineResolution": 93.00568471601306,
    "statsVertexDensity": 10.752030943629267
}