{
    "boundaryCount": 82,
    "statsArea": 141969.62163628687,
    "statsPerimeter": 49233.253772779695,
    "statsVertices": 1341758,
    "statsLineResolution": 36.69309500877185,
    "statsVertexDensity": 27.25308398653589
}