{
    "boundaryCount": 82,
    "boundaryYearSourceLag": 1,
    "statsArea": 295719.4826845091,
    "statsPerimeter": 49233.136403088734,
    "statsVertices": 526570,
    "statsLineResolution": 93.49779972859967,
    "statsVertexDensity": 10.695438854205612
}