{
    "boundaryCount": 1,
    "statsArea": 329840.2507566594,
    "statsPerimeter": 12265.583751907192,
    "statsVertices": 55590,
    "statsLineResolution": 220.6437084350997,
    "statsVertexDensity": 4.532193585271164
}