{
    "boundaryCount": 56,
    "statsArea": 386089.92576813867,
    "statsPerimeter": 27028.658923854462,
    "statsVertices": 96110,
    "statsLineResolution": 281.2262919972371,
    "statsVertexDensity": 3.555855296807826
}