{
    "boundaryCount": 56,
    "statsArea": 386089.9257681396,
    "statsPerimeter": 27028.658923854447,
    "statsVertices": 96110,
    "statsLineResolution": 281.226291997237,
    "statsVertexDensity": 3.555855296807828
}