{
    "boundaryCount": 7,
    "statsArea": 26931.77767305204,
    "statsPerimeter": 2105.478694009251,
    "statsVertices": 6066,
    "statsLineResolution": 347.095069899316,
    "statsVertexDensity": 2.8810550385808598
}