{
    "boundaryCount": 13,
    "statsArea": 14889.058194104702,
    "statsPerimeter": 2755.7316980307537,
    "statsVertices": 42297,
    "statsLineResolution": 65.15194217156663,
    "statsVertexDensity": 15.348736609672647
}