{
    "boundaryCount": 13,
    "statsArea": 14889.05819410616,
    "statsPerimeter": 2755.7316980307614,
    "statsVertices": 42297,
    "statsLineResolution": 65.15194217156682,
    "statsVertexDensity": 15.348736609672605
}