{
    "boundaryCount": 20,
    "statsArea": 161564.18294169114,
    "statsPerimeter": 15597.8243861416,
    "statsVertices": 96310,
    "statsLineResolution": 161.95435973566194,
    "statsVertexDensity": 6.174579070499716
}