{
    "boundaryCount": 1,
    "statsArea": 391047.6673241606,
    "statsPerimeter": 3176.075482509664,
    "statsVertices": 18197,
    "statsLineResolution": 174.53841196404156,
    "statsVertexDensity": 5.729397837113473
}