{
    "boundaryCount": 1,
    "statsArea": 9473012.877177307,
    "statsPerimeter": 149875.59961672197,
    "statsVertices": 2065674,
    "statsLineResolution": 72.55530137704302,
    "statsVertexDensity": 13.782590396852884
}