{
    "boundaryCount": 1,
    "statsArea": 9473014.967469376,
    "statsPerimeter": 149696.5477840126,
    "statsVertices": 2061606,
    "statsLineResolution": 72.61161821609589,
    "statsVertexDensity": 13.771900758690554
}