{"boundaryCount": 1, "boundaryYearSourceLag": null, "statsArea": 9473014.967469376, "statsVertices": 2061606, "statsLineResolution": 72.61161821609589, "statsVertexDensity": 13.771900758690554, "statsPerimeter": 149696.5477840126}