{"boundaryCount": 1, "boundaryYearSourceLag": null, "statsArea": 24825.11060833238, "statsVertices": 3512, "statsLineResolution": 216.0796893136843, "statsVertexDensity": 4.627922240985331, "statsPerimeter": 758.8718688696592}