{
    "boundaryCount": 1,
    "statsArea": 24909.983723312984,
    "statsPerimeter": 762.6468695091352,
    "statsVertices": 3528,
    "statsLineResolution": 216.16974759329227,
    "statsVertexDensity": 4.625994206559502
}