{
    "boundaryCount": 1,
    "boundaryYearSourceLag": 1,
    "statsArea": 991.2971996536057,
    "statsPerimeter": 800.4246552692773,
    "statsVertices": 1976,
    "statsLineResolution": 405.07320610793386,
    "statsVertexDensity": 2.468689572456058
}