{
    "boundaryCount": 1,
    "statsArea": 991.3057637760392,
    "statsPerimeter": 800.4264315674694,
    "statsVertices": 12770,
    "statsLineResolution": 62.680221735902066,
    "statsVertexDensity": 15.953995890656184
}