{
    "boundaryCount": 11,
    "statsArea": 605.1334699913596,
    "statsPerimeter": 363.9031409235323,
    "statsVertices": 192,
    "statsLineResolution": 1895.3288589767308,
    "statsVertexDensity": 0.52761292335299
}