{
    "boundaryCount": 1,
    "statsArea": 2599.789927898835,
    "statsPerimeter": 334.45185364388885,
    "statsVertices": 1587,
    "statsLineResolution": 210.74470929041516,
    "statsVertexDensity": 4.745077602977722
}