{
    "boundaryCount": 10,
    "statsArea": 86563.13331984912,
    "statsPerimeter": 6315.4154011369765,
    "statsVertices": 17646,
    "statsLineResolution": 357.8950130985479,
    "statsVertexDensity": 2.7941154903006313
}