{
    "boundaryCount": 1,
    "statsArea": 583396.3408015427,
    "statsPerimeter": 4843.33581827322,
    "statsVertices": 25968,
    "statsLineResolution": 186.51169971785353,
    "statsVertexDensity": 5.361593945649281
}