{
    "boundaryCount": 1,
    "boundaryYearSourceLag": 1,
    "statsArea": 583396.2870947671,
    "statsPerimeter": 4843.3368457758825,
    "statsVertices": 5611,
    "statsLineResolution": 863.1860356043277,
    "statsVertexDensity": 1.1584988157273504
}