{
    "boundaryCount": 1747,
    "statsArea": 24951.881762031073,
    "statsPerimeter": 33055.53038137185,
    "statsVertices": 380956,
    "statsLineResolution": 86.7699429366432,
    "statsVertexDensity": 11.52472810464068
}