{
    "boundaryCount": 1747,
    "statsArea": 24951.881762032608,
    "statsPerimeter": 33055.530381371915,
    "statsVertices": 380956,
    "statsLineResolution": 86.76994293664337,
    "statsVertexDensity": 11.524728104640657
}