{
    "boundaryCount": 1,
    "boundaryYearSourceLag": 1,
    "statsArea": 9959382.222530678,
    "statsPerimeter": 319982.5503066907,
    "statsVertices": 976625,
    "statsLineResolution": 327.64116247965256,
    "statsVertexDensity": 3.0521195579694687
}