{
    "boundaryCount": 1,
    "statsArea": 9959384.898582924,
    "statsPerimeter": 319982.992156194,
    "statsVertices": 6921357,
    "statsLineResolution": 46.231250917442054,
    "statsVertexDensity": 21.630390269684906
}