{
    "boundaryCount": 26,
    "statsArea": 1292629.8203113277,
    "statsPerimeter": 38769.031365688075,
    "statsVertices": 231069,
    "statsLineResolution": 167.7811881545689,
    "statsVertexDensity": 5.960143750315723
}