{
    "boundaryCount": 1,
    "statsArea": 185938.962608632,
    "statsPerimeter": 2273.570792039118,
    "statsVertices": 591,
    "statsLineResolution": 3846.9894958360705,
    "statsVertexDensity": 0.259943522352319
}