{
    "boundaryCount": 1,
    "statsArea": 185939.048402182,
    "statsPerimeter": 2273.5686378668884,
    "statsVertices": 591,
    "statsLineResolution": 3846.9858508745992,
    "statsVertexDensity": 0.2599437686449128
}