{"boundaryCount": 1, "boundaryYearSourceLag": null, "statsArea": 185939.048402182, "statsVertices": 591, "statsLineResolution": 3846.9858508745992, "statsVertexDensity": 0.2599437686449128, "statsPerimeter": 2273.5686378668884}