{
    "boundaryCount": 5,
    "statsArea": 573.6057363009909,
    "statsPerimeter": 854.1182110294153,
    "statsVertices": 14433,
    "statsLineResolution": 59.17814806550373,
    "statsVertexDensity": 16.89812933809807
}