{
    "boundaryCount": 5,
    "boundaryYearSourceLag": 1,
    "statsArea": 759.9825105657391,
    "statsPerimeter": 854.1094362744029,
    "statsVertices": 2317,
    "statsLineResolution": 368.6272923066046,
    "statsVertexDensity": 2.7127671251434444
}