{
    "boundaryCount": 1,
    "boundaryYearSourceLag": 1,
    "statsArea": 43515.37875792626,
    "statsPerimeter": 6293.918476782657,
    "statsVertices": 12026,
    "statsLineResolution": 523.3592613323347,
    "statsVertexDensity": 1.9107333602051173
}