{
    "boundaryCount": 1,
    "statsArea": 43515.434627917246,
    "statsPerimeter": 6293.917092117323,
    "statsVertices": 63702,
    "statsLineResolution": 98.80250372229008,
    "statsVertexDensity": 10.121201005297982
}