{
    "boundaryCount": 1,
    "statsArea": 24.92998247886063,
    "statsPerimeter": 55.261686771268494,
    "statsVertices": 259,
    "statsLineResolution": 213.36558598945362,
    "statsVertexDensity": 4.686791430598506
}