{
    "boundaryCount": 1,
    "statsArea": 269.2666189554776,
    "statsPerimeter": 122.6600710555975,
    "statsVertices": 350,
    "statsLineResolution": 350.4573458731357,
    "statsVertexDensity": 2.8534142935671163
}