{
    "boundaryCount": 1,
    "statsArea": 27136.457003111074,
    "statsPerimeter": 1493.3956104504828,
    "statsVertices": 273,
    "statsLineResolution": 5470.313591393709,
    "statsVertexDensity": 0.18280487641024307
}