{
    "boundaryCount": 1,
    "statsArea": 26891.56900861388,
    "statsPerimeter": 1734.9570939746893,
    "statsVertices": 652,
    "statsLineResolution": 2660.9771379979898,
    "statsVertexDensity": 0.37580180066949354
}