{
    "boundaryCount": 1,
    "statsArea": 27257.6662397405,
    "statsPerimeter": 1561.8676837500177,
    "statsVertices": 436,
    "statsLineResolution": 3582.2653297018755,
    "statsVertexDensity": 0.2791529682931728
}