{
    "boundaryCount": 1,
    "statsArea": 90494.85833961326,
    "statsPerimeter": 2986.3534120997497,
    "statsVertices": 288,
    "statsLineResolution": 10369.28268090191,
    "statsVertexDensity": 0.09643868633669278
}