{
    "boundaryCount": 1,
    "statsArea": 497.4643547631018,
    "statsPerimeter": 608.3065855133609,
    "statsVertices": 2399,
    "statsLineResolution": 253.56673010144266,
    "statsVertexDensity": 3.9437350459973084
}