{
    "boundaryCount": 2,
    "boundaryYearSourceLag": 2,
    "statsArea": 1650.2369640009192,
    "statsPerimeter": 645.5162938436594,
    "statsVertices": 12732,
    "statsLineResolution": 50.70030583126448,
    "statsVertexDensity": 19.723746900622192
}