{
    "boundaryCount": 1,
    "boundaryYearSourceLag": 1,
    "statsArea": 437.6512706665594,
    "statsPerimeter": 209.30873677853273,
    "statsVertices": 427,
    "statsLineResolution": 490.18439526588463,
    "statsVertexDensity": 2.0400486218203304
}