{
    "boundaryCount": 1,
    "statsArea": 437.6535683138018,
    "statsPerimeter": 209.30852987609825,
    "statsVertices": 2315,
    "statsLineResolution": 90.41405178233185,
    "statsVertexDensity": 11.060227700086479
}