{
    "boundaryCount": 350,
    "statsArea": 549516.506502104,
    "statsPerimeter": 89680.32010730359,
    "statsVertices": 281346,
    "statsLineResolution": 318.7545588254448,
    "statsVertexDensity": 3.137210032963376
}