{"boundaryCount": 350, "boundaryYearSourceLag": null, "statsArea": 549516.2188475948, "statsVertices": 278785, "statsLineResolution": 319.7248908564612, "statsVertexDensity": 3.1276889244414345, "statsPerimeter": 89134.50369741852}