{
    "boundaryCount": 350,
    "statsArea": 549516.2188475948,
    "statsPerimeter": 89339.7578274423,
    "statsVertices": 278785,
    "statsLineResolution": 320.46113609929625,
    "statsVertexDensity": 3.1205031978983744
}