{
    "boundaryCount": 1,
    "statsArea": 136.0375383501512,
    "statsPerimeter": 75.49363882348008,
    "statsVertices": 1358,
    "statsLineResolution": 55.59178116603835,
    "statsVertexDensity": 17.98827055052
}