{
    "boundaryCount": 1,
    "statsArea": 136.0375383503508,
    "statsPerimeter": 75.49363882347231,
    "statsVertices": 1358,
    "statsLineResolution": 55.59178116603263,
    "statsVertexDensity": 17.98827055052185
}