{
    "boundaryCount": 87,
    "statsArea": 294241.6642217262,
    "statsPerimeter": 60624.784255423234,
    "statsVertices": 13157935,
    "statsLineResolution": 4.607469504555482,
    "statsVertexDensity": 217.03887546326314
}