{
    "boundaryCount": 37,
    "statsArea": 28735.427602860316,
    "statsPerimeter": 5831.417902368002,
    "statsVertices": 32274,
    "statsLineResolution": 180.68469673322184,
    "statsVertexDensity": 5.534503021451145
}