{
    "boundaryCount": 37,
    "statsArea": 28727.645413063667,
    "statsPerimeter": 5476.863387003031,
    "statsVertices": 9193,
    "statsLineResolution": 595.7645368218243,
    "statsVertexDensity": 1.6785154842122982
}