{
    "boundaryCount": 1,
    "statsArea": 40.634242181057665,
    "statsPerimeter": 46.07096684149171,
    "statsVertices": 649,
    "statsLineResolution": 70.98762225191327,
    "statsVertexDensity": 14.086962885604297
}