{"boundaryCount": 1, "boundaryYearSourceLag": null, "statsArea": 40.634242181057665, "statsVertices": 649, "statsLineResolution": 70.98762225191327, "statsVertexDensity": 14.086962885604297, "statsPerimeter": 46.07096684149171}