{
    "boundaryCount": 1,
    "statsArea": 27142.500978631604,
    "statsPerimeter": 2361.5609046559675,
    "statsVertices": 9296,
    "statsLineResolution": 254.04054482099477,
    "statsVertexDensity": 3.936379528333292
}