{
    "boundaryCount": 4,
    "statsArea": 118082.57216591123,
    "statsPerimeter": 5739.262405297719,
    "statsVertices": 59894,
    "statsLineResolution": 95.82366189096936,
    "statsVertexDensity": 10.435835786966958
}