{
    "boundaryCount": 4,
    "boundaryYearSourceLag": 6,
    "statsArea": 118082.57216591203,
    "statsPerimeter": 5739.262405297877,
    "statsVertices": 59894,
    "statsLineResolution": 95.823661890972,
    "statsVertexDensity": 10.43583578696667
}