{
    "boundaryCount": 77,
    "boundaryYearSourceLag": 7,
    "statsArea": 115295.30667761191,
    "statsPerimeter": 12845.628363381778,
    "statsVertices": 17293,
    "statsLineResolution": 742.8224347066315,
    "statsVertexDensity": 1.3462167447795752
}