{
    "boundaryCount": 1,
    "statsArea": 120896.88220802913,
    "statsPerimeter": 2747.1247596018648,
    "statsVertices": 433,
    "statsLineResolution": 6344.398982914237,
    "statsVertexDensity": 0.15761934309192197
}