{
    "boundaryCount": 1,
    "statsArea": 121035.40367590691,
    "statsPerimeter": 2819.6024442925072,
    "statsVertices": 693,
    "statsLineResolution": 4068.6903958044836,
    "statsVertexDensity": 0.2457793301331483
}