{
    "boundaryCount": 1,
    "statsArea": 122537.73879835274,
    "statsPerimeter": 3016.2021925822796,
    "statsVertices": 1010,
    "statsLineResolution": 2986.33880453691,
    "statsVertexDensity": 0.3348581877182784
}