{
    "boundaryCount": 8,
    "boundaryYearSourceLag": 0,
    "statsArea": 25434.11138415643,
    "statsPerimeter": 2746.4929160905863,
    "statsVertices": 3886,
    "statsLineResolution": 706.7660617834756,
    "statsVertexDensity": 1.4148953296888205
}