{
    "boundaryCount": 18,
    "statsArea": 1036.2047838101275,
    "statsPerimeter": 805.1146551651535,
    "statsVertices": 601,
    "statsLineResolution": 1339.6250501916033,
    "statsVertexDensity": 0.7464775310501789
}