{
    "boundaryCount": 18,
    "statsArea": 1036.2047838101491,
    "statsPerimeter": 805.1146551651528,
    "statsVertices": 601,
    "statsLineResolution": 1339.625050191602,
    "statsVertexDensity": 0.7464775310501796
}