{
    "boundaryCount": 999,
    "statsArea": 779996.3470785888,
    "statsPerimeter": 146721.81260214903,
    "statsVertices": 627652,
    "statsLineResolution": 233.7629970145065,
    "statsVertexDensity": 4.277837009156515
}