{
    "boundaryCount": 999,
    "statsArea": 779996.3470785874,
    "statsPerimeter": 146721.81260214924,
    "statsVertices": 627652,
    "statsLineResolution": 233.76299701450685,
    "statsVertexDensity": 4.27783700915651
}