{
    "boundaryCount": 1,
    "statsArea": 5395.020997593425,
    "statsPerimeter": 487.2867698475001,
    "statsVertices": 301,
    "statsLineResolution": 1618.8929230813958,
    "statsVertexDensity": 0.6177060791004034
}