{"boundaryCount": 1, "boundaryYearSourceLag": null, "statsArea": 5395.020997593425, "statsVertices": 301, "statsLineResolution": 1618.8929230813958, "statsVertexDensity": 0.6177060791004034, "statsPerimeter": 487.2867698475001}