{
    "boundaryCount": 1,
    "statsArea": 2.6954928661797495,
    "statsPerimeter": 7.075480176425101,
    "statsVertices": 5,
    "statsLineResolution": 1415.0960352850202,
    "statsVertexDensity": 0.7066658198915708
}