{
    "boundaryCount": 14,
    "boundaryYearSourceLag": 9,
    "statsArea": 824100.0723623133,
    "statsPerimeter": 18427.92672802829,
    "statsVertices": 52485,
    "statsLineResolution": 351.1084448514488,
    "statsVertexDensity": 2.848122893834388
}