{
    "boundaryCount": 32,
    "statsArea": 329784.9487339692,
    "statsPerimeter": 16926.28341396893,
    "statsVertices": 303595,
    "statsLineResolution": 55.75283984903878,
    "statsVertexDensity": 17.93630607351458
}