{
    "boundaryCount": 32,
    "statsArea": 329784.94873396406,
    "statsPerimeter": 16926.283413969064,
    "statsVertices": 303595,
    "statsLineResolution": 55.75283984903922,
    "statsVertexDensity": 17.936306073514437
}