{
    "boundaryCount": 1,
    "statsArea": 14915.478182024004,
    "statsPerimeter": 1070.1371903819356,
    "statsVertices": 26312,
    "statsLineResolution": 40.67106986857463,
    "statsVertexDensity": 24.587501711448002
}