{
    "boundaryCount": 1,
    "statsArea": 14915.477313610616,
    "statsPerimeter": 1068.288921951289,
    "statsVertices": 25621,
    "statsLineResolution": 41.695832401205614,
    "statsVertexDensity": 23.98321228792846
}