{
    "boundaryCount": 50,
    "statsArea": 1253078.0991050643,
    "statsPerimeter": 36710.68010479617,
    "statsVertices": 18634,
    "statsLineResolution": 1970.091236706889,
    "statsVertexDensity": 0.5075907051246786
}