{"boundaryCount": 1, "boundaryYearSourceLag": null, "statsArea": 7.20813385700241, "statsVertices": 627, "statsLineResolution": 39.660098264050575, "statsVertexDensity": 25.21425926234878, "statsPerimeter": 24.866881611559712}