{
    "boundaryCount": 1,
    "statsArea": 7.20813385700241,
    "statsPerimeter": 24.866881611559712,
    "statsVertices": 627,
    "statsLineResolution": 39.660098264050575,
    "statsVertexDensity": 25.21425926234878
}