{
    "boundaryCount": 1,
    "statsArea": 2.3549485384957416,
    "statsPerimeter": 10.916858777914008,
    "statsVertices": 165,
    "statsLineResolution": 66.16278047220611,
    "statsVertexDensity": 15.11423783678625
}