{
    "boundaryCount": 1,
    "statsArea": 2.354909949431354,
    "statsPerimeter": 10.91716995613999,
    "statsVertices": 151,
    "statsLineResolution": 72.29913878238403,
    "statsVertexDensity": 13.831423400629134
}