{"boundaryCount": 1, "boundaryYearSourceLag": null, "statsArea": 2.354909949431354, "statsVertices": 151, "statsLineResolution": 72.29913878238403, "statsVertexDensity": 13.831423400629134, "statsPerimeter": 10.91716995613999}