{
    "boundaryCount": 87,
    "statsArea": 461937.11976585834,
    "statsPerimeter": 46014.13774415896,
    "statsVertices": 100902,
    "statsLineResolution": 456.0280048379513,
    "statsVertexDensity": 2.1928477843270793
}