{
    "boundaryCount": 6,
    "statsArea": 22034.123326660203,
    "statsPerimeter": 3986.7172039961406,
    "statsVertices": 121195,
    "statsLineResolution": 32.895063360667855,
    "statsVertexDensity": 30.39969824760044
}