{
    "boundaryCount": 6,
    "statsArea": 22034.12332665899,
    "statsPerimeter": 3986.717203996244,
    "statsVertices": 121195,
    "statsLineResolution": 32.89506336066871,
    "statsVertexDensity": 30.399698247599652
}