{
    "boundaryCount": 1,
    "statsArea": 26952.583836597958,
    "statsPerimeter": 2310.194800001078,
    "statsVertices": 47749,
    "statsLineResolution": 48.382056168738146,
    "statsVertexDensity": 20.668819789559617
}