{
    "boundaryCount": 1,
    "statsArea": 638013.5976187572,
    "statsPerimeter": 10383.063267631906,
    "statsVertices": 15421,
    "statsLineResolution": 673.3067419513588,
    "statsVertexDensity": 1.485207168877929
}