{
    "boundaryCount": 10,
    "statsArea": 27142.506056919792,
    "statsPerimeter": 4468.788818932874,
    "statsVertices": 21010,
    "statsLineResolution": 212.69818271931814,
    "statsVertexDensity": 4.701497620784213
}