{
    "boundaryCount": 1,
    "statsArea": 1127375.979708957,
    "statsPerimeter": 5222.432865061843,
    "statsVertices": 1074,
    "statsLineResolution": 4862.600433018476,
    "statsVertexDensity": 0.20565127934627495
}