{
    "boundaryCount": 1,
    "boundaryYearSourceLag": 0,
    "statsArea": 309205.528455107,
    "statsPerimeter": 5441.021164647468,
    "statsVertices": 79063,
    "statsLineResolution": 68.81880480942372,
    "statsVertexDensity": 14.530912048955908
}