{
    "boundaryCount": 1,
    "boundaryYearSourceLag": 1,
    "statsArea": 16.27776837387132,
    "statsPerimeter": 129.3961948282699,
    "statsVertices": 430,
    "statsLineResolution": 300.9213833215579,
    "statsVertexDensity": 3.323127087088465
}