{
    "boundaryCount": 1,
    "statsArea": 29588.310318547698,
    "statsPerimeter": 1207.7086678344801,
    "statsVertices": 434,
    "statsLineResolution": 2782.7388659780645,
    "statsVertexDensity": 0.3593581892379702
}