{"boundaryCount": 1, "boundaryYearSourceLag": null, "statsArea": 29588.310318547698, "statsVertices": 434, "statsLineResolution": 2713.2300011250545, "statsVertexDensity": 0.36856440463408735, "statsPerimeter": 1177.5418204882737}