{
    "boundaryCount": 1,
    "boundaryYearSourceLag": 0,
    "statsArea": 69656.7314975544,
    "statsPerimeter": 2177.1882168739053,
    "statsVertices": 32077,
    "statsLineResolution": 67.87381042098404,
    "statsVertexDensity": 14.733223224061653
}