{
    "boundaryCount": 7762,
    "statsArea": 36408.898682878134,
    "statsPerimeter": 61332.7003788911,
    "statsVertices": 1026817,
    "statsLineResolution": 59.73089691628704,
    "statsVertexDensity": 16.741754295126388
}