{
    "boundaryCount": 7762,
    "statsArea": 36408.898682879335,
    "statsPerimeter": 61332.70037889156,
    "statsVertices": 1026817,
    "statsLineResolution": 59.73089691628748,
    "statsVertexDensity": 16.741754295126263
}