{
    "boundaryCount": 14,
    "statsArea": 450968.4873355609,
    "statsPerimeter": 13016.791653703935,
    "statsVertices": 5807,
    "statsLineResolution": 2241.569081058022,
    "statsVertexDensity": 0.44611607487376626
}