{
    "boundaryCount": 1,
    "statsArea": 53.022218737993065,
    "statsPerimeter": 77.87457744770124,
    "statsVertices": 954,
    "statsLineResolution": 81.62953610870152,
    "statsVertexDensity": 12.250467755548135
}