{
    "boundaryCount": 1,
    "statsArea": 60343.33026853613,
    "statsPerimeter": 10906.65721583812,
    "statsVertices": 173630,
    "statsLineResolution": 62.81551123560514,
    "statsVertexDensity": 15.919634821553107
}