{
    "boundaryCount": 8,
    "statsArea": 872939.2881062848,
    "statsPerimeter": 15402.726978771667,
    "statsVertices": 6765,
    "statsLineResolution": 2276.8258653025373,
    "statsVertexDensity": 0.43920794086161835
}