{"boundaryCount": 8, "boundaryYearSourceLag": null, "statsArea": 872939.291044098, "statsVertices": 6770, "statsLineResolution": 2275.144894771838, "statsVertexDensity": 0.43953244573475153, "statsPerimeter": 15402.730937605345}