{
    "boundaryCount": 1,
    "statsArea": 1251195.7262816904,
    "statsPerimeter": 7536.242743849599,
    "statsVertices": 8316,
    "statsLineResolution": 906.2340961820105,
    "statsVertexDensity": 1.1034676406604298
}