{
    "boundaryCount": 9,
    "statsArea": 10162.711440461877,
    "statsPerimeter": 1810.7767162188734,
    "statsVertices": 16122,
    "statsLineResolution": 112.31712667279949,
    "statsVertexDensity": 8.903361665520384
}