{
    "boundaryCount": 9,
    "statsArea": 10162.711440461851,
    "statsPerimeter": 1810.7767162188961,
    "statsVertices": 16122,
    "statsLineResolution": 112.31712667280091,
    "statsVertexDensity": 8.903361665520272
}