{
    "boundaryCount": 1,
    "statsArea": 56829.79778441205,
    "statsPerimeter": 1965.2169299113104,
    "statsVertices": 18369,
    "statsLineResolution": 106.98551526546413,
    "statsVertexDensity": 9.347059716623237
}