{
    "boundaryCount": 1,
    "statsArea": 56829.79778441294,
    "statsPerimeter": 1965.216929911361,
    "statsVertices": 18369,
    "statsLineResolution": 106.98551526546686,
    "statsVertexDensity": 9.347059716622997
}