{"boundaryCount": 19, "boundaryYearSourceLag": null, "statsArea": 325122.9686079882, "statsVertices": 549078, "statsLineResolution": 104.20123751456946, "statsVertexDensity": 9.596815007692971, "statsPerimeter": 57214.607092024766}