{
    "boundaryCount": 19,
    "statsArea": 325121.2319339951,
    "statsPerimeter": 57287.631132870345,
    "statsVertices": 562896,
    "statsLineResolution": 101.77302935688004,
    "statsVertexDensity": 9.825785930900938
}