{
    "boundaryCount": 79,
    "statsArea": 86235.4886016052,
    "statsPerimeter": 13650.215392419455,
    "statsVertices": 21374,
    "statsLineResolution": 638.6364457948655,
    "statsVertexDensity": 1.5658360974926366
}