{
    "boundaryCount": 79,
    "statsArea": 86235.47866780988,
    "statsPerimeter": 13649.733217451794,
    "statsVertices": 19363,
    "statsLineResolution": 704.9389669706035,
    "statsVertexDensity": 1.4185625236428459
}