{"boundaryCount": 79, "boundaryYearSourceLag": null, "statsArea": 86235.47866780988, "statsVertices": 19363, "statsLineResolution": 695.2563487124726, "statsVertexDensity": 1.4383184013376855, "statsPerimeter": 13462.248680119606}