{
    "boundaryCount": 1,
    "statsArea": 1219826.728374605,
    "statsPerimeter": 7545.717541681857,
    "statsVertices": 2207,
    "statsLineResolution": 3418.992995777914,
    "statsVertexDensity": 0.29248378140431747
}