{"boundaryCount": 1, "boundaryYearSourceLag": null, "statsArea": 1219826.728374605, "statsVertices": 2207, "statsLineResolution": 3063.65529800512, "statsVertexDensity": 0.3264074782339722, "statsPerimeter": 6761.487242697301}