{
    "boundaryCount": 186,
    "statsArea": 122755.12842290751,
    "statsPerimeter": 25944.27390308282,
    "statsVertices": 218646,
    "statsLineResolution": 118.65880877346406,
    "statsVertexDensity": 8.427524347637243
}