{"boundaryCount": 186, "boundaryYearSourceLag": null, "statsArea": 122755.12842290751, "statsVertices": 218646, "statsLineResolution": 118.54442042150947, "statsVertexDensity": 8.435656410013149, "statsPerimeter": 25919.26334748136}