{
    "boundaryCount": 186,
    "statsArea": 122674.72922826493,
    "statsPerimeter": 25776.010668740142,
    "statsVertices": 227760,
    "statsLineResolution": 113.17180658912953,
    "statsVertexDensity": 8.836122972132998
}