{"boundaryCount": 1, "boundaryYearSourceLag": null, "statsArea": 2608.468930148272, "statsVertices": 197, "statsLineResolution": 1336.3393121017962, "statsVertexDensity": 0.7483129403917623, "statsPerimeter": 263.25884448405384}