{
    "boundaryCount": 1,
    "statsArea": 2608.468930148272,
    "statsPerimeter": 263.25884448405384,
    "statsVertices": 197,
    "statsLineResolution": 1336.3393121017962,
    "statsVertexDensity": 0.7483129403917623
}