{"boundaryCount": 1, "boundaryYearSourceLag": null, "statsArea": 42.56975589157465, "statsVertices": 38, "statsLineResolution": 1088.953116932723, "statsVertexDensity": 0.9183131802925738, "statsPerimeter": 41.38021844344348}