{"boundaryCount": 96, "boundaryYearSourceLag": null, "statsArea": 549516.2188475948, "statsVertices": 248569, "statsLineResolution": 210.7985845122366, "statsVertexDensity": 4.743864871359946, "statsPerimeter": 52397.993353622136}