{
    "boundaryCount": 96,
    "statsArea": 549516.2188475948,
    "statsPerimeter": 52553.12151078953,
    "statsVertices": 248569,
    "statsLineResolution": 211.42266940281988,
    "statsVertexDensity": 4.729861763757782
}