{
    "boundaryCount": 96,
    "statsArea": 549516.5065021039,
    "statsPerimeter": 52903.203802272605,
    "statsVertices": 250711,
    "statsLineResolution": 211.01269510421403,
    "statsVertexDensity": 4.739051361370103
}