{
    "boundaryCount": 21,
    "statsArea": 453075.80693102616,
    "statsPerimeter": 13747.730082788337,
    "statsVertices": 3147,
    "statsLineResolution": 4368.519250965471,
    "statsVertexDensity": 0.228910516939806
}