{"boundaryCount": 21, "boundaryYearSourceLag": null, "statsArea": 453075.8049916618, "statsVertices": 3147, "statsLineResolution": 4329.547321664502, "statsVertexDensity": 0.2309710290025305, "statsPerimeter": 13625.085421278189}