{
    "boundaryCount": 21,
    "statsArea": 453075.8049916618,
    "statsPerimeter": 13747.732561857554,
    "statsVertices": 3147,
    "statsLineResolution": 4368.520038721816,
    "statsVertexDensity": 0.22891047566136144
}