{
    "boundaryCount": 205,
    "statsArea": 38762.98939051401,
    "statsPerimeter": 13412.064475589159,
    "statsVertices": 118129,
    "statsLineResolution": 113.53744191171651,
    "statsVertexDensity": 8.807667172716219
}