{
    "boundaryCount": 11,
    "statsArea": 1129520.778781842,
    "statsPerimeter": 22392.431202214968,
    "statsVertices": 12799,
    "statsLineResolution": 1749.5453709051462,
    "statsVertexDensity": 0.5715770603208987
}