{
    "boundaryCount": 11,
    "statsArea": 1129022.523767408,
    "statsPerimeter": 22410.243519314405,
    "statsVertices": 13638,
    "statsLineResolution": 1643.220671602464,
    "statsVertexDensity": 0.6085609907918228
}