{"boundaryCount": 11, "boundaryYearSourceLag": null, "statsArea": 1129520.778781842, "statsVertices": 12799, "statsLineResolution": 1734.2573707010104, "statsVertexDensity": 0.5766156839776246, "statsPerimeter": 22196.760087602233}