{
    "boundaryCount": 7,
    "statsArea": 351.757128569601,
    "statsPerimeter": 229.61740825977415,
    "statsVertices": 138,
    "statsLineResolution": 1663.8942627519866,
    "statsVertexDensity": 0.6009997283998424
}