{
    "boundaryCount": 3,
    "statsArea": 2581.554296893831,
    "statsPerimeter": 538.7317291543637,
    "statsVertices": 2807,
    "statsLineResolution": 191.92437803860483,
    "statsVertexDensity": 5.21038551860699
}