{
    "boundaryCount": 1,
    "statsArea": 93010.86080857208,
    "statsPerimeter": 2141.0512914130272,
    "statsVertices": 4066,
    "statsLineResolution": 526.5743461419153,
    "statsVertexDensity": 1.8990670687373241
}