{"boundaryCount": 1, "boundaryYearSourceLag": null, "statsArea": 413473.6042447392, "statsVertices": 68632, "statsLineResolution": 72.6382050451083, "statsVertexDensity": 13.766860006782938, "statsPerimeter": 4985.305288655873}