{
    "boundaryCount": 1,
    "statsArea": 413477.27265948674,
    "statsPerimeter": 4976.688889051244,
    "statsVertices": 67864,
    "statsLineResolution": 73.33326784526764,
    "statsVertexDensity": 13.636375813907387
}