{
    "boundaryCount": 1,
    "statsArea": 2513.938018318122,
    "statsPerimeter": 215.07120288803313,
    "statsVertices": 329,
    "statsLineResolution": 653.7118628815597,
    "statsVertexDensity": 1.5297259492768012
}