{
    "boundaryCount": 1,
    "statsArea": 505999.1715600206,
    "statsPerimeter": 9723.63517983526,
    "statsVertices": 78295,
    "statsLineResolution": 124.19228788345693,
    "statsVertexDensity": 8.052029776103394
}