{
    "boundaryCount": 5,
    "statsArea": 43515.44045023815,
    "statsPerimeter": 6922.771743876793,
    "statsVertices": 67344,
    "statsLineResolution": 102.7971570425991,
    "statsVertexDensity": 9.727895486308055
}