{
    "boundaryCount": 5,
    "boundaryYearSourceLag": 1,
    "statsArea": 43515.378757926264,
    "statsPerimeter": 6922.773269481072,
    "statsVertices": 12699,
    "statsLineResolution": 545.1431820994624,
    "statsVertexDensity": 1.8343804578987621
}