{
    "boundaryCount": 210,
    "boundaryYearSourceLag": 0,
    "statsArea": 130.448473642482,
    "statsPerimeter": 706.4224905171003,
    "statsVertices": 5233,
    "statsLineResolution": 134.99378760120396,
    "statsVertexDensity": 7.407748295456238
}