{
    "boundaryCount": 19,
    "statsArea": 506292.5638515923,
    "statsPerimeter": 22289.927463244465,
    "statsVertices": 63017,
    "statsLineResolution": 353.71292608731716,
    "statsVertexDensity": 2.827151416437468
}