{
    "boundaryCount": 340,
    "statsArea": 244785.46498850628,
    "statsPerimeter": 41622.87905356252,
    "statsVertices": 28314,
    "statsLineResolution": 1470.045880255793,
    "statsVertexDensity": 0.6802508774936987
}