{
    "boundaryCount": 8,
    "statsArea": 49037.643226459855,
    "statsPerimeter": 4173.6184307107505,
    "statsVertices": 5463,
    "statsLineResolution": 763.9792111862988,
    "statsVertexDensity": 1.3089361403528383
}