{
    "boundaryCount": 1,
    "statsArea": 543.8445406551614,
    "statsPerimeter": 236.06837685271648,
    "statsVertices": 29853,
    "statsLineResolution": 7.907693593699678,
    "statsVertexDensity": 126.45912340315427
}