{
    "boundaryCount": 1,
    "statsArea": 543.8445406577451,
    "statsPerimeter": 236.0683768526861,
    "statsVertices": 29853,
    "statsLineResolution": 7.90769359369866,
    "statsVertexDensity": 126.45912340317054
}