{
    "boundaryCount": 7,
    "boundaryYearSourceLag": 3,
    "statsArea": 359.53096001560635,
    "statsPerimeter": 411.1473350627954,
    "statsVertices": 6415,
    "statsLineResolution": 64.09155651797278,
    "statsVertexDensity": 15.602679265865177
}