{
    "boundaryCount": 232,
    "statsArea": 21005.865725813594,
    "statsPerimeter": 11637.573834146655,
    "statsVertices": 135238,
    "statsLineResolution": 86.05254317681904,
    "statsVertexDensity": 11.620807045123813
}