{
    "boundaryCount": 232,
    "statsArea": 21005.86572581473,
    "statsPerimeter": 11637.573834146837,
    "statsVertices": 135238,
    "statsLineResolution": 86.0525431768204,
    "statsVertexDensity": 11.620807045123632
}