{
    "boundaryCount": 14,
    "statsArea": 20422.747573925855,
    "statsPerimeter": 3823.0428649584633,
    "statsVertices": 35419,
    "statsLineResolution": 107.93762853153571,
    "statsVertexDensity": 9.26460969732936
}