{
    "boundaryCount": 24,
    "statsArea": 2782896.9253544114,
    "statsPerimeter": 41844.46740634179,
    "statsVertices": 10735,
    "statsLineResolution": 3897.94759257958,
    "statsVertexDensity": 0.2565452654888623
}