{
    "boundaryCount": 18,
    "statsArea": 436454.4915994017,
    "statsPerimeter": 12766.83936433965,
    "statsVertices": 8306,
    "statsLineResolution": 1537.0622880254816,
    "statsVertexDensity": 0.6505917214874911
}