{
    "boundaryCount": 7,
    "statsArea": 26959.412543322724,
    "statsPerimeter": 2354.884150182213,
    "statsVertices": 204067,
    "statsLineResolution": 11.539759736665964,
    "statsVertexDensity": 86.65691685266555
}