{
    "boundaryCount": 7,
    "statsArea": 26959.41247566569,
    "statsPerimeter": 2354.702224164836,
    "statsVertices": 170508,
    "statsLineResolution": 13.809922256813968,
    "statsVertexDensity": 72.41170380279216
}