{"boundaryCount": 7, "boundaryYearSourceLag": null, "statsArea": 26959.41247566569, "statsVertices": 170508, "statsLineResolution": 13.809922256813968, "statsVertexDensity": 72.41170380279216, "statsPerimeter": 2354.702224164836}