{
    "boundaryCount": 1,
    "statsArea": 160.52316338946233,
    "statsPerimeter": 77.92486343788225,
    "statsVertices": 2529,
    "statsLineResolution": 30.812520141511367,
    "statsVertexDensity": 32.454339840017695
}