{
    "boundaryCount": 1,
    "statsArea": 160.52316338947531,
    "statsPerimeter": 77.92486343785374,
    "statsVertices": 2529,
    "statsLineResolution": 30.812520141500094,
    "statsVertexDensity": 32.45433984002956
}