{
    "boundaryCount": 1,
    "statsArea": 312701.03667605884,
    "statsPerimeter": 3594.366526411196,
    "statsVertices": 73462,
    "statsLineResolution": 48.9282421716152,
    "statsVertexDensity": 20.438093739245986
}