{
    "boundaryCount": 1,
    "statsArea": 13791.279391949536,
    "statsPerimeter": 796.368998827839,
    "statsVertices": 1562,
    "statsLineResolution": 509.83930782832203,
    "statsVertexDensity": 1.9614023176430515
}