{
    "boundaryCount": 26,
    "statsArea": 2330054.7900200877,
    "statsPerimeter": 55966.889394377395,
    "statsVertices": 295019,
    "statsLineResolution": 189.7060507776699,
    "statsVertexDensity": 5.271313149478672
}