{
    "boundaryCount": 26,
    "statsArea": 2330054.790020087,
    "statsPerimeter": 55966.88939437728,
    "statsVertices": 295019,
    "statsLineResolution": 189.7060507776695,
    "statsVertexDensity": 5.271313149478683
}