{
    "boundaryCount": 1,
    "boundaryYearSourceLag": 1,
    "statsArea": 590666.2181073488,
    "statsPerimeter": 13187.687211990242,
    "statsVertices": 24126,
    "statsLineResolution": 546.6172267259489,
    "statsVertexDensity": 1.8294337446875937
}