{
    "boundaryCount": 1,
    "statsArea": 590666.3604449567,
    "statsPerimeter": 13187.667805939118,
    "statsVertices": 137460,
    "statsLineResolution": 95.93822061646382,
    "statsVertexDensity": 10.42337447551525
}