{
    "boundaryCount": 58,
    "statsArea": 121047.3688727319,
    "statsPerimeter": 14089.898006960702,
    "statsVertices": 104744,
    "statsLineResolution": 134.51747123425403,
    "statsVertexDensity": 7.433978581552137
}