{
    "boundaryCount": 15,
    "boundaryYearSourceLag": 1,
    "statsArea": 667796.1598605148,
    "statsPerimeter": 42117.29467119428,
    "statsVertices": 70166,
    "statsLineResolution": 600.2521829831297,
    "statsVertexDensity": 1.6659664526836138
}