{
    "boundaryCount": 15,
    "statsArea": 270128.73060127546,
    "statsPerimeter": 42117.337273765355,
    "statsVertices": 305499,
    "statsLineResolution": 137.86407573761406,
    "statsVertexDensity": 7.2535212284251775
}