{
    "boundaryCount": 290,
    "statsArea": 450047.2744892446,
    "statsPerimeter": 83069.30413359014,
    "statsVertices": 521384,
    "statsLineResolution": 159.32461320943898,
    "statsVertexDensity": 6.276494132676522
}