{
    "boundaryCount": 290,
    "statsArea": 450047.27808467875,
    "statsPerimeter": 83049.73450288191,
    "statsVertices": 567062,
    "statsLineResolution": 146.4561802816657,
    "statsVertexDensity": 6.827980888732671
}