{
    "boundaryCount": 1,
    "statsArea": 20.70270367094807,
    "statsPerimeter": 70.3967225704196,
    "statsVertices": 4550,
    "statsLineResolution": 15.471807158333979,
    "statsVertexDensity": 64.63369080071195
}