{
    "boundaryCount": 1,
    "statsArea": 20.702703671015616,
    "statsPerimeter": 70.39672257044501,
    "statsVertices": 4550,
    "statsLineResolution": 15.471807158339562,
    "statsVertexDensity": 64.63369080068861
}