{
    "boundaryCount": 547,
    "statsArea": 603.1036391938926,
    "statsPerimeter": 2595.6785674071857,
    "statsVertices": 216062,
    "statsLineResolution": 12.013582061663715,
    "statsVertexDensity": 83.23912009483654
}