{
    "boundaryCount": 1,
    "boundaryYearSourceLag": 1,
    "statsArea": 8970.29230710982,
    "statsPerimeter": 1016.7850630414227,
    "statsVertices": 2507,
    "statsLineResolution": 405.57840568066325,
    "statsVertexDensity": 2.4656145050961156
}