{
    "boundaryCount": 1,
    "statsArea": 8970.30336575611,
    "statsPerimeter": 1016.7867836302486,
    "statsVertices": 14988,
    "statsLineResolution": 67.84005762144706,
    "statsVertexDensity": 14.740553517511437
}