{
    "boundaryCount": 1,
    "statsArea": 3150747.255588301,
    "statsPerimeter": 21740.836907206038,
    "statsVertices": 7737,
    "statsLineResolution": 2809.9827978810954,
    "statsVertexDensity": 0.3558740646932298
}