{
    "boundaryCount": 1,
    "statsArea": 3151452.491961217,
    "statsPerimeter": 21681.890552932684,
    "statsVertices": 7776,
    "statsLineResolution": 2788.3089702845527,
    "statsVertexDensity": 0.35864031233882515
}