{"boundaryCount": 1, "boundaryYearSourceLag": null, "statsArea": 3151452.491961217, "statsVertices": 7776, "statsLineResolution": 2788.3089702845527, "statsVertexDensity": 0.35864031233882515, "statsPerimeter": 21681.890552932684}