{
    "boundaryCount": 164,
    "statsArea": 241384.5850776251,
    "statsPerimeter": 32027.791144299874,
    "statsVertices": 98542,
    "statsLineResolution": 325.0166542621407,
    "statsVertexDensity": 3.076765411514742
}