{
    "boundaryCount": 14,
    "statsArea": 264.12298636112996,
    "statsPerimeter": 270.1650938872795,
    "statsVertices": 179,
    "statsLineResolution": 1509.302200487595,
    "statsVertexDensity": 0.6625578361158819
}