{
    "boundaryCount": 3,
    "statsArea": 177.69949578319395,
    "statsPerimeter": 155.71990642828786,
    "statsVertices": 343,
    "statsLineResolution": 453.9938962923844,
    "statsVertexDensity": 2.202672785177651
}