{
    "boundaryCount": 1,
    "statsArea": 20749.84412408161,
    "statsPerimeter": 1347.3110534360087,
    "statsVertices": 8376,
    "statsLineResolution": 160.8537551857699,
    "statsVertexDensity": 6.2168271971338225
}