{
    "boundaryCount": 45,
    "statsArea": 273377.94596230064,
    "statsPerimeter": 20392.066460699418,
    "statsVertices": 51354,
    "statsLineResolution": 397.0881812653234,
    "statsVertexDensity": 2.5183323180596693
}