{
    "boundaryCount": 51,
    "statsArea": 2306952.4017714467,
    "statsPerimeter": 58869.06462469815,
    "statsVertices": 104973,
    "statsLineResolution": 560.8019645499143,
    "statsVertexDensity": 1.7831606577957964
}