{
    "boundaryCount": 12,
    "statsArea": 89345.02245314482,
    "statsPerimeter": 4360.759600199624,
    "statsVertices": 1440,
    "statsLineResolution": 3028.3052779164054,
    "statsVertexDensity": 0.3302176987546116
}