{
    "boundaryCount": 1,
    "statsArea": 26933.930288353917,
    "statsPerimeter": 1107.385820755639,
    "statsVertices": 2373,
    "statsLineResolution": 466.6606914267337,
    "statsVertexDensity": 2.14288458053468
}