{
    "boundaryCount": 2,
    "statsArea": 1632.5976780686685,
    "statsPerimeter": 617.8407287195066,
    "statsVertices": 46296,
    "statsLineResolution": 13.345445151190312,
    "statsVertexDensity": 74.93193285581843
}