{
    "boundaryCount": 2,
    "statsArea": 1632.5976780687492,
    "statsPerimeter": 617.8407287195914,
    "statsVertices": 46296,
    "statsLineResolution": 13.345445151192141,
    "statsVertexDensity": 74.93193285580814
}