{
    "boundaryCount": 1,
    "statsArea": 447830.1594395106,
    "statsPerimeter": 6085.273761132486,
    "statsVertices": 1666,
    "statsLineResolution": 3652.625306802212,
    "statsVertexDensity": 0.27377568625440984
}