{"boundaryCount": 1, "boundaryYearSourceLag": null, "statsArea": 447830.1594395106, "statsVertices": 1666, "statsLineResolution": 3637.007918019982, "statsVertexDensity": 0.27495128483096853, "statsPerimeter": 6059.25519142129}