{
    "boundaryCount": 1,
    "statsArea": 447830.1499741332,
    "statsPerimeter": 6085.268467729614,
    "statsVertices": 1666,
    "statsLineResolution": 3652.6221294895645,
    "statsVertexDensity": 0.2737759244041335
}