{
    "boundaryCount": 334,
    "statsArea": 496715.8579949747,
    "statsPerimeter": 95821.7769176682,
    "statsVertices": 2857412,
    "statsLineResolution": 33.53446297477165,
    "statsVertexDensity": 29.820069006392355
}