{
    "boundaryCount": 1,
    "statsArea": 1091.4412235146108,
    "statsPerimeter": 508.57182136335945,
    "statsVertices": 45351,
    "statsLineResolution": 11.214125848677195,
    "statsVertexDensity": 89.17324573434843
}