{
    "boundaryCount": 1,
    "statsArea": 1091.4412235183631,
    "statsPerimeter": 508.57182136324815,
    "statsVertices": 45351,
    "statsLineResolution": 11.21412584867474,
    "statsVertexDensity": 89.17324573436794
}