{
    "boundaryCount": 1,
    "boundaryYearSourceLag": 1,
    "statsArea": 8472669.992453882,
    "statsPerimeter": 63703.982927376244,
    "statsVertices": 109189,
    "statsLineResolution": 583.4285773051887,
    "statsVertexDensity": 1.714005859327156
}