{
    "boundaryCount": 1,
    "statsArea": 8472670.689856524,
    "statsPerimeter": 63704.022116840155,
    "statsVertices": 562361,
    "statsLineResolution": 113.27958751912055,
    "statsVertexDensity": 8.827715759745411
}