{
    "boundaryCount": 5,
    "statsArea": 5736.02252804842,
    "statsPerimeter": 917.7305168473388,
    "statsVertices": 837,
    "statsLineResolution": 1096.4522304030331,
    "statsVertexDensity": 0.9120324372293179
}