{"boundaryCount": 5, "boundaryYearSourceLag": null, "statsArea": 5732.471652223656, "statsVertices": 836, "statsLineResolution": 1135.5631685424387, "statsVertexDensity": 0.8806203192408557, "statsPerimeter": 949.3308089014788}