{
    "boundaryCount": 161,
    "statsArea": 78231.64449922332,
    "statsPerimeter": 18006.963671356138,
    "statsVertices": 52099,
    "statsLineResolution": 345.62973706512867,
    "statsVertexDensity": 2.893269567865815
}