{"boundaryCount": 1515, "boundaryYearSourceLag": null, "statsArea": 413473.60423043923, "statsVertices": 139700, "statsLineResolution": 710.5611404428646, "statsVertexDensity": 1.4073384302675764, "statsPerimeter": 99265.39131986818}