{
    "boundaryCount": 1515,
    "statsArea": 413473.60423043923,
    "statsPerimeter": 99956.47311928372,
    "statsVertices": 139700,
    "statsLineResolution": 715.5080395081154,
    "statsVertexDensity": 1.3976083353129924
}