{
    "boundaryCount": 1515,
    "statsArea": 413477.2726594869,
    "statsPerimeter": 99924.7272111919,
    "statsVertices": 139881,
    "statsLineResolution": 714.3552534739665,
    "statsVertexDensity": 1.3998637164588914
}