{
    "boundaryCount": 64,
    "boundaryYearSourceLag": 1,
    "statsArea": 326860.4710047111,
    "statsPerimeter": 36446.441601102924,
    "statsVertices": 54850,
    "statsLineResolution": 664.4747785068902,
    "statsVertexDensity": 1.5049480166080234
}