{
    "boundaryCount": 64,
    "statsArea": 24997.02305359173,
    "statsPerimeter": 36446.49181065238,
    "statsVertices": 243491,
    "statsLineResolution": 149.6831168735287,
    "statsVertexDensity": 6.680780176731134
}