{
    "boundaryCount": 3,
    "statsArea": 30590.79267587,
    "statsPerimeter": 2218.3813274364193,
    "statsVertices": 9253,
    "statsLineResolution": 239.74725250582722,
    "statsVertexDensity": 4.171059269910484
}