{
    "boundaryCount": 16,
    "statsArea": 2714263.3829332325,
    "statsPerimeter": 36563.537604929865,
    "statsVertices": 6331,
    "statsLineResolution": 5775.317896845659,
    "statsVertexDensity": 0.17315064172418565
}