{"boundaryCount": 16, "boundaryYearSourceLag": null, "statsArea": 2714263.3829332325, "statsVertices": 6331, "statsLineResolution": 5704.515141811649, "statsVertexDensity": 0.17529973628616197, "statsPerimeter": 36115.285362809554}