{
    "boundaryCount": 16,
    "statsArea": 2714263.351858492,
    "statsPerimeter": 36563.53904512642,
    "statsVertices": 6331,
    "statsLineResolution": 5775.318124328924,
    "statsVertexDensity": 0.17315063490397722
}