{"boundaryCount": 21, "boundaryYearSourceLag": null, "statsArea": 446178.57038410875, "statsVertices": 8050, "statsLineResolution": 2216.280013392665, "statsVertexDensity": 0.4512065235246188, "statsPerimeter": 17841.054107810953}