{
    "boundaryCount": 1,
    "statsArea": 7688058.227779868,
    "statsPerimeter": 63695.64093895107,
    "statsVertices": 1223834,
    "statsLineResolution": 52.04598085929225,
    "statsVertexDensity": 19.21377949823883
}