{
    "boundaryCount": 2084,
    "statsArea": 82750.54623466167,
    "statsPerimeter": 73224.51362536088,
    "statsVertices": 1659160,
    "statsLineResolution": 44.13348539342853,
    "statsVertexDensity": 22.65853220260052
}