{
    "boundaryCount": 2084,
    "statsArea": 82750.54623466359,
    "statsPerimeter": 73224.51362536103,
    "statsVertices": 1659160,
    "statsLineResolution": 44.133485393428614,
    "statsVertexDensity": 22.658532202600476
}