{
    "boundaryCount": 3,
    "statsArea": 95807.72219013293,
    "statsPerimeter": 4443.1883683695405,
    "statsVertices": 70257,
    "statsLineResolution": 63.24193131459556,
    "statsVertexDensity": 15.81229382489163
}