{
    "boundaryCount": 198,
    "boundaryYearSourceLag": 1,
    "statsArea": 181422.19327272061,
    "statsPerimeter": 30954.65452585142,
    "statsVertices": 163192,
    "statsLineResolution": 189.6824263802847,
    "statsVertexDensity": 5.271969676279608
}