{
    "boundaryCount": 198,
    "statsArea": 181422.19327271957,
    "statsPerimeter": 30954.654525851663,
    "statsVertices": 163192,
    "statsLineResolution": 189.6824263802862,
    "statsVertexDensity": 5.271969676279566
}