{
    "boundaryCount": 1,
    "statsArea": 549.7942942146514,
    "statsPerimeter": 194.71659599128563,
    "statsVertices": 3394,
    "statsLineResolution": 57.37082969690207,
    "statsVertexDensity": 17.43046083319932
}