{
    "boundaryCount": 1,
    "statsArea": 549.7943185543236,
    "statsPerimeter": 193.3111134258679,
    "statsVertices": 3385,
    "statsLineResolution": 57.10815758518992,
    "statsVertexDensity": 17.51063319646183
}