{
    "boundaryCount": 380,
    "statsArea": 311905.04719372734,
    "statsPerimeter": 76954.20320830037,
    "statsVertices": 1180879,
    "statsLineResolution": 65.1668826427605,
    "statsVertexDensity": 15.345217684907807
}