{
    "boundaryCount": 380,
    "statsArea": 311905.04719372623,
    "statsPerimeter": 76954.20320830004,
    "statsVertices": 1180879,
    "statsLineResolution": 65.16688264276021,
    "statsVertexDensity": 15.345217684907874
}