{
    "boundaryCount": 1,
    "statsArea": 369.3638862682222,
    "statsPerimeter": 284.2727159912844,
    "statsVertices": 24599,
    "statsLineResolution": 11.556271230183517,
    "statsVertexDensity": 86.5331022508477
}