{
    "boundaryCount": 1,
    "statsArea": 369.36388626785,
    "statsPerimeter": 284.2727159912859,
    "statsVertices": 24599,
    "statsLineResolution": 11.556271230183581,
    "statsVertexDensity": 86.53310225084724
}