{
    "boundaryCount": 32,
    "statsArea": 1965090.9482120331,
    "statsPerimeter": 60826.38092690422,
    "statsVertices": 1323344,
    "statsLineResolution": 45.96414910023714,
    "statsVertexDensity": 21.75608641898781
}