{
    "boundaryCount": 199,
    "statsArea": 450968.48733556113,
    "statsPerimeter": 39347.75944148111,
    "statsVertices": 17848,
    "statsLineResolution": 2204.603285605172,
    "statsVertexDensity": 0.4535963483904072
}