{
    "boundaryCount": 4,
    "statsArea": 789.2846856176461,
    "statsPerimeter": 949.6405510762663,
    "statsVertices": 23585,
    "statsLineResolution": 40.26459830724046,
    "statsVertexDensity": 24.83571281077894
}