{
    "boundaryCount": 4,
    "statsArea": 789.2846856177204,
    "statsPerimeter": 949.6405510762086,
    "statsVertices": 23585,
    "statsLineResolution": 40.26459830723802,
    "statsVertexDensity": 24.83571281078045
}