{
    "boundaryCount": 22,
    "statsArea": 1613000.4471418343,
    "statsPerimeter": 22608.206443441446,
    "statsVertices": 64775,
    "statsLineResolution": 349.026730118741,
    "statsVertexDensity": 2.865110072399882
}