{
    "boundaryCount": 22,
    "statsArea": 1613000.447141835,
    "statsPerimeter": 22608.20644344155,
    "statsVertices": 64775,
    "statsLineResolution": 349.0267301187426,
    "statsVertexDensity": 2.865110072399869
}