{
    "boundaryCount": 7,
    "statsArea": 780052.5444634297,
    "statsPerimeter": 25207.628898595172,
    "statsVertices": 283638,
    "statsLineResolution": 88.87253787784138,
    "statsVertexDensity": 11.252069805574106
}