{
    "boundaryCount": 7,
    "statsArea": 780052.5444634283,
    "statsPerimeter": 25207.62889859547,
    "statsVertices": 283638,
    "statsLineResolution": 88.87253787784243,
    "statsVertexDensity": 11.252069805573973
}