{
    "boundaryCount": 1,
    "statsArea": 633532.0580607825,
    "statsPerimeter": 7192.619127310294,
    "statsVertices": 102779,
    "statsLineResolution": 69.98140794627592,
    "statsVertexDensity": 14.289509590428512
}