{
    "boundaryCount": 4,
    "statsArea": 17348.3788829309,
    "statsPerimeter": 1518.4428302343003,
    "statsVertices": 21515,
    "statsLineResolution": 70.5760088419382,
    "statsVertexDensity": 14.169120872782658
}