{
    "boundaryCount": 1,
    "boundaryYearSourceLag": 1,
    "statsArea": 323.2855047108889,
    "statsPerimeter": 153.81717997877684,
    "statsVertices": 269,
    "statsLineResolution": 571.811077988018,
    "statsVertexDensity": 1.7488293572741074
}