{
    "boundaryCount": 1,
    "statsArea": 323.2871874580852,
    "statsPerimeter": 153.81732567437203,
    "statsVertices": 1205,
    "statsLineResolution": 127.64923292479007,
    "statsVertexDensity": 7.833967953330297
}