{
    "boundaryCount": 355,
    "statsArea": 37686.93537541169,
    "statsPerimeter": 19223.959312834573,
    "statsVertices": 64017,
    "statsLineResolution": 300.2945985103109,
    "statsVertexDensity": 3.3300632277795166
}