{
    "boundaryCount": 491,
    "statsArea": 37665.8117728853,
    "statsPerimeter": 21958.594139441324,
    "statsVertices": 65419,
    "statsLineResolution": 335.6608040392137,
    "statsVertexDensity": 2.9791980117022376
}