{"boundaryCount": 491, "boundaryYearSourceLag": null, "statsArea": 37665.8117728853, "statsVertices": 65419, "statsLineResolution": 334.1113305556685, "statsVertexDensity": 2.993014329495729, "statsPerimeter": 21857.229133621277}