{
    "boundaryCount": 1,
    "statsArea": 429.90472002488065,
    "statsPerimeter": 274.58006384946134,
    "statsVertices": 10330,
    "statsLineResolution": 26.580838707595483,
    "statsVertexDensity": 37.62108528630625
}