{
    "boundaryCount": 1,
    "statsArea": 429.90472002561336,
    "statsPerimeter": 274.58006384947714,
    "statsVertices": 10330,
    "statsLineResolution": 26.580838707597014,
    "statsVertexDensity": 37.62108528630408
}