{
    "boundaryCount": 32,
    "statsArea": 13388.079913292939,
    "statsPerimeter": 13557.528390868652,
    "statsVertices": 275165,
    "statsLineResolution": 49.27054091497339,
    "statsVertexDensity": 20.296103542392785
}