{
    "boundaryCount": 32,
    "statsArea": 13388.080222459595,
    "statsPerimeter": 13557.524770617769,
    "statsVertices": 275260,
    "statsLineResolution": 49.2535231076719,
    "statsVertexDensity": 20.303116140827626
}