{
    "boundaryCount": 10,
    "statsArea": 626861.8337492496,
    "statsPerimeter": 12926.909436339369,
    "statsVertices": 2347,
    "statsLineResolution": 5507.843816079833,
    "statsVertexDensity": 0.18155925138627887
}