{
    "boundaryCount": 1,
    "boundaryYearSourceLag": 2,
    "statsArea": 1220812.731870987,
    "statsPerimeter": 9116.325037121456,
    "statsVertices": 304044,
    "statsLineResolution": 29.98357157885522,
    "statsVertexDensity": 33.351597136120105
}